x1,start,SSE,success,status,message,valid_result
17.5,1,393.17231210585504,False,2,ABNORMAL: ,True
17.5,2,480.8068767987019,False,2,ABNORMAL: ,True
17.5,3,8981.78721804616,False,2,ABNORMAL: ,True
17.5,4,431.92919422416384,True,0,CONVERGENCE: RELATIVE REDUCTION OF F <= FACTR*EPSMCH,True
17.5,5,579.8094224381881,False,2,ABNORMAL: ,True
17.5,6,476.18181338821233,False,2,ABNORMAL: ,True
17.5,7,823.1420999471608,False,2,ABNORMAL: ,True
17.5,8,7562.358737539052,True,0,CONVERGENCE: RELATIVE REDUCTION OF F <= FACTR*EPSMCH,True
17.5,9,4869.317981398503,True,0,CONVERGENCE: RELATIVE REDUCTION OF F <= FACTR*EPSMCH,True
17.5,10,9154.319103094294,False,2,ABNORMAL: ,True
17.5,11,403.1724406944082,True,0,CONVERGENCE: RELATIVE REDUCTION OF F <= FACTR*EPSMCH,True
17.5,12,474.30548596943066,True,0,CONVERGENCE: RELATIVE REDUCTION OF F <= FACTR*EPSMCH,True
17.5,13,12223.856075809725,False,2,ABNORMAL: ,True
17.5,14,985.0524254002186,False,2,ABNORMAL: ,True
17.5,15,3766.896864311562,False,2,ABNORMAL: ,True
17.5,16,721.7677022514315,False,2,ABNORMAL: ,True
17.5,17,879167.7143802553,True,0,CONVERGENCE: RELATIVE REDUCTION OF F <= FACTR*EPSMCH,True
17.5,18,440.2573424584488,True,0,CONVERGENCE: RELATIVE REDUCTION OF F <= FACTR*EPSMCH,True
17.5,19,53071.87225838137,True,0,CONVERGENCE: RELATIVE REDUCTION OF F <= FACTR*EPSMCH,True
17.5,20,402.3925078291684,True,0,CONVERGENCE: RELATIVE REDUCTION OF F <= FACTR*EPSMCH,True
17.5,21,475.52850845329556,True,0,CONVERGENCE: RELATIVE REDUCTION OF F <= FACTR*EPSMCH,True
17.5,22,418.844593763571,True,0,CONVERGENCE: RELATIVE REDUCTION OF F <= FACTR*EPSMCH,True
17.5,23,414.0796486612284,True,0,CONVERGENCE: RELATIVE REDUCTION OF F <= FACTR*EPSMCH,True
17.5,24,512.5991630442389,True,0,CONVERGENCE: RELATIVE REDUCTION OF F <= FACTR*EPSMCH,True
17.5,25,393.3552575620405,True,0,CONVERGENCE: RELATIVE REDUCTION OF F <= FACTR*EPSMCH,True
17.5,26,564.8001607486435,False,2,ABNORMAL: ,True
17.5,27,9222.14092709456,False,2,ABNORMAL: ,True
17.5,28,446.961416743694,False,2,ABNORMAL: ,True
17.5,29,454.88861346719455,True,0,CONVERGENCE: RELATIVE REDUCTION OF F <= FACTR*EPSMCH,True
17.5,30,618.1062590964132,False,2,ABNORMAL: ,True
17.4,1,394.80274730980204,True,0,CONVERGENCE: RELATIVE REDUCTION OF F <= FACTR*EPSMCH,True
17.4,2,394.78327802255467,True,0,CONVERGENCE: RELATIVE REDUCTION OF F <= FACTR*EPSMCH,True
17.4,3,500.49549398854936,True,0,CONVERGENCE: RELATIVE REDUCTION OF F <= FACTR*EPSMCH,True
17.4,4,425.9963171628405,False,2,ABNORMAL: ,True
17.4,5,397.9391181440856,False,2,ABNORMAL: ,True
17.4,6,611.1014725592805,True,0,CONVERGENCE: RELATIVE REDUCTION OF F <= FACTR*EPSMCH,True
17.4,7,500.7379169911726,False,2,ABNORMAL: ,True
17.4,8,577.954114553855,False,2,ABNORMAL: ,True
17.4,9,494.8519277431286,False,2,ABNORMAL: ,True
17.4,10,726.8008267582331,False,2,ABNORMAL: ,True
17.4,11,515.5698322319922,False,2,ABNORMAL: ,True
17.4,12,525.5410872700189,True,0,CONVERGENCE: RELATIVE REDUCTION OF F <= FACTR*EPSMCH,True
17.4,13,664.3186358561529,False,2,ABNORMAL: ,True
17.4,14,403.9339528889888,True,0,CONVERGENCE: RELATIVE REDUCTION OF F <= FACTR*EPSMCH,True
17.4,15,546.2818998950102,False,2,ABNORMAL: ,True
17.4,16,581.774597576865,True,0,CONVERGENCE: RELATIVE REDUCTION OF F <= FACTR*EPSMCH,True
17.4,17,496.2767242041522,False,2,ABNORMAL: ,True
17.4,18,305345.1152698802,True,0,CONVERGENCE: RELATIVE REDUCTION OF F <= FACTR*EPSMCH,True
17.4,19,8713.972755419896,True,0,CONVERGENCE: RELATIVE REDUCTION OF F <= FACTR*EPSMCH,True
17.4,20,17176.1802459229,False,2,ABNORMAL: ,True
17.4,21,466.6437869974412,True,0,CONVERGENCE: RELATIVE REDUCTION OF F <= FACTR*EPSMCH,True
17.4,22,524.4004613377978,True,0,CONVERGENCE: RELATIVE REDUCTION OF F <= FACTR*EPSMCH,True
17.4,23,397.8709632770663,True,0,CONVERGENCE: RELATIVE REDUCTION OF F <= FACTR*EPSMCH,True
17.4,24,535.0292873452162,True,0,CONVERGENCE: RELATIVE REDUCTION OF F <= FACTR*EPSMCH,True
17.4,25,420.7752291683035,True,0,CONVERGENCE: RELATIVE REDUCTION OF F <= FACTR*EPSMCH,True
17.4,26,879.2591957985103,False,2,ABNORMAL: ,True
17.4,27,657.918660846739,True,0,CONVERGENCE: RELATIVE REDUCTION OF F <= FACTR*EPSMCH,True
17.4,28,405.46074855812304,True,0,CONVERGENCE: RELATIVE REDUCTION OF F <= FACTR*EPSMCH,True
17.4,29,14736.170850455292,True,0,CONVERGENCE: RELATIVE REDUCTION OF F <= FACTR*EPSMCH,True
17.4,30,531.0913309604965,False,2,ABNORMAL: ,True
17.3,1,401.0309214507595,True,0,CONVERGENCE: RELATIVE REDUCTION OF F <= FACTR*EPSMCH,True
17.3,2,401.11606196006574,True,0,CONVERGENCE: RELATIVE REDUCTION OF F <= FACTR*EPSMCH,True
17.3,3,839.1182234483829,False,2,ABNORMAL: ,True
17.3,4,7805.7209909046405,False,2,ABNORMAL: ,True
17.3,5,560.935359032213,False,2,ABNORMAL: ,True
17.3,6,988.9526777438658,True,0,CONVERGENCE: RELATIVE REDUCTION OF F <= FACTR*EPSMCH,True
17.3,7,1429.750613001632,False,2,ABNORMAL: ,True
17.3,8,765.5431322003614,False,2,ABNORMAL: ,True
17.3,9,420.7958494525592,True,0,CONVERGENCE: RELATIVE REDUCTION OF F <= FACTR*EPSMCH,True
17.3,10,9173.416800076788,False,2,ABNORMAL: ,True
17.3,11,538.584268584524,False,2,ABNORMAL: ,True
17.3,12,410.9431581572795,True,0,CONVERGENCE: RELATIVE REDUCTION OF F <= FACTR*EPSMCH,True
17.3,13,509.27654389120363,False,2,ABNORMAL: ,True
17.3,14,926.2325789852089,False,2,ABNORMAL: ,True
17.3,15,518.483689106913,False,2,ABNORMAL: ,True
17.3,16,10409.62027762609,False,2,ABNORMAL: ,True
17.3,17,424.5373062842872,True,0,CONVERGENCE: RELATIVE REDUCTION OF F <= FACTR*EPSMCH,True
17.3,18,879167.7677852017,True,0,CONVERGENCE: NORM OF PROJECTED GRADIENT <= PGTOL,True
17.3,19,667.0097927697558,True,0,CONVERGENCE: RELATIVE REDUCTION OF F <= FACTR*EPSMCH,True
17.3,20,901.8481943622652,False,2,ABNORMAL: ,True
17.3,21,506.9167704381973,False,2,ABNORMAL: ,True
17.3,22,426.63178763230854,True,0,CONVERGENCE: RELATIVE REDUCTION OF F <= FACTR*EPSMCH,True
17.3,23,739.6804762019224,False,2,ABNORMAL: ,True
17.3,24,531.3207025954223,False,2,ABNORMAL: ,True
17.3,25,414.25022751559413,True,0,CONVERGENCE: RELATIVE REDUCTION OF F <= FACTR*EPSMCH,True
17.3,26,583.0135908662887,True,0,CONVERGENCE: RELATIVE REDUCTION OF F <= FACTR*EPSMCH,True
17.3,27,399.00047342616165,True,0,CONVERGENCE: RELATIVE REDUCTION OF F <= FACTR*EPSMCH,True
17.3,28,575.4820631697023,False,2,ABNORMAL: ,True
17.3,29,12377.642548036107,True,0,CONVERGENCE: RELATIVE REDUCTION OF F <= FACTR*EPSMCH,True
17.3,30,432312.27919651574,True,0,CONVERGENCE: RELATIVE REDUCTION OF F <= FACTR*EPSMCH,True
17.2,1,411.80365410179735,True,0,CONVERGENCE: RELATIVE REDUCTION OF F <= FACTR*EPSMCH,True
17.2,2,412.0674814731049,True,0,CONVERGENCE: RELATIVE REDUCTION OF F <= FACTR*EPSMCH,True
17.2,3,837.4346215936484,True,0,CONVERGENCE: RELATIVE REDUCTION OF F <= FACTR*EPSMCH,True
17.2,4,659.7954205729633,False,2,ABNORMAL: ,True
17.2,5,634.1968130141951,False,2,ABNORMAL: ,True
17.2,6,756.4952846672002,False,2,ABNORMAL: ,True
17.2,7,619.4975159464864,False,2,ABNORMAL: ,True
17.2,8,648.8618192888828,False,2,ABNORMAL: ,True
17.2,9,945.2328627100879,False,2,ABNORMAL: ,True
17.2,10,680.5768224032371,True,0,CONVERGENCE: RELATIVE REDUCTION OF F <= FACTR*EPSMCH,True
17.2,11,443.5912932542675,True,0,CONVERGENCE: RELATIVE REDUCTION OF F <= FACTR*EPSMCH,True
17.2,12,641.6696696239462,True,0,CONVERGENCE: RELATIVE REDUCTION OF F <= FACTR*EPSMCH,True
17.2,13,1080.9237570446437,True,0,CONVERGENCE: RELATIVE REDUCTION OF F <= FACTR*EPSMCH,True
17.2,14,678.4568522664262,True,0,CONVERGENCE: RELATIVE REDUCTION OF F <= FACTR*EPSMCH,True
17.2,15,408.3290482428736,True,0,CONVERGENCE: RELATIVE REDUCTION OF F <= FACTR*EPSMCH,True
17.2,16,10415.600971238071,False,2,ABNORMAL: ,True
17.2,17,432.65066656254464,False,2,ABNORMAL: ,True
17.2,18,412.15329305460665,True,0,CONVERGENCE: RELATIVE REDUCTION OF F <= FACTR*EPSMCH,True
17.2,19,879167.8353879009,True,0,CONVERGENCE: RELATIVE REDUCTION OF F <= FACTR*EPSMCH,True
17.2,20,15331.888171705008,True,0,CONVERGENCE: RELATIVE REDUCTION OF F <= FACTR*EPSMCH,True
17.2,21,410.22399617923145,True,0,CONVERGENCE: RELATIVE REDUCTION OF F <= FACTR*EPSMCH,True
17.2,22,464.6629656020604,False,2,ABNORMAL: ,True
17.2,23,613.2246365161106,False,2,ABNORMAL: ,True
17.2,24,489.5585541768935,False,2,ABNORMAL: ,True
17.2,25,432.8147209783691,True,0,CONVERGENCE: RELATIVE REDUCTION OF F <= FACTR*EPSMCH,True
17.2,26,547.0072540791948,False,2,ABNORMAL: ,True
17.2,27,82315.1491650031,True,0,CONVERGENCE: RELATIVE REDUCTION OF F <= FACTR*EPSMCH,True
17.2,28,956.1414019679322,False,2,ABNORMAL: ,True
17.2,29,525.5765174328649,False,2,ABNORMAL: ,True
17.2,30,38837.761573085205,True,0,CONVERGENCE: RELATIVE REDUCTION OF F <= FACTR*EPSMCH,True
17.1,1,421.25677272239363,True,0,CONVERGENCE: RELATIVE REDUCTION OF F <= FACTR*EPSMCH,True
17.1,2,421.19860170868037,True,0,CONVERGENCE: RELATIVE REDUCTION OF F <= FACTR*EPSMCH,True
17.1,3,452.18791086495617,False,2,ABNORMAL: ,True
17.1,4,435.86974984748787,True,0,CONVERGENCE: RELATIVE REDUCTION OF F <= FACTR*EPSMCH,True
17.1,5,10784.065586885195,True,0,CONVERGENCE: RELATIVE REDUCTION OF F <= FACTR*EPSMCH,True
17.1,6,12488.53669568857,False,2,ABNORMAL: ,True
17.1,7,1192.411804185014,True,0,CONVERGENCE: RELATIVE REDUCTION OF F <= FACTR*EPSMCH,True
17.1,8,602.5853491049631,False,2,ABNORMAL: ,True
17.1,9,3535.4469940254285,False,2,ABNORMAL: ,True
17.1,10,848.8732164349522,True,0,CONVERGENCE: RELATIVE REDUCTION OF F <= FACTR*EPSMCH,True
17.1,11,851.0416076643072,False,2,ABNORMAL: ,True
17.1,12,521.5070414148663,True,0,CONVERGENCE: RELATIVE REDUCTION OF F <= FACTR*EPSMCH,True
17.1,13,699.5345999877674,True,0,CONVERGENCE: RELATIVE REDUCTION OF F <= FACTR*EPSMCH,True
17.1,14,10454.097576243843,True,0,CONVERGENCE: RELATIVE REDUCTION OF F <= FACTR*EPSMCH,True
17.1,15,8064.431317688626,False,2,ABNORMAL: ,True
17.1,16,9180.120295398794,True,0,CONVERGENCE: RELATIVE REDUCTION OF F <= FACTR*EPSMCH,True
17.1,17,834.8788272378814,False,2,ABNORMAL: ,True
17.1,18,477.84844976057263,True,0,CONVERGENCE: RELATIVE REDUCTION OF F <= FACTR*EPSMCH,True
17.1,19,11247.658622338367,False,2,ABNORMAL: ,True
17.1,20,498.767777117176,True,0,CONVERGENCE: RELATIVE REDUCTION OF F <= FACTR*EPSMCH,True
17.1,21,1255.6196504401023,True,0,CONVERGENCE: RELATIVE REDUCTION OF F <= FACTR*EPSMCH,True
17.1,22,421.19858334868104,True,0,CONVERGENCE: RELATIVE REDUCTION OF F <= FACTR*EPSMCH,True
17.1,23,858.3342386883874,True,0,CONVERGENCE: RELATIVE REDUCTION OF F <= FACTR*EPSMCH,True
17.1,24,42473.70795876623,True,0,CONVERGENCE: RELATIVE REDUCTION OF F <= FACTR*EPSMCH,True
17.1,25,879167.7693140411,True,0,CONVERGENCE: NORM OF PROJECTED GRADIENT <= PGTOL,True
17.1,26,567.0374055346692,False,2,ABNORMAL: ,True
17.1,27,761.8108773067761,False,2,ABNORMAL: ,True
17.1,28,125930.4563337442,True,0,CONVERGENCE: RELATIVE REDUCTION OF F <= FACTR*EPSMCH,True
17.1,29,744.1508343704847,False,2,ABNORMAL: ,True
17.1,30,472.8744707748624,True,0,CONVERGENCE: RELATIVE REDUCTION OF F <= FACTR*EPSMCH,True
17.0,1,437.39122573946224,True,0,CONVERGENCE: RELATIVE REDUCTION OF F <= FACTR*EPSMCH,True
17.0,2,452.1814683356717,True,0,CONVERGENCE: RELATIVE REDUCTION OF F <= FACTR*EPSMCH,True
17.0,3,445.9019803605523,True,0,CONVERGENCE: RELATIVE REDUCTION OF F <= FACTR*EPSMCH,True
17.0,4,667.7073475004688,False,2,ABNORMAL: ,True
17.0,5,9844.426976634417,True,0,CONVERGENCE: RELATIVE REDUCTION OF F <= FACTR*EPSMCH,True
17.0,6,10197.025737562491,False,2,ABNORMAL: ,True
17.0,7,556.1282134713343,False,2,ABNORMAL: ,True
17.0,8,463.7520118080417,True,0,CONVERGENCE: RELATIVE REDUCTION OF F <= FACTR*EPSMCH,True
17.0,9,461.2402594082238,True,0,CONVERGENCE: RELATIVE REDUCTION OF F <= FACTR*EPSMCH,True
17.0,10,698.7802830992258,True,0,CONVERGENCE: RELATIVE REDUCTION OF F <= FACTR*EPSMCH,True
17.0,11,824.8871233246206,True,0,CONVERGENCE: RELATIVE REDUCTION OF F <= FACTR*EPSMCH,True
17.0,12,660.5855675951892,True,0,CONVERGENCE: RELATIVE REDUCTION OF F <= FACTR*EPSMCH,True
17.0,13,1201.6581151778623,True,0,CONVERGENCE: RELATIVE REDUCTION OF F <= FACTR*EPSMCH,True
17.0,14,437.51602879343886,True,0,CONVERGENCE: RELATIVE REDUCTION OF F <= FACTR*EPSMCH,True
17.0,15,31185.693553973222,True,0,CONVERGENCE: RELATIVE REDUCTION OF F <= FACTR*EPSMCH,True
17.0,16,10926.933735678616,False,2,ABNORMAL: ,True
17.0,17,747.491390570898,True,0,CONVERGENCE: RELATIVE REDUCTION OF F <= FACTR*EPSMCH,True
17.0,18,437.5934135931987,True,0,CONVERGENCE: RELATIVE REDUCTION OF F <= FACTR*EPSMCH,True
17.0,19,776.8804012372816,False,2,ABNORMAL: ,True
17.0,20,802.9413322071958,True,0,CONVERGENCE: RELATIVE REDUCTION OF F <= FACTR*EPSMCH,True
17.0,21,1783.434416256187,True,0,CONVERGENCE: RELATIVE REDUCTION OF F <= FACTR*EPSMCH,True
17.0,22,9109.03831625626,False,2,ABNORMAL: ,True
17.0,23,1029.2477078222028,True,0,CONVERGENCE: RELATIVE REDUCTION OF F <= FACTR*EPSMCH,True
17.0,24,601.787217592187,False,2,ABNORMAL: ,True
17.0,25,95973.07530519167,True,0,CONVERGENCE: RELATIVE REDUCTION OF F <= FACTR*EPSMCH,True
17.0,26,466.2402284493338,True,0,CONVERGENCE: RELATIVE REDUCTION OF F <= FACTR*EPSMCH,True
17.0,27,220736.52739260724,True,0,CONVERGENCE: RELATIVE REDUCTION OF F <= FACTR*EPSMCH,True
17.0,28,551.2424158604898,True,0,CONVERGENCE: RELATIVE REDUCTION OF F <= FACTR*EPSMCH,True
17.0,29,10918.747958028789,False,2,ABNORMAL: ,True
17.0,30,455.5474477457233,True,0,CONVERGENCE: RELATIVE REDUCTION OF F <= FACTR*EPSMCH,True
16.9,1,455.7502043994148,True,0,CONVERGENCE: RELATIVE REDUCTION OF F <= FACTR*EPSMCH,True
16.9,2,455.1533541230364,True,0,CONVERGENCE: RELATIVE REDUCTION OF F <= FACTR*EPSMCH,True
16.9,3,824.4581984087688,False,2,ABNORMAL: ,True
16.9,4,860.8032528337335,False,2,ABNORMAL: ,True
16.9,5,579.8377579726006,False,2,ABNORMAL: ,True
16.9,6,594.2413710284419,False,2,ABNORMAL: ,True
16.9,7,769.9439146872184,False,2,ABNORMAL: ,True
16.9,8,610.7304695230165,True,0,CONVERGENCE: RELATIVE REDUCTION OF F <= FACTR*EPSMCH,True
16.9,9,479.34413858175355,False,2,ABNORMAL: ,True
16.9,10,688.8871738688089,True,0,CONVERGENCE: RELATIVE REDUCTION OF F <= FACTR*EPSMCH,True
16.9,11,8762.237260731139,True,0,CONVERGENCE: RELATIVE REDUCTION OF F <= FACTR*EPSMCH,True
16.9,12,562.8471892607225,True,0,CONVERGENCE: RELATIVE REDUCTION OF F <= FACTR*EPSMCH,True
16.9,13,578.723834018095,False,2,ABNORMAL: ,True
16.9,14,9627.130155340734,True,0,CONVERGENCE: RELATIVE REDUCTION OF F <= FACTR*EPSMCH,True
16.9,15,893.2125664065762,True,0,CONVERGENCE: RELATIVE REDUCTION OF F <= FACTR*EPSMCH,True
16.9,16,580.98999732443,False,2,ABNORMAL: ,True
16.9,17,455.1988476827033,True,0,CONVERGENCE: RELATIVE REDUCTION OF F <= FACTR*EPSMCH,True
16.9,18,9142.105644731666,True,0,CONVERGENCE: RELATIVE REDUCTION OF F <= FACTR*EPSMCH,True
16.9,19,488.7071730717106,True,0,CONVERGENCE: RELATIVE REDUCTION OF F <= FACTR*EPSMCH,True
16.9,20,532.8311728850155,True,0,CONVERGENCE: RELATIVE REDUCTION OF F <= FACTR*EPSMCH,True
16.9,21,265824.0030383501,True,0,CONVERGENCE: RELATIVE REDUCTION OF F <= FACTR*EPSMCH,True
16.9,22,649.0327101349756,False,2,ABNORMAL: ,True
16.9,23,468.7967912895784,True,0,CONVERGENCE: RELATIVE REDUCTION OF F <= FACTR*EPSMCH,True
16.9,24,1e+30,True,0,CONVERGENCE: NORM OF PROJECTED GRADIENT <= PGTOL,False
16.9,25,723.7339353054233,False,2,ABNORMAL: ,True
16.9,26,460.59127537475075,True,0,CONVERGENCE: RELATIVE REDUCTION OF F <= FACTR*EPSMCH,True
16.9,27,879167.7024628468,True,0,CONVERGENCE: RELATIVE REDUCTION OF F <= FACTR*EPSMCH,True
16.9,28,594.5659875205223,False,2,ABNORMAL: ,True
16.9,29,1e+30,True,0,CONVERGENCE: NORM OF PROJECTED GRADIENT <= PGTOL,False
16.9,30,503.6178339774507,True,0,CONVERGENCE: RELATIVE REDUCTION OF F <= FACTR*EPSMCH,True
16.8,1,474.13382996152205,True,0,CONVERGENCE: RELATIVE REDUCTION OF F <= FACTR*EPSMCH,True
16.8,2,489.19815632700545,False,2,ABNORMAL: ,True
16.8,3,962.723110241544,False,2,ABNORMAL: ,True
16.8,4,607.7094375105592,False,2,ABNORMAL: ,True
16.8,5,809.5932977858855,False,2,ABNORMAL: ,True
16.8,6,1228.3891439732015,True,0,CONVERGENCE: RELATIVE REDUCTION OF F <= FACTR*EPSMCH,True
16.8,7,670.0008536235869,False,2,ABNORMAL: ,True
16.8,8,614.3761963517965,False,2,ABNORMAL: ,True
16.8,9,508.7557108828676,False,2,ABNORMAL: ,True
16.8,10,536.4586535040077,False,2,ABNORMAL: ,True
16.8,11,550.3267737104982,True,0,CONVERGENCE: RELATIVE REDUCTION OF F <= FACTR*EPSMCH,True
16.8,12,692.1362879272401,False,2,ABNORMAL: ,True
16.8,13,543.9884803568381,False,2,ABNORMAL: ,True
16.8,14,845.9647773929374,False,2,ABNORMAL: ,True
16.8,15,9079.552107063028,False,2,ABNORMAL: ,True
16.8,16,474.13070889782756,True,0,CONVERGENCE: RELATIVE REDUCTION OF F <= FACTR*EPSMCH,True
16.8,17,599.9810274284515,False,2,ABNORMAL: ,True
16.8,18,1008.6401720216712,False,2,ABNORMAL: ,True
16.8,19,566.4546717605866,False,2,ABNORMAL: ,True
16.8,20,489.97473733208284,True,0,CONVERGENCE: RELATIVE REDUCTION OF F <= FACTR*EPSMCH,True
16.8,21,498.8933639154878,True,0,CONVERGENCE: RELATIVE REDUCTION OF F <= FACTR*EPSMCH,True
16.8,22,474.5361688240618,True,0,CONVERGENCE: RELATIVE REDUCTION OF F <= FACTR*EPSMCH,True
16.8,23,778.1428145948632,True,0,CONVERGENCE: RELATIVE REDUCTION OF F <= FACTR*EPSMCH,True
16.8,24,74244.85000333932,True,0,CONVERGENCE: RELATIVE REDUCTION OF F <= FACTR*EPSMCH,True
16.8,25,867.1858436146774,False,2,ABNORMAL: ,True
16.8,26,1110.7321513115614,True,0,CONVERGENCE: RELATIVE REDUCTION OF F <= FACTR*EPSMCH,True
16.8,27,540.6444987931717,False,2,ABNORMAL: ,True
16.8,28,587.1118828067555,False,2,ABNORMAL: ,True
16.8,29,594.3082306393164,False,2,ABNORMAL: ,True
16.8,30,730.6791584033854,False,2,ABNORMAL: ,True
16.7,1,494.52601230107575,False,2,ABNORMAL: ,True
16.7,2,540.4171666524225,True,0,CONVERGENCE: RELATIVE REDUCTION OF F <= FACTR*EPSMCH,True
16.7,3,572.9187273681229,False,2,ABNORMAL: ,True
16.7,4,557.6390886216841,False,2,ABNORMAL: ,True
16.7,5,537.4389840334599,True,0,CONVERGENCE: RELATIVE REDUCTION OF F <= FACTR*EPSMCH,True
16.7,6,535.8347253773893,True,0,CONVERGENCE: RELATIVE REDUCTION OF F <= FACTR*EPSMCH,True
16.7,7,494.52928669505275,True,0,CONVERGENCE: RELATIVE REDUCTION OF F <= FACTR*EPSMCH,True
16.7,8,1036.8004889307424,False,2,ABNORMAL: ,True
16.7,9,570.4410851311591,True,0,CONVERGENCE: RELATIVE REDUCTION OF F <= FACTR*EPSMCH,True
16.7,10,690.8604500858894,True,0,CONVERGENCE: RELATIVE REDUCTION OF F <= FACTR*EPSMCH,True
16.7,11,500.10642149867374,True,0,CONVERGENCE: RELATIVE REDUCTION OF F <= FACTR*EPSMCH,True
16.7,12,1025.7446459664186,True,0,CONVERGENCE: RELATIVE REDUCTION OF F <= FACTR*EPSMCH,True
16.7,13,1338.4313047320466,True,0,CONVERGENCE: RELATIVE REDUCTION OF F <= FACTR*EPSMCH,True
16.7,14,841.5804802670119,True,0,CONVERGENCE: RELATIVE REDUCTION OF F <= FACTR*EPSMCH,True
16.7,15,636.0960626527075,False,2,ABNORMAL: ,True
16.7,16,526.8663422292894,False,2,ABNORMAL: ,True
16.7,17,2838.5650901086037,True,0,CONVERGENCE: RELATIVE REDUCTION OF F <= FACTR*EPSMCH,True
16.7,18,581.7606141516778,False,2,ABNORMAL: ,True
16.7,19,532.4740169950268,False,2,ABNORMAL: ,True
16.7,20,591.2617007433616,False,2,ABNORMAL: ,True
16.7,21,9081.632221603044,True,0,CONVERGENCE: RELATIVE REDUCTION OF F <= FACTR*EPSMCH,True
16.7,22,970.6908173285764,False,2,ABNORMAL: ,True
16.7,23,612.8877066230683,True,0,CONVERGENCE: RELATIVE REDUCTION OF F <= FACTR*EPSMCH,True
16.7,24,700.157820065669,False,2,ABNORMAL: ,True
16.7,25,541.7079122085759,True,0,CONVERGENCE: RELATIVE REDUCTION OF F <= FACTR*EPSMCH,True
16.7,26,702.1179591849126,True,0,CONVERGENCE: RELATIVE REDUCTION OF F <= FACTR*EPSMCH,True
16.7,27,52299.796387976174,True,0,CONVERGENCE: RELATIVE REDUCTION OF F <= FACTR*EPSMCH,True
16.7,28,1223.2653311258887,False,2,ABNORMAL: ,True
16.7,29,504.1110855899146,True,0,CONVERGENCE: RELATIVE REDUCTION OF F <= FACTR*EPSMCH,True
16.7,30,569.1957318761332,True,0,CONVERGENCE: RELATIVE REDUCTION OF F <= FACTR*EPSMCH,True
16.6,1,517.566930855794,True,0,CONVERGENCE: RELATIVE REDUCTION OF F <= FACTR*EPSMCH,True
16.6,2,542.4054399388375,True,0,CONVERGENCE: RELATIVE REDUCTION OF F <= FACTR*EPSMCH,True
16.6,3,9125.6397685092,False,2,ABNORMAL: ,True
16.6,4,681.5515904290377,False,2,ABNORMAL: ,True
16.6,5,608.5311943141626,True,0,CONVERGENCE: RELATIVE REDUCTION OF F <= FACTR*EPSMCH,True
16.6,6,983.9217506149625,False,2,ABNORMAL: ,True
16.6,7,774.4194608238015,False,2,ABNORMAL: ,True
16.6,8,1014.8991238739824,False,2,ABNORMAL: ,True
16.6,9,530.4074482175123,True,0,CONVERGENCE: RELATIVE REDUCTION OF F <= FACTR*EPSMCH,True
16.6,10,509.4987238791467,True,0,CONVERGENCE: RELATIVE REDUCTION OF F <= FACTR*EPSMCH,True
16.6,11,1303.5814010253523,False,2,ABNORMAL: ,True
16.6,12,700.990847676995,True,0,CONVERGENCE: RELATIVE REDUCTION OF F <= FACTR*EPSMCH,True
16.6,13,792.0758244889299,False,2,ABNORMAL: ,True
16.6,14,883.0833761147554,True,0,CONVERGENCE: RELATIVE REDUCTION OF F <= FACTR*EPSMCH,True
16.6,15,536.1319695617225,False,2,ABNORMAL: ,True
16.6,16,551.1587259902038,True,0,CONVERGENCE: RELATIVE REDUCTION OF F <= FACTR*EPSMCH,True
16.6,17,1049.8148752170976,False,2,ABNORMAL: ,True
16.6,18,24783.33456172454,True,0,CONVERGENCE: RELATIVE REDUCTION OF F <= FACTR*EPSMCH,True
16.6,19,633.2439786010804,False,2,ABNORMAL: ,True
16.6,20,573.2563171883986,False,2,ABNORMAL: ,True
16.6,21,516.9473461287108,True,0,CONVERGENCE: RELATIVE REDUCTION OF F <= FACTR*EPSMCH,True
16.6,22,685.9976918617742,True,0,CONVERGENCE: RELATIVE REDUCTION OF F <= FACTR*EPSMCH,True
16.6,23,749.3255873892776,False,2,ABNORMAL: ,True
16.6,24,652.6182830578524,True,0,CONVERGENCE: RELATIVE REDUCTION OF F <= FACTR*EPSMCH,True
16.6,25,593.7242910359355,False,2,ABNORMAL: ,True
16.6,26,932.4588349598041,False,2,ABNORMAL: ,True
16.6,27,47922.331524071415,True,0,CONVERGENCE: RELATIVE REDUCTION OF F <= FACTR*EPSMCH,True
16.6,28,590.178593469122,False,2,ABNORMAL: ,True
16.6,29,1055.751607379594,True,0,CONVERGENCE: RELATIVE REDUCTION OF F <= FACTR*EPSMCH,True
16.6,30,540.798875440088,True,0,CONVERGENCE: RELATIVE REDUCTION OF F <= FACTR*EPSMCH,True
16.5,1,518.945945101247,True,0,CONVERGENCE: RELATIVE REDUCTION OF F <= FACTR*EPSMCH,True
16.5,2,570.4597188272609,True,0,CONVERGENCE: RELATIVE REDUCTION OF F <= FACTR*EPSMCH,True
16.5,3,1627.874318635764,True,0,CONVERGENCE: RELATIVE REDUCTION OF F <= FACTR*EPSMCH,True
16.5,4,802.7070931287748,True,0,CONVERGENCE: RELATIVE REDUCTION OF F <= FACTR*EPSMCH,True
16.5,5,629.1246235612477,True,0,CONVERGENCE: RELATIVE REDUCTION OF F <= FACTR*EPSMCH,True
16.5,6,596.5681096683128,True,0,CONVERGENCE: RELATIVE REDUCTION OF F <= FACTR*EPSMCH,True
16.5,7,986.3798254642232,False,2,ABNORMAL: ,True
16.5,8,9933.87501297209,False,2,ABNORMAL: ,True
16.5,9,596.0896497443074,False,2,ABNORMAL: ,True
16.5,10,11776.643815465699,False,2,ABNORMAL: ,True
16.5,11,641.696354840575,False,2,ABNORMAL: ,True
16.5,12,9851.660322227324,True,0,CONVERGENCE: RELATIVE REDUCTION OF F <= FACTR*EPSMCH,True
16.5,13,879.1785279833974,False,2,ABNORMAL: ,True
16.5,14,1279.0556517930584,False,2,ABNORMAL: ,True
16.5,15,848.7684274203988,False,2,ABNORMAL: ,True
16.5,16,909.8289125930772,True,0,CONVERGENCE: RELATIVE REDUCTION OF F <= FACTR*EPSMCH,True
16.5,17,873.7738497233462,True,0,CONVERGENCE: RELATIVE REDUCTION OF F <= FACTR*EPSMCH,True
16.5,18,777.5981497224369,True,0,CONVERGENCE: RELATIVE REDUCTION OF F <= FACTR*EPSMCH,True
16.5,19,919.1977791002967,False,2,ABNORMAL: ,True
16.5,20,1113.356295732614,False,2,ABNORMAL: ,True
16.5,21,879167.704376296,True,0,CONVERGENCE: NORM OF PROJECTED GRADIENT <= PGTOL,True
16.5,22,8466.682188599743,False,2,ABNORMAL: ,True
16.5,23,956.9951159617831,False,2,ABNORMAL: ,True
16.5,24,657.0517121052004,True,0,CONVERGENCE: RELATIVE REDUCTION OF F <= FACTR*EPSMCH,True
16.5,25,570.564901817165,False,2,ABNORMAL: ,True
16.5,26,1275.5315888712787,True,0,CONVERGENCE: RELATIVE REDUCTION OF F <= FACTR*EPSMCH,True
16.5,27,18475.622732296983,True,0,CONVERGENCE: RELATIVE REDUCTION OF F <= FACTR*EPSMCH,True
16.5,28,580.3913222468152,True,0,CONVERGENCE: RELATIVE REDUCTION OF F <= FACTR*EPSMCH,True
16.5,29,667.4186820138266,False,2,ABNORMAL: ,True
16.5,30,684.4193678345792,True,0,CONVERGENCE: RELATIVE REDUCTION OF F <= FACTR*EPSMCH,True
16.4,1,530.5418669624015,True,0,CONVERGENCE: RELATIVE REDUCTION OF F <= FACTR*EPSMCH,True
16.4,2,624.3324648628499,True,0,CONVERGENCE: RELATIVE REDUCTION OF F <= FACTR*EPSMCH,True
16.4,3,742.9019249764605,False,2,ABNORMAL: ,True
16.4,4,650.6525536570234,False,2,ABNORMAL: ,True
16.4,5,605.1195839266942,True,0,CONVERGENCE: RELATIVE REDUCTION OF F <= FACTR*EPSMCH,True
16.4,6,645.0261107181117,True,0,CONVERGENCE: RELATIVE REDUCTION OF F <= FACTR*EPSMCH,True
16.4,7,648.2107497239498,True,0,CONVERGENCE: RELATIVE REDUCTION OF F <= FACTR*EPSMCH,True
16.4,8,574.9670783054536,True,0,CONVERGENCE: RELATIVE REDUCTION OF F <= FACTR*EPSMCH,True
16.4,9,902.1518863970305,False,2,ABNORMAL: ,True
16.4,10,558.5431835881514,True,0,CONVERGENCE: RELATIVE REDUCTION OF F <= FACTR*EPSMCH,True
16.4,11,921.7196493560386,False,2,ABNORMAL: ,True
16.4,12,576.0685359101363,True,0,CONVERGENCE: RELATIVE REDUCTION OF F <= FACTR*EPSMCH,True
16.4,13,576.1662482624849,True,0,CONVERGENCE: RELATIVE REDUCTION OF F <= FACTR*EPSMCH,True
16.4,14,980.075314423984,False,2,ABNORMAL: ,True
16.4,15,1069.4845387839277,False,2,ABNORMAL: ,True
16.4,16,886.1909716854364,True,0,CONVERGENCE: RELATIVE REDUCTION OF F <= FACTR*EPSMCH,True
16.4,17,551.773505223286,False,2,ABNORMAL: ,True
16.4,18,879167.8104033459,True,0,CONVERGENCE: RELATIVE REDUCTION OF F <= FACTR*EPSMCH,True
16.4,19,586.6255582693097,True,0,CONVERGENCE: RELATIVE REDUCTION OF F <= FACTR*EPSMCH,True
16.4,20,879167.7199042824,True,0,CONVERGENCE: RELATIVE REDUCTION OF F <= FACTR*EPSMCH,True
16.4,21,740.5916584600385,True,0,CONVERGENCE: RELATIVE REDUCTION OF F <= FACTR*EPSMCH,True
16.4,22,879167.7452304758,True,0,CONVERGENCE: RELATIVE REDUCTION OF F <= FACTR*EPSMCH,True
16.4,23,1050.046971406748,False,2,ABNORMAL: ,True
16.4,24,582.9367571516676,True,0,CONVERGENCE: RELATIVE REDUCTION OF F <= FACTR*EPSMCH,True
16.4,25,256406.67283539585,True,0,CONVERGENCE: RELATIVE REDUCTION OF F <= FACTR*EPSMCH,True
16.4,26,612.823704087818,False,2,ABNORMAL: ,True
16.4,27,741.7630181532805,False,2,ABNORMAL: ,True
16.4,28,1007.6385984042867,True,0,CONVERGENCE: RELATIVE REDUCTION OF F <= FACTR*EPSMCH,True
16.4,29,792.73735143292,False,2,ABNORMAL: ,True
16.4,30,868.8788524947223,False,2,ABNORMAL: ,True
16.3,1,542.8700132677972,True,0,CONVERGENCE: RELATIVE REDUCTION OF F <= FACTR*EPSMCH,True
16.3,2,685.7688417560179,True,0,CONVERGENCE: RELATIVE REDUCTION OF F <= FACTR*EPSMCH,True
16.3,3,717.835938853905,False,2,ABNORMAL: ,True
16.3,4,1078.2357708042364,True,0,CONVERGENCE: RELATIVE REDUCTION OF F <= FACTR*EPSMCH,True
16.3,5,520.4417984691665,True,0,CONVERGENCE: RELATIVE REDUCTION OF F <= FACTR*EPSMCH,True
16.3,6,1114.015797806261,False,2,ABNORMAL: ,True
16.3,7,9178.58163006203,False,2,ABNORMAL: ,True
16.3,8,1059.8485639003957,False,2,ABNORMAL: ,True
16.3,9,9194.703087004877,True,0,CONVERGENCE: RELATIVE REDUCTION OF F <= FACTR*EPSMCH,True
16.3,10,750.5412153764141,False,2,ABNORMAL: ,True
16.3,11,610.4229513011812,True,0,CONVERGENCE: RELATIVE REDUCTION OF F <= FACTR*EPSMCH,True
16.3,12,631.030466284017,False,2,ABNORMAL: ,True
16.3,13,664.0499198239069,False,2,ABNORMAL: ,True
16.3,14,583.1896456658894,False,2,ABNORMAL: ,True
16.3,15,657.6444213888591,False,2,ABNORMAL: ,True
16.3,16,750.8428876750941,True,0,CONVERGENCE: RELATIVE REDUCTION OF F <= FACTR*EPSMCH,True
16.3,17,666.307837492989,False,2,ABNORMAL: ,True
16.3,18,1603.977206926706,True,0,CONVERGENCE: RELATIVE REDUCTION OF F <= FACTR*EPSMCH,True
16.3,19,9396.45377454118,False,2,ABNORMAL: ,True
16.3,20,663.9745099991093,True,0,CONVERGENCE: RELATIVE REDUCTION OF F <= FACTR*EPSMCH,True
16.3,21,1629.5042182057439,True,0,CONVERGENCE: RELATIVE REDUCTION OF F <= FACTR*EPSMCH,True
16.3,22,13895.37551629009,True,0,CONVERGENCE: RELATIVE REDUCTION OF F <= FACTR*EPSMCH,True
16.3,23,2003.3657815479582,False,2,ABNORMAL: ,True
16.3,24,1429.0423012530791,True,0,CONVERGENCE: RELATIVE REDUCTION OF F <= FACTR*EPSMCH,True
16.3,25,983.6460468992432,False,2,ABNORMAL: ,True
16.3,26,734.4980241302494,True,0,CONVERGENCE: RELATIVE REDUCTION OF F <= FACTR*EPSMCH,True
16.3,27,642.9706048506476,True,0,CONVERGENCE: RELATIVE REDUCTION OF F <= FACTR*EPSMCH,True
16.3,28,1537.3815154259155,False,2,ABNORMAL: ,True
16.3,29,733.7352882267104,True,0,CONVERGENCE: RELATIVE REDUCTION OF F <= FACTR*EPSMCH,True
16.3,30,2530.6929385201856,True,0,CONVERGENCE: RELATIVE REDUCTION OF F <= FACTR*EPSMCH,True
16.2,1,528.8318951477587,False,2,ABNORMAL: ,True
16.2,2,658.9582951813711,False,2,ABNORMAL: ,True
16.2,3,1302.9724430074484,False,2,ABNORMAL: ,True
16.2,4,672.6614317354976,False,2,ABNORMAL: ,True
16.2,5,1171.9839465812856,True,0,CONVERGENCE: RELATIVE REDUCTION OF F <= FACTR*EPSMCH,True
16.2,6,1287.1393114745551,True,0,CONVERGENCE: RELATIVE REDUCTION OF F <= FACTR*EPSMCH,True
16.2,7,1120.0348463052412,False,2,ABNORMAL: ,True
16.2,8,1093.1810255425278,True,0,CONVERGENCE: RELATIVE REDUCTION OF F <= FACTR*EPSMCH,True
16.2,9,627.6396305486239,False,2,ABNORMAL: ,True
16.2,10,599.4885635810555,True,0,CONVERGENCE: RELATIVE REDUCTION OF F <= FACTR*EPSMCH,True
16.2,11,25969.254558634268,True,0,CONVERGENCE: RELATIVE REDUCTION OF F <= FACTR*EPSMCH,True
16.2,12,591.4474150482661,False,2,ABNORMAL: ,True
16.2,13,528.0580342530316,True,0,CONVERGENCE: RELATIVE REDUCTION OF F <= FACTR*EPSMCH,True
16.2,14,680.5769682699771,False,2,ABNORMAL: ,True
16.2,15,1139.6734746708564,False,2,ABNORMAL: ,True
16.2,16,1118.472061423946,True,0,CONVERGENCE: RELATIVE REDUCTION OF F <= FACTR*EPSMCH,True
16.2,17,658.4729948227268,True,0,CONVERGENCE: RELATIVE REDUCTION OF F <= FACTR*EPSMCH,True
16.2,18,45605.58810125118,True,0,CONVERGENCE: RELATIVE REDUCTION OF F <= FACTR*EPSMCH,True
16.2,19,603.2042535505167,False,2,ABNORMAL: ,True
16.2,20,536.4777936011783,False,2,ABNORMAL: ,True
16.2,21,6380.916845093574,False,2,ABNORMAL: ,True
16.2,22,8538.969861212547,False,2,ABNORMAL: ,True
16.2,23,671.194292330231,True,0,CONVERGENCE: RELATIVE REDUCTION OF F <= FACTR*EPSMCH,True
16.2,24,660.5790569672821,True,0,CONVERGENCE: RELATIVE REDUCTION OF F <= FACTR*EPSMCH,True
16.2,25,685.9118813486972,True,0,CONVERGENCE: RELATIVE REDUCTION OF F <= FACTR*EPSMCH,True
16.2,26,611.2905256571623,False,2,ABNORMAL: ,True
16.2,27,528.8772707825646,False,2,ABNORMAL: ,True
16.2,28,612.0405823499962,False,2,ABNORMAL: ,True
16.2,29,34657.65993682206,True,0,CONVERGENCE: RELATIVE REDUCTION OF F <= FACTR*EPSMCH,True
16.2,30,1024.174693368232,True,0,CONVERGENCE: RELATIVE REDUCTION OF F <= FACTR*EPSMCH,True
16.1,1,538.6983511205158,True,0,CONVERGENCE: RELATIVE REDUCTION OF F <= FACTR*EPSMCH,True
16.1,2,703.9020151721463,True,0,CONVERGENCE: RELATIVE REDUCTION OF F <= FACTR*EPSMCH,True
16.1,3,1083.9867863580873,True,0,CONVERGENCE: RELATIVE REDUCTION OF F <= FACTR*EPSMCH,True
16.1,4,9273.223836140487,False,2,ABNORMAL: ,True
16.1,5,1613.6359329992436,False,2,ABNORMAL: ,True
16.1,6,3076.3670089010825,True,0,CONVERGENCE: RELATIVE REDUCTION OF F <= FACTR*EPSMCH,True
16.1,7,8593.199754346004,True,0,CONVERGENCE: RELATIVE REDUCTION OF F <= FACTR*EPSMCH,True
16.1,8,605.3796108564452,False,2,ABNORMAL: ,True
16.1,9,1618.748156198889,True,0,CONVERGENCE: RELATIVE REDUCTION OF F <= FACTR*EPSMCH,True
16.1,10,874.4534553824342,False,2,ABNORMAL: ,True
16.1,11,557.0432198953675,False,2,ABNORMAL: ,True
16.1,12,1909.777301986719,False,2,ABNORMAL: ,True
16.1,13,639.3831282715265,False,2,ABNORMAL: ,True
16.1,14,1842.0142006247424,False,2,ABNORMAL: ,True
16.1,15,9176.44662395873,False,2,ABNORMAL: ,True
16.1,16,591.8710363055062,False,2,ABNORMAL: ,True
16.1,17,695.4337683433894,True,0,CONVERGENCE: RELATIVE REDUCTION OF F <= FACTR*EPSMCH,True
16.1,18,11790.915758817091,True,0,CONVERGENCE: RELATIVE REDUCTION OF F <= FACTR*EPSMCH,True
16.1,19,879167.7505369487,True,0,CONVERGENCE: RELATIVE REDUCTION OF F <= FACTR*EPSMCH,True
16.1,20,667.9567672331746,False,2,ABNORMAL: ,True
16.1,21,739.025986798005,True,0,CONVERGENCE: RELATIVE REDUCTION OF F <= FACTR*EPSMCH,True
16.1,22,543.4762232607725,True,0,CONVERGENCE: RELATIVE REDUCTION OF F <= FACTR*EPSMCH,True
16.1,23,1439.0012875754198,True,0,CONVERGENCE: RELATIVE REDUCTION OF F <= FACTR*EPSMCH,True
16.1,24,705.0804389426979,False,2,ABNORMAL: ,True
16.1,25,1239.281674134914,False,2,ABNORMAL: ,True
16.1,26,1645.0722652446686,False,2,ABNORMAL: ,True
16.1,27,55334.13892202408,True,0,CONVERGENCE: RELATIVE REDUCTION OF F <= FACTR*EPSMCH,True
16.1,28,688.059820077012,False,2,ABNORMAL: ,True
16.1,29,658.8506121082751,False,2,ABNORMAL: ,True
16.1,30,627.6976827096842,False,2,ABNORMAL: ,True
16.0,1,549.862590459566,True,0,CONVERGENCE: RELATIVE REDUCTION OF F <= FACTR*EPSMCH,True
16.0,2,863.1996958329653,True,0,CONVERGENCE: RELATIVE REDUCTION OF F <= FACTR*EPSMCH,True
16.0,3,1626.9328426409381,True,0,CONVERGENCE: RELATIVE REDUCTION OF F <= FACTR*EPSMCH,True
16.0,4,9136.517880484622,False,2,ABNORMAL: ,True
16.0,5,769.7776900528371,False,2,ABNORMAL: ,True
16.0,6,552.6906057780737,True,0,CONVERGENCE: RELATIVE REDUCTION OF F <= FACTR*EPSMCH,True
16.0,7,964.9020295043405,False,2,ABNORMAL: ,True
16.0,8,606.8171767619048,False,2,ABNORMAL: ,True
16.0,9,1161.0486866159142,True,0,CONVERGENCE: RELATIVE REDUCTION OF F <= FACTR*EPSMCH,True
16.0,10,1026.374398768711,False,2,ABNORMAL: ,True
16.0,11,1164.7194319356568,False,2,ABNORMAL: ,True
16.0,12,1233.25922722708,False,2,ABNORMAL: ,True
16.0,13,714.3660732700401,False,2,ABNORMAL: ,True
16.0,14,638.2599173150373,False,2,ABNORMAL: ,True
16.0,15,8022.583385685688,True,0,CONVERGENCE: RELATIVE REDUCTION OF F <= FACTR*EPSMCH,True
16.0,16,691.7840519322829,True,0,CONVERGENCE: RELATIVE REDUCTION OF F <= FACTR*EPSMCH,True
16.0,17,769.3598045014566,True,0,CONVERGENCE: RELATIVE REDUCTION OF F <= FACTR*EPSMCH,True
16.0,18,795.6271390970803,False,2,ABNORMAL: ,True
16.0,19,623.3411997069221,True,0,CONVERGENCE: RELATIVE REDUCTION OF F <= FACTR*EPSMCH,True
16.0,20,551.0078834395125,False,2,ABNORMAL: ,True
16.0,21,879167.7252336383,True,0,CONVERGENCE: RELATIVE REDUCTION OF F <= FACTR*EPSMCH,True
16.0,22,694.7604353957097,True,0,CONVERGENCE: RELATIVE REDUCTION OF F <= FACTR*EPSMCH,True
16.0,23,7116.535330601412,True,0,CONVERGENCE: RELATIVE REDUCTION OF F <= FACTR*EPSMCH,True
16.0,24,1184.5280282784436,True,0,CONVERGENCE: RELATIVE REDUCTION OF F <= FACTR*EPSMCH,True
16.0,25,667.1396443318384,False,2,ABNORMAL: ,True
16.0,26,730.92002836872,True,0,CONVERGENCE: RELATIVE REDUCTION OF F <= FACTR*EPSMCH,True
16.0,27,1300.8186010699947,False,2,ABNORMAL: ,True
16.0,28,1513.7401496110974,True,0,CONVERGENCE: RELATIVE REDUCTION OF F <= FACTR*EPSMCH,True
16.0,29,242457.6011507126,True,0,CONVERGENCE: RELATIVE REDUCTION OF F <= FACTR*EPSMCH,True
16.0,30,752.3263816442442,True,0,CONVERGENCE: RELATIVE REDUCTION OF F <= FACTR*EPSMCH,True
15.9,1,557.6847419132406,True,0,CONVERGENCE: RELATIVE REDUCTION OF F <= FACTR*EPSMCH,True
15.9,2,1311.078745373248,True,0,CONVERGENCE: RELATIVE REDUCTION OF F <= FACTR*EPSMCH,True
15.9,3,8695.992910149906,False,2,ABNORMAL: ,True
15.9,4,1039.1666127514447,True,0,CONVERGENCE: RELATIVE REDUCTION OF F <= FACTR*EPSMCH,True
15.9,5,1619.1606350795048,True,0,CONVERGENCE: RELATIVE REDUCTION OF F <= FACTR*EPSMCH,True
15.9,6,652.4765892413009,False,2,ABNORMAL: ,True
15.9,7,646.9921661851137,False,2,ABNORMAL: ,True
15.9,8,1240.954008027791,True,0,CONVERGENCE: RELATIVE REDUCTION OF F <= FACTR*EPSMCH,True
15.9,9,9266.189817092885,False,2,ABNORMAL: ,True
15.9,10,596.9343450747815,False,2,ABNORMAL: ,True
15.9,11,643.4985927059925,True,0,CONVERGENCE: RELATIVE REDUCTION OF F <= FACTR*EPSMCH,True
15.9,12,1239.0546270000323,False,2,ABNORMAL: ,True
15.9,13,1145.882140137956,True,0,CONVERGENCE: RELATIVE REDUCTION OF F <= FACTR*EPSMCH,True
15.9,14,792.5864933749712,False,2,ABNORMAL: ,True
15.9,15,739.828065521026,False,2,ABNORMAL: ,True
15.9,16,1551.6030673825812,True,0,CONVERGENCE: RELATIVE REDUCTION OF F <= FACTR*EPSMCH,True
15.9,17,631.1516863180107,False,2,ABNORMAL: ,True
15.9,18,841.7175431940209,True,0,CONVERGENCE: RELATIVE REDUCTION OF F <= FACTR*EPSMCH,True
15.9,19,803.4274172350681,True,0,CONVERGENCE: RELATIVE REDUCTION OF F <= FACTR*EPSMCH,True
15.9,20,1318.7521805242595,False,2,ABNORMAL: ,True
15.9,21,1177.5977990596566,False,2,ABNORMAL: ,True
15.9,22,9195.807713741604,False,2,ABNORMAL: ,True
15.9,23,1329.0087333902823,False,2,ABNORMAL: ,True
15.9,24,995.2226509988833,False,2,ABNORMAL: ,True
15.9,25,644.4785739085581,True,0,CONVERGENCE: RELATIVE REDUCTION OF F <= FACTR*EPSMCH,True
15.9,26,1442.1917619339483,False,2,ABNORMAL: ,True
15.9,27,4332.912744404502,True,0,CONVERGENCE: RELATIVE REDUCTION OF F <= FACTR*EPSMCH,True
15.9,28,561.071175469947,True,0,CONVERGENCE: RELATIVE REDUCTION OF F <= FACTR*EPSMCH,True
15.9,29,1609.7106064228233,False,2,ABNORMAL: ,True
15.9,30,594.8656820917092,True,0,CONVERGENCE: RELATIVE REDUCTION OF F <= FACTR*EPSMCH,True
15.8,1,568.0119362915647,True,0,CONVERGENCE: RELATIVE REDUCTION OF F <= FACTR*EPSMCH,True
15.8,2,1409.0386488893375,False,2,ABNORMAL: ,True
15.8,3,1828.0871998362497,True,0,CONVERGENCE: RELATIVE REDUCTION OF F <= FACTR*EPSMCH,True
15.8,4,1093.695746973869,True,0,CONVERGENCE: RELATIVE REDUCTION OF F <= FACTR*EPSMCH,True
15.8,5,577.4147391962755,True,0,CONVERGENCE: RELATIVE REDUCTION OF F <= FACTR*EPSMCH,True
15.8,6,619.2791862596572,True,0,CONVERGENCE: RELATIVE REDUCTION OF F <= FACTR*EPSMCH,True
15.8,7,1186.7143755331506,True,0,CONVERGENCE: RELATIVE REDUCTION OF F <= FACTR*EPSMCH,True
15.8,8,572.2031669050057,True,0,CONVERGENCE: RELATIVE REDUCTION OF F <= FACTR*EPSMCH,True
15.8,9,1404.5702474147752,True,0,CONVERGENCE: RELATIVE REDUCTION OF F <= FACTR*EPSMCH,True
15.8,10,1547.4149329179793,True,0,CONVERGENCE: RELATIVE REDUCTION OF F <= FACTR*EPSMCH,True
15.8,11,954.7851710403056,False,2,ABNORMAL: ,True
15.8,12,1084.5612015658696,True,0,CONVERGENCE: RELATIVE REDUCTION OF F <= FACTR*EPSMCH,True
15.8,13,833.3256068605566,False,2,ABNORMAL: ,True
15.8,14,994.018299945853,False,2,ABNORMAL: ,True
15.8,15,7244.188905049415,True,0,CONVERGENCE: RELATIVE REDUCTION OF F <= FACTR*EPSMCH,True
15.8,16,763.9418431996858,False,2,ABNORMAL: ,True
15.8,17,1618.5227527668578,True,0,CONVERGENCE: RELATIVE REDUCTION OF F <= FACTR*EPSMCH,True
15.8,18,981.5485061038204,False,2,ABNORMAL: ,True
15.8,19,654.4750016432357,True,0,CONVERGENCE: RELATIVE REDUCTION OF F <= FACTR*EPSMCH,True
15.8,20,648.1800934616728,True,0,CONVERGENCE: RELATIVE REDUCTION OF F <= FACTR*EPSMCH,True
15.8,21,794.4049958575985,False,2,ABNORMAL: ,True
15.8,22,656.9916524111208,True,0,CONVERGENCE: RELATIVE REDUCTION OF F <= FACTR*EPSMCH,True
15.8,23,1590.6005256387311,True,0,CONVERGENCE: RELATIVE REDUCTION OF F <= FACTR*EPSMCH,True
15.8,24,661.1197676342891,False,2,ABNORMAL: ,True
15.8,25,598.0486926962603,False,2,ABNORMAL: ,True
15.8,26,632.1783457468918,False,2,ABNORMAL: ,True
15.8,27,825.8769735412585,False,2,ABNORMAL: ,True
15.8,28,657.4507025675912,True,0,CONVERGENCE: RELATIVE REDUCTION OF F <= FACTR*EPSMCH,True
15.8,29,4578.720771812844,False,2,ABNORMAL: ,True
15.8,30,1152.2228119132533,False,2,ABNORMAL: ,True
15.7,1,578.4010083442932,True,0,CONVERGENCE: RELATIVE REDUCTION OF F <= FACTR*EPSMCH,True
15.7,2,2113.7567527851643,True,0,CONVERGENCE: RELATIVE REDUCTION OF F <= FACTR*EPSMCH,True
15.7,3,586.3975823794228,True,0,CONVERGENCE: RELATIVE REDUCTION OF F <= FACTR*EPSMCH,True
15.7,4,685.8769520686063,True,0,CONVERGENCE: RELATIVE REDUCTION OF F <= FACTR*EPSMCH,True
15.7,5,829.3507619313506,False,2,ABNORMAL: ,True
15.7,6,949.1744103891336,False,2,ABNORMAL: ,True
15.7,7,660.9195937108999,False,2,ABNORMAL: ,True
15.7,8,1779.4787920366741,False,2,ABNORMAL: ,True
15.7,9,614.6330324171834,False,2,ABNORMAL: ,True
15.7,10,662.1666897692068,False,2,ABNORMAL: ,True
15.7,11,683.5504949301509,True,0,CONVERGENCE: RELATIVE REDUCTION OF F <= FACTR*EPSMCH,True
15.7,12,1347.0442582665696,False,2,ABNORMAL: ,True
15.7,13,1440.58287468816,True,0,CONVERGENCE: RELATIVE REDUCTION OF F <= FACTR*EPSMCH,True
15.7,14,9134.015916620277,False,2,ABNORMAL: ,True
15.7,15,1196.4377338457132,True,0,CONVERGENCE: RELATIVE REDUCTION OF F <= FACTR*EPSMCH,True
15.7,16,1501.1389269989686,False,2,ABNORMAL: ,True
15.7,17,679.1852313617939,False,2,ABNORMAL: ,True
15.7,18,969.837526540237,False,2,ABNORMAL: ,True
15.7,19,766.8282436755371,True,0,CONVERGENCE: RELATIVE REDUCTION OF F <= FACTR*EPSMCH,True
15.7,20,152735.43761505617,True,0,CONVERGENCE: RELATIVE REDUCTION OF F <= FACTR*EPSMCH,True
15.7,21,690.7480199504333,False,2,ABNORMAL: ,True
15.7,22,604.7992123534908,False,2,ABNORMAL: ,True
15.7,23,1189.929031757648,False,2,ABNORMAL: ,True
15.7,24,817.4763771093122,False,2,ABNORMAL: ,True
15.7,25,619.1803647721819,False,2,ABNORMAL: ,True
15.7,26,649.8603213894272,False,2,ABNORMAL: ,True
15.7,27,965.3954543812192,False,2,ABNORMAL: ,True
15.7,28,687.8365125297319,True,0,CONVERGENCE: RELATIVE REDUCTION OF F <= FACTR*EPSMCH,True
15.7,29,650.7421534507645,False,2,ABNORMAL: ,True
15.7,30,597.3595001271049,False,2,ABNORMAL: ,True
15.6,1,585.5123360806476,False,2,ABNORMAL: ,True
15.6,2,705.5244423889964,True,0,CONVERGENCE: RELATIVE REDUCTION OF F <= FACTR*EPSMCH,True
15.6,3,600.4226324046753,False,2,ABNORMAL: ,True
15.6,4,1764.0681707021538,False,2,ABNORMAL: ,True
15.6,5,1489.3649263492753,True,0,CONVERGENCE: RELATIVE REDUCTION OF F <= FACTR*EPSMCH,True
15.6,6,604.2329584045941,False,2,ABNORMAL: ,True
15.6,7,2399.6271056619544,True,0,CONVERGENCE: RELATIVE REDUCTION OF F <= FACTR*EPSMCH,True
15.6,8,605.1628499044776,False,2,ABNORMAL: ,True
15.6,9,9157.90583559414,True,0,CONVERGENCE: RELATIVE REDUCTION OF F <= FACTR*EPSMCH,True
15.6,10,9155.347739716382,False,2,ABNORMAL: ,True
15.6,11,669.4224780319838,False,2,ABNORMAL: ,True
15.6,12,881.6877342397119,True,0,CONVERGENCE: RELATIVE REDUCTION OF F <= FACTR*EPSMCH,True
15.6,13,943.9827988442707,False,2,ABNORMAL: ,True
15.6,14,8682.457643733122,True,0,CONVERGENCE: RELATIVE REDUCTION OF F <= FACTR*EPSMCH,True
15.6,15,623.107744158157,True,0,CONVERGENCE: RELATIVE REDUCTION OF F <= FACTR*EPSMCH,True
15.6,16,600.5959739279131,True,0,CONVERGENCE: RELATIVE REDUCTION OF F <= FACTR*EPSMCH,True
15.6,17,654.0509080728559,False,2,ABNORMAL: ,True
15.6,18,971.9119078658422,False,2,ABNORMAL: ,True
15.6,19,702.816489879358,True,0,CONVERGENCE: RELATIVE REDUCTION OF F <= FACTR*EPSMCH,True
15.6,20,648.3143542250084,False,2,ABNORMAL: ,True
15.6,21,666.558126732272,False,2,ABNORMAL: ,True
15.6,22,681.9560951911922,False,2,ABNORMAL: ,True
15.6,23,939.5871740976336,True,0,CONVERGENCE: RELATIVE REDUCTION OF F <= FACTR*EPSMCH,True
15.6,24,1174.691561494003,True,0,CONVERGENCE: RELATIVE REDUCTION OF F <= FACTR*EPSMCH,True
15.6,25,741.5838702483171,False,2,ABNORMAL: ,True
15.6,26,5453.863047520133,True,0,CONVERGENCE: RELATIVE REDUCTION OF F <= FACTR*EPSMCH,True
15.6,27,1597.941485037995,False,2,ABNORMAL: ,True
15.6,28,76624.05763769965,True,0,CONVERGENCE: RELATIVE REDUCTION OF F <= FACTR*EPSMCH,True
15.6,29,607.0920539834732,False,2,ABNORMAL: ,True
15.6,30,643.8572212996183,True,0,CONVERGENCE: RELATIVE REDUCTION OF F <= FACTR*EPSMCH,True
15.5,1,593.6002649125126,True,0,CONVERGENCE: RELATIVE REDUCTION OF F <= FACTR*EPSMCH,True
15.5,2,1088.7334495884934,False,2,ABNORMAL: ,True
15.5,3,2006.7168799950657,True,0,CONVERGENCE: RELATIVE REDUCTION OF F <= FACTR*EPSMCH,True
15.5,4,2277.050011182327,False,2,ABNORMAL: ,True
15.5,5,659.171641447797,False,2,ABNORMAL: ,True
15.5,6,675.4754561126787,False,2,ABNORMAL: ,True
15.5,7,618.0476524218376,True,0,CONVERGENCE: RELATIVE REDUCTION OF F <= FACTR*EPSMCH,True
15.5,8,607.5452340565022,True,0,CONVERGENCE: RELATIVE REDUCTION OF F <= FACTR*EPSMCH,True
15.5,9,603.5480714112376,False,2,ABNORMAL: ,True
15.5,10,9101.148703823439,False,2,ABNORMAL: ,True
15.5,11,645.9391918189074,False,2,ABNORMAL: ,True
15.5,12,609.248176471527,False,2,ABNORMAL: ,True
15.5,13,2025.24359922401,True,0,CONVERGENCE: RELATIVE REDUCTION OF F <= FACTR*EPSMCH,True
15.5,14,2082.59135071721,False,2,ABNORMAL: ,True
15.5,15,1222.0382231956846,False,2,ABNORMAL: ,True
15.5,16,11955.85054141342,False,2,ABNORMAL: ,True
15.5,17,7965.902677403665,True,0,CONVERGENCE: RELATIVE REDUCTION OF F <= FACTR*EPSMCH,True
15.5,18,678.7129638125667,False,2,ABNORMAL: ,True
15.5,19,2233.0778929122753,False,2,ABNORMAL: ,True
15.5,20,607.9199044350041,False,2,ABNORMAL: ,True
15.5,21,3228.624054647887,True,0,CONVERGENCE: RELATIVE REDUCTION OF F <= FACTR*EPSMCH,True
15.5,22,1954.351157670884,True,0,CONVERGENCE: RELATIVE REDUCTION OF F <= FACTR*EPSMCH,True
15.5,23,705.7821756476166,False,2,ABNORMAL: ,True
15.5,24,8648.29853391826,False,2,ABNORMAL: ,True
15.5,25,1159.745835015956,True,0,CONVERGENCE: RELATIVE REDUCTION OF F <= FACTR*EPSMCH,True
15.5,26,733.4016091025909,True,0,CONVERGENCE: RELATIVE REDUCTION OF F <= FACTR*EPSMCH,True
15.5,27,1157.7879751310397,False,2,ABNORMAL: ,True
15.5,28,1010.6414930438299,True,0,CONVERGENCE: RELATIVE REDUCTION OF F <= FACTR*EPSMCH,True
15.5,29,734.3343800364755,False,2,ABNORMAL: ,True
15.5,30,37988.44562536289,True,0,CONVERGENCE: RELATIVE REDUCTION OF F <= FACTR*EPSMCH,True
15.4,1,600.8673729447809,False,2,ABNORMAL: ,True
15.4,2,1157.6773663517197,False,2,ABNORMAL: ,True
15.4,3,1714.8727058399506,False,2,ABNORMAL: ,True
15.4,4,651.3511621313971,True,0,CONVERGENCE: RELATIVE REDUCTION OF F <= FACTR*EPSMCH,True
15.4,5,1679.4219625825142,True,0,CONVERGENCE: RELATIVE REDUCTION OF F <= FACTR*EPSMCH,True
15.4,6,969.0927581286599,False,2,ABNORMAL: ,True
15.4,7,628.2093285007228,False,2,ABNORMAL: ,True
15.4,8,663.9885294048009,False,2,ABNORMAL: ,True
15.4,9,625.541791071116,True,0,CONVERGENCE: RELATIVE REDUCTION OF F <= FACTR*EPSMCH,True
15.4,10,1020.1543848326631,True,0,CONVERGENCE: RELATIVE REDUCTION OF F <= FACTR*EPSMCH,True
15.4,11,1670.3120087064513,True,0,CONVERGENCE: RELATIVE REDUCTION OF F <= FACTR*EPSMCH,True
15.4,12,653.8093112366045,False,2,ABNORMAL: ,True
15.4,13,1099.9084544973848,False,2,ABNORMAL: ,True
15.4,14,676.5034298413841,False,2,ABNORMAL: ,True
15.4,15,657.425700396329,False,2,ABNORMAL: ,True
15.4,16,1334.4660934292574,False,2,ABNORMAL: ,True
15.4,17,1813.2372819141028,True,0,CONVERGENCE: RELATIVE REDUCTION OF F <= FACTR*EPSMCH,True
15.4,18,2765.1401781435006,True,0,CONVERGENCE: RELATIVE REDUCTION OF F <= FACTR*EPSMCH,True
15.4,19,676.7175748639778,False,2,ABNORMAL: ,True
15.4,20,725.790373544876,False,2,ABNORMAL: ,True
15.4,21,107248.5422842978,True,0,CONVERGENCE: RELATIVE REDUCTION OF F <= FACTR*EPSMCH,True
15.4,22,1126.6939636789077,False,2,ABNORMAL: ,True
15.4,23,606.2601884763179,True,0,CONVERGENCE: RELATIVE REDUCTION OF F <= FACTR*EPSMCH,True
15.4,24,617.6905685986936,False,2,ABNORMAL: ,True
15.4,25,958.5351299126213,True,0,CONVERGENCE: RELATIVE REDUCTION OF F <= FACTR*EPSMCH,True
15.4,26,879167.7494515367,True,0,CONVERGENCE: NORM OF PROJECTED GRADIENT <= PGTOL,True
15.4,27,608.5821679183541,True,0,CONVERGENCE: RELATIVE REDUCTION OF F <= FACTR*EPSMCH,True
15.4,28,665.0604556961873,False,2,ABNORMAL: ,True
15.4,29,658.6380787323849,False,2,ABNORMAL: ,True
15.4,30,676.8365830919662,True,0,CONVERGENCE: RELATIVE REDUCTION OF F <= FACTR*EPSMCH,True
15.3,1,609.4315347674083,True,0,CONVERGENCE: RELATIVE REDUCTION OF F <= FACTR*EPSMCH,True
15.3,2,2062.635001058394,False,2,ABNORMAL: ,True
15.3,3,1796.0705180824323,True,0,CONVERGENCE: RELATIVE REDUCTION OF F <= FACTR*EPSMCH,True
15.3,4,688.0051318486545,True,0,CONVERGENCE: RELATIVE REDUCTION OF F <= FACTR*EPSMCH,True
15.3,5,9275.985810807428,False,2,ABNORMAL: ,True
15.3,6,1535.845334021711,True,0,CONVERGENCE: RELATIVE REDUCTION OF F <= FACTR*EPSMCH,True
15.3,7,9273.057916590154,False,2,ABNORMAL: ,True
15.3,8,5226.780161182991,True,0,CONVERGENCE: RELATIVE REDUCTION OF F <= FACTR*EPSMCH,True
15.3,9,9198.414994696484,False,2,ABNORMAL: ,True
15.3,10,647.9516366642066,False,2,ABNORMAL: ,True
15.3,11,2135.7462519737014,True,0,CONVERGENCE: RELATIVE REDUCTION OF F <= FACTR*EPSMCH,True
15.3,12,655.2532604989358,False,2,ABNORMAL: ,True
15.3,13,5069.601616610329,True,0,CONVERGENCE: RELATIVE REDUCTION OF F <= FACTR*EPSMCH,True
15.3,14,1166.9361506710147,False,2,ABNORMAL: ,True
15.3,15,677.3255563317277,False,2,ABNORMAL: ,True
15.3,16,2315.0892819887376,False,2,ABNORMAL: ,True
15.3,17,1667.9633999716293,False,2,ABNORMAL: ,True
15.3,18,1698.3302256853399,True,0,CONVERGENCE: RELATIVE REDUCTION OF F <= FACTR*EPSMCH,True
15.3,19,661.3643680943303,False,2,ABNORMAL: ,True
15.3,20,667.4708360455566,True,0,CONVERGENCE: RELATIVE REDUCTION OF F <= FACTR*EPSMCH,True
15.3,21,677.6669148957225,False,2,ABNORMAL: ,True
15.3,22,657.7965624289661,True,0,CONVERGENCE: RELATIVE REDUCTION OF F <= FACTR*EPSMCH,True
15.3,23,665.990958256499,False,2,ABNORMAL: ,True
15.3,24,617.1514009437227,False,2,ABNORMAL: ,True
15.3,25,2310.179378492209,True,0,CONVERGENCE: RELATIVE REDUCTION OF F <= FACTR*EPSMCH,True
15.3,26,879167.7041600731,True,0,CONVERGENCE: NORM OF PROJECTED GRADIENT <= PGTOL,True
15.3,27,1783.5332967913919,False,2,ABNORMAL: ,True
15.3,28,933.0931781571704,False,2,ABNORMAL: ,True
15.3,29,1288.125662153865,True,0,CONVERGENCE: RELATIVE REDUCTION OF F <= FACTR*EPSMCH,True
15.3,30,2208.6609152861865,True,0,CONVERGENCE: RELATIVE REDUCTION OF F <= FACTR*EPSMCH,True
15.2,1,620.4566853016172,True,0,CONVERGENCE: RELATIVE REDUCTION OF F <= FACTR*EPSMCH,True
15.2,2,664.9667732537034,False,2,ABNORMAL: ,True
15.2,3,1252.1837307882547,False,2,ABNORMAL: ,True
15.2,4,621.5872848204832,False,2,ABNORMAL: ,True
15.2,5,626.9715274234858,True,0,CONVERGENCE: RELATIVE REDUCTION OF F <= FACTR*EPSMCH,True
15.2,6,1205.483687244012,True,0,CONVERGENCE: RELATIVE REDUCTION OF F <= FACTR*EPSMCH,True
15.2,7,665.5643296141764,False,2,ABNORMAL: ,True
15.2,8,1110.2896638378506,True,0,CONVERGENCE: RELATIVE REDUCTION OF F <= FACTR*EPSMCH,True
15.2,9,615.7423054120247,True,0,CONVERGENCE: RELATIVE REDUCTION OF F <= FACTR*EPSMCH,True
15.2,10,1617.4941388837017,False,2,ABNORMAL: ,True
15.2,11,1786.923090623065,True,0,CONVERGENCE: RELATIVE REDUCTION OF F <= FACTR*EPSMCH,True
15.2,12,2351.7963423743895,False,2,ABNORMAL: ,True
15.2,13,713.8199844767041,False,2,ABNORMAL: ,True
15.2,14,1157.8873895983427,False,2,ABNORMAL: ,True
15.2,15,1186.540575499581,False,2,ABNORMAL: ,True
15.2,16,2084.3385959064626,False,2,ABNORMAL: ,True
15.2,17,616.4863536376126,False,2,ABNORMAL: ,True
15.2,18,648241.4748250849,True,0,CONVERGENCE: RELATIVE REDUCTION OF F <= FACTR*EPSMCH,True
15.2,19,649.4431817900065,False,2,ABNORMAL: ,True
15.2,20,145533.10867200125,True,0,CONVERGENCE: RELATIVE REDUCTION OF F <= FACTR*EPSMCH,True
15.2,21,1361.982847480003,False,2,ABNORMAL: ,True
15.2,22,640.7104603868894,True,0,CONVERGENCE: RELATIVE REDUCTION OF F <= FACTR*EPSMCH,True
15.2,23,3650.1160202997044,True,0,CONVERGENCE: RELATIVE REDUCTION OF F <= FACTR*EPSMCH,True
15.2,24,683.8337173464507,False,2,ABNORMAL: ,True
15.2,25,8981.60917960462,True,0,CONVERGENCE: RELATIVE REDUCTION OF F <= FACTR*EPSMCH,True
15.2,26,661.6610526566133,True,0,CONVERGENCE: RELATIVE REDUCTION OF F <= FACTR*EPSMCH,True
15.2,27,688.0033544194555,True,0,CONVERGENCE: RELATIVE REDUCTION OF F <= FACTR*EPSMCH,True
15.2,28,794.4468549722246,False,2,ABNORMAL: ,True
15.2,29,7329.523128448722,True,0,CONVERGENCE: RELATIVE REDUCTION OF F <= FACTR*EPSMCH,True
15.2,30,640.5346083022015,True,0,CONVERGENCE: RELATIVE REDUCTION OF F <= FACTR*EPSMCH,True
15.1,1,622.4411577730192,True,0,CONVERGENCE: RELATIVE REDUCTION OF F <= FACTR*EPSMCH,True
15.1,2,651.6834091785516,True,0,CONVERGENCE: RELATIVE REDUCTION OF F <= FACTR*EPSMCH,True
15.1,3,1242.2983666785954,True,0,CONVERGENCE: RELATIVE REDUCTION OF F <= FACTR*EPSMCH,True
15.1,4,686.3541054828991,True,0,CONVERGENCE: RELATIVE REDUCTION OF F <= FACTR*EPSMCH,True
15.1,5,665.2473363981481,False,2,ABNORMAL: ,True
15.1,6,632.5312448062683,False,2,ABNORMAL: ,True
15.1,7,9178.80728536326,False,2,ABNORMAL: ,True
15.1,8,649.2169392998194,True,0,CONVERGENCE: RELATIVE REDUCTION OF F <= FACTR*EPSMCH,True
15.1,9,665.6502458201352,True,0,CONVERGENCE: RELATIVE REDUCTION OF F <= FACTR*EPSMCH,True
15.1,10,640.1189597939484,False,2,ABNORMAL: ,True
15.1,11,1233.655039099087,True,0,CONVERGENCE: RELATIVE REDUCTION OF F <= FACTR*EPSMCH,True
15.1,12,2119.6768499649947,True,0,CONVERGENCE: RELATIVE REDUCTION OF F <= FACTR*EPSMCH,True
15.1,13,806.7530576700873,False,2,ABNORMAL: ,True
15.1,14,756.8246012409253,True,0,CONVERGENCE: RELATIVE REDUCTION OF F <= FACTR*EPSMCH,True
15.1,15,1718.4125804525233,True,0,CONVERGENCE: RELATIVE REDUCTION OF F <= FACTR*EPSMCH,True
15.1,16,11190.93217794438,True,0,CONVERGENCE: RELATIVE REDUCTION OF F <= FACTR*EPSMCH,True
15.1,17,1264.0420999606451,True,0,CONVERGENCE: RELATIVE REDUCTION OF F <= FACTR*EPSMCH,True
15.1,18,622.1681883117151,True,0,CONVERGENCE: RELATIVE REDUCTION OF F <= FACTR*EPSMCH,True
15.1,19,719.9710242652742,False,2,ABNORMAL: ,True
15.1,20,2286.786843446775,True,0,CONVERGENCE: RELATIVE REDUCTION OF F <= FACTR*EPSMCH,True
15.1,21,9804.076541498984,True,0,CONVERGENCE: RELATIVE REDUCTION OF F <= FACTR*EPSMCH,True
15.1,22,689.098962245147,False,2,ABNORMAL: ,True
15.1,23,673.6920272375215,True,0,CONVERGENCE: RELATIVE REDUCTION OF F <= FACTR*EPSMCH,True
15.1,24,623.5843616015443,True,0,CONVERGENCE: RELATIVE REDUCTION OF F <= FACTR*EPSMCH,True
15.1,25,696.0343551311137,True,0,CONVERGENCE: RELATIVE REDUCTION OF F <= FACTR*EPSMCH,True
15.1,26,1038.412519656312,True,0,CONVERGENCE: RELATIVE REDUCTION OF F <= FACTR*EPSMCH,True
15.1,27,52049.052627519835,True,0,CONVERGENCE: RELATIVE REDUCTION OF F <= FACTR*EPSMCH,True
15.1,28,631.987896681577,True,0,CONVERGENCE: RELATIVE REDUCTION OF F <= FACTR*EPSMCH,True
15.1,29,9212.613942463657,True,0,CONVERGENCE: RELATIVE REDUCTION OF F <= FACTR*EPSMCH,True
15.1,30,647.8394961506981,True,0,CONVERGENCE: RELATIVE REDUCTION OF F <= FACTR*EPSMCH,True
15.0,1,625.129457964282,False,2,ABNORMAL: ,True
15.0,2,2561.5293955758148,True,0,CONVERGENCE: RELATIVE REDUCTION OF F <= FACTR*EPSMCH,True
15.0,3,688.6466508613796,True,0,CONVERGENCE: RELATIVE REDUCTION OF F <= FACTR*EPSMCH,True
15.0,4,647.0176650884398,True,0,CONVERGENCE: RELATIVE REDUCTION OF F <= FACTR*EPSMCH,True
15.0,5,1253.6331502547337,True,0,CONVERGENCE: RELATIVE REDUCTION OF F <= FACTR*EPSMCH,True
15.0,6,733.5425523773355,False,2,ABNORMAL: ,True
15.0,7,627.6012473247969,False,2,ABNORMAL: ,True
15.0,8,9272.964610130219,True,0,CONVERGENCE: RELATIVE REDUCTION OF F <= FACTR*EPSMCH,True
15.0,9,9238.452781355903,True,0,CONVERGENCE: RELATIVE REDUCTION OF F <= FACTR*EPSMCH,True
15.0,10,1166.4893197120284,False,2,ABNORMAL: ,True
15.0,11,685.8170415416788,False,2,ABNORMAL: ,True
15.0,12,649.0008088797497,True,0,CONVERGENCE: RELATIVE REDUCTION OF F <= FACTR*EPSMCH,True
15.0,13,688.4858619945919,True,0,CONVERGENCE: RELATIVE REDUCTION OF F <= FACTR*EPSMCH,True
15.0,14,1272.1041200839186,False,2,ABNORMAL: ,True
15.0,15,688.3225392254956,False,2,ABNORMAL: ,True
15.0,16,1164.8019884010316,True,0,CONVERGENCE: RELATIVE REDUCTION OF F <= FACTR*EPSMCH,True
15.0,17,707.5653433588064,True,0,CONVERGENCE: RELATIVE REDUCTION OF F <= FACTR*EPSMCH,True
15.0,18,1957.1789473940626,True,0,CONVERGENCE: RELATIVE REDUCTION OF F <= FACTR*EPSMCH,True
15.0,19,665.011750194913,True,0,CONVERGENCE: RELATIVE REDUCTION OF F <= FACTR*EPSMCH,True
15.0,20,636.9408401450494,True,0,CONVERGENCE: RELATIVE REDUCTION OF F <= FACTR*EPSMCH,True
15.0,21,4062.841021411702,True,0,CONVERGENCE: RELATIVE REDUCTION OF F <= FACTR*EPSMCH,True
15.0,22,6918.009002319935,True,0,CONVERGENCE: RELATIVE REDUCTION OF F <= FACTR*EPSMCH,True
15.0,23,757.3837436630107,False,2,ABNORMAL: ,True
15.0,24,667.5046866462235,False,2,ABNORMAL: ,True
15.0,25,658.9703062034162,False,2,ABNORMAL: ,True
15.0,26,47037.01641142778,True,0,CONVERGENCE: RELATIVE REDUCTION OF F <= FACTR*EPSMCH,True
15.0,27,684.5606225643195,True,0,CONVERGENCE: RELATIVE REDUCTION OF F <= FACTR*EPSMCH,True
15.0,28,653.7680760363012,True,0,CONVERGENCE: RELATIVE REDUCTION OF F <= FACTR*EPSMCH,True
15.0,29,1970.6099339159452,True,0,CONVERGENCE: RELATIVE REDUCTION OF F <= FACTR*EPSMCH,True
15.0,30,794.8168538533232,True,0,CONVERGENCE: RELATIVE REDUCTION OF F <= FACTR*EPSMCH,True
14.9,1,628.2786521745062,False,2,ABNORMAL: ,True
14.9,2,765.1607750473478,False,2,ABNORMAL: ,True
14.9,3,1907.190628551739,True,0,CONVERGENCE: RELATIVE REDUCTION OF F <= FACTR*EPSMCH,True
14.9,4,705.1785831599585,False,2,ABNORMAL: ,True
14.9,5,1600.3963090600191,False,2,ABNORMAL: ,True
14.9,6,677.7357932247594,True,0,CONVERGENCE: RELATIVE REDUCTION OF F <= FACTR*EPSMCH,True
14.9,7,748.2668354384778,False,2,ABNORMAL: ,True
14.9,8,682.0055275245923,False,2,ABNORMAL: ,True
14.9,9,2017.7685207560935,True,0,CONVERGENCE: RELATIVE REDUCTION OF F <= FACTR*EPSMCH,True
14.9,10,687.9989977443583,False,2,ABNORMAL: ,True
14.9,11,669.479345191063,False,2,ABNORMAL: ,True
14.9,12,1170.0119107964297,True,0,CONVERGENCE: RELATIVE REDUCTION OF F <= FACTR*EPSMCH,True
14.9,13,711.8321862951636,False,2,ABNORMAL: ,True
14.9,14,1262.409853460147,False,2,ABNORMAL: ,True
14.9,15,2630.748418781469,False,2,ABNORMAL: ,True
14.9,16,2387.8774832254066,False,2,ABNORMAL: ,True
14.9,17,1977.6844793510172,False,2,ABNORMAL: ,True
14.9,18,2184.436722800851,True,0,CONVERGENCE: RELATIVE REDUCTION OF F <= FACTR*EPSMCH,True
14.9,19,667.4201873100452,False,2,ABNORMAL: ,True
14.9,20,1595.724911490128,False,2,ABNORMAL: ,True
14.9,21,8833.835850949821,True,0,CONVERGENCE: RELATIVE REDUCTION OF F <= FACTR*EPSMCH,True
14.9,22,10368.207354473978,True,0,CONVERGENCE: RELATIVE REDUCTION OF F <= FACTR*EPSMCH,True
14.9,23,1879.4549726606604,True,0,CONVERGENCE: RELATIVE REDUCTION OF F <= FACTR*EPSMCH,True
14.9,24,8575.770177991782,True,0,CONVERGENCE: RELATIVE REDUCTION OF F <= FACTR*EPSMCH,True
14.9,25,2133.6818259031384,False,2,ABNORMAL: ,True
14.9,26,709.7135163331841,False,2,ABNORMAL: ,True
14.9,27,1684.7895550795042,True,0,CONVERGENCE: RELATIVE REDUCTION OF F <= FACTR*EPSMCH,True
14.9,28,1651.476509874506,True,0,CONVERGENCE: RELATIVE REDUCTION OF F <= FACTR*EPSMCH,True
14.9,29,2284.4668465785016,True,0,CONVERGENCE: RELATIVE REDUCTION OF F <= FACTR*EPSMCH,True
14.9,30,1132.896823925184,False,2,ABNORMAL: ,True
14.8,1,633.6574444960575,False,2,ABNORMAL: ,True
14.8,2,1534.922024092239,True,0,CONVERGENCE: RELATIVE REDUCTION OF F <= FACTR*EPSMCH,True
14.8,3,1282.5693344796196,True,0,CONVERGENCE: RELATIVE REDUCTION OF F <= FACTR*EPSMCH,True
14.8,4,1125.8880672089072,True,0,CONVERGENCE: RELATIVE REDUCTION OF F <= FACTR*EPSMCH,True
14.8,5,637.0607763349694,True,0,CONVERGENCE: RELATIVE REDUCTION OF F <= FACTR*EPSMCH,True
14.8,6,2559.5265553266086,False,2,ABNORMAL: ,True
14.8,7,2601.019991845697,True,0,CONVERGENCE: RELATIVE REDUCTION OF F <= FACTR*EPSMCH,True
14.8,8,1272.840903989238,False,2,ABNORMAL: ,True
14.8,9,1979.120803168393,True,0,CONVERGENCE: RELATIVE REDUCTION OF F <= FACTR*EPSMCH,True
14.8,10,9315.529041294782,False,2,ABNORMAL: ,True
14.8,11,667.0674673481652,False,2,ABNORMAL: ,True
14.8,12,653.5003545483139,False,2,ABNORMAL: ,True
14.8,13,687.1967356419038,False,2,ABNORMAL: ,True
14.8,14,2480.482782567375,False,2,ABNORMAL: ,True
14.8,15,9162.319465905799,True,0,CONVERGENCE: RELATIVE REDUCTION OF F <= FACTR*EPSMCH,True
14.8,16,2232.387736928433,True,0,CONVERGENCE: RELATIVE REDUCTION OF F <= FACTR*EPSMCH,True
14.8,17,1737.0250338610451,False,2,ABNORMAL: ,True
14.8,18,1374.742092326313,False,2,ABNORMAL: ,True
14.8,19,1183.292294280292,True,0,CONVERGENCE: RELATIVE REDUCTION OF F <= FACTR*EPSMCH,True
14.8,20,688.69064544813,False,2,ABNORMAL: ,True
14.8,21,1603.4715906468302,True,0,CONVERGENCE: RELATIVE REDUCTION OF F <= FACTR*EPSMCH,True
14.8,22,879167.748339388,True,0,CONVERGENCE: RELATIVE REDUCTION OF F <= FACTR*EPSMCH,True
14.8,23,42773.79743173123,True,0,CONVERGENCE: RELATIVE REDUCTION OF F <= FACTR*EPSMCH,True
14.8,24,1356.1515606561516,True,0,CONVERGENCE: RELATIVE REDUCTION OF F <= FACTR*EPSMCH,True
14.8,25,2571.0221179993023,False,2,ABNORMAL: ,True
14.8,26,12824.217487499076,False,2,ABNORMAL: ,True
14.8,27,880472.3286730035,False,2,ABNORMAL: ,True
14.8,28,683.3487521141454,False,2,ABNORMAL: ,True
14.8,29,688.3136667277616,True,0,CONVERGENCE: RELATIVE REDUCTION OF F <= FACTR*EPSMCH,True
14.8,30,674.8720483161534,False,2,ABNORMAL: ,True
14.7,1,643.013709188948,False,2,ABNORMAL: ,True
14.7,2,637.0899727319123,True,0,CONVERGENCE: RELATIVE REDUCTION OF F <= FACTR*EPSMCH,True
14.7,3,669.4983224577775,False,2,ABNORMAL: ,True
14.7,4,670.4550354853238,False,2,ABNORMAL: ,True
14.7,5,1375.4722206792194,True,0,CONVERGENCE: RELATIVE REDUCTION OF F <= FACTR*EPSMCH,True
14.7,6,2042.9103451707433,True,0,CONVERGENCE: RELATIVE REDUCTION OF F <= FACTR*EPSMCH,True
14.7,7,1810.9799879369143,False,2,ABNORMAL: ,True
14.7,8,1324.0671172706463,True,0,CONVERGENCE: RELATIVE REDUCTION OF F <= FACTR*EPSMCH,True
14.7,9,2441.2612968049793,True,0,CONVERGENCE: RELATIVE REDUCTION OF F <= FACTR*EPSMCH,True
14.7,10,1199.1215807089625,True,0,CONVERGENCE: RELATIVE REDUCTION OF F <= FACTR*EPSMCH,True
14.7,11,637.0389157895386,False,2,ABNORMAL: ,True
14.7,12,942.2118620974676,False,2,ABNORMAL: ,True
14.7,13,652.9069227702159,False,2,ABNORMAL: ,True
14.7,14,1039.1410313323381,True,0,CONVERGENCE: RELATIVE REDUCTION OF F <= FACTR*EPSMCH,True
14.7,15,2402.7243257520086,True,0,CONVERGENCE: RELATIVE REDUCTION OF F <= FACTR*EPSMCH,True
14.7,16,637.1441962011951,False,2,ABNORMAL: ,True
14.7,17,9304.829043198155,False,2,ABNORMAL: ,True
14.7,18,722.5536650971652,True,0,CONVERGENCE: RELATIVE REDUCTION OF F <= FACTR*EPSMCH,True
14.7,19,2778.619002457345,False,2,ABNORMAL: ,True
14.7,20,1128.1205125968083,True,0,CONVERGENCE: RELATIVE REDUCTION OF F <= FACTR*EPSMCH,True
14.7,21,9167.162931966837,True,0,CONVERGENCE: RELATIVE REDUCTION OF F <= FACTR*EPSMCH,True
14.7,22,668.208855533491,True,0,CONVERGENCE: RELATIVE REDUCTION OF F <= FACTR*EPSMCH,True
14.7,23,1698.143836114024,True,0,CONVERGENCE: RELATIVE REDUCTION OF F <= FACTR*EPSMCH,True
14.7,24,2190.06355695598,False,2,ABNORMAL: ,True
14.7,25,1832.7803390585425,True,0,CONVERGENCE: RELATIVE REDUCTION OF F <= FACTR*EPSMCH,True
14.7,26,2796.0153820469072,True,0,CONVERGENCE: RELATIVE REDUCTION OF F <= FACTR*EPSMCH,True
14.7,27,34842.79939269014,True,0,CONVERGENCE: RELATIVE REDUCTION OF F <= FACTR*EPSMCH,True
14.7,28,1026.1870554536745,False,2,ABNORMAL: ,True
14.7,29,706.0367370232868,True,0,CONVERGENCE: RELATIVE REDUCTION OF F <= FACTR*EPSMCH,True
14.7,30,1852.0015669485501,False,2,ABNORMAL: ,True
14.6,1,642.156226179756,False,2,ABNORMAL: ,True
14.6,2,683.3336862956843,True,0,CONVERGENCE: RELATIVE REDUCTION OF F <= FACTR*EPSMCH,True
14.6,3,657.0261367838293,True,0,CONVERGENCE: RELATIVE REDUCTION OF F <= FACTR*EPSMCH,True
14.6,4,640.353027334937,False,2,ABNORMAL: ,True
14.6,5,6925.381390520664,True,0,CONVERGENCE: RELATIVE REDUCTION OF F <= FACTR*EPSMCH,True
14.6,6,687.6285763594972,False,2,ABNORMAL: ,True
14.6,7,644.9805231842286,False,2,ABNORMAL: ,True
14.6,8,11364.308652560834,True,0,CONVERGENCE: RELATIVE REDUCTION OF F <= FACTR*EPSMCH,True
14.6,9,664.6812000812296,False,2,ABNORMAL: ,True
14.6,10,672.4743731206269,False,2,ABNORMAL: ,True
14.6,11,672.5864062002241,False,2,ABNORMAL: ,True
14.6,12,1931.6290122784467,True,0,CONVERGENCE: RELATIVE REDUCTION OF F <= FACTR*EPSMCH,True
14.6,13,1950.3133655533793,False,2,ABNORMAL: ,True
14.6,14,1962.7126034273624,True,0,CONVERGENCE: RELATIVE REDUCTION OF F <= FACTR*EPSMCH,True
14.6,15,679.9488972425022,True,0,CONVERGENCE: RELATIVE REDUCTION OF F <= FACTR*EPSMCH,True
14.6,16,664.1996078690504,False,2,ABNORMAL: ,True
14.6,17,1928.1544821712962,False,2,ABNORMAL: ,True
14.6,18,692.08095277811,False,2,ABNORMAL: ,True
14.6,19,1318.3512579663454,True,0,CONVERGENCE: RELATIVE REDUCTION OF F <= FACTR*EPSMCH,True
14.6,20,1984.974455377515,True,0,CONVERGENCE: RELATIVE REDUCTION OF F <= FACTR*EPSMCH,True
14.6,21,659.5814313273078,True,0,CONVERGENCE: RELATIVE REDUCTION OF F <= FACTR*EPSMCH,True
14.6,22,1832.3296932373662,True,0,CONVERGENCE: RELATIVE REDUCTION OF F <= FACTR*EPSMCH,True
14.6,23,1224.2701049664838,False,2,ABNORMAL: ,True
14.6,24,1309.21271103346,True,0,CONVERGENCE: RELATIVE REDUCTION OF F <= FACTR*EPSMCH,True
14.6,25,694.175452778738,False,2,ABNORMAL: ,True
14.6,26,2047.6951269850197,True,0,CONVERGENCE: RELATIVE REDUCTION OF F <= FACTR*EPSMCH,True
14.6,27,1596.668792215976,False,2,ABNORMAL: ,True
14.6,28,2827.791327983791,False,2,ABNORMAL: ,True
14.6,29,928.5452421786524,False,2,ABNORMAL: ,True
14.6,30,678.8708040236996,True,0,CONVERGENCE: RELATIVE REDUCTION OF F <= FACTR*EPSMCH,True
14.5,1,644.9877119329839,True,0,CONVERGENCE: RELATIVE REDUCTION OF F <= FACTR*EPSMCH,True
14.5,2,1356.2438372185718,True,0,CONVERGENCE: RELATIVE REDUCTION OF F <= FACTR*EPSMCH,True
14.5,3,674.713518455233,False,2,ABNORMAL: ,True
14.5,4,9494.507024643895,True,0,CONVERGENCE: RELATIVE REDUCTION OF F <= FACTR*EPSMCH,True
14.5,5,2465.822490903134,True,0,CONVERGENCE: RELATIVE REDUCTION OF F <= FACTR*EPSMCH,True
14.5,6,1202.5754053408052,True,0,CONVERGENCE: RELATIVE REDUCTION OF F <= FACTR*EPSMCH,True
14.5,7,1323.128928829569,False,2,ABNORMAL: ,True
14.5,8,662.8646568352423,False,2,ABNORMAL: ,True
14.5,9,689.0645409548346,True,0,CONVERGENCE: RELATIVE REDUCTION OF F <= FACTR*EPSMCH,True
14.5,10,1608.9100243693986,True,0,CONVERGENCE: RELATIVE REDUCTION OF F <= FACTR*EPSMCH,True
14.5,11,1221.4393229847974,True,0,CONVERGENCE: RELATIVE REDUCTION OF F <= FACTR*EPSMCH,True
14.5,12,1348.2303044064058,True,0,CONVERGENCE: RELATIVE REDUCTION OF F <= FACTR*EPSMCH,True
14.5,13,692.1007737554183,True,0,CONVERGENCE: RELATIVE REDUCTION OF F <= FACTR*EPSMCH,True
14.5,14,2674.0687300326786,False,2,ABNORMAL: ,True
14.5,15,1293.5071666844528,False,2,ABNORMAL: ,True
14.5,16,1331.5191582434982,False,2,ABNORMAL: ,True
14.5,17,1441.2558078608524,False,2,ABNORMAL: ,True
14.5,18,879535.1875251739,True,0,CONVERGENCE: RELATIVE REDUCTION OF F <= FACTR*EPSMCH,True
14.5,19,667.5431034475985,True,0,CONVERGENCE: RELATIVE REDUCTION OF F <= FACTR*EPSMCH,True
14.5,20,679.2376431717131,False,2,ABNORMAL: ,True
14.5,21,5885.213847474766,False,2,ABNORMAL: ,True
14.5,22,879167.7526928207,True,0,CONVERGENCE: RELATIVE REDUCTION OF F <= FACTR*EPSMCH,True
14.5,23,1329.180196921091,False,2,ABNORMAL: ,True
14.5,24,1422.9535536251026,True,0,CONVERGENCE: RELATIVE REDUCTION OF F <= FACTR*EPSMCH,True
14.5,25,2987.6642593986285,True,0,CONVERGENCE: RELATIVE REDUCTION OF F <= FACTR*EPSMCH,True
14.5,26,688.5964735469855,False,2,ABNORMAL: ,True
14.5,27,694.5253376388916,True,0,CONVERGENCE: RELATIVE REDUCTION OF F <= FACTR*EPSMCH,True
14.5,28,673.8153597022311,True,0,CONVERGENCE: RELATIVE REDUCTION OF F <= FACTR*EPSMCH,True
14.5,29,1356.2358889887314,False,2,ABNORMAL: ,True
14.5,30,1564.5163570743478,True,0,CONVERGENCE: RELATIVE REDUCTION OF F <= FACTR*EPSMCH,True
14.4,1,649.9125842813511,True,0,CONVERGENCE: RELATIVE REDUCTION OF F <= FACTR*EPSMCH,True
14.4,2,2964.7041381100903,True,0,CONVERGENCE: RELATIVE REDUCTION OF F <= FACTR*EPSMCH,True
14.4,3,1396.1256025633695,True,0,CONVERGENCE: RELATIVE REDUCTION OF F <= FACTR*EPSMCH,True
14.4,4,9150.505087034946,True,0,CONVERGENCE: RELATIVE REDUCTION OF F <= FACTR*EPSMCH,True
14.4,5,1174.5142105582559,True,0,CONVERGENCE: RELATIVE REDUCTION OF F <= FACTR*EPSMCH,True
14.4,6,1513.4687038785016,True,0,CONVERGENCE: RELATIVE REDUCTION OF F <= FACTR*EPSMCH,True
14.4,7,3139.456440928687,True,0,CONVERGENCE: RELATIVE REDUCTION OF F <= FACTR*EPSMCH,True
14.4,8,1231.9794207851705,True,0,CONVERGENCE: RELATIVE REDUCTION OF F <= FACTR*EPSMCH,True
14.4,9,1279.431101953647,True,0,CONVERGENCE: RELATIVE REDUCTION OF F <= FACTR*EPSMCH,True
14.4,10,2468.4435369478665,True,0,CONVERGENCE: RELATIVE REDUCTION OF F <= FACTR*EPSMCH,True
14.4,11,697.7550701654777,False,2,ABNORMAL: ,True
14.4,12,679.5681964403325,False,2,ABNORMAL: ,True
14.4,13,9065.066065032775,False,2,ABNORMAL: ,True
14.4,14,9371.343852200496,True,0,CONVERGENCE: RELATIVE REDUCTION OF F <= FACTR*EPSMCH,True
14.4,15,2916.6832657209916,True,0,CONVERGENCE: RELATIVE REDUCTION OF F <= FACTR*EPSMCH,True
14.4,16,3007.8710629962893,True,0,CONVERGENCE: RELATIVE REDUCTION OF F <= FACTR*EPSMCH,True
14.4,17,652.5753558749325,True,0,CONVERGENCE: RELATIVE REDUCTION OF F <= FACTR*EPSMCH,True
14.4,18,1311.3403629065863,True,0,CONVERGENCE: RELATIVE REDUCTION OF F <= FACTR*EPSMCH,True
14.4,19,651.3537531719765,False,2,ABNORMAL: ,True
14.4,20,673.2698976580672,True,0,CONVERGENCE: RELATIVE REDUCTION OF F <= FACTR*EPSMCH,True
14.4,21,1342.3231304671194,False,2,ABNORMAL: ,True
14.4,22,662.7461106189676,False,2,ABNORMAL: ,True
14.4,23,653.3825921704703,True,0,CONVERGENCE: RELATIVE REDUCTION OF F <= FACTR*EPSMCH,True
14.4,24,705.6761806078358,True,0,CONVERGENCE: RELATIVE REDUCTION OF F <= FACTR*EPSMCH,True
14.4,25,1298.3016889920755,False,2,ABNORMAL: ,True
14.4,26,1436.1266640301837,True,0,CONVERGENCE: RELATIVE REDUCTION OF F <= FACTR*EPSMCH,True
14.4,27,701.8718650564299,False,2,ABNORMAL: ,True
14.4,28,1425.6036624853846,True,0,CONVERGENCE: RELATIVE REDUCTION OF F <= FACTR*EPSMCH,True
14.4,29,44302.91737240115,True,0,CONVERGENCE: RELATIVE REDUCTION OF F <= FACTR*EPSMCH,True
14.4,30,1345.0635460041676,False,2,ABNORMAL: ,True
14.3,1,654.8424418777233,True,0,CONVERGENCE: RELATIVE REDUCTION OF F <= FACTR*EPSMCH,True
14.3,2,4922.642507791175,True,0,CONVERGENCE: RELATIVE REDUCTION OF F <= FACTR*EPSMCH,True
14.3,3,1939.0956620181028,True,0,CONVERGENCE: RELATIVE REDUCTION OF F <= FACTR*EPSMCH,True
14.3,4,1359.1738016665197,True,0,CONVERGENCE: RELATIVE REDUCTION OF F <= FACTR*EPSMCH,True
14.3,5,9313.508891330468,True,0,CONVERGENCE: RELATIVE REDUCTION OF F <= FACTR*EPSMCH,True
14.3,6,2840.91803061877,True,0,CONVERGENCE: RELATIVE REDUCTION OF F <= FACTR*EPSMCH,True
14.3,7,9275.18270194492,False,2,ABNORMAL: ,True
14.3,8,1348.0342995398228,False,2,ABNORMAL: ,True
14.3,9,1230.634496908434,True,0,CONVERGENCE: RELATIVE REDUCTION OF F <= FACTR*EPSMCH,True
14.3,10,662.2901256006033,True,0,CONVERGENCE: RELATIVE REDUCTION OF F <= FACTR*EPSMCH,True
14.3,11,9347.395931681329,True,0,CONVERGENCE: RELATIVE REDUCTION OF F <= FACTR*EPSMCH,True
14.3,12,1648.2351287021893,True,0,CONVERGENCE: RELATIVE REDUCTION OF F <= FACTR*EPSMCH,True
14.3,13,1227.444062651879,False,2,ABNORMAL: ,True
14.3,14,1415.389679843764,True,0,CONVERGENCE: RELATIVE REDUCTION OF F <= FACTR*EPSMCH,True
14.3,15,669.6793273831241,False,2,ABNORMAL: ,True
14.3,16,984.1100640417111,True,0,CONVERGENCE: RELATIVE REDUCTION OF F <= FACTR*EPSMCH,True
14.3,17,3825.1685334470644,False,2,ABNORMAL: ,True
14.3,18,712.5104775859816,False,2,ABNORMAL: ,True
14.3,19,2352.007478461316,False,2,ABNORMAL: ,True
14.3,20,11429.070325619743,True,0,CONVERGENCE: RELATIVE REDUCTION OF F <= FACTR*EPSMCH,True
14.3,21,656.2229350266921,True,0,CONVERGENCE: RELATIVE REDUCTION OF F <= FACTR*EPSMCH,True
14.3,22,708.8341667637239,True,0,CONVERGENCE: RELATIVE REDUCTION OF F <= FACTR*EPSMCH,True
14.3,23,689.8502637880728,True,0,CONVERGENCE: RELATIVE REDUCTION OF F <= FACTR*EPSMCH,True
14.3,24,1352.6877393274087,False,2,ABNORMAL: ,True
14.3,25,689.8502635066134,True,0,CONVERGENCE: RELATIVE REDUCTION OF F <= FACTR*EPSMCH,True
14.3,26,775.5946623442959,False,2,ABNORMAL: ,True
14.3,27,1249.907979692136,False,2,ABNORMAL: ,True
14.3,28,27765.64427993189,True,0,CONVERGENCE: RELATIVE REDUCTION OF F <= FACTR*EPSMCH,True
14.3,29,1242.8285936238317,True,0,CONVERGENCE: RELATIVE REDUCTION OF F <= FACTR*EPSMCH,True
14.3,30,663.4773325669324,True,0,CONVERGENCE: RELATIVE REDUCTION OF F <= FACTR*EPSMCH,True
14.2,1,660.1518960125774,True,0,CONVERGENCE: RELATIVE REDUCTION OF F <= FACTR*EPSMCH,True
14.2,2,1372.6808195965266,False,2,ABNORMAL: ,True
14.2,3,1249.5899197337333,True,0,CONVERGENCE: RELATIVE REDUCTION OF F <= FACTR*EPSMCH,True
14.2,4,663.9582754672123,False,2,ABNORMAL: ,True
14.2,5,1357.2047882488444,True,0,CONVERGENCE: RELATIVE REDUCTION OF F <= FACTR*EPSMCH,True
14.2,6,1275.7099622572043,False,2,ABNORMAL: ,True
14.2,7,3115.0103261472664,True,0,CONVERGENCE: RELATIVE REDUCTION OF F <= FACTR*EPSMCH,True
14.2,8,2397.5646883197765,True,0,CONVERGENCE: RELATIVE REDUCTION OF F <= FACTR*EPSMCH,True
14.2,9,661.1177126562301,True,0,CONVERGENCE: RELATIVE REDUCTION OF F <= FACTR*EPSMCH,True
14.2,10,678.3591731549767,True,0,CONVERGENCE: RELATIVE REDUCTION OF F <= FACTR*EPSMCH,True
14.2,11,679.6611230658411,False,2,ABNORMAL: ,True
14.2,12,9715.06533412652,True,0,CONVERGENCE: RELATIVE REDUCTION OF F <= FACTR*EPSMCH,True
14.2,13,1682.5356676181768,True,0,CONVERGENCE: RELATIVE REDUCTION OF F <= FACTR*EPSMCH,True
14.2,14,687.4509869105406,True,0,CONVERGENCE: RELATIVE REDUCTION OF F <= FACTR*EPSMCH,True
14.2,15,1346.8927451007266,True,0,CONVERGENCE: RELATIVE REDUCTION OF F <= FACTR*EPSMCH,True
14.2,16,659.909728506499,True,0,CONVERGENCE: RELATIVE REDUCTION OF F <= FACTR*EPSMCH,True
14.2,17,1264.0983678696707,True,0,CONVERGENCE: RELATIVE REDUCTION OF F <= FACTR*EPSMCH,True
14.2,18,675.1626921642421,False,2,ABNORMAL: ,True
14.2,19,1238.8691496282702,True,0,CONVERGENCE: RELATIVE REDUCTION OF F <= FACTR*EPSMCH,True
14.2,20,4483.8888680855725,True,0,CONVERGENCE: RELATIVE REDUCTION OF F <= FACTR*EPSMCH,True
14.2,21,814.7263716012266,True,0,CONVERGENCE: RELATIVE REDUCTION OF F <= FACTR*EPSMCH,True
14.2,22,1464.6088767741792,True,0,CONVERGENCE: RELATIVE REDUCTION OF F <= FACTR*EPSMCH,True
14.2,23,690.4927153197002,False,2,ABNORMAL: ,True
14.2,24,1828.409833683331,True,0,CONVERGENCE: RELATIVE REDUCTION OF F <= FACTR*EPSMCH,True
14.2,25,3511.2426315179746,False,2,ABNORMAL: ,True
14.2,26,1206.2656656869165,False,2,ABNORMAL: ,True
14.2,27,9177.044393571592,True,0,CONVERGENCE: RELATIVE REDUCTION OF F <= FACTR*EPSMCH,True
14.2,28,18370.77919990992,True,0,CONVERGENCE: RELATIVE REDUCTION OF F <= FACTR*EPSMCH,True
14.2,29,671.4942323387121,True,0,CONVERGENCE: RELATIVE REDUCTION OF F <= FACTR*EPSMCH,True
14.2,30,978.2316945540077,False,2,ABNORMAL: ,True
14.1,1,665.3963558187936,True,0,CONVERGENCE: RELATIVE REDUCTION OF F <= FACTR*EPSMCH,True
14.1,2,2177.5135441609636,True,0,CONVERGENCE: RELATIVE REDUCTION OF F <= FACTR*EPSMCH,True
14.1,3,10818.092237075403,True,0,CONVERGENCE: RELATIVE REDUCTION OF F <= FACTR*EPSMCH,True
14.1,4,9309.852263096374,False,2,ABNORMAL: ,True
14.1,5,712.7573253160336,False,2,ABNORMAL: ,True
14.1,6,668.6756292552006,False,2,ABNORMAL: ,True
14.1,7,691.3595901470756,False,2,ABNORMAL: ,True
14.1,8,665.1259947026803,True,0,CONVERGENCE: RELATIVE REDUCTION OF F <= FACTR*EPSMCH,True
14.1,9,683.782522405061,True,0,CONVERGENCE: RELATIVE REDUCTION OF F <= FACTR*EPSMCH,True
14.1,10,687.1626209588688,True,0,CONVERGENCE: RELATIVE REDUCTION OF F <= FACTR*EPSMCH,True
14.1,11,2485.621569850632,True,0,CONVERGENCE: RELATIVE REDUCTION OF F <= FACTR*EPSMCH,True
14.1,12,9014.541324944576,False,2,ABNORMAL: ,True
14.1,13,665.1259718808964,True,0,CONVERGENCE: RELATIVE REDUCTION OF F <= FACTR*EPSMCH,True
14.1,14,17249.2609185881,True,0,CONVERGENCE: RELATIVE REDUCTION OF F <= FACTR*EPSMCH,True
14.1,15,678.7381953169585,False,2,ABNORMAL: ,True
14.1,16,674.6412986639373,False,2,ABNORMAL: ,True
14.1,17,671.1512012508235,False,2,ABNORMAL: ,True
14.1,18,691.3099944874565,False,2,ABNORMAL: ,True
14.1,19,1370.7418465291944,True,0,CONVERGENCE: RELATIVE REDUCTION OF F <= FACTR*EPSMCH,True
14.1,20,8561.956602714105,True,0,CONVERGENCE: RELATIVE REDUCTION OF F <= FACTR*EPSMCH,True
14.1,21,1456.4709881186284,False,2,ABNORMAL: ,True
14.1,22,691.2994220692955,False,2,ABNORMAL: ,True
14.1,23,1315.047628801889,True,0,CONVERGENCE: RELATIVE REDUCTION OF F <= FACTR*EPSMCH,True
14.1,24,677.7485070527545,False,2,ABNORMAL: ,True
14.1,25,1091.1166928778473,False,2,ABNORMAL: ,True
14.1,26,1721.3085587554838,True,0,CONVERGENCE: RELATIVE REDUCTION OF F <= FACTR*EPSMCH,True
14.1,27,879169.2466388845,True,0,CONVERGENCE: RELATIVE REDUCTION OF F <= FACTR*EPSMCH,True
14.1,28,1274.7263587516588,True,0,CONVERGENCE: RELATIVE REDUCTION OF F <= FACTR*EPSMCH,True
14.1,29,667.0106013464618,False,2,ABNORMAL: ,True
14.1,30,1449.9808673739901,True,0,CONVERGENCE: RELATIVE REDUCTION OF F <= FACTR*EPSMCH,True
14.0,1,670.6851380315145,True,0,CONVERGENCE: RELATIVE REDUCTION OF F <= FACTR*EPSMCH,True
14.0,2,2329.2687441902895,True,0,CONVERGENCE: RELATIVE REDUCTION OF F <= FACTR*EPSMCH,True
14.0,3,1383.5500262272665,True,0,CONVERGENCE: RELATIVE REDUCTION OF F <= FACTR*EPSMCH,True
14.0,4,1870.053075306235,True,0,CONVERGENCE: RELATIVE REDUCTION OF F <= FACTR*EPSMCH,True
14.0,5,9050.7348795865,False,2,ABNORMAL: ,True
14.0,6,11557.956942906636,False,2,ABNORMAL: ,True
14.0,7,769.1719003002177,False,2,ABNORMAL: ,True
14.0,8,1315.6338596179467,True,0,CONVERGENCE: RELATIVE REDUCTION OF F <= FACTR*EPSMCH,True
14.0,9,675.1234731793079,True,0,CONVERGENCE: RELATIVE REDUCTION OF F <= FACTR*EPSMCH,True
14.0,10,671.3589346047397,True,0,CONVERGENCE: RELATIVE REDUCTION OF F <= FACTR*EPSMCH,True
14.0,11,1147.4410723604183,False,2,ABNORMAL: ,True
14.0,12,681.6699964891972,False,2,ABNORMAL: ,True
14.0,13,694.3721181790893,True,0,CONVERGENCE: RELATIVE REDUCTION OF F <= FACTR*EPSMCH,True
14.0,14,7112.980293027504,True,0,CONVERGENCE: RELATIVE REDUCTION OF F <= FACTR*EPSMCH,True
14.0,15,8678.79975736599,True,0,CONVERGENCE: RELATIVE REDUCTION OF F <= FACTR*EPSMCH,True
14.0,16,9070.62070499456,True,0,CONVERGENCE: RELATIVE REDUCTION OF F <= FACTR*EPSMCH,True
14.0,17,1394.759077296875,True,0,CONVERGENCE: RELATIVE REDUCTION OF F <= FACTR*EPSMCH,True
14.0,18,1275.177857008007,True,0,CONVERGENCE: RELATIVE REDUCTION OF F <= FACTR*EPSMCH,True
14.0,19,2230.2568942415433,True,0,CONVERGENCE: RELATIVE REDUCTION OF F <= FACTR*EPSMCH,True
14.0,20,11635.304996238823,False,2,ABNORMAL: ,True
14.0,21,669.809166529145,True,0,CONVERGENCE: RELATIVE REDUCTION OF F <= FACTR*EPSMCH,True
14.0,22,674.8224952459475,False,2,ABNORMAL: ,True
14.0,23,1783.6231316318879,True,0,CONVERGENCE: RELATIVE REDUCTION OF F <= FACTR*EPSMCH,True
14.0,24,1547.7296103673168,True,0,CONVERGENCE: RELATIVE REDUCTION OF F <= FACTR*EPSMCH,True
14.0,25,1573.8538577679712,False,2,ABNORMAL: ,True
14.0,26,1429.2850305756576,True,0,CONVERGENCE: RELATIVE REDUCTION OF F <= FACTR*EPSMCH,True
14.0,27,53812.90115093211,True,0,CONVERGENCE: RELATIVE REDUCTION OF F <= FACTR*EPSMCH,True
14.0,28,1473.5917459339641,True,0,CONVERGENCE: RELATIVE REDUCTION OF F <= FACTR*EPSMCH,True
14.0,29,720.0766657498367,False,2,ABNORMAL: ,True
14.0,30,752.3762772321204,True,0,CONVERGENCE: RELATIVE REDUCTION OF F <= FACTR*EPSMCH,True
17.6,1,394.65560454496796,True,0,CONVERGENCE: RELATIVE REDUCTION OF F <= FACTR*EPSMCH,True
17.6,2,395.2280805507639,True,0,CONVERGENCE: RELATIVE REDUCTION OF F <= FACTR*EPSMCH,True
17.6,3,667.904589096747,False,2,ABNORMAL: ,True
17.6,4,409.496049966041,True,0,CONVERGENCE: RELATIVE REDUCTION OF F <= FACTR*EPSMCH,True
17.6,5,420.335019138134,True,0,CONVERGENCE: RELATIVE REDUCTION OF F <= FACTR*EPSMCH,True
17.6,6,437.930193884441,True,0,CONVERGENCE: RELATIVE REDUCTION OF F <= FACTR*EPSMCH,True
17.6,7,396.25958373527163,True,0,CONVERGENCE: RELATIVE REDUCTION OF F <= FACTR*EPSMCH,True
17.6,8,399.1941549704112,False,2,ABNORMAL: ,True
17.6,9,653.9772800770289,False,2,ABNORMAL: ,True
17.6,10,724.7403464566096,True,0,CONVERGENCE: RELATIVE REDUCTION OF F <= FACTR*EPSMCH,True
17.6,11,547.4511895839591,True,0,CONVERGENCE: RELATIVE REDUCTION OF F <= FACTR*EPSMCH,True
17.6,12,752.9630584591876,False,2,ABNORMAL: ,True
17.6,13,424.358046714633,False,2,ABNORMAL: ,True
17.6,14,1106.957031252152,False,2,ABNORMAL: ,True
17.6,15,397.8476302406713,True,0,CONVERGENCE: RELATIVE REDUCTION OF F <= FACTR*EPSMCH,True
17.6,16,410.86445940237024,False,2,ABNORMAL: ,True
17.6,17,677.2502517925154,False,2,ABNORMAL: ,True
17.6,18,276020.29420348775,True,0,CONVERGENCE: RELATIVE REDUCTION OF F <= FACTR*EPSMCH,True
17.6,19,525.4790391560725,False,2,ABNORMAL: ,True
17.6,20,396.30746214150236,True,0,CONVERGENCE: RELATIVE REDUCTION OF F <= FACTR*EPSMCH,True
17.6,21,424.10495318358795,True,0,CONVERGENCE: RELATIVE REDUCTION OF F <= FACTR*EPSMCH,True
17.6,22,438.48604290490516,True,0,CONVERGENCE: RELATIVE REDUCTION OF F <= FACTR*EPSMCH,True
17.6,23,544.1306081451054,True,0,CONVERGENCE: RELATIVE REDUCTION OF F <= FACTR*EPSMCH,True
17.6,24,397.2109703358354,False,2,ABNORMAL: ,True
17.6,25,599.9023492921018,True,0,CONVERGENCE: RELATIVE REDUCTION OF F <= FACTR*EPSMCH,True
17.6,26,399.43537183659504,False,2,ABNORMAL: ,True
17.6,27,9187.570440673408,False,2,ABNORMAL: ,True
17.6,28,1014.8066248007528,True,0,CONVERGENCE: RELATIVE REDUCTION OF F <= FACTR*EPSMCH,True
17.6,29,485.11798847122157,True,0,CONVERGENCE: RELATIVE REDUCTION OF F <= FACTR*EPSMCH,True
17.6,30,400.6777578208504,True,0,CONVERGENCE: RELATIVE REDUCTION OF F <= FACTR*EPSMCH,True
17.7,1,397.51343389131824,True,0,CONVERGENCE: RELATIVE REDUCTION OF F <= FACTR*EPSMCH,True
17.7,2,399.6093995834225,True,0,CONVERGENCE: RELATIVE REDUCTION OF F <= FACTR*EPSMCH,True
17.7,3,705.0477104369608,True,0,CONVERGENCE: RELATIVE REDUCTION OF F <= FACTR*EPSMCH,True
17.7,4,399.8566275158369,True,0,CONVERGENCE: RELATIVE REDUCTION OF F <= FACTR*EPSMCH,True
17.7,5,474.72450211565035,False,2,ABNORMAL: ,True
17.7,6,568.3424866241106,False,2,ABNORMAL: ,True
17.7,7,9156.712488024854,True,0,CONVERGENCE: RELATIVE REDUCTION OF F <= FACTR*EPSMCH,True
17.7,8,506.04300849019944,False,2,ABNORMAL: ,True
17.7,9,397.234836376175,True,0,CONVERGENCE: RELATIVE REDUCTION OF F <= FACTR*EPSMCH,True
17.7,10,789.622830906256,False,2,ABNORMAL: ,True
17.7,11,673.7473936995302,False,2,ABNORMAL: ,True
17.7,12,493.2425206852329,True,0,CONVERGENCE: RELATIVE REDUCTION OF F <= FACTR*EPSMCH,True
17.7,13,936.6003132803936,False,2,ABNORMAL: ,True
17.7,14,397.0204731473369,True,0,CONVERGENCE: RELATIVE REDUCTION OF F <= FACTR*EPSMCH,True
17.7,15,465.1757461407172,False,2,ABNORMAL: ,True
17.7,16,400.26508289548514,True,0,CONVERGENCE: RELATIVE REDUCTION OF F <= FACTR*EPSMCH,True
17.7,17,536.4430064360124,False,2,ABNORMAL: ,True
17.7,18,402.42572689006926,True,0,CONVERGENCE: RELATIVE REDUCTION OF F <= FACTR*EPSMCH,True
17.7,19,398.0022768799108,True,0,CONVERGENCE: RELATIVE REDUCTION OF F <= FACTR*EPSMCH,True
17.7,20,428.05094121394467,True,0,CONVERGENCE: RELATIVE REDUCTION OF F <= FACTR*EPSMCH,True
17.7,21,1e+30,True,0,CONVERGENCE: NORM OF PROJECTED GRADIENT <= PGTOL,False
17.7,22,581.9343349730688,False,2,ABNORMAL: ,True
17.7,23,1022.9005656305445,True,0,CONVERGENCE: RELATIVE REDUCTION OF F <= FACTR*EPSMCH,True
17.7,24,505.8156478852865,False,2,ABNORMAL: ,True
17.7,25,742.4179900318686,False,2,ABNORMAL: ,True
17.7,26,487.3954385188804,True,0,CONVERGENCE: RELATIVE REDUCTION OF F <= FACTR*EPSMCH,True
17.7,27,514.7535722201989,False,2,ABNORMAL: ,True
17.7,28,506.71411877254303,False,2,ABNORMAL: ,True
17.7,29,482.36680181691725,True,0,CONVERGENCE: RELATIVE REDUCTION OF F <= FACTR*EPSMCH,True
17.7,30,412.46071676587763,True,0,CONVERGENCE: RELATIVE REDUCTION OF F <= FACTR*EPSMCH,True
17.8,1,399.9244911404701,True,0,CONVERGENCE: RELATIVE REDUCTION OF F <= FACTR*EPSMCH,True
17.8,2,407.24688183453674,True,0,CONVERGENCE: RELATIVE REDUCTION OF F <= FACTR*EPSMCH,True
17.8,3,535.4891205018167,False,2,ABNORMAL: ,True
17.8,4,15678.818766893917,False,2,ABNORMAL: ,True
17.8,5,690.2047723591259,False,2,ABNORMAL: ,True
17.8,6,745.9995052804694,False,2,ABNORMAL: ,True
17.8,7,431.98676803486205,False,2,ABNORMAL: ,True
17.8,8,617.2437626398325,True,0,CONVERGENCE: RELATIVE REDUCTION OF F <= FACTR*EPSMCH,True
17.8,9,7820.786247056649,True,0,CONVERGENCE: RELATIVE REDUCTION OF F <= FACTR*EPSMCH,True
17.8,10,785.4099971574892,True,0,CONVERGENCE: RELATIVE REDUCTION OF F <= FACTR*EPSMCH,True
17.8,11,518.4841078771747,True,0,CONVERGENCE: RELATIVE REDUCTION OF F <= FACTR*EPSMCH,True
17.8,12,9279.453714796644,True,0,CONVERGENCE: RELATIVE REDUCTION OF F <= FACTR*EPSMCH,True
17.8,13,980.6677524276657,False,2,ABNORMAL: ,True
17.8,14,460.4824720962907,False,2,ABNORMAL: ,True
17.8,15,693.1131993628172,False,2,ABNORMAL: ,True
17.8,16,411.34666287293857,True,0,CONVERGENCE: RELATIVE REDUCTION OF F <= FACTR*EPSMCH,True
17.8,17,411.8218429576364,True,0,CONVERGENCE: RELATIVE REDUCTION OF F <= FACTR*EPSMCH,True
17.8,18,622.017477730599,False,2,ABNORMAL: ,True
17.8,19,8801.891824459413,False,2,ABNORMAL: ,True
17.8,20,625.6262859594565,True,0,CONVERGENCE: RELATIVE REDUCTION OF F <= FACTR*EPSMCH,True
17.8,21,517.0414144423627,True,0,CONVERGENCE: RELATIVE REDUCTION OF F <= FACTR*EPSMCH,True
17.8,22,11706.285665480977,True,0,CONVERGENCE: RELATIVE REDUCTION OF F <= FACTR*EPSMCH,True
17.8,23,496.7647531519443,False,2,ABNORMAL: ,True
17.8,24,444.4754677224794,True,0,CONVERGENCE: RELATIVE REDUCTION OF F <= FACTR*EPSMCH,True
17.8,25,507.9927280074627,True,0,CONVERGENCE: RELATIVE REDUCTION OF F <= FACTR*EPSMCH,True
17.8,26,427.09617776662554,True,0,CONVERGENCE: RELATIVE REDUCTION OF F <= FACTR*EPSMCH,True
17.8,27,503.6116347138375,False,2,ABNORMAL: ,True
17.8,28,658.8901832922826,False,2,ABNORMAL: ,True
17.8,29,416.0657091120912,True,0,CONVERGENCE: RELATIVE REDUCTION OF F <= FACTR*EPSMCH,True
17.8,30,486.6450714764425,True,0,CONVERGENCE: RELATIVE REDUCTION OF F <= FACTR*EPSMCH,True
17.9,1,404.06474003129136,True,0,CONVERGENCE: RELATIVE REDUCTION OF F <= FACTR*EPSMCH,True
17.9,2,404.0031057818206,True,0,CONVERGENCE: RELATIVE REDUCTION OF F <= FACTR*EPSMCH,True
17.9,3,532.0201952185862,True,0,CONVERGENCE: RELATIVE REDUCTION OF F <= FACTR*EPSMCH,True
17.9,4,689.1344845993066,True,0,CONVERGENCE: RELATIVE REDUCTION OF F <= FACTR*EPSMCH,True
17.9,5,642.618906658463,False,2,ABNORMAL: ,True
17.9,6,525.2460453762886,True,0,CONVERGENCE: RELATIVE REDUCTION OF F <= FACTR*EPSMCH,True
17.9,7,415.73972559019535,True,0,CONVERGENCE: RELATIVE REDUCTION OF F <= FACTR*EPSMCH,True
17.9,8,1499.7072211671764,False,2,ABNORMAL: ,True
17.9,9,516.5866033663976,False,2,ABNORMAL: ,True
17.9,10,480.3340979301792,False,2,ABNORMAL: ,True
17.9,11,623.7506865332706,True,0,CONVERGENCE: RELATIVE REDUCTION OF F <= FACTR*EPSMCH,True
17.9,12,631.83981334238,False,2,ABNORMAL: ,True
17.9,13,659.8620010651372,False,2,ABNORMAL: ,True
17.9,14,466.1343218502207,False,2,ABNORMAL: ,True
17.9,15,403.6198790109327,True,0,CONVERGENCE: RELATIVE REDUCTION OF F <= FACTR*EPSMCH,True
17.9,16,408.58407532629553,True,0,CONVERGENCE: RELATIVE REDUCTION OF F <= FACTR*EPSMCH,True
17.9,17,406.034571994905,True,0,CONVERGENCE: RELATIVE REDUCTION OF F <= FACTR*EPSMCH,True
17.9,18,532.7095210224008,True,0,CONVERGENCE: RELATIVE REDUCTION OF F <= FACTR*EPSMCH,True
17.9,19,9145.200123314768,False,2,ABNORMAL: ,True
17.9,20,407.2918426933571,True,0,CONVERGENCE: RELATIVE REDUCTION OF F <= FACTR*EPSMCH,True
17.9,21,778.6469915983042,False,2,ABNORMAL: ,True
17.9,22,441.75293273085157,False,2,ABNORMAL: ,True
17.9,23,510.93455729818805,False,2,ABNORMAL: ,True
17.9,24,631.1271081527412,False,2,ABNORMAL: ,True
17.9,25,17351.865354177833,True,0,CONVERGENCE: RELATIVE REDUCTION OF F <= FACTR*EPSMCH,True
17.9,26,12911.005316849978,True,0,CONVERGENCE: RELATIVE REDUCTION OF F <= FACTR*EPSMCH,True
17.9,27,447.39277078609655,True,0,CONVERGENCE: RELATIVE REDUCTION OF F <= FACTR*EPSMCH,True
17.9,28,411.90762057573204,True,0,CONVERGENCE: RELATIVE REDUCTION OF F <= FACTR*EPSMCH,True
17.9,29,405.41106385587426,True,0,CONVERGENCE: RELATIVE REDUCTION OF F <= FACTR*EPSMCH,True
17.9,30,935.3424623437304,False,2,ABNORMAL: ,True
18.0,1,408.0159334345265,True,0,CONVERGENCE: RELATIVE REDUCTION OF F <= FACTR*EPSMCH,True
18.0,2,409.2742892479955,True,0,CONVERGENCE: RELATIVE REDUCTION OF F <= FACTR*EPSMCH,True
18.0,3,490.1643917710604,False,2,ABNORMAL: ,True
18.0,4,917.2926301119767,True,0,CONVERGENCE: RELATIVE REDUCTION OF F <= FACTR*EPSMCH,True
18.0,5,592.9629249384709,False,2,ABNORMAL: ,True
18.0,6,558.3699420150452,False,2,ABNORMAL: ,True
18.0,7,483.2440900866709,False,2,ABNORMAL: ,True
18.0,8,713.8139734526434,False,2,ABNORMAL: ,True
18.0,9,9254.02868823922,False,2,ABNORMAL: ,True
18.0,10,655.0587484553798,False,2,ABNORMAL: ,True
18.0,11,524.8539994524159,False,2,ABNORMAL: ,True
18.0,12,9174.691104855705,False,2,ABNORMAL: ,True
18.0,13,573.4005804802912,False,2,ABNORMAL: ,True
18.0,14,516.8193135979759,True,0,CONVERGENCE: RELATIVE REDUCTION OF F <= FACTR*EPSMCH,True
18.0,15,415.6025165099434,True,0,CONVERGENCE: RELATIVE REDUCTION OF F <= FACTR*EPSMCH,True
18.0,16,8781.738579327013,False,2,ABNORMAL: ,True
18.0,17,896.8319332546689,True,0,CONVERGENCE: RELATIVE REDUCTION OF F <= FACTR*EPSMCH,True
18.0,18,468.78506874039124,True,0,CONVERGENCE: RELATIVE REDUCTION OF F <= FACTR*EPSMCH,True
18.0,19,464.96758610281296,True,0,CONVERGENCE: RELATIVE REDUCTION OF F <= FACTR*EPSMCH,True
18.0,20,879167.7806279638,True,0,CONVERGENCE: RELATIVE REDUCTION OF F <= FACTR*EPSMCH,True
18.0,21,551.5370637504251,True,0,CONVERGENCE: RELATIVE REDUCTION OF F <= FACTR*EPSMCH,True
18.0,22,879167.7564729854,True,0,CONVERGENCE: NORM OF PROJECTED GRADIENT <= PGTOL,True
18.0,23,411.1861220327069,True,0,CONVERGENCE: RELATIVE REDUCTION OF F <= FACTR*EPSMCH,True
18.0,24,7608.057316559181,True,0,CONVERGENCE: RELATIVE REDUCTION OF F <= FACTR*EPSMCH,True
18.0,25,567.2615808046307,True,0,CONVERGENCE: RELATIVE REDUCTION OF F <= FACTR*EPSMCH,True
18.0,26,581.2634833990769,False,2,ABNORMAL: ,True
18.0,27,648.5201387602058,False,2,ABNORMAL: ,True
18.0,28,411.07361555366157,False,2,ABNORMAL: ,True
18.0,29,1e+30,True,0,CONVERGENCE: NORM OF PROJECTED GRADIENT <= PGTOL,False
18.0,30,439.50594724658293,False,2,ABNORMAL: ,True
18.1,1,413.26787297753816,True,0,CONVERGENCE: RELATIVE REDUCTION OF F <= FACTR*EPSMCH,True
18.1,2,413.7012346515672,True,0,CONVERGENCE: RELATIVE REDUCTION OF F <= FACTR*EPSMCH,True
18.1,3,536.9784833870849,True,0,CONVERGENCE: RELATIVE REDUCTION OF F <= FACTR*EPSMCH,True
18.1,4,692.2814461588761,False,2,ABNORMAL: ,True
18.1,5,541.8957824192162,False,2,ABNORMAL: ,True
18.1,6,493.20291181177595,True,0,CONVERGENCE: RELATIVE REDUCTION OF F <= FACTR*EPSMCH,True
18.1,7,506.12328747165424,False,2,ABNORMAL: ,True
18.1,8,695.2828528158252,True,0,CONVERGENCE: RELATIVE REDUCTION OF F <= FACTR*EPSMCH,True
18.1,9,531.7889279395285,False,2,ABNORMAL: ,True
18.1,10,577.4998618661997,False,2,ABNORMAL: ,True
18.1,11,468.54544704667927,True,0,CONVERGENCE: RELATIVE REDUCTION OF F <= FACTR*EPSMCH,True
18.1,12,508.87514252704966,False,2,ABNORMAL: ,True
18.1,13,12537.830836245046,True,0,CONVERGENCE: RELATIVE REDUCTION OF F <= FACTR*EPSMCH,True
18.1,14,638.548545914246,False,2,ABNORMAL: ,True
18.1,15,423.3827289394071,True,0,CONVERGENCE: RELATIVE REDUCTION OF F <= FACTR*EPSMCH,True
18.1,16,414.40536972531487,True,0,CONVERGENCE: RELATIVE REDUCTION OF F <= FACTR*EPSMCH,True
18.1,17,530.5313759043103,False,2,ABNORMAL: ,True
18.1,18,459.0504763927922,False,2,ABNORMAL: ,True
18.1,19,546.5759434475302,True,0,CONVERGENCE: RELATIVE REDUCTION OF F <= FACTR*EPSMCH,True
18.1,20,1e+30,True,0,CONVERGENCE: NORM OF PROJECTED GRADIENT <= PGTOL,False
18.1,21,786.3501515271864,True,0,CONVERGENCE: RELATIVE REDUCTION OF F <= FACTR*EPSMCH,True
18.1,22,1e+30,True,0,CONVERGENCE: NORM OF PROJECTED GRADIENT <= PGTOL,False
18.1,23,435.300202088568,True,0,CONVERGENCE: RELATIVE REDUCTION OF F <= FACTR*EPSMCH,True
18.1,24,443.8778702258007,True,0,CONVERGENCE: RELATIVE REDUCTION OF F <= FACTR*EPSMCH,True
18.1,25,530.9632924403884,False,2,ABNORMAL: ,True
18.1,26,267339.4233522585,True,0,CONVERGENCE: RELATIVE REDUCTION OF F <= FACTR*EPSMCH,True
18.1,27,464.6383903522005,False,2,ABNORMAL: ,True
18.1,28,144767.5039840823,True,0,CONVERGENCE: RELATIVE REDUCTION OF F <= FACTR*EPSMCH,True
18.1,29,591.7470343357451,False,2,ABNORMAL: ,True
18.1,30,430.73893958536365,True,0,CONVERGENCE: RELATIVE REDUCTION OF F <= FACTR*EPSMCH,True
18.2,1,419.1578375462214,True,0,CONVERGENCE: RELATIVE REDUCTION OF F <= FACTR*EPSMCH,True
18.2,2,419.35659471516067,True,0,CONVERGENCE: RELATIVE REDUCTION OF F <= FACTR*EPSMCH,True
18.2,3,589.5855362328101,False,2,ABNORMAL: ,True
18.2,4,461.56836709661553,False,2,ABNORMAL: ,True
18.2,5,517.0673892189151,True,0,CONVERGENCE: RELATIVE REDUCTION OF F <= FACTR*EPSMCH,True
18.2,6,487.4392518349236,False,2,ABNORMAL: ,True
18.2,7,463.3388998891141,False,2,ABNORMAL: ,True
18.2,8,525.3922429032035,True,0,CONVERGENCE: RELATIVE REDUCTION OF F <= FACTR*EPSMCH,True
18.2,9,538.3364374421637,False,2,ABNORMAL: ,True
18.2,10,588.0315919711081,False,2,ABNORMAL: ,True
18.2,11,420.065881451437,False,2,ABNORMAL: ,True
18.2,12,507.0469315223409,False,2,ABNORMAL: ,True
18.2,13,533.7172403362055,False,2,ABNORMAL: ,True
18.2,14,9095.768312731923,False,2,ABNORMAL: ,True
18.2,15,594.5128482762336,False,2,ABNORMAL: ,True
18.2,16,658.5553241017795,True,0,CONVERGENCE: RELATIVE REDUCTION OF F <= FACTR*EPSMCH,True
18.2,17,536.9088772127838,True,0,CONVERGENCE: RELATIVE REDUCTION OF F <= FACTR*EPSMCH,True
18.2,18,11801.52151613502,False,2,ABNORMAL: ,True
18.2,19,46031.53915723035,True,0,CONVERGENCE: RELATIVE REDUCTION OF F <= FACTR*EPSMCH,True
18.2,20,11759.783823568076,True,0,CONVERGENCE: RELATIVE REDUCTION OF F <= FACTR*EPSMCH,True
18.2,21,879535.042726557,True,0,CONVERGENCE: RELATIVE REDUCTION OF F <= FACTR*EPSMCH,True
18.2,22,418.78194892962676,False,2,ABNORMAL: ,True
18.2,23,645.2242142734871,False,2,ABNORMAL: ,True
18.2,24,527.5132002188662,True,0,CONVERGENCE: RELATIVE REDUCTION OF F <= FACTR*EPSMCH,True
18.2,25,426.9321419858856,False,2,ABNORMAL: ,True
18.2,26,653.1055626498924,True,0,CONVERGENCE: RELATIVE REDUCTION OF F <= FACTR*EPSMCH,True
18.2,27,495.54381387540116,False,2,ABNORMAL: ,True
18.2,28,413417.96301208687,True,0,CONVERGENCE: RELATIVE REDUCTION OF F <= FACTR*EPSMCH,True
18.2,29,879167.7525254886,True,0,CONVERGENCE: NORM OF PROJECTED GRADIENT <= PGTOL,True
18.2,30,22329.28075119545,False,2,ABNORMAL: ,True
18.3,1,424.5967594209698,True,0,CONVERGENCE: RELATIVE REDUCTION OF F <= FACTR*EPSMCH,True
18.3,2,426.4602407414443,True,0,CONVERGENCE: RELATIVE REDUCTION OF F <= FACTR*EPSMCH,True
18.3,3,445.14836149340874,True,0,CONVERGENCE: RELATIVE REDUCTION OF F <= FACTR*EPSMCH,True
18.3,4,526.7352287226283,False,2,ABNORMAL: ,True
18.3,5,4217.257302036367,True,0,CONVERGENCE: RELATIVE REDUCTION OF F <= FACTR*EPSMCH,True
18.3,6,660.999902478365,False,2,ABNORMAL: ,True
18.3,7,9295.17055951177,True,0,CONVERGENCE: RELATIVE REDUCTION OF F <= FACTR*EPSMCH,True
18.3,8,565.060834399562,True,0,CONVERGENCE: RELATIVE REDUCTION OF F <= FACTR*EPSMCH,True
18.3,9,677.2399395740784,False,2,ABNORMAL: ,True
18.3,10,876.1160170111153,True,0,CONVERGENCE: RELATIVE REDUCTION OF F <= FACTR*EPSMCH,True
18.3,11,525.3718021275623,False,2,ABNORMAL: ,True
18.3,12,579.3327678811368,False,2,ABNORMAL: ,True
18.3,13,8179.244256436474,True,0,CONVERGENCE: RELATIVE REDUCTION OF F <= FACTR*EPSMCH,True
18.3,14,834.6019146886055,False,2,ABNORMAL: ,True
18.3,15,488.55581872298285,True,0,CONVERGENCE: RELATIVE REDUCTION OF F <= FACTR*EPSMCH,True
18.3,16,660.8281201174902,True,0,CONVERGENCE: RELATIVE REDUCTION OF F <= FACTR*EPSMCH,True
18.3,17,9313.241321266147,False,2,ABNORMAL: ,True
18.3,18,102086.16871396826,True,0,CONVERGENCE: RELATIVE REDUCTION OF F <= FACTR*EPSMCH,True
18.3,19,439.21953396532166,False,2,ABNORMAL: ,True
18.3,20,9157.471594390254,False,2,ABNORMAL: ,True
18.3,21,9286.114754215632,False,2,ABNORMAL: ,True
18.3,22,425.72959101559906,True,0,CONVERGENCE: RELATIVE REDUCTION OF F <= FACTR*EPSMCH,True
18.3,23,490.44929157895353,True,0,CONVERGENCE: RELATIVE REDUCTION OF F <= FACTR*EPSMCH,True
18.3,24,597.8889107448857,False,2,ABNORMAL: ,True
18.3,25,450.9997571197892,True,0,CONVERGENCE: RELATIVE REDUCTION OF F <= FACTR*EPSMCH,True
18.3,26,531.8767303823468,True,0,CONVERGENCE: RELATIVE REDUCTION OF F <= FACTR*EPSMCH,True
18.3,27,790.4151928142214,False,2,ABNORMAL: ,True
18.3,28,592.0006150053996,True,0,CONVERGENCE: RELATIVE REDUCTION OF F <= FACTR*EPSMCH,True
18.3,29,433.7164711107849,True,0,CONVERGENCE: RELATIVE REDUCTION OF F <= FACTR*EPSMCH,True
18.3,30,532.5416237757219,False,2,ABNORMAL: ,True
18.4,1,430.63506789313,True,0,CONVERGENCE: RELATIVE REDUCTION OF F <= FACTR*EPSMCH,True
18.4,2,431.8067280888349,True,0,CONVERGENCE: RELATIVE REDUCTION OF F <= FACTR*EPSMCH,True
18.4,3,568.5987969628318,False,2,ABNORMAL: ,True
18.4,4,432.770422514549,True,0,CONVERGENCE: RELATIVE REDUCTION OF F <= FACTR*EPSMCH,True
18.4,5,533.971157909493,True,0,CONVERGENCE: RELATIVE REDUCTION OF F <= FACTR*EPSMCH,True
18.4,6,537.0996104070784,False,2,ABNORMAL: ,True
18.4,7,548.2282713253131,False,2,ABNORMAL: ,True
18.4,8,614.8038388980722,False,2,ABNORMAL: ,True
18.4,9,435.08632767717813,True,0,CONVERGENCE: RELATIVE REDUCTION OF F <= FACTR*EPSMCH,True
18.4,10,533.4712777423864,True,0,CONVERGENCE: RELATIVE REDUCTION OF F <= FACTR*EPSMCH,True
18.4,11,492.8300683398188,False,2,ABNORMAL: ,True
18.4,12,535.056512912129,False,2,ABNORMAL: ,True
18.4,13,5566.958040552327,True,0,CONVERGENCE: RELATIVE REDUCTION OF F <= FACTR*EPSMCH,True
18.4,14,443.3558270386436,True,0,CONVERGENCE: RELATIVE REDUCTION OF F <= FACTR*EPSMCH,True
18.4,15,433.3508595168148,True,0,CONVERGENCE: RELATIVE REDUCTION OF F <= FACTR*EPSMCH,True
18.4,16,604.8801507882044,False,2,ABNORMAL: ,True
18.4,17,519.2672923397308,False,2,ABNORMAL: ,True
18.4,18,531.6152744981548,True,0,CONVERGENCE: RELATIVE REDUCTION OF F <= FACTR*EPSMCH,True
18.4,19,469.2693101255602,False,2,ABNORMAL: ,True
18.4,20,508.32674036962305,True,0,CONVERGENCE: RELATIVE REDUCTION OF F <= FACTR*EPSMCH,True
18.4,21,8889.95961857786,True,0,CONVERGENCE: RELATIVE REDUCTION OF F <= FACTR*EPSMCH,True
18.4,22,515.4362078198942,False,2,ABNORMAL: ,True
18.4,23,575.2231861225023,False,2,ABNORMAL: ,True
18.4,24,502.73666151561434,False,2,ABNORMAL: ,True
18.4,25,526.4521529580245,False,2,ABNORMAL: ,True
18.4,26,434.49119015498087,False,2,ABNORMAL: ,True
18.4,27,64877.13338518925,True,0,CONVERGENCE: RELATIVE REDUCTION OF F <= FACTR*EPSMCH,True
18.4,28,539.4191356854496,False,2,ABNORMAL: ,True
18.4,29,598.5356608823206,True,0,CONVERGENCE: RELATIVE REDUCTION OF F <= FACTR*EPSMCH,True
18.4,30,523.9678698262319,True,0,CONVERGENCE: RELATIVE REDUCTION OF F <= FACTR*EPSMCH,True
18.5,1,437.1132639104336,True,0,CONVERGENCE: RELATIVE REDUCTION OF F <= FACTR*EPSMCH,True
18.5,2,442.25104695528836,False,2,ABNORMAL: ,True
18.5,3,564.5224238388236,True,0,CONVERGENCE: RELATIVE REDUCTION OF F <= FACTR*EPSMCH,True
18.5,4,524.8592212748823,False,2,ABNORMAL: ,True
18.5,5,554.3217532446226,True,0,CONVERGENCE: RELATIVE REDUCTION OF F <= FACTR*EPSMCH,True
18.5,6,519.4747540427082,True,0,CONVERGENCE: RELATIVE REDUCTION OF F <= FACTR*EPSMCH,True
18.5,7,503.2107417899105,True,0,CONVERGENCE: RELATIVE REDUCTION OF F <= FACTR*EPSMCH,True
18.5,8,714.3539829244056,False,2,ABNORMAL: ,True
18.5,9,555.0393838072549,True,0,CONVERGENCE: RELATIVE REDUCTION OF F <= FACTR*EPSMCH,True
18.5,10,757.5470753800655,True,0,CONVERGENCE: RELATIVE REDUCTION OF F <= FACTR*EPSMCH,True
18.5,11,568.8402812958145,False,2,ABNORMAL: ,True
18.5,12,499.0486233920707,True,0,CONVERGENCE: RELATIVE REDUCTION OF F <= FACTR*EPSMCH,True
18.5,13,9161.579246341791,True,0,CONVERGENCE: RELATIVE REDUCTION OF F <= FACTR*EPSMCH,True
18.5,14,585.4921578132441,False,2,ABNORMAL: ,True
18.5,15,8019.456924524882,False,2,ABNORMAL: ,True
18.5,16,1675.6621564565773,False,2,ABNORMAL: ,True
18.5,17,539.8277324233472,False,2,ABNORMAL: ,True
18.5,18,872.5399311857119,True,0,CONVERGENCE: RELATIVE REDUCTION OF F <= FACTR*EPSMCH,True
18.5,19,541.4550106076907,False,2,ABNORMAL: ,True
18.5,20,477.2795410850142,True,0,CONVERGENCE: RELATIVE REDUCTION OF F <= FACTR*EPSMCH,True
18.5,21,1e+30,True,0,CONVERGENCE: NORM OF PROJECTED GRADIENT <= PGTOL,False
18.5,22,525.6366860470067,True,0,CONVERGENCE: RELATIVE REDUCTION OF F <= FACTR*EPSMCH,True
18.5,23,634.8339523012643,False,2,ABNORMAL: ,True
18.5,24,445.3132047389289,True,0,CONVERGENCE: RELATIVE REDUCTION OF F <= FACTR*EPSMCH,True
18.5,25,555.7826434054373,True,0,CONVERGENCE: RELATIVE REDUCTION OF F <= FACTR*EPSMCH,True
18.5,26,458.8311380181256,True,0,CONVERGENCE: RELATIVE REDUCTION OF F <= FACTR*EPSMCH,True
18.5,27,641.2282850834878,False,2,ABNORMAL: ,True
18.5,28,544.0606101059263,True,0,CONVERGENCE: RELATIVE REDUCTION OF F <= FACTR*EPSMCH,True
18.5,29,674.4895535835768,False,2,ABNORMAL: ,True
18.5,30,572.6419914531251,False,2,ABNORMAL: ,True
18.6,1,445.29541523284706,False,2,ABNORMAL: ,True
18.6,2,463.02398817954145,True,0,CONVERGENCE: RELATIVE REDUCTION OF F <= FACTR*EPSMCH,True
18.6,3,587.5310384271652,False,2,ABNORMAL: ,True
18.6,4,915.2944083339828,True,0,CONVERGENCE: RELATIVE REDUCTION OF F <= FACTR*EPSMCH,True
18.6,5,575.3243455792282,False,2,ABNORMAL: ,True
18.6,6,627.4667339244627,False,2,ABNORMAL: ,True
18.6,7,691.3027534267934,False,2,ABNORMAL: ,True
18.6,8,620.5977994180234,False,2,ABNORMAL: ,True
18.6,9,673.2454770659851,False,2,ABNORMAL: ,True
18.6,10,561.4253816685604,False,2,ABNORMAL: ,True
18.6,11,24826.553793209692,False,2,ABNORMAL: ,True
18.6,12,541.002926120722,False,2,ABNORMAL: ,True
18.6,13,560.8048601591112,False,2,ABNORMAL: ,True
18.6,14,612.8435787360304,False,2,ABNORMAL: ,True
18.6,15,551.4667606003708,False,2,ABNORMAL: ,True
18.6,16,590.8037993363006,True,0,CONVERGENCE: RELATIVE REDUCTION OF F <= FACTR*EPSMCH,True
18.6,17,621.928376271044,True,0,CONVERGENCE: RELATIVE REDUCTION OF F <= FACTR*EPSMCH,True
18.6,18,879167.7073996561,True,0,CONVERGENCE: NORM OF PROJECTED GRADIENT <= PGTOL,True
18.6,19,576.9940461146243,True,0,CONVERGENCE: RELATIVE REDUCTION OF F <= FACTR*EPSMCH,True
18.6,20,127541.74239101153,True,0,CONVERGENCE: RELATIVE REDUCTION OF F <= FACTR*EPSMCH,True
18.6,21,38902.75975406722,True,0,CONVERGENCE: RELATIVE REDUCTION OF F <= FACTR*EPSMCH,True
18.6,22,543.5350283128597,True,0,CONVERGENCE: RELATIVE REDUCTION OF F <= FACTR*EPSMCH,True
18.6,23,560.0902703370559,False,2,ABNORMAL: ,True
18.6,24,879167.7617245783,True,0,CONVERGENCE: NORM OF PROJECTED GRADIENT <= PGTOL,True
18.6,25,16803.41070018622,True,0,CONVERGENCE: RELATIVE REDUCTION OF F <= FACTR*EPSMCH,True
18.6,26,644.396748148298,False,2,ABNORMAL: ,True
18.6,27,578.4461543831864,False,2,ABNORMAL: ,True
18.6,28,586.5399545574427,False,2,ABNORMAL: ,True
18.6,29,603.4431959186201,False,2,ABNORMAL: ,True
18.6,30,552.306401875943,False,2,ABNORMAL: ,True
18.7,1,453.11263702323174,True,0,CONVERGENCE: RELATIVE REDUCTION OF F <= FACTR*EPSMCH,True
18.7,2,462.5178862610784,True,0,CONVERGENCE: RELATIVE REDUCTION OF F <= FACTR*EPSMCH,True
18.7,3,590.520710547815,False,2,ABNORMAL: ,True
18.7,4,536.0349409405873,False,2,ABNORMAL: ,True
18.7,5,9078.38793001422,True,0,CONVERGENCE: RELATIVE REDUCTION OF F <= FACTR*EPSMCH,True
18.7,6,524.581385193236,True,0,CONVERGENCE: RELATIVE REDUCTION OF F <= FACTR*EPSMCH,True
18.7,7,499.9499613196534,False,2,ABNORMAL: ,True
18.7,8,663.5499846498439,True,0,CONVERGENCE: RELATIVE REDUCTION OF F <= FACTR*EPSMCH,True
18.7,9,569.8270462329717,False,2,ABNORMAL: ,True
18.7,10,569.979464096183,True,0,CONVERGENCE: RELATIVE REDUCTION OF F <= FACTR*EPSMCH,True
18.7,11,516.3458415702132,True,0,CONVERGENCE: RELATIVE REDUCTION OF F <= FACTR*EPSMCH,True
18.7,12,588.9982568689957,False,2,ABNORMAL: ,True
18.7,13,598.1678609834089,False,2,ABNORMAL: ,True
18.7,14,589.7631098273273,True,0,CONVERGENCE: RELATIVE REDUCTION OF F <= FACTR*EPSMCH,True
18.7,15,458.68903238454203,False,2,ABNORMAL: ,True
18.7,16,512.808609707605,False,2,ABNORMAL: ,True
18.7,17,508.4573421138813,False,2,ABNORMAL: ,True
18.7,18,879166.8227676584,True,0,CONVERGENCE: RELATIVE REDUCTION OF F <= FACTR*EPSMCH,True
18.7,19,879167.7026618326,True,0,CONVERGENCE: NORM OF PROJECTED GRADIENT <= PGTOL,True
18.7,20,2815.9262958083436,True,0,CONVERGENCE: RELATIVE REDUCTION OF F <= FACTR*EPSMCH,True
18.7,21,879167.7039787975,True,0,CONVERGENCE: NORM OF PROJECTED GRADIENT <= PGTOL,True
18.7,22,569.0820444245629,False,2,ABNORMAL: ,True
18.7,23,513.8674632041719,False,2,ABNORMAL: ,True
18.7,24,634.5712189849314,False,2,ABNORMAL: ,True
18.7,25,477.5366927011743,True,0,CONVERGENCE: RELATIVE REDUCTION OF F <= FACTR*EPSMCH,True
18.7,26,26097.652392169057,False,2,ABNORMAL: ,True
18.7,27,638.9339842740602,False,2,ABNORMAL: ,True
18.7,28,582.877161260478,True,0,CONVERGENCE: RELATIVE REDUCTION OF F <= FACTR*EPSMCH,True
18.7,29,573.2002092092338,True,0,CONVERGENCE: RELATIVE REDUCTION OF F <= FACTR*EPSMCH,True
18.7,30,453.1589790963713,True,0,CONVERGENCE: RELATIVE REDUCTION OF F <= FACTR*EPSMCH,True
18.8,1,457.5960071625402,True,0,CONVERGENCE: RELATIVE REDUCTION OF F <= FACTR*EPSMCH,True
18.8,2,475.7817985766387,True,0,CONVERGENCE: RELATIVE REDUCTION OF F <= FACTR*EPSMCH,True
18.8,3,31863.897237552887,True,0,CONVERGENCE: RELATIVE REDUCTION OF F <= FACTR*EPSMCH,True
18.8,4,601.5670967581858,True,0,CONVERGENCE: RELATIVE REDUCTION OF F <= FACTR*EPSMCH,True
18.8,5,571.3529853098241,True,0,CONVERGENCE: RELATIVE REDUCTION OF F <= FACTR*EPSMCH,True
18.8,6,547.6174818501057,True,0,CONVERGENCE: RELATIVE REDUCTION OF F <= FACTR*EPSMCH,True
18.8,7,536.3607133543517,False,2,ABNORMAL: ,True
18.8,8,557.8634852971512,True,0,CONVERGENCE: RELATIVE REDUCTION OF F <= FACTR*EPSMCH,True
18.8,9,633.4054554453231,False,2,ABNORMAL: ,True
18.8,10,737.1631999467655,True,0,CONVERGENCE: RELATIVE REDUCTION OF F <= FACTR*EPSMCH,True
18.8,11,538.5726914717854,True,0,CONVERGENCE: RELATIVE REDUCTION OF F <= FACTR*EPSMCH,True
18.8,12,591.1172992826918,True,0,CONVERGENCE: RELATIVE REDUCTION OF F <= FACTR*EPSMCH,True
18.8,13,620.7592068975126,False,2,ABNORMAL: ,True
18.8,14,599.2543788445346,False,2,ABNORMAL: ,True
18.8,15,556.9087334701369,False,2,ABNORMAL: ,True
18.8,16,583.2488534133888,False,2,ABNORMAL: ,True
18.8,17,458.75028363979504,True,0,CONVERGENCE: RELATIVE REDUCTION OF F <= FACTR*EPSMCH,True
18.8,18,705.856446733305,True,0,CONVERGENCE: RELATIVE REDUCTION OF F <= FACTR*EPSMCH,True
18.8,19,97363.35119508771,True,0,CONVERGENCE: RELATIVE REDUCTION OF F <= FACTR*EPSMCH,True
18.8,20,11734.326367445268,True,0,CONVERGENCE: RELATIVE REDUCTION OF F <= FACTR*EPSMCH,True
18.8,21,879167.7039327526,True,0,CONVERGENCE: NORM OF PROJECTED GRADIENT <= PGTOL,True
18.8,22,498.7264349343753,True,0,CONVERGENCE: RELATIVE REDUCTION OF F <= FACTR*EPSMCH,True
18.8,23,459.05429073622565,True,0,CONVERGENCE: RELATIVE REDUCTION OF F <= FACTR*EPSMCH,True
18.8,24,28188.774251849733,False,2,ABNORMAL: ,True
18.8,25,514.989387017364,False,2,ABNORMAL: ,True
18.8,26,539.1193499242646,True,0,CONVERGENCE: RELATIVE REDUCTION OF F <= FACTR*EPSMCH,True
18.8,27,558.7405485158296,True,0,CONVERGENCE: RELATIVE REDUCTION OF F <= FACTR*EPSMCH,True
18.8,28,423597.8620924507,True,0,CONVERGENCE: RELATIVE REDUCTION OF F <= FACTR*EPSMCH,True
18.8,29,586.6646516370088,True,0,CONVERGENCE: RELATIVE REDUCTION OF F <= FACTR*EPSMCH,True
18.8,30,54469.41080961261,True,0,CONVERGENCE: RELATIVE REDUCTION OF F <= FACTR*EPSMCH,True
18.9,1,465.43322552846905,True,0,CONVERGENCE: RELATIVE REDUCTION OF F <= FACTR*EPSMCH,True
18.9,2,471.0539219459787,True,0,CONVERGENCE: RELATIVE REDUCTION OF F <= FACTR*EPSMCH,True
18.9,3,540.4429816065674,True,0,CONVERGENCE: RELATIVE REDUCTION OF F <= FACTR*EPSMCH,True
18.9,4,8813.02690015412,False,2,ABNORMAL: ,True
18.9,5,582.7558440383146,False,2,ABNORMAL: ,True
18.9,6,596.1195894710273,True,0,CONVERGENCE: RELATIVE REDUCTION OF F <= FACTR*EPSMCH,True
18.9,7,11352.998699671281,True,0,CONVERGENCE: RELATIVE REDUCTION OF F <= FACTR*EPSMCH,True
18.9,8,9285.362419834573,True,0,CONVERGENCE: RELATIVE REDUCTION OF F <= FACTR*EPSMCH,True
18.9,9,577.024928264323,False,2,ABNORMAL: ,True
18.9,10,490.11318799143777,True,0,CONVERGENCE: RELATIVE REDUCTION OF F <= FACTR*EPSMCH,True
18.9,11,578.2976285582995,True,0,CONVERGENCE: RELATIVE REDUCTION OF F <= FACTR*EPSMCH,True
18.9,12,573.4185555683425,False,2,ABNORMAL: ,True
18.9,13,555.7889505046452,False,2,ABNORMAL: ,True
18.9,14,577.3662219619451,True,0,CONVERGENCE: RELATIVE REDUCTION OF F <= FACTR*EPSMCH,True
18.9,15,607.9181457701293,False,2,ABNORMAL: ,True
18.9,16,578.4882583941273,False,2,ABNORMAL: ,True
18.9,17,601.0454552086052,False,2,ABNORMAL: ,True
18.9,18,566.5105058386463,False,2,ABNORMAL: ,True
18.9,19,590.3146598787891,True,0,CONVERGENCE: RELATIVE REDUCTION OF F <= FACTR*EPSMCH,True
18.9,20,581.5568966567206,True,0,CONVERGENCE: RELATIVE REDUCTION OF F <= FACTR*EPSMCH,True
18.9,21,502.520996545574,False,2,ABNORMAL: ,True
18.9,22,545.5594972452693,False,2,ABNORMAL: ,True
18.9,23,787.0071763166939,False,2,ABNORMAL: ,True
18.9,24,688.7412749891686,False,2,ABNORMAL: ,True
18.9,25,624.1869474181989,False,2,ABNORMAL: ,True
18.9,26,879167.7587342595,True,0,CONVERGENCE: RELATIVE REDUCTION OF F <= FACTR*EPSMCH,True
18.9,27,771.7813051362972,True,0,CONVERGENCE: RELATIVE REDUCTION OF F <= FACTR*EPSMCH,True
18.9,28,602.6307004679059,False,2,ABNORMAL: ,True
18.9,29,1e+30,True,0,CONVERGENCE: NORM OF PROJECTED GRADIENT <= PGTOL,False
18.9,30,86505.6180261038,True,0,CONVERGENCE: RELATIVE REDUCTION OF F <= FACTR*EPSMCH,True
19.0,1,472.20414335857345,True,0,CONVERGENCE: RELATIVE REDUCTION OF F <= FACTR*EPSMCH,True
19.0,2,477.7502697987753,True,0,CONVERGENCE: RELATIVE REDUCTION OF F <= FACTR*EPSMCH,True
19.0,3,574.0663313805479,True,0,CONVERGENCE: RELATIVE REDUCTION OF F <= FACTR*EPSMCH,True
19.0,4,555.0226590276226,False,2,ABNORMAL: ,True
19.0,5,598.4606861957558,False,2,ABNORMAL: ,True
19.0,6,883.4979294229769,True,0,CONVERGENCE: RELATIVE REDUCTION OF F <= FACTR*EPSMCH,True
19.0,7,565.4673670339565,False,2,ABNORMAL: ,True
19.0,8,9008.637555909752,False,2,ABNORMAL: ,True
19.0,9,599.9163195800995,False,2,ABNORMAL: ,True
19.0,10,574.1817970622271,False,2,ABNORMAL: ,True
19.0,11,593.2801622325176,False,2,ABNORMAL: ,True
19.0,12,625.9138734937337,True,0,CONVERGENCE: RELATIVE REDUCTION OF F <= FACTR*EPSMCH,True
19.0,13,9283.509745362931,True,0,CONVERGENCE: RELATIVE REDUCTION OF F <= FACTR*EPSMCH,True
19.0,14,601.1961822565737,False,2,ABNORMAL: ,True
19.0,15,508.4059093028985,False,2,ABNORMAL: ,True
19.0,16,587.4505506158221,False,2,ABNORMAL: ,True
19.0,17,575.5588372417225,True,0,CONVERGENCE: RELATIVE REDUCTION OF F <= FACTR*EPSMCH,True
19.0,18,562.0012104264543,False,2,ABNORMAL: ,True
19.0,19,497.17934192932654,True,0,CONVERGENCE: RELATIVE REDUCTION OF F <= FACTR*EPSMCH,True
19.0,20,523.8617869531405,True,0,CONVERGENCE: RELATIVE REDUCTION OF F <= FACTR*EPSMCH,True
19.0,21,879167.7692630558,True,0,CONVERGENCE: NORM OF PROJECTED GRADIENT <= PGTOL,True
19.0,22,608.7608917674654,False,2,ABNORMAL: ,True
19.0,23,595.3792333921219,False,2,ABNORMAL: ,True
19.0,24,515.5913946669672,False,2,ABNORMAL: ,True
19.0,25,587.6274120632463,True,0,CONVERGENCE: RELATIVE REDUCTION OF F <= FACTR*EPSMCH,True
19.0,26,574.3171304169502,False,2,ABNORMAL: ,True
19.0,27,155547.55875744793,True,0,CONVERGENCE: RELATIVE REDUCTION OF F <= FACTR*EPSMCH,True
19.0,28,621.935346631699,False,2,ABNORMAL: ,True
19.0,29,624.5285419605584,False,2,ABNORMAL: ,True
19.0,30,563.5089989034134,False,2,ABNORMAL: ,True
19.1,1,479.8618554867834,False,2,ABNORMAL: ,True
19.1,2,478.0443663991699,True,0,CONVERGENCE: RELATIVE REDUCTION OF F <= FACTR*EPSMCH,True
19.1,3,572.5788057047338,True,0,CONVERGENCE: RELATIVE REDUCTION OF F <= FACTR*EPSMCH,True
19.1,4,594.2112940976094,False,2,ABNORMAL: ,True
19.1,5,698.1587519005927,True,0,CONVERGENCE: RELATIVE REDUCTION OF F <= FACTR*EPSMCH,True
19.1,6,633.1765047882701,False,2,ABNORMAL: ,True
19.1,7,583.5796409948938,False,2,ABNORMAL: ,True
19.1,8,1112.4634625196636,False,2,ABNORMAL: ,True
19.1,9,584.2892697189708,False,2,ABNORMAL: ,True
19.1,10,699.9182777511912,False,2,ABNORMAL: ,True
19.1,11,730.2681485166539,True,0,CONVERGENCE: RELATIVE REDUCTION OF F <= FACTR*EPSMCH,True
19.1,12,751.6551040817727,False,2,ABNORMAL: ,True
19.1,13,779.2775505133412,False,2,ABNORMAL: ,True
19.1,14,566.93601729733,True,0,CONVERGENCE: RELATIVE REDUCTION OF F <= FACTR*EPSMCH,True
19.1,15,575.8267210902576,True,0,CONVERGENCE: RELATIVE REDUCTION OF F <= FACTR*EPSMCH,True
19.1,16,649.340871363138,False,2,ABNORMAL: ,True
19.1,17,576.9205227252942,True,0,CONVERGENCE: RELATIVE REDUCTION OF F <= FACTR*EPSMCH,True
19.1,18,487.8519872481935,True,0,CONVERGENCE: RELATIVE REDUCTION OF F <= FACTR*EPSMCH,True
19.1,19,512.8876433222445,True,0,CONVERGENCE: RELATIVE REDUCTION OF F <= FACTR*EPSMCH,True
19.1,20,879535.1013999287,True,0,CONVERGENCE: RELATIVE REDUCTION OF F <= FACTR*EPSMCH,True
19.1,21,577.7137376611563,False,2,ABNORMAL: ,True
19.1,22,544.6777341527553,True,0,CONVERGENCE: RELATIVE REDUCTION OF F <= FACTR*EPSMCH,True
19.1,23,512.425503461867,True,0,CONVERGENCE: RELATIVE REDUCTION OF F <= FACTR*EPSMCH,True
19.1,24,526.4425603094464,False,2,ABNORMAL: ,True
19.1,25,586.1678034422669,True,0,CONVERGENCE: RELATIVE REDUCTION OF F <= FACTR*EPSMCH,True
19.1,26,552.3353714829286,True,0,CONVERGENCE: RELATIVE REDUCTION OF F <= FACTR*EPSMCH,True
19.1,27,634495.6724683637,True,0,CONVERGENCE: RELATIVE REDUCTION OF F <= FACTR*EPSMCH,True
19.1,28,1e+30,True,0,CONVERGENCE: NORM OF PROJECTED GRADIENT <= PGTOL,False
19.1,29,562.472845454624,True,0,CONVERGENCE: RELATIVE REDUCTION OF F <= FACTR*EPSMCH,True
19.1,30,493.13481643574937,True,0,CONVERGENCE: RELATIVE REDUCTION OF F <= FACTR*EPSMCH,True
19.2,1,484.8297634237338,False,2,ABNORMAL: ,True
19.2,2,484.3993446585564,False,2,ABNORMAL: ,True
19.2,3,567.6075727862716,True,0,CONVERGENCE: RELATIVE REDUCTION OF F <= FACTR*EPSMCH,True
19.2,4,580.312578677953,False,2,ABNORMAL: ,True
19.2,5,11958.93089574599,False,2,ABNORMAL: ,True
19.2,6,484.5309842541393,True,0,CONVERGENCE: RELATIVE REDUCTION OF F <= FACTR*EPSMCH,True
19.2,7,622.0706075771735,True,0,CONVERGENCE: RELATIVE REDUCTION OF F <= FACTR*EPSMCH,True
19.2,8,609.4504674093864,False,2,ABNORMAL: ,True
19.2,9,858.0303528969007,True,0,CONVERGENCE: RELATIVE REDUCTION OF F <= FACTR*EPSMCH,True
19.2,10,9131.905339256762,True,0,CONVERGENCE: RELATIVE REDUCTION OF F <= FACTR*EPSMCH,True
19.2,11,739.9324044424508,True,0,CONVERGENCE: RELATIVE REDUCTION OF F <= FACTR*EPSMCH,True
19.2,12,626.8468014935347,True,0,CONVERGENCE: RELATIVE REDUCTION OF F <= FACTR*EPSMCH,True
19.2,13,8830.836582634049,False,2,ABNORMAL: ,True
19.2,14,695.4209849703622,False,2,ABNORMAL: ,True
19.2,15,548.8167819364528,True,0,CONVERGENCE: RELATIVE REDUCTION OF F <= FACTR*EPSMCH,True
19.2,16,657.307461114881,False,2,ABNORMAL: ,True
19.2,17,580.313674848622,False,2,ABNORMAL: ,True
19.2,18,595.8389447449183,False,2,ABNORMAL: ,True
19.2,19,630.5468468039162,False,2,ABNORMAL: ,True
19.2,20,31415.75039267676,True,0,CONVERGENCE: RELATIVE REDUCTION OF F <= FACTR*EPSMCH,True
19.2,21,653.0874570698076,True,0,CONVERGENCE: RELATIVE REDUCTION OF F <= FACTR*EPSMCH,True
19.2,22,588.986275860062,False,2,ABNORMAL: ,True
19.2,23,662.2283008973533,True,0,CONVERGENCE: RELATIVE REDUCTION OF F <= FACTR*EPSMCH,True
19.2,24,603.1206078176821,False,2,ABNORMAL: ,True
19.2,25,552.4640143323245,False,2,ABNORMAL: ,True
19.2,26,822159.4216302406,True,0,CONVERGENCE: RELATIVE REDUCTION OF F <= FACTR*EPSMCH,True
19.2,27,678.514197673154,False,2,ABNORMAL: ,True
19.2,28,584.3652550412,True,0,CONVERGENCE: RELATIVE REDUCTION OF F <= FACTR*EPSMCH,True
19.2,29,685.4807430898005,False,2,ABNORMAL: ,True
19.2,30,546.9895639263988,True,0,CONVERGENCE: RELATIVE REDUCTION OF F <= FACTR*EPSMCH,True
19.3,1,490.4131979977191,True,0,CONVERGENCE: RELATIVE REDUCTION OF F <= FACTR*EPSMCH,True
19.3,2,504.8828407276454,True,0,CONVERGENCE: RELATIVE REDUCTION OF F <= FACTR*EPSMCH,True
19.3,3,581.2209567710472,True,0,CONVERGENCE: RELATIVE REDUCTION OF F <= FACTR*EPSMCH,True
19.3,4,600.550352328373,False,2,ABNORMAL: ,True
19.3,5,639.078722460817,False,2,ABNORMAL: ,True
19.3,6,781.5324365747344,True,0,CONVERGENCE: RELATIVE REDUCTION OF F <= FACTR*EPSMCH,True
19.3,7,9229.325009999075,True,0,CONVERGENCE: RELATIVE REDUCTION OF F <= FACTR*EPSMCH,True
19.3,8,645.7674584121806,False,2,ABNORMAL: ,True
19.3,9,594.5576521857101,True,0,CONVERGENCE: RELATIVE REDUCTION OF F <= FACTR*EPSMCH,True
19.3,10,807.3151360756679,True,0,CONVERGENCE: RELATIVE REDUCTION OF F <= FACTR*EPSMCH,True
19.3,11,587.1992634126257,True,0,CONVERGENCE: RELATIVE REDUCTION OF F <= FACTR*EPSMCH,True
19.3,12,8806.920448569554,False,2,ABNORMAL: ,True
19.3,13,708.9836556118913,True,0,CONVERGENCE: RELATIVE REDUCTION OF F <= FACTR*EPSMCH,True
19.3,14,553.942495282812,False,2,ABNORMAL: ,True
19.3,15,564.9194117409185,True,0,CONVERGENCE: RELATIVE REDUCTION OF F <= FACTR*EPSMCH,True
19.3,16,501.00872049568045,True,0,CONVERGENCE: RELATIVE REDUCTION OF F <= FACTR*EPSMCH,True
19.3,17,669.8010406614857,False,2,ABNORMAL: ,True
19.3,18,577.1611628286573,True,0,CONVERGENCE: RELATIVE REDUCTION OF F <= FACTR*EPSMCH,True
19.3,19,626.9365593405851,False,2,ABNORMAL: ,True
19.3,20,69321.05054624398,True,0,CONVERGENCE: RELATIVE REDUCTION OF F <= FACTR*EPSMCH,True
19.3,21,634.3277610580507,False,2,ABNORMAL: ,True
19.3,22,712.637287450375,True,0,CONVERGENCE: RELATIVE REDUCTION OF F <= FACTR*EPSMCH,True
19.3,23,577.4989035131542,True,0,CONVERGENCE: RELATIVE REDUCTION OF F <= FACTR*EPSMCH,True
19.3,24,590.7956491783466,False,2,ABNORMAL: ,True
19.3,25,773.7072889466722,False,2,ABNORMAL: ,True
19.3,26,879167.703589026,True,0,CONVERGENCE: NORM OF PROJECTED GRADIENT <= PGTOL,True
19.3,27,625.0512614153455,True,0,CONVERGENCE: RELATIVE REDUCTION OF F <= FACTR*EPSMCH,True
19.3,28,629.6681812221033,False,2,ABNORMAL: ,True
19.3,29,555.7488858896206,False,2,ABNORMAL: ,True
19.3,30,589.1395605456528,False,2,ABNORMAL: ,True
19.4,1,495.8596235335277,True,0,CONVERGENCE: RELATIVE REDUCTION OF F <= FACTR*EPSMCH,True
19.4,2,504.6180092668218,False,2,ABNORMAL: ,True
19.4,3,599.5379447223478,False,2,ABNORMAL: ,True
19.4,4,794.3680096168929,False,2,ABNORMAL: ,True
19.4,5,647.5552977721587,False,2,ABNORMAL: ,True
19.4,6,627.8712156903762,False,2,ABNORMAL: ,True
19.4,7,621.6853994712023,False,2,ABNORMAL: ,True
19.4,8,593.8094929272063,False,2,ABNORMAL: ,True
19.4,9,711.5274223908101,False,2,ABNORMAL: ,True
19.4,10,588.1820232548429,True,0,CONVERGENCE: RELATIVE REDUCTION OF F <= FACTR*EPSMCH,True
19.4,11,571.8919947419148,True,0,CONVERGENCE: RELATIVE REDUCTION OF F <= FACTR*EPSMCH,True
19.4,12,707.9482555768238,False,2,ABNORMAL: ,True
19.4,13,572.8559459798344,False,2,ABNORMAL: ,True
19.4,14,586.4489754073498,False,2,ABNORMAL: ,True
19.4,15,702.9075786930562,False,2,ABNORMAL: ,True
19.4,16,580.505781140205,True,0,CONVERGENCE: RELATIVE REDUCTION OF F <= FACTR*EPSMCH,True
19.4,17,495.7531334695087,False,2,ABNORMAL: ,True
19.4,18,496.94208050419826,False,2,ABNORMAL: ,True
19.4,19,661.2937515451491,True,0,CONVERGENCE: RELATIVE REDUCTION OF F <= FACTR*EPSMCH,True
19.4,20,574.0978383171448,True,0,CONVERGENCE: RELATIVE REDUCTION OF F <= FACTR*EPSMCH,True
19.4,21,23072.53094085472,True,0,CONVERGENCE: RELATIVE REDUCTION OF F <= FACTR*EPSMCH,True
19.4,22,727.0389476750829,True,0,CONVERGENCE: RELATIVE REDUCTION OF F <= FACTR*EPSMCH,True
19.4,23,1e+30,True,0,CONVERGENCE: NORM OF PROJECTED GRADIENT <= PGTOL,False
19.4,24,586.073952772409,True,0,CONVERGENCE: RELATIVE REDUCTION OF F <= FACTR*EPSMCH,True
19.4,25,12197.84305825335,True,0,CONVERGENCE: RELATIVE REDUCTION OF F <= FACTR*EPSMCH,True
19.4,26,495.3042579659708,True,0,CONVERGENCE: RELATIVE REDUCTION OF F <= FACTR*EPSMCH,True
19.4,27,879535.1245948893,True,0,CONVERGENCE: RELATIVE REDUCTION OF F <= FACTR*EPSMCH,True
19.4,28,879167.703491668,True,0,CONVERGENCE: NORM OF PROJECTED GRADIENT <= PGTOL,True
19.4,29,9252.417371231199,True,0,CONVERGENCE: RELATIVE REDUCTION OF F <= FACTR*EPSMCH,True
19.4,30,733.4850680772818,True,0,CONVERGENCE: RELATIVE REDUCTION OF F <= FACTR*EPSMCH,True
19.5,1,501.98387981879057,True,0,CONVERGENCE: RELATIVE REDUCTION OF F <= FACTR*EPSMCH,True
19.5,2,528.2701030545979,False,2,ABNORMAL: ,True
19.5,3,936.8435996850573,True,0,CONVERGENCE: RELATIVE REDUCTION OF F <= FACTR*EPSMCH,True
19.5,4,607.3582279983655,False,2,ABNORMAL: ,True
19.5,5,595.0728488337209,True,0,CONVERGENCE: RELATIVE REDUCTION OF F <= FACTR*EPSMCH,True
19.5,6,603.6082145016469,False,2,ABNORMAL: ,True
19.5,7,8627.83069972449,False,2,ABNORMAL: ,True
19.5,8,624.1546325214784,False,2,ABNORMAL: ,True
19.5,9,597.2182094796517,True,0,CONVERGENCE: RELATIVE REDUCTION OF F <= FACTR*EPSMCH,True
19.5,10,640.8101751048067,True,0,CONVERGENCE: RELATIVE REDUCTION OF F <= FACTR*EPSMCH,True
19.5,11,578.1607825589691,False,2,ABNORMAL: ,True
19.5,12,597.7961951531961,False,2,ABNORMAL: ,True
19.5,13,717.4795982428012,True,0,CONVERGENCE: RELATIVE REDUCTION OF F <= FACTR*EPSMCH,True
19.5,14,577.2510781857573,True,0,CONVERGENCE: RELATIVE REDUCTION OF F <= FACTR*EPSMCH,True
19.5,15,585.9686670139686,True,0,CONVERGENCE: RELATIVE REDUCTION OF F <= FACTR*EPSMCH,True
19.5,16,566.0550438062882,True,0,CONVERGENCE: RELATIVE REDUCTION OF F <= FACTR*EPSMCH,True
19.5,17,912.9784351127964,True,0,CONVERGENCE: RELATIVE REDUCTION OF F <= FACTR*EPSMCH,True
19.5,18,879535.1228042566,True,0,CONVERGENCE: RELATIVE REDUCTION OF F <= FACTR*EPSMCH,True
19.5,19,609.3355831194722,False,2,ABNORMAL: ,True
19.5,20,879535.181038516,True,0,CONVERGENCE: RELATIVE REDUCTION OF F <= FACTR*EPSMCH,True
19.5,21,584.0325133854278,False,2,ABNORMAL: ,True
19.5,22,666.9623204873039,False,2,ABNORMAL: ,True
19.5,23,671.932430636552,False,2,ABNORMAL: ,True
19.5,24,879167.7036355902,True,0,CONVERGENCE: NORM OF PROJECTED GRADIENT <= PGTOL,True
19.5,25,1e+30,True,0,CONVERGENCE: NORM OF PROJECTED GRADIENT <= PGTOL,False
19.5,26,598.9627603153403,False,2,ABNORMAL: ,True
19.5,27,619.2788419678557,False,2,ABNORMAL: ,True
19.5,28,44452.18955246345,True,0,CONVERGENCE: RELATIVE REDUCTION OF F <= FACTR*EPSMCH,True
19.5,29,617.9523861484407,True,0,CONVERGENCE: RELATIVE REDUCTION OF F <= FACTR*EPSMCH,True
19.5,30,677.0692453227967,True,0,CONVERGENCE: RELATIVE REDUCTION OF F <= FACTR*EPSMCH,True
19.6,1,508.9852053922781,True,0,CONVERGENCE: RELATIVE REDUCTION OF F <= FACTR*EPSMCH,True
19.6,2,510.02889011170356,True,0,CONVERGENCE: RELATIVE REDUCTION OF F <= FACTR*EPSMCH,True
19.6,3,833.3145918347847,False,2,ABNORMAL: ,True
19.6,4,8984.82801239556,False,2,ABNORMAL: ,True
19.6,5,510.18227618254605,True,0,CONVERGENCE: RELATIVE REDUCTION OF F <= FACTR*EPSMCH,True
19.6,6,630.4516067513229,False,2,ABNORMAL: ,True
19.6,7,755.1318442398043,False,2,ABNORMAL: ,True
19.6,8,822.3989706324197,False,2,ABNORMAL: ,True
19.6,9,636.8923433510698,False,2,ABNORMAL: ,True
19.6,10,590.1581016530454,False,2,ABNORMAL: ,True
19.6,11,680.858160500498,False,2,ABNORMAL: ,True
19.6,12,619.550915077806,True,0,CONVERGENCE: RELATIVE REDUCTION OF F <= FACTR*EPSMCH,True
19.6,13,573.4492549687518,False,2,ABNORMAL: ,True
19.6,14,588.082337739044,False,2,ABNORMAL: ,True
19.6,15,710.5874798712825,False,2,ABNORMAL: ,True
19.6,16,735.2340074606691,True,0,CONVERGENCE: RELATIVE REDUCTION OF F <= FACTR*EPSMCH,True
19.6,17,738.7458593845862,True,0,CONVERGENCE: RELATIVE REDUCTION OF F <= FACTR*EPSMCH,True
19.6,18,773.8964281503402,False,2,ABNORMAL: ,True
19.6,19,1e+30,True,0,CONVERGENCE: NORM OF PROJECTED GRADIENT <= PGTOL,False
19.6,20,637.6108540626318,True,0,CONVERGENCE: RELATIVE REDUCTION OF F <= FACTR*EPSMCH,True
19.6,21,1e+30,True,0,CONVERGENCE: NORM OF PROJECTED GRADIENT <= PGTOL,False
19.6,22,609.4101179324526,True,0,CONVERGENCE: RELATIVE REDUCTION OF F <= FACTR*EPSMCH,True
19.6,23,582.6247218199255,True,0,CONVERGENCE: RELATIVE REDUCTION OF F <= FACTR*EPSMCH,True
19.6,24,707.8023794010343,True,0,CONVERGENCE: RELATIVE REDUCTION OF F <= FACTR*EPSMCH,True
19.6,25,595.3466647759499,False,2,ABNORMAL: ,True
19.6,26,539.5737446933616,True,0,CONVERGENCE: RELATIVE REDUCTION OF F <= FACTR*EPSMCH,True
19.6,27,460237.28206766787,True,0,CONVERGENCE: RELATIVE REDUCTION OF F <= FACTR*EPSMCH,True
19.6,28,736.0931054323639,False,2,ABNORMAL: ,True
19.6,29,561.8454046290311,False,2,ABNORMAL: ,True
19.6,30,633.1380646280976,False,2,ABNORMAL: ,True
19.7,1,516.5754725880864,True,0,CONVERGENCE: RELATIVE REDUCTION OF F <= FACTR*EPSMCH,True
19.7,2,547.575320864319,True,0,CONVERGENCE: RELATIVE REDUCTION OF F <= FACTR*EPSMCH,True
19.7,3,610.8474954723272,True,0,CONVERGENCE: RELATIVE REDUCTION OF F <= FACTR*EPSMCH,True
19.7,4,599.7037648279647,True,0,CONVERGENCE: RELATIVE REDUCTION OF F <= FACTR*EPSMCH,True
19.7,5,587.2642845401535,True,0,CONVERGENCE: RELATIVE REDUCTION OF F <= FACTR*EPSMCH,True
19.7,6,609.041214933622,True,0,CONVERGENCE: RELATIVE REDUCTION OF F <= FACTR*EPSMCH,True
19.7,7,591.1878215468455,False,2,ABNORMAL: ,True
19.7,8,597.2640550449554,False,2,ABNORMAL: ,True
19.7,9,627.5255295058085,False,2,ABNORMAL: ,True
19.7,10,590.5004302736756,False,2,ABNORMAL: ,True
19.7,11,578.6595523677912,True,0,CONVERGENCE: RELATIVE REDUCTION OF F <= FACTR*EPSMCH,True
19.7,12,9280.571948916857,False,2,ABNORMAL: ,True
19.7,13,612.6496745384111,True,0,CONVERGENCE: RELATIVE REDUCTION OF F <= FACTR*EPSMCH,True
19.7,14,516.0877667937738,True,0,CONVERGENCE: RELATIVE REDUCTION OF F <= FACTR*EPSMCH,True
19.7,15,918.1156904944148,True,0,CONVERGENCE: RELATIVE REDUCTION OF F <= FACTR*EPSMCH,True
19.7,16,740.4912358680605,False,2,ABNORMAL: ,True
19.7,17,611.5954033280314,False,2,ABNORMAL: ,True
19.7,18,587.3361009550749,True,0,CONVERGENCE: RELATIVE REDUCTION OF F <= FACTR*EPSMCH,True
19.7,19,32349.8128215143,True,0,CONVERGENCE: RELATIVE REDUCTION OF F <= FACTR*EPSMCH,True
19.7,20,590.0741919412294,True,0,CONVERGENCE: RELATIVE REDUCTION OF F <= FACTR*EPSMCH,True
19.7,21,613.2361568774023,False,2,ABNORMAL: ,True
19.7,22,879167.704195645,True,0,CONVERGENCE: RELATIVE REDUCTION OF F <= FACTR*EPSMCH,True
19.7,23,606.607327963868,True,0,CONVERGENCE: RELATIVE REDUCTION OF F <= FACTR*EPSMCH,True
19.7,24,879167.7020826329,True,0,CONVERGENCE: RELATIVE REDUCTION OF F <= FACTR*EPSMCH,True
19.7,25,550.1012443418574,True,0,CONVERGENCE: RELATIVE REDUCTION OF F <= FACTR*EPSMCH,True
19.7,26,621.2617338294984,True,0,CONVERGENCE: RELATIVE REDUCTION OF F <= FACTR*EPSMCH,True
19.7,27,879167.7033022866,True,0,CONVERGENCE: NORM OF PROJECTED GRADIENT <= PGTOL,True
19.7,28,718.9909827905549,False,2,ABNORMAL: ,True
19.7,29,674.7683205577486,True,0,CONVERGENCE: RELATIVE REDUCTION OF F <= FACTR*EPSMCH,True
19.7,30,79831.10111603075,True,0,CONVERGENCE: RELATIVE REDUCTION OF F <= FACTR*EPSMCH,True
19.8,1,523.2883774226266,True,0,CONVERGENCE: RELATIVE REDUCTION OF F <= FACTR*EPSMCH,True
19.8,2,549.8274731387886,False,2,ABNORMAL: ,True
19.8,3,683.5747839112762,False,2,ABNORMAL: ,True
19.8,4,753.1149864455507,True,0,CONVERGENCE: RELATIVE REDUCTION OF F <= FACTR*EPSMCH,True
19.8,5,618.9576343106766,False,2,ABNORMAL: ,True
19.8,6,595.7901559804088,False,2,ABNORMAL: ,True
19.8,7,608.4669698249942,False,2,ABNORMAL: ,True
19.8,8,593.2002955260136,False,2,ABNORMAL: ,True
19.8,9,594.1968550808273,True,0,CONVERGENCE: RELATIVE REDUCTION OF F <= FACTR*EPSMCH,True
19.8,10,671.1767002633197,False,2,ABNORMAL: ,True
19.8,11,758.9839224317346,True,0,CONVERGENCE: RELATIVE REDUCTION OF F <= FACTR*EPSMCH,True
19.8,12,657.4655441285336,True,0,CONVERGENCE: RELATIVE REDUCTION OF F <= FACTR*EPSMCH,True
19.8,13,658.5037861927138,False,2,ABNORMAL: ,True
19.8,14,918.1617803418602,True,0,CONVERGENCE: RELATIVE REDUCTION OF F <= FACTR*EPSMCH,True
19.8,15,583.6472127838666,False,2,ABNORMAL: ,True
19.8,16,614.0735713349368,False,2,ABNORMAL: ,True
19.8,17,644.3562273133447,True,0,CONVERGENCE: RELATIVE REDUCTION OF F <= FACTR*EPSMCH,True
19.8,18,552522.0951973737,True,0,CONVERGENCE: RELATIVE REDUCTION OF F <= FACTR*EPSMCH,True
19.8,19,1e+30,True,0,CONVERGENCE: NORM OF PROJECTED GRADIENT <= PGTOL,False
19.8,20,634.3551923973777,True,0,CONVERGENCE: RELATIVE REDUCTION OF F <= FACTR*EPSMCH,True
19.8,21,618.7161014736313,True,0,CONVERGENCE: RELATIVE REDUCTION OF F <= FACTR*EPSMCH,True
19.8,22,612.3914122280602,False,2,ABNORMAL: ,True
19.8,23,28439.255275847518,False,2,ABNORMAL: ,True
19.8,24,596.1124319408921,True,0,CONVERGENCE: RELATIVE REDUCTION OF F <= FACTR*EPSMCH,True
19.8,25,879167.7035373789,True,0,CONVERGENCE: NORM OF PROJECTED GRADIENT <= PGTOL,True
19.8,26,687.4811657987308,False,2,ABNORMAL: ,True
19.8,27,879167.7418037602,True,0,CONVERGENCE: RELATIVE REDUCTION OF F <= FACTR*EPSMCH,True
19.8,28,596.7854243696838,True,0,CONVERGENCE: RELATIVE REDUCTION OF F <= FACTR*EPSMCH,True
19.8,29,571.4163077311099,True,0,CONVERGENCE: RELATIVE REDUCTION OF F <= FACTR*EPSMCH,True
19.8,30,879167.7137265123,True,0,CONVERGENCE: NORM OF PROJECTED GRADIENT <= PGTOL,True
19.9,1,532.0717220109797,False,2,ABNORMAL: ,True
19.9,2,574.9503499983125,False,2,ABNORMAL: ,True
19.9,3,596.630621404548,False,2,ABNORMAL: ,True
19.9,4,583.8737677937899,True,0,CONVERGENCE: RELATIVE REDUCTION OF F <= FACTR*EPSMCH,True
19.9,5,754.1555026969927,False,2,ABNORMAL: ,True
19.9,6,709.1172966742008,False,2,ABNORMAL: ,True
19.9,7,632.3665986810507,False,2,ABNORMAL: ,True
19.9,8,615.3184043613247,False,2,ABNORMAL: ,True
19.9,9,718.3390101571638,True,0,CONVERGENCE: RELATIVE REDUCTION OF F <= FACTR*EPSMCH,True
19.9,10,752.4651938518895,False,2,ABNORMAL: ,True
19.9,11,681.7643351597998,False,2,ABNORMAL: ,True
19.9,12,589.2804820454795,True,0,CONVERGENCE: RELATIVE REDUCTION OF F <= FACTR*EPSMCH,True
19.9,13,592.699426553995,True,0,CONVERGENCE: RELATIVE REDUCTION OF F <= FACTR*EPSMCH,True
19.9,14,603.3175189446754,True,0,CONVERGENCE: RELATIVE REDUCTION OF F <= FACTR*EPSMCH,True
19.9,15,792.6901052742429,True,0,CONVERGENCE: RELATIVE REDUCTION OF F <= FACTR*EPSMCH,True
19.9,16,33710.868507208565,True,0,CONVERGENCE: RELATIVE REDUCTION OF F <= FACTR*EPSMCH,True
19.9,17,637.1376534459579,False,2,ABNORMAL: ,True
19.9,18,52269.41195730277,True,0,CONVERGENCE: RELATIVE REDUCTION OF F <= FACTR*EPSMCH,True
19.9,19,563.7525281182632,True,0,CONVERGENCE: RELATIVE REDUCTION OF F <= FACTR*EPSMCH,True
19.9,20,610.4766206233983,False,2,ABNORMAL: ,True
19.9,21,656.5917909493256,True,0,CONVERGENCE: RELATIVE REDUCTION OF F <= FACTR*EPSMCH,True
19.9,22,629.875422688718,True,0,CONVERGENCE: RELATIVE REDUCTION OF F <= FACTR*EPSMCH,True
19.9,23,326586.238088792,True,0,CONVERGENCE: RELATIVE REDUCTION OF F <= FACTR*EPSMCH,True
19.9,24,763439.8156240856,True,0,CONVERGENCE: RELATIVE REDUCTION OF F <= FACTR*EPSMCH,True
19.9,25,646.0673502467296,False,2,ABNORMAL: ,True
19.9,26,879167.7034150246,True,0,CONVERGENCE: NORM OF PROJECTED GRADIENT <= PGTOL,True
19.9,27,606.5040542465667,True,0,CONVERGENCE: RELATIVE REDUCTION OF F <= FACTR*EPSMCH,True
19.9,28,683.483816864254,False,2,ABNORMAL: ,True
19.9,29,603.1374990118795,True,0,CONVERGENCE: RELATIVE REDUCTION OF F <= FACTR*EPSMCH,True
19.9,30,706.3600519367105,False,2,ABNORMAL: ,True
20.0,1,538.4226994744739,True,0,CONVERGENCE: RELATIVE REDUCTION OF F <= FACTR*EPSMCH,True
20.0,2,571.6985768231576,True,0,CONVERGENCE: RELATIVE REDUCTION OF F <= FACTR*EPSMCH,True
20.0,3,626.7695450358868,True,0,CONVERGENCE: RELATIVE REDUCTION OF F <= FACTR*EPSMCH,True
20.0,4,752.2594930629178,True,0,CONVERGENCE: RELATIVE REDUCTION OF F <= FACTR*EPSMCH,True
20.0,5,672.7748635221153,False,2,ABNORMAL: ,True
20.0,6,686.6877096980393,False,2,ABNORMAL: ,True
20.0,7,585.0835183228137,True,0,CONVERGENCE: RELATIVE REDUCTION OF F <= FACTR*EPSMCH,True
20.0,8,605.7634377254917,False,2,ABNORMAL: ,True
20.0,9,621.9204837792641,False,2,ABNORMAL: ,True
20.0,10,660.7560923269433,True,0,CONVERGENCE: RELATIVE REDUCTION OF F <= FACTR*EPSMCH,True
20.0,11,622.5035034064273,False,2,ABNORMAL: ,True
20.0,12,587.5459240071046,False,2,ABNORMAL: ,True
20.0,13,696.678687106439,True,0,CONVERGENCE: RELATIVE REDUCTION OF F <= FACTR*EPSMCH,True
20.0,14,663.4412251452533,True,0,CONVERGENCE: RELATIVE REDUCTION OF F <= FACTR*EPSMCH,True
20.0,15,7781.934587428187,False,2,ABNORMAL: ,True
20.0,16,613.0718837202066,True,0,CONVERGENCE: RELATIVE REDUCTION OF F <= FACTR*EPSMCH,True
20.0,17,26232.446057277248,True,0,CONVERGENCE: RELATIVE REDUCTION OF F <= FACTR*EPSMCH,True
20.0,18,639.3699881433273,False,2,ABNORMAL: ,True
20.0,19,632.6886681720721,True,0,CONVERGENCE: RELATIVE REDUCTION OF F <= FACTR*EPSMCH,True
20.0,20,659.8391666831926,True,0,CONVERGENCE: RELATIVE REDUCTION OF F <= FACTR*EPSMCH,True
20.0,21,647.5862356937752,False,2,ABNORMAL: ,True
20.0,22,548.5176621019523,True,0,CONVERGENCE: RELATIVE REDUCTION OF F <= FACTR*EPSMCH,True
20.0,23,754.8931709179249,True,0,CONVERGENCE: RELATIVE REDUCTION OF F <= FACTR*EPSMCH,True
20.0,24,328448.865480089,True,0,CONVERGENCE: RELATIVE REDUCTION OF F <= FACTR*EPSMCH,True
20.0,25,603.4468450999555,False,2,ABNORMAL: ,True
20.0,26,879167.7646187013,True,0,CONVERGENCE: NORM OF PROJECTED GRADIENT <= PGTOL,True
20.0,27,579.8494099340343,True,0,CONVERGENCE: RELATIVE REDUCTION OF F <= FACTR*EPSMCH,True
20.0,28,680.8118572276646,True,0,CONVERGENCE: RELATIVE REDUCTION OF F <= FACTR*EPSMCH,True
20.0,29,645.2452423271155,True,0,CONVERGENCE: RELATIVE REDUCTION OF F <= FACTR*EPSMCH,True
20.0,30,879167.7344642803,True,0,CONVERGENCE: RELATIVE REDUCTION OF F <= FACTR*EPSMCH,True
