x1,start_index,success,status,message,n_iterations,n_function_evals,sse
14.0,1,True,0,CONVERGENCE: RELATIVE REDUCTION OF F <= FACTR*EPSMCH,1,39,12654.399141757327
14.0,2,True,0,CONVERGENCE: RELATIVE REDUCTION OF F <= FACTR*EPSMCH,301,5876,1023.2028183394684
14.0,3,True,0,CONVERGENCE: RELATIVE REDUCTION OF F <= FACTR*EPSMCH,1,39,8417.641566954362
14.0,4,True,0,CONVERGENCE: RELATIVE REDUCTION OF F <= FACTR*EPSMCH,13,325,8679.556549672354
14.0,5,True,0,CONVERGENCE: RELATIVE REDUCTION OF F <= FACTR*EPSMCH,61,1105,2093.472812290004
14.0,6,False,2,ABNORMAL: ,13,1573,9383.048797049238
14.0,7,True,0,CONVERGENCE: RELATIVE REDUCTION OF F <= FACTR*EPSMCH,13,247,6419.808375256962
14.0,8,True,0,CONVERGENCE: RELATIVE REDUCTION OF F <= FACTR*EPSMCH,92,2028,1869.1800791399507
14.0,9,True,0,CONVERGENCE: RELATIVE REDUCTION OF F <= FACTR*EPSMCH,11,611,8925.70514158181
14.0,10,True,0,CONVERGENCE: RELATIVE REDUCTION OF F <= FACTR*EPSMCH,31,1326,9226.891920609538
14.0,11,True,0,CONVERGENCE: RELATIVE REDUCTION OF F <= FACTR*EPSMCH,79,2847,9212.183859417997
14.0,12,True,0,CONVERGENCE: RELATIVE REDUCTION OF F <= FACTR*EPSMCH,22,390,8393.40312694216
14.0,13,True,0,CONVERGENCE: RELATIVE REDUCTION OF F <= FACTR*EPSMCH,21,416,6067.718386726482
14.0,14,True,0,CONVERGENCE: RELATIVE REDUCTION OF F <= FACTR*EPSMCH,171,4329,2038.3595244177097
14.0,15,True,0,CONVERGENCE: RELATIVE REDUCTION OF F <= FACTR*EPSMCH,37,845,9094.433300529292
14.0,16,True,0,CONVERGENCE: RELATIVE REDUCTION OF F <= FACTR*EPSMCH,182,3380,1418.372784130821
14.0,17,False,2,ABNORMAL: ,232,5317,1674.7765049756676
14.0,18,True,0,CONVERGENCE: RELATIVE REDUCTION OF F <= FACTR*EPSMCH,21,442,8971.836583977574
14.0,19,True,0,CONVERGENCE: RELATIVE REDUCTION OF F <= FACTR*EPSMCH,22,455,5185.281078122676
14.0,20,True,0,CONVERGENCE: RELATIVE REDUCTION OF F <= FACTR*EPSMCH,69,1508,2993.3216810071694
14.1,1,True,0,CONVERGENCE: RELATIVE REDUCTION OF F <= FACTR*EPSMCH,55,2171,9309.852263825422
14.1,2,True,0,CONVERGENCE: RELATIVE REDUCTION OF F <= FACTR*EPSMCH,14,260,8859.546468593828
14.1,3,True,0,CONVERGENCE: RELATIVE REDUCTION OF F <= FACTR*EPSMCH,20,403,8608.050050388267
14.1,4,True,0,CONVERGENCE: RELATIVE REDUCTION OF F <= FACTR*EPSMCH,1,39,9765.151005668477
14.1,5,True,0,CONVERGENCE: RELATIVE REDUCTION OF F <= FACTR*EPSMCH,1,39,11699.30956030331
14.1,6,True,0,CONVERGENCE: RELATIVE REDUCTION OF F <= FACTR*EPSMCH,1,39,11386.54828926602
14.1,7,True,0,CONVERGENCE: RELATIVE REDUCTION OF F <= FACTR*EPSMCH,1,39,11828.407820827288
14.1,8,True,0,CONVERGENCE: RELATIVE REDUCTION OF F <= FACTR*EPSMCH,65,1326,7592.805139140675
14.1,9,True,0,CONVERGENCE: RELATIVE REDUCTION OF F <= FACTR*EPSMCH,116,2834,2290.7270640449256
14.1,10,True,0,CONVERGENCE: RELATIVE REDUCTION OF F <= FACTR*EPSMCH,60,1807,9276.419258746002
14.1,11,True,0,CONVERGENCE: RELATIVE REDUCTION OF F <= FACTR*EPSMCH,284,5889,725.0295437605542
14.1,12,True,0,CONVERGENCE: RELATIVE REDUCTION OF F <= FACTR*EPSMCH,1,39,12221.517090296471
14.1,13,True,0,CONVERGENCE: RELATIVE REDUCTION OF F <= FACTR*EPSMCH,10,195,6718.346562453461
14.1,14,True,0,CONVERGENCE: RELATIVE REDUCTION OF F <= FACTR*EPSMCH,18,286,11315.14963870419
14.1,15,True,0,CONVERGENCE: RELATIVE REDUCTION OF F <= FACTR*EPSMCH,33,897,9113.278103865658
14.1,16,True,0,CONVERGENCE: RELATIVE REDUCTION OF F <= FACTR*EPSMCH,93,1716,1408.6891686353952
14.1,17,True,0,CONVERGENCE: RELATIVE REDUCTION OF F <= FACTR*EPSMCH,117,2483,2045.0051313011197
14.1,18,True,0,CONVERGENCE: RELATIVE REDUCTION OF F <= FACTR*EPSMCH,20,377,8947.82442712734
14.1,19,True,0,CONVERGENCE: RELATIVE REDUCTION OF F <= FACTR*EPSMCH,10,273,8706.129466837423
14.1,20,True,0,CONVERGENCE: RELATIVE REDUCTION OF F <= FACTR*EPSMCH,61,1339,3468.845136990984
14.2,1,True,0,CONVERGENCE: RELATIVE REDUCTION OF F <= FACTR*EPSMCH,1,39,13441.347838578682
14.2,2,True,0,CONVERGENCE: RELATIVE REDUCTION OF F <= FACTR*EPSMCH,190,3705,1120.617460834916
14.2,3,True,0,CONVERGENCE: RELATIVE REDUCTION OF F <= FACTR*EPSMCH,1,39,12513.233300434702
14.2,4,True,0,CONVERGENCE: RELATIVE REDUCTION OF F <= FACTR*EPSMCH,1,39,7703.123037858576
14.2,5,True,0,CONVERGENCE: RELATIVE REDUCTION OF F <= FACTR*EPSMCH,40,728,7333.750616074824
14.2,6,True,0,CONVERGENCE: RELATIVE REDUCTION OF F <= FACTR*EPSMCH,368,6838,1234.189298173258
14.2,7,True,0,CONVERGENCE: RELATIVE REDUCTION OF F <= FACTR*EPSMCH,1,39,14992.533621139542
14.2,8,True,0,CONVERGENCE: RELATIVE REDUCTION OF F <= FACTR*EPSMCH,1,39,11760.491988753327
14.2,9,True,0,CONVERGENCE: RELATIVE REDUCTION OF F <= FACTR*EPSMCH,1,39,14979.721834992937
14.2,10,True,0,CONVERGENCE: RELATIVE REDUCTION OF F <= FACTR*EPSMCH,1,39,17901.553005786383
14.2,11,True,0,CONVERGENCE: RELATIVE REDUCTION OF F <= FACTR*EPSMCH,1,39,10550.110830094369
14.2,12,True,0,CONVERGENCE: RELATIVE REDUCTION OF F <= FACTR*EPSMCH,1,39,23880.284434135247
14.2,13,True,0,CONVERGENCE: RELATIVE REDUCTION OF F <= FACTR*EPSMCH,1,39,9843.252839807095
14.2,14,True,0,CONVERGENCE: RELATIVE REDUCTION OF F <= FACTR*EPSMCH,1,39,11083.04525479892
14.2,15,True,0,CONVERGENCE: RELATIVE REDUCTION OF F <= FACTR*EPSMCH,31,624,8640.646299547141
14.2,16,True,0,CONVERGENCE: RELATIVE REDUCTION OF F <= FACTR*EPSMCH,19,416,5204.923094003016
14.2,17,True,0,CONVERGENCE: RELATIVE REDUCTION OF F <= FACTR*EPSMCH,1,39,16098.063051934989
14.2,18,True,0,CONVERGENCE: RELATIVE REDUCTION OF F <= FACTR*EPSMCH,52,1079,3477.223414282127
14.2,19,True,0,CONVERGENCE: RELATIVE REDUCTION OF F <= FACTR*EPSMCH,1,39,9799.062638614689
14.2,20,True,0,CONVERGENCE: RELATIVE REDUCTION OF F <= FACTR*EPSMCH,1,39,12015.590223713874
14.299999999999999,1,True,0,CONVERGENCE: RELATIVE REDUCTION OF F <= FACTR*EPSMCH,21,390,8863.005365498982
14.299999999999999,2,True,0,CONVERGENCE: RELATIVE REDUCTION OF F <= FACTR*EPSMCH,24,442,5524.961855723584
14.299999999999999,3,True,0,CONVERGENCE: RELATIVE REDUCTION OF F <= FACTR*EPSMCH,298,6721,1447.2209676199777
14.299999999999999,4,True,0,CONVERGENCE: RELATIVE REDUCTION OF F <= FACTR*EPSMCH,1,39,9708.763304517643
14.299999999999999,5,True,0,CONVERGENCE: RELATIVE REDUCTION OF F <= FACTR*EPSMCH,1,39,10235.045702633885
14.299999999999999,6,True,0,CONVERGENCE: RELATIVE REDUCTION OF F <= FACTR*EPSMCH,15,325,9061.628309829386
14.299999999999999,7,True,0,CONVERGENCE: RELATIVE REDUCTION OF F <= FACTR*EPSMCH,9,234,4906.262325840621
14.299999999999999,8,True,0,CONVERGENCE: RELATIVE REDUCTION OF F <= FACTR*EPSMCH,1,39,9924.254301842991
14.299999999999999,9,True,0,CONVERGENCE: RELATIVE REDUCTION OF F <= FACTR*EPSMCH,99,2470,1381.3837711081887
14.299999999999999,10,True,0,CONVERGENCE: RELATIVE REDUCTION OF F <= FACTR*EPSMCH,1,39,25933.43423922304
14.299999999999999,11,False,2,ABNORMAL: ,9,1443,9152.593033550913
14.299999999999999,12,True,0,CONVERGENCE: RELATIVE REDUCTION OF F <= FACTR*EPSMCH,1,39,13632.324623814551
14.299999999999999,13,True,0,CONVERGENCE: RELATIVE REDUCTION OF F <= FACTR*EPSMCH,1,39,11993.615504663725
14.299999999999999,14,True,0,CONVERGENCE: RELATIVE REDUCTION OF F <= FACTR*EPSMCH,24,1638,9374.200565222935
14.299999999999999,15,True,0,CONVERGENCE: RELATIVE REDUCTION OF F <= FACTR*EPSMCH,1,39,8474.58864547869
14.299999999999999,16,True,0,CONVERGENCE: RELATIVE REDUCTION OF F <= FACTR*EPSMCH,1,39,10810.043806096981
14.299999999999999,17,True,0,CONVERGENCE: RELATIVE REDUCTION OF F <= FACTR*EPSMCH,1,39,28648.0213071796
14.299999999999999,18,True,0,CONVERGENCE: RELATIVE REDUCTION OF F <= FACTR*EPSMCH,14,845,11731.626194547884
14.299999999999999,19,True,0,CONVERGENCE: RELATIVE REDUCTION OF F <= FACTR*EPSMCH,1,39,16409.062484281527
14.299999999999999,20,True,0,CONVERGENCE: RELATIVE REDUCTION OF F <= FACTR*EPSMCH,1,39,18993.014863915556
14.399999999999999,1,True,0,CONVERGENCE: RELATIVE REDUCTION OF F <= FACTR*EPSMCH,1,39,13289.227977218587
14.399999999999999,2,True,0,CONVERGENCE: RELATIVE REDUCTION OF F <= FACTR*EPSMCH,1,39,13781.089363001658
14.399999999999999,3,True,0,CONVERGENCE: RELATIVE REDUCTION OF F <= FACTR*EPSMCH,1,39,13833.677492289227
14.399999999999999,4,True,0,CONVERGENCE: RELATIVE REDUCTION OF F <= FACTR*EPSMCH,69,1196,1547.933653447812
14.399999999999999,5,True,0,CONVERGENCE: RELATIVE REDUCTION OF F <= FACTR*EPSMCH,1,39,10317.304630179578
14.399999999999999,6,True,0,CONVERGENCE: RELATIVE REDUCTION OF F <= FACTR*EPSMCH,1,39,12603.95078586249
14.399999999999999,7,True,0,CONVERGENCE: RELATIVE REDUCTION OF F <= FACTR*EPSMCH,1,39,12815.961097056592
14.399999999999999,8,True,0,CONVERGENCE: RELATIVE REDUCTION OF F <= FACTR*EPSMCH,78,1404,3517.8467593113182
14.399999999999999,9,True,0,CONVERGENCE: RELATIVE REDUCTION OF F <= FACTR*EPSMCH,1,39,5405.533676430086
14.399999999999999,10,True,0,CONVERGENCE: RELATIVE REDUCTION OF F <= FACTR*EPSMCH,1,39,11985.895225279728
14.399999999999999,11,True,0,CONVERGENCE: RELATIVE REDUCTION OF F <= FACTR*EPSMCH,31,494,8406.86800726489
14.399999999999999,12,True,0,CONVERGENCE: RELATIVE REDUCTION OF F <= FACTR*EPSMCH,150,2743,1425.408580897823
14.399999999999999,13,True,0,CONVERGENCE: RELATIVE REDUCTION OF F <= FACTR*EPSMCH,22,390,4971.437549187769
14.399999999999999,14,True,0,CONVERGENCE: RELATIVE REDUCTION OF F <= FACTR*EPSMCH,4,91,9456.056331681584
14.399999999999999,15,True,0,CONVERGENCE: RELATIVE REDUCTION OF F <= FACTR*EPSMCH,34,637,2404.3907152766556
14.399999999999999,16,True,0,CONVERGENCE: RELATIVE REDUCTION OF F <= FACTR*EPSMCH,41,1235,9320.094775905169
14.399999999999999,17,True,0,CONVERGENCE: RELATIVE REDUCTION OF F <= FACTR*EPSMCH,29,637,2288.998255285781
14.399999999999999,18,True,0,CONVERGENCE: RELATIVE REDUCTION OF F <= FACTR*EPSMCH,1,39,14929.914656412022
14.399999999999999,19,True,0,CONVERGENCE: RELATIVE REDUCTION OF F <= FACTR*EPSMCH,1,39,12786.621688069667
14.399999999999999,20,True,0,CONVERGENCE: RELATIVE REDUCTION OF F <= FACTR*EPSMCH,48,1014,2275.5753047019116
14.499999999999998,1,True,0,CONVERGENCE: RELATIVE REDUCTION OF F <= FACTR*EPSMCH,1,39,12385.852086147344
14.499999999999998,2,True,0,CONVERGENCE: RELATIVE REDUCTION OF F <= FACTR*EPSMCH,1,39,9399.217926303605
14.499999999999998,3,True,0,CONVERGENCE: RELATIVE REDUCTION OF F <= FACTR*EPSMCH,93,1755,1393.1812601291745
14.499999999999998,4,True,0,CONVERGENCE: RELATIVE REDUCTION OF F <= FACTR*EPSMCH,1,39,8962.388879303207
14.499999999999998,5,True,0,CONVERGENCE: RELATIVE REDUCTION OF F <= FACTR*EPSMCH,145,2990,2490.7398777812264
14.499999999999998,6,True,0,CONVERGENCE: RELATIVE REDUCTION OF F <= FACTR*EPSMCH,53,1417,9320.53642909626
14.499999999999998,7,True,0,CONVERGENCE: RELATIVE REDUCTION OF F <= FACTR*EPSMCH,22,416,5412.430310623783
14.499999999999998,8,True,0,CONVERGENCE: RELATIVE REDUCTION OF F <= FACTR*EPSMCH,1,39,13299.205123834992
14.499999999999998,9,True,0,CONVERGENCE: RELATIVE REDUCTION OF F <= FACTR*EPSMCH,25,585,7742.992602529653
14.499999999999998,10,True,0,CONVERGENCE: RELATIVE REDUCTION OF F <= FACTR*EPSMCH,1,39,12684.871321087126
14.499999999999998,11,True,0,CONVERGENCE: RELATIVE REDUCTION OF F <= FACTR*EPSMCH,1,39,14076.235741620972
14.499999999999998,12,True,0,CONVERGENCE: RELATIVE REDUCTION OF F <= FACTR*EPSMCH,1,39,12895.569049081401
14.499999999999998,13,True,0,CONVERGENCE: RELATIVE REDUCTION OF F <= FACTR*EPSMCH,15,273,6552.596363154799
14.499999999999998,14,True,0,CONVERGENCE: RELATIVE REDUCTION OF F <= FACTR*EPSMCH,16,273,8389.257703999294
14.499999999999998,15,True,0,CONVERGENCE: RELATIVE REDUCTION OF F <= FACTR*EPSMCH,1,39,18907.030489979577
14.499999999999998,16,True,0,CONVERGENCE: RELATIVE REDUCTION OF F <= FACTR*EPSMCH,1,39,7930.575233240435
14.499999999999998,17,True,0,CONVERGENCE: RELATIVE REDUCTION OF F <= FACTR*EPSMCH,1,39,13626.862267804734
14.499999999999998,18,True,0,CONVERGENCE: RELATIVE REDUCTION OF F <= FACTR*EPSMCH,1,39,16710.052042448806
14.499999999999998,19,True,0,CONVERGENCE: RELATIVE REDUCTION OF F <= FACTR*EPSMCH,1,39,21553.07248289754
14.499999999999998,20,True,0,CONVERGENCE: RELATIVE REDUCTION OF F <= FACTR*EPSMCH,1,39,10207.96651880386
14.599999999999998,1,True,0,CONVERGENCE: RELATIVE REDUCTION OF F <= FACTR*EPSMCH,1,39,10721.449446953591
14.599999999999998,2,True,0,CONVERGENCE: RELATIVE REDUCTION OF F <= FACTR*EPSMCH,33,676,3982.404453043462
14.599999999999998,3,True,0,CONVERGENCE: RELATIVE REDUCTION OF F <= FACTR*EPSMCH,34,598,8419.885530782312
14.599999999999998,4,True,0,CONVERGENCE: RELATIVE REDUCTION OF F <= FACTR*EPSMCH,1,39,13768.93779886627
14.599999999999998,5,True,0,CONVERGENCE: RELATIVE REDUCTION OF F <= FACTR*EPSMCH,74,2210,1311.7213137577523
14.599999999999998,6,True,0,CONVERGENCE: RELATIVE REDUCTION OF F <= FACTR*EPSMCH,1,39,9467.670067271694
14.599999999999998,7,True,0,CONVERGENCE: RELATIVE REDUCTION OF F <= FACTR*EPSMCH,1,39,10480.946816259655
14.599999999999998,8,True,0,CONVERGENCE: RELATIVE REDUCTION OF F <= FACTR*EPSMCH,1,39,9785.233380956684
14.599999999999998,9,True,0,CONVERGENCE: RELATIVE REDUCTION OF F <= FACTR*EPSMCH,1,39,13227.587428107887
14.599999999999998,10,True,0,CONVERGENCE: RELATIVE REDUCTION OF F <= FACTR*EPSMCH,66,1066,2104.868870454433
14.599999999999998,11,True,0,CONVERGENCE: RELATIVE REDUCTION OF F <= FACTR*EPSMCH,251,4628,1407.9318475590426
14.599999999999998,12,True,0,CONVERGENCE: RELATIVE REDUCTION OF F <= FACTR*EPSMCH,1,39,12061.336042068591
14.599999999999998,13,True,0,CONVERGENCE: RELATIVE REDUCTION OF F <= FACTR*EPSMCH,1,39,10189.023198173829
14.599999999999998,14,True,0,CONVERGENCE: RELATIVE REDUCTION OF F <= FACTR*EPSMCH,17,351,8591.286595750626
14.599999999999998,15,True,0,CONVERGENCE: RELATIVE REDUCTION OF F <= FACTR*EPSMCH,1,39,14619.371923035136
14.599999999999998,16,True,0,CONVERGENCE: RELATIVE REDUCTION OF F <= FACTR*EPSMCH,100,1989,2079.8303947952263
14.599999999999998,17,True,0,CONVERGENCE: RELATIVE REDUCTION OF F <= FACTR*EPSMCH,54,975,6574.878470061006
14.599999999999998,18,True,0,CONVERGENCE: RELATIVE REDUCTION OF F <= FACTR*EPSMCH,1,39,9516.039143067226
14.599999999999998,19,True,0,CONVERGENCE: RELATIVE REDUCTION OF F <= FACTR*EPSMCH,220,5031,1435.9003173321944
14.599999999999998,20,True,0,CONVERGENCE: RELATIVE REDUCTION OF F <= FACTR*EPSMCH,615,11362,688.9180101977273
14.699999999999998,1,True,0,CONVERGENCE: RELATIVE REDUCTION OF F <= FACTR*EPSMCH,81,1417,2749.8131266041287
14.699999999999998,2,True,0,CONVERGENCE: RELATIVE REDUCTION OF F <= FACTR*EPSMCH,51,1274,3631.952984420952
14.699999999999998,3,True,0,CONVERGENCE: RELATIVE REDUCTION OF F <= FACTR*EPSMCH,1,39,12528.901580126912
14.699999999999998,4,True,0,CONVERGENCE: RELATIVE REDUCTION OF F <= FACTR*EPSMCH,1,39,13760.356128767764
14.699999999999998,5,True,0,CONVERGENCE: RELATIVE REDUCTION OF F <= FACTR*EPSMCH,1,39,10828.263770621694
14.699999999999998,6,True,0,CONVERGENCE: RELATIVE REDUCTION OF F <= FACTR*EPSMCH,115,2392,2127.973685450837
14.699999999999998,7,True,0,CONVERGENCE: RELATIVE REDUCTION OF F <= FACTR*EPSMCH,1,39,11048.430868392581
14.699999999999998,8,True,0,CONVERGENCE: RELATIVE REDUCTION OF F <= FACTR*EPSMCH,134,2522,1512.0670159817205
14.699999999999998,9,True,0,CONVERGENCE: RELATIVE REDUCTION OF F <= FACTR*EPSMCH,290,5317,691.0851275663581
14.699999999999998,10,True,0,CONVERGENCE: RELATIVE REDUCTION OF F <= FACTR*EPSMCH,31,676,8128.72768505177
14.699999999999998,11,True,0,CONVERGENCE: RELATIVE REDUCTION OF F <= FACTR*EPSMCH,1,39,11757.899694625983
14.699999999999998,12,True,0,CONVERGENCE: RELATIVE REDUCTION OF F <= FACTR*EPSMCH,1,39,17215.48362479298
14.699999999999998,13,True,0,CONVERGENCE: RELATIVE REDUCTION OF F <= FACTR*EPSMCH,1,39,14909.198409662231
14.699999999999998,14,True,0,CONVERGENCE: RELATIVE REDUCTION OF F <= FACTR*EPSMCH,1,39,5457.8751871304385
14.699999999999998,15,True,0,CONVERGENCE: RELATIVE REDUCTION OF F <= FACTR*EPSMCH,17,286,9002.0641667278
14.699999999999998,16,True,0,CONVERGENCE: RELATIVE REDUCTION OF F <= FACTR*EPSMCH,17,286,8826.971727007636
14.699999999999998,17,True,0,CONVERGENCE: RELATIVE REDUCTION OF F <= FACTR*EPSMCH,162,3107,1419.6535448218217
14.699999999999998,18,True,0,CONVERGENCE: RELATIVE REDUCTION OF F <= FACTR*EPSMCH,1,39,14188.572996073197
14.699999999999998,19,True,0,CONVERGENCE: RELATIVE REDUCTION OF F <= FACTR*EPSMCH,175,3224,1838.156482965578
14.699999999999998,20,True,0,CONVERGENCE: RELATIVE REDUCTION OF F <= FACTR*EPSMCH,113,1924,1276.4144209483907
14.799999999999997,1,True,0,CONVERGENCE: RELATIVE REDUCTION OF F <= FACTR*EPSMCH,1,39,12654.797475849999
14.799999999999997,2,True,0,CONVERGENCE: RELATIVE REDUCTION OF F <= FACTR*EPSMCH,1,39,8449.721974576296
14.799999999999997,3,True,0,CONVERGENCE: RELATIVE REDUCTION OF F <= FACTR*EPSMCH,27,533,9351.343034000181
14.799999999999997,4,True,0,CONVERGENCE: RELATIVE REDUCTION OF F <= FACTR*EPSMCH,18,325,8099.778703950757
14.799999999999997,5,True,0,CONVERGENCE: RELATIVE REDUCTION OF F <= FACTR*EPSMCH,168,4524,1824.1200606520579
14.799999999999997,6,True,0,CONVERGENCE: RELATIVE REDUCTION OF F <= FACTR*EPSMCH,53,949,2574.1124966311145
14.799999999999997,7,True,0,CONVERGENCE: RELATIVE REDUCTION OF F <= FACTR*EPSMCH,145,2548,1957.4720998735804
14.799999999999997,8,True,0,CONVERGENCE: RELATIVE REDUCTION OF F <= FACTR*EPSMCH,76,2431,2249.1276512535
14.799999999999997,9,True,0,CONVERGENCE: RELATIVE REDUCTION OF F <= FACTR*EPSMCH,1,39,13049.118067376387
14.799999999999997,10,True,0,CONVERGENCE: RELATIVE REDUCTION OF F <= FACTR*EPSMCH,127,3393,2078.377912140379
14.799999999999997,11,True,0,CONVERGENCE: RELATIVE REDUCTION OF F <= FACTR*EPSMCH,26,455,2092.2382207224828
14.799999999999997,12,True,0,CONVERGENCE: RELATIVE REDUCTION OF F <= FACTR*EPSMCH,1,39,12178.595746421852
14.799999999999997,13,True,0,CONVERGENCE: RELATIVE REDUCTION OF F <= FACTR*EPSMCH,1,39,13259.729624150936
14.799999999999997,14,True,0,CONVERGENCE: RELATIVE REDUCTION OF F <= FACTR*EPSMCH,1,39,12819.592149506227
14.799999999999997,15,True,0,CONVERGENCE: RELATIVE REDUCTION OF F <= FACTR*EPSMCH,26,533,8541.06764525893
14.799999999999997,16,True,0,CONVERGENCE: RELATIVE REDUCTION OF F <= FACTR*EPSMCH,167,4134,2725.6243034032404
14.799999999999997,17,True,0,CONVERGENCE: RELATIVE REDUCTION OF F <= FACTR*EPSMCH,1,39,10704.9646086508
14.799999999999997,18,True,0,CONVERGENCE: RELATIVE REDUCTION OF F <= FACTR*EPSMCH,1,39,13776.580266618546
14.799999999999997,19,True,0,CONVERGENCE: RELATIVE REDUCTION OF F <= FACTR*EPSMCH,28,533,5886.407113419085
14.799999999999997,20,True,0,CONVERGENCE: RELATIVE REDUCTION OF F <= FACTR*EPSMCH,1,39,12064.12363989979
14.899999999999997,1,True,0,CONVERGENCE: RELATIVE REDUCTION OF F <= FACTR*EPSMCH,1,39,12001.312446548924
14.899999999999997,2,True,0,CONVERGENCE: RELATIVE REDUCTION OF F <= FACTR*EPSMCH,1,39,12201.73321453294
14.899999999999997,3,True,0,CONVERGENCE: RELATIVE REDUCTION OF F <= FACTR*EPSMCH,1,39,12632.092780931096
14.899999999999997,4,True,0,CONVERGENCE: RELATIVE REDUCTION OF F <= FACTR*EPSMCH,98,2483,2856.1921982394833
14.899999999999997,5,True,0,CONVERGENCE: RELATIVE REDUCTION OF F <= FACTR*EPSMCH,13,273,8841.05473207355
14.899999999999997,6,True,0,CONVERGENCE: RELATIVE REDUCTION OF F <= FACTR*EPSMCH,1,39,12842.15492921307
14.899999999999997,7,True,0,CONVERGENCE: RELATIVE REDUCTION OF F <= FACTR*EPSMCH,1,39,12316.651482578134
14.899999999999997,8,True,0,CONVERGENCE: RELATIVE REDUCTION OF F <= FACTR*EPSMCH,1,39,8004.979006556525
14.899999999999997,9,True,0,CONVERGENCE: RELATIVE REDUCTION OF F <= FACTR*EPSMCH,36,715,1846.2125122704153
14.899999999999997,10,True,0,CONVERGENCE: RELATIVE REDUCTION OF F <= FACTR*EPSMCH,1,39,10775.303901656882
14.899999999999997,11,True,0,CONVERGENCE: RELATIVE REDUCTION OF F <= FACTR*EPSMCH,1,39,9512.18540083664
14.899999999999997,12,True,0,CONVERGENCE: RELATIVE REDUCTION OF F <= FACTR*EPSMCH,103,2964,2570.1901208893714
14.899999999999997,13,True,0,CONVERGENCE: RELATIVE REDUCTION OF F <= FACTR*EPSMCH,12,286,8936.82369014449
14.899999999999997,14,True,0,CONVERGENCE: RELATIVE REDUCTION OF F <= FACTR*EPSMCH,1,39,13921.069422675695
14.899999999999997,15,True,0,CONVERGENCE: RELATIVE REDUCTION OF F <= FACTR*EPSMCH,112,1950,1511.4588467801468
14.899999999999997,16,True,0,CONVERGENCE: RELATIVE REDUCTION OF F <= FACTR*EPSMCH,1,39,8903.601660257957
14.899999999999997,17,True,0,CONVERGENCE: RELATIVE REDUCTION OF F <= FACTR*EPSMCH,1,39,13474.625013206894
14.899999999999997,18,True,0,CONVERGENCE: RELATIVE REDUCTION OF F <= FACTR*EPSMCH,35,663,7606.724486315688
14.899999999999997,19,True,0,CONVERGENCE: RELATIVE REDUCTION OF F <= FACTR*EPSMCH,83,1508,3206.9411368918227
14.899999999999997,20,True,0,CONVERGENCE: RELATIVE REDUCTION OF F <= FACTR*EPSMCH,1,39,12267.864657131204
14.999999999999996,1,True,0,CONVERGENCE: RELATIVE REDUCTION OF F <= FACTR*EPSMCH,96,2496,1744.3098860878242
14.999999999999996,2,True,0,CONVERGENCE: RELATIVE REDUCTION OF F <= FACTR*EPSMCH,1,39,9077.809044939713
14.999999999999996,3,True,0,CONVERGENCE: RELATIVE REDUCTION OF F <= FACTR*EPSMCH,1,39,12135.464294453335
14.999999999999996,4,True,0,CONVERGENCE: RELATIVE REDUCTION OF F <= FACTR*EPSMCH,1,39,7863.457199964392
14.999999999999996,5,True,0,CONVERGENCE: RELATIVE REDUCTION OF F <= FACTR*EPSMCH,1,39,11099.2259140954
14.999999999999996,6,True,0,CONVERGENCE: RELATIVE REDUCTION OF F <= FACTR*EPSMCH,1,39,9321.869901964199
14.999999999999996,7,True,0,CONVERGENCE: RELATIVE REDUCTION OF F <= FACTR*EPSMCH,20,338,3330.4370435636024
14.999999999999996,8,True,0,CONVERGENCE: RELATIVE REDUCTION OF F <= FACTR*EPSMCH,1,39,10691.694460746307
14.999999999999996,9,True,0,CONVERGENCE: RELATIVE REDUCTION OF F <= FACTR*EPSMCH,1,39,11922.396791842397
14.999999999999996,10,True,0,CONVERGENCE: RELATIVE REDUCTION OF F <= FACTR*EPSMCH,1,39,12180.789553640068
14.999999999999996,11,True,0,CONVERGENCE: RELATIVE REDUCTION OF F <= FACTR*EPSMCH,1,39,14707.594403094181
14.999999999999996,12,True,0,CONVERGENCE: RELATIVE REDUCTION OF F <= FACTR*EPSMCH,20,507,5679.581322865337
14.999999999999996,13,True,0,CONVERGENCE: RELATIVE REDUCTION OF F <= FACTR*EPSMCH,149,2743,2282.032751496759
14.999999999999996,14,True,0,CONVERGENCE: RELATIVE REDUCTION OF F <= FACTR*EPSMCH,15,260,8884.21011290688
14.999999999999996,15,True,0,CONVERGENCE: RELATIVE REDUCTION OF F <= FACTR*EPSMCH,1,39,12900.526878472812
14.999999999999996,16,True,0,CONVERGENCE: RELATIVE REDUCTION OF F <= FACTR*EPSMCH,1,39,12747.635222176406
14.999999999999996,17,True,0,CONVERGENCE: RELATIVE REDUCTION OF F <= FACTR*EPSMCH,263,5408,692.4729639923147
14.999999999999996,18,True,0,CONVERGENCE: RELATIVE REDUCTION OF F <= FACTR*EPSMCH,1,39,9638.727177025155
14.999999999999996,19,True,0,CONVERGENCE: RELATIVE REDUCTION OF F <= FACTR*EPSMCH,1,39,12811.948154811216
14.999999999999996,20,True,0,CONVERGENCE: RELATIVE REDUCTION OF F <= FACTR*EPSMCH,76,1625,2245.2369340553237
15.099999999999996,1,True,0,CONVERGENCE: RELATIVE REDUCTION OF F <= FACTR*EPSMCH,1,39,11177.660950587808
15.099999999999996,2,True,0,CONVERGENCE: RELATIVE REDUCTION OF F <= FACTR*EPSMCH,1,39,11508.88803947045
15.099999999999996,3,True,0,CONVERGENCE: RELATIVE REDUCTION OF F <= FACTR*EPSMCH,21,364,3277.205183429457
15.099999999999996,4,True,0,CONVERGENCE: RELATIVE REDUCTION OF F <= FACTR*EPSMCH,1,39,10035.252893819867
15.099999999999996,5,True,0,CONVERGENCE: RELATIVE REDUCTION OF F <= FACTR*EPSMCH,1,39,12874.456642139372
15.099999999999996,6,True,0,CONVERGENCE: RELATIVE REDUCTION OF F <= FACTR*EPSMCH,80,1664,2221.406624575971
15.099999999999996,7,True,0,CONVERGENCE: RELATIVE REDUCTION OF F <= FACTR*EPSMCH,1,39,8706.583909374147
15.099999999999996,8,True,0,CONVERGENCE: RELATIVE REDUCTION OF F <= FACTR*EPSMCH,1,39,12053.98075679623
15.099999999999996,9,True,0,CONVERGENCE: RELATIVE REDUCTION OF F <= FACTR*EPSMCH,1,39,11971.455514609108
15.099999999999996,10,True,0,CONVERGENCE: RELATIVE REDUCTION OF F <= FACTR*EPSMCH,1,39,10826.68016583082
15.099999999999996,11,True,0,CONVERGENCE: RELATIVE REDUCTION OF F <= FACTR*EPSMCH,1,39,12469.169701125616
15.099999999999996,12,True,0,CONVERGENCE: RELATIVE REDUCTION OF F <= FACTR*EPSMCH,1,39,9269.92068278817
15.099999999999996,13,True,0,CONVERGENCE: RELATIVE REDUCTION OF F <= FACTR*EPSMCH,1,39,4485.826783243669
15.099999999999996,14,True,0,CONVERGENCE: RELATIVE REDUCTION OF F <= FACTR*EPSMCH,41,975,8219.700613866517
15.099999999999996,15,True,0,CONVERGENCE: RELATIVE REDUCTION OF F <= FACTR*EPSMCH,1,39,9728.691950472268
15.099999999999996,16,True,0,CONVERGENCE: RELATIVE REDUCTION OF F <= FACTR*EPSMCH,1,39,6361.480983469175
15.099999999999996,17,True,0,CONVERGENCE: RELATIVE REDUCTION OF F <= FACTR*EPSMCH,1,39,11780.013050952512
15.099999999999996,18,True,0,CONVERGENCE: RELATIVE REDUCTION OF F <= FACTR*EPSMCH,149,2665,1041.1415862852737
15.099999999999996,19,True,0,CONVERGENCE: RELATIVE REDUCTION OF F <= FACTR*EPSMCH,1,39,10743.269681554259
15.099999999999996,20,True,0,CONVERGENCE: RELATIVE REDUCTION OF F <= FACTR*EPSMCH,1,39,11554.986606905808
15.199999999999996,1,True,0,CONVERGENCE: RELATIVE REDUCTION OF F <= FACTR*EPSMCH,1,39,12148.136441856557
15.199999999999996,2,True,0,CONVERGENCE: RELATIVE REDUCTION OF F <= FACTR*EPSMCH,1,39,10730.24024260147
15.199999999999996,3,True,0,CONVERGENCE: RELATIVE REDUCTION OF F <= FACTR*EPSMCH,31,663,6812.513871043993
15.199999999999996,4,True,0,CONVERGENCE: RELATIVE REDUCTION OF F <= FACTR*EPSMCH,1,39,12199.007471669338
15.199999999999996,5,True,0,CONVERGENCE: RELATIVE REDUCTION OF F <= FACTR*EPSMCH,1,39,9750.086976096498
15.199999999999996,6,True,0,CONVERGENCE: RELATIVE REDUCTION OF F <= FACTR*EPSMCH,1,39,10062.080458409418
15.199999999999996,7,True,0,CONVERGENCE: RELATIVE REDUCTION OF F <= FACTR*EPSMCH,1,39,11422.998618277115
15.199999999999996,8,True,0,CONVERGENCE: RELATIVE REDUCTION OF F <= FACTR*EPSMCH,181,3003,994.492057311049
15.199999999999996,9,True,0,CONVERGENCE: RELATIVE REDUCTION OF F <= FACTR*EPSMCH,1,39,10660.45750755572
15.199999999999996,10,True,0,CONVERGENCE: RELATIVE REDUCTION OF F <= FACTR*EPSMCH,73,1443,1820.5601594863028
15.199999999999996,11,True,0,CONVERGENCE: RELATIVE REDUCTION OF F <= FACTR*EPSMCH,17,364,7485.629765997965
15.199999999999996,12,True,0,CONVERGENCE: RELATIVE REDUCTION OF F <= FACTR*EPSMCH,1,39,12922.466595067897
15.199999999999996,13,True,0,CONVERGENCE: RELATIVE REDUCTION OF F <= FACTR*EPSMCH,1,39,10451.279269856072
15.199999999999996,14,True,0,CONVERGENCE: RELATIVE REDUCTION OF F <= FACTR*EPSMCH,1,39,11203.277528353665
15.199999999999996,15,True,0,CONVERGENCE: RELATIVE REDUCTION OF F <= FACTR*EPSMCH,1,39,13435.665869437425
15.199999999999996,16,True,0,CONVERGENCE: RELATIVE REDUCTION OF F <= FACTR*EPSMCH,1,39,10878.397961373777
15.199999999999996,17,True,0,CONVERGENCE: RELATIVE REDUCTION OF F <= FACTR*EPSMCH,44,884,2707.591978049584
15.199999999999996,18,True,0,CONVERGENCE: RELATIVE REDUCTION OF F <= FACTR*EPSMCH,1,39,11119.830419394306
15.199999999999996,19,True,0,CONVERGENCE: RELATIVE REDUCTION OF F <= FACTR*EPSMCH,1,39,11647.60849338326
15.199999999999996,20,True,0,CONVERGENCE: RELATIVE REDUCTION OF F <= FACTR*EPSMCH,1,39,7186.60379082545
15.299999999999995,1,True,0,CONVERGENCE: RELATIVE REDUCTION OF F <= FACTR*EPSMCH,18,273,7237.971646538068
15.299999999999995,2,True,0,CONVERGENCE: RELATIVE REDUCTION OF F <= FACTR*EPSMCH,1,39,12899.861736040632
15.299999999999995,3,False,2,ABNORMAL: ,268,6383,687.4701415209698
15.299999999999995,4,True,0,CONVERGENCE: RELATIVE REDUCTION OF F <= FACTR*EPSMCH,1,39,13064.341614789948
15.299999999999995,5,True,0,CONVERGENCE: RELATIVE REDUCTION OF F <= FACTR*EPSMCH,1,39,11221.557627615965
15.299999999999995,6,True,0,CONVERGENCE: RELATIVE REDUCTION OF F <= FACTR*EPSMCH,1,39,10229.679411476418
15.299999999999995,7,False,2,ABNORMAL: ,77,2288,1287.5537565645488
15.299999999999995,8,True,0,CONVERGENCE: RELATIVE REDUCTION OF F <= FACTR*EPSMCH,112,2067,1742.9879883964302
15.299999999999995,9,True,0,CONVERGENCE: RELATIVE REDUCTION OF F <= FACTR*EPSMCH,1,39,10608.320276713148
15.299999999999995,10,True,0,CONVERGENCE: RELATIVE REDUCTION OF F <= FACTR*EPSMCH,94,1859,641.7265845548976
15.299999999999995,11,True,0,CONVERGENCE: RELATIVE REDUCTION OF F <= FACTR*EPSMCH,17,338,4319.562480340997
15.299999999999995,12,True,0,CONVERGENCE: RELATIVE REDUCTION OF F <= FACTR*EPSMCH,1,39,10293.05672038957
15.299999999999995,13,True,0,CONVERGENCE: RELATIVE REDUCTION OF F <= FACTR*EPSMCH,1,39,11131.736416386011
15.299999999999995,14,True,0,CONVERGENCE: RELATIVE REDUCTION OF F <= FACTR*EPSMCH,1,39,14736.402594155265
15.299999999999995,15,True,0,CONVERGENCE: RELATIVE REDUCTION OF F <= FACTR*EPSMCH,1,39,9779.659475099003
15.299999999999995,16,True,0,CONVERGENCE: RELATIVE REDUCTION OF F <= FACTR*EPSMCH,10,234,10670.188756451696
15.299999999999995,17,True,0,CONVERGENCE: RELATIVE REDUCTION OF F <= FACTR*EPSMCH,26,611,4134.180361821006
15.299999999999995,18,True,0,CONVERGENCE: RELATIVE REDUCTION OF F <= FACTR*EPSMCH,42,819,2033.7527929205799
15.299999999999995,19,True,0,CONVERGENCE: RELATIVE REDUCTION OF F <= FACTR*EPSMCH,1,39,11896.253538461933
15.299999999999995,20,True,0,CONVERGENCE: RELATIVE REDUCTION OF F <= FACTR*EPSMCH,153,2782,1205.1590447538852
15.399999999999995,1,True,0,CONVERGENCE: RELATIVE REDUCTION OF F <= FACTR*EPSMCH,1,39,8677.309221323896
15.399999999999995,2,True,0,CONVERGENCE: RELATIVE REDUCTION OF F <= FACTR*EPSMCH,28,624,2639.8929467446555
15.399999999999995,3,True,0,CONVERGENCE: RELATIVE REDUCTION OF F <= FACTR*EPSMCH,28,585,7831.881910230712
15.399999999999995,4,False,2,ABNORMAL: ,190,4407,1710.7655922298234
15.399999999999995,5,True,0,CONVERGENCE: RELATIVE REDUCTION OF F <= FACTR*EPSMCH,1,39,11175.75122589198
15.399999999999995,6,True,0,CONVERGENCE: RELATIVE REDUCTION OF F <= FACTR*EPSMCH,26,520,1355.9754847423128
15.399999999999995,7,True,0,CONVERGENCE: RELATIVE REDUCTION OF F <= FACTR*EPSMCH,39,858,2058.6256789584404
15.399999999999995,8,True,0,CONVERGENCE: RELATIVE REDUCTION OF F <= FACTR*EPSMCH,1,39,10181.060696301944
15.399999999999995,9,False,2,ABNORMAL: ,90,2860,1946.4565544333107
15.399999999999995,10,True,0,CONVERGENCE: RELATIVE REDUCTION OF F <= FACTR*EPSMCH,153,2652,1125.7686827390567
15.399999999999995,11,True,0,CONVERGENCE: RELATIVE REDUCTION OF F <= FACTR*EPSMCH,1,39,10143.236914311014
15.399999999999995,12,True,0,CONVERGENCE: RELATIVE REDUCTION OF F <= FACTR*EPSMCH,96,2028,1293.1409150080897
15.399999999999995,13,True,0,CONVERGENCE: RELATIVE REDUCTION OF F <= FACTR*EPSMCH,1,39,12480.366082659724
15.399999999999995,14,True,0,CONVERGENCE: RELATIVE REDUCTION OF F <= FACTR*EPSMCH,25,1157,8283.111721052475
15.399999999999995,15,True,0,CONVERGENCE: RELATIVE REDUCTION OF F <= FACTR*EPSMCH,34,624,1946.5357067771765
15.399999999999995,16,True,0,CONVERGENCE: RELATIVE REDUCTION OF F <= FACTR*EPSMCH,1,39,15623.14917998714
15.399999999999995,17,True,0,CONVERGENCE: RELATIVE REDUCTION OF F <= FACTR*EPSMCH,1,39,12931.066424848092
15.399999999999995,18,True,0,CONVERGENCE: RELATIVE REDUCTION OF F <= FACTR*EPSMCH,1,39,12756.358759336745
15.399999999999995,19,True,0,CONVERGENCE: RELATIVE REDUCTION OF F <= FACTR*EPSMCH,1,39,11234.440391930595
15.399999999999995,20,True,0,CONVERGENCE: RELATIVE REDUCTION OF F <= FACTR*EPSMCH,1,39,9200.323795633809
15.499999999999995,1,True,0,CONVERGENCE: RELATIVE REDUCTION OF F <= FACTR*EPSMCH,25,481,8445.152693080638
15.499999999999995,2,True,0,CONVERGENCE: RELATIVE REDUCTION OF F <= FACTR*EPSMCH,1,39,12567.226435587105
15.499999999999995,3,True,0,CONVERGENCE: RELATIVE REDUCTION OF F <= FACTR*EPSMCH,1,39,12875.33419396924
15.499999999999995,4,True,0,CONVERGENCE: RELATIVE REDUCTION OF F <= FACTR*EPSMCH,1,39,9870.571466521811
15.499999999999995,5,True,0,CONVERGENCE: RELATIVE REDUCTION OF F <= FACTR*EPSMCH,94,1560,1785.2404848176047
15.499999999999995,6,True,0,CONVERGENCE: RELATIVE REDUCTION OF F <= FACTR*EPSMCH,1,39,10242.062961682812
15.499999999999995,7,True,0,CONVERGENCE: RELATIVE REDUCTION OF F <= FACTR*EPSMCH,1,39,10300.433570424057
15.499999999999995,8,True,0,CONVERGENCE: RELATIVE REDUCTION OF F <= FACTR*EPSMCH,1,39,8651.27996205028
15.499999999999995,9,True,0,CONVERGENCE: RELATIVE REDUCTION OF F <= FACTR*EPSMCH,18,351,6839.57825730833
15.499999999999995,10,True,0,CONVERGENCE: RELATIVE REDUCTION OF F <= FACTR*EPSMCH,259,5577,1162.7639040821157
15.499999999999995,11,True,0,CONVERGENCE: RELATIVE REDUCTION OF F <= FACTR*EPSMCH,46,884,3275.517856468004
15.499999999999995,12,True,0,CONVERGENCE: RELATIVE REDUCTION OF F <= FACTR*EPSMCH,1,39,8820.461075921261
15.499999999999995,13,True,0,CONVERGENCE: RELATIVE REDUCTION OF F <= FACTR*EPSMCH,1,39,9775.608322199958
15.499999999999995,14,True,0,CONVERGENCE: RELATIVE REDUCTION OF F <= FACTR*EPSMCH,87,1534,1348.6146525572103
15.499999999999995,15,True,0,CONVERGENCE: RELATIVE REDUCTION OF F <= FACTR*EPSMCH,1,39,12355.161768656733
15.499999999999995,16,True,0,CONVERGENCE: RELATIVE REDUCTION OF F <= FACTR*EPSMCH,1,39,10609.605424670395
15.499999999999995,17,True,0,CONVERGENCE: RELATIVE REDUCTION OF F <= FACTR*EPSMCH,1,39,12044.805439049122
15.499999999999995,18,True,0,CONVERGENCE: RELATIVE REDUCTION OF F <= FACTR*EPSMCH,1,39,8318.977312559857
15.499999999999995,19,True,0,CONVERGENCE: RELATIVE REDUCTION OF F <= FACTR*EPSMCH,117,3575,1108.0875364728702
15.499999999999995,20,True,0,CONVERGENCE: RELATIVE REDUCTION OF F <= FACTR*EPSMCH,22,429,7365.076634970007
15.599999999999994,1,True,0,CONVERGENCE: RELATIVE REDUCTION OF F <= FACTR*EPSMCH,1,39,9864.947876036496
15.599999999999994,2,True,0,CONVERGENCE: RELATIVE REDUCTION OF F <= FACTR*EPSMCH,1,39,10716.84273065587
15.599999999999994,3,True,0,CONVERGENCE: RELATIVE REDUCTION OF F <= FACTR*EPSMCH,1,39,9937.688512349016
15.599999999999994,4,True,0,CONVERGENCE: RELATIVE REDUCTION OF F <= FACTR*EPSMCH,1,39,8707.02521634182
15.599999999999994,5,True,0,CONVERGENCE: RELATIVE REDUCTION OF F <= FACTR*EPSMCH,1,39,8499.04773920034
15.599999999999994,6,True,0,CONVERGENCE: RELATIVE REDUCTION OF F <= FACTR*EPSMCH,13,273,8820.522977476723
15.599999999999994,7,True,0,CONVERGENCE: RELATIVE REDUCTION OF F <= FACTR*EPSMCH,1,39,10329.088446576408
15.599999999999994,8,True,0,CONVERGENCE: RELATIVE REDUCTION OF F <= FACTR*EPSMCH,1,39,4051.107168685091
15.599999999999994,9,True,0,CONVERGENCE: RELATIVE REDUCTION OF F <= FACTR*EPSMCH,1,39,10605.616053752023
15.599999999999994,10,True,0,CONVERGENCE: RELATIVE REDUCTION OF F <= FACTR*EPSMCH,1,39,10733.40399293874
15.599999999999994,11,True,0,CONVERGENCE: RELATIVE REDUCTION OF F <= FACTR*EPSMCH,29,663,1533.5497130030155
15.599999999999994,12,True,0,CONVERGENCE: RELATIVE REDUCTION OF F <= FACTR*EPSMCH,1,39,12829.313902502428
15.599999999999994,13,True,0,CONVERGENCE: RELATIVE REDUCTION OF F <= FACTR*EPSMCH,1,39,12524.847338501362
15.599999999999994,14,True,0,CONVERGENCE: RELATIVE REDUCTION OF F <= FACTR*EPSMCH,23,468,7956.145621909872
15.599999999999994,15,True,0,CONVERGENCE: RELATIVE REDUCTION OF F <= FACTR*EPSMCH,1,39,12643.13362011667
15.599999999999994,16,True,0,CONVERGENCE: RELATIVE REDUCTION OF F <= FACTR*EPSMCH,1,39,10792.120129887468
15.599999999999994,17,True,0,CONVERGENCE: RELATIVE REDUCTION OF F <= FACTR*EPSMCH,125,2379,1398.3705779596457
15.599999999999994,18,True,0,CONVERGENCE: RELATIVE REDUCTION OF F <= FACTR*EPSMCH,1,39,10288.96231175388
15.599999999999994,19,True,0,CONVERGENCE: RELATIVE REDUCTION OF F <= FACTR*EPSMCH,25,676,1325.4318784939037
15.599999999999994,20,True,0,CONVERGENCE: RELATIVE REDUCTION OF F <= FACTR*EPSMCH,14,286,4494.572275215666
15.699999999999994,1,True,0,CONVERGENCE: RELATIVE REDUCTION OF F <= FACTR*EPSMCH,1,39,12221.731777076655
15.699999999999994,2,True,0,CONVERGENCE: RELATIVE REDUCTION OF F <= FACTR*EPSMCH,59,2106,1463.4248039092795
15.699999999999994,3,True,0,CONVERGENCE: RELATIVE REDUCTION OF F <= FACTR*EPSMCH,1,39,10662.27137172714
15.699999999999994,4,True,0,CONVERGENCE: RELATIVE REDUCTION OF F <= FACTR*EPSMCH,1,39,10926.203908178753
15.699999999999994,5,True,0,CONVERGENCE: RELATIVE REDUCTION OF F <= FACTR*EPSMCH,1,39,5929.94155506506
15.699999999999994,6,True,0,CONVERGENCE: RELATIVE REDUCTION OF F <= FACTR*EPSMCH,69,1339,1066.2083123112225
15.699999999999994,7,True,0,CONVERGENCE: RELATIVE REDUCTION OF F <= FACTR*EPSMCH,22,416,6891.498219544075
15.699999999999994,8,True,0,CONVERGENCE: RELATIVE REDUCTION OF F <= FACTR*EPSMCH,1,39,9141.513856968098
15.699999999999994,9,True,0,CONVERGENCE: RELATIVE REDUCTION OF F <= FACTR*EPSMCH,1,39,13701.113427033055
15.699999999999994,10,True,0,CONVERGENCE: RELATIVE REDUCTION OF F <= FACTR*EPSMCH,1,39,10804.882287408935
15.699999999999994,11,True,0,CONVERGENCE: RELATIVE REDUCTION OF F <= FACTR*EPSMCH,1,39,11921.493954833571
15.699999999999994,12,True,0,CONVERGENCE: RELATIVE REDUCTION OF F <= FACTR*EPSMCH,1,39,9951.456137611365
15.699999999999994,13,True,0,CONVERGENCE: RELATIVE REDUCTION OF F <= FACTR*EPSMCH,100,2184,1435.3024699289194
15.699999999999994,14,False,2,ABNORMAL: ,89,2366,1444.829699710636
15.699999999999994,15,True,0,CONVERGENCE: RELATIVE REDUCTION OF F <= FACTR*EPSMCH,17,338,7767.076955984046
15.699999999999994,16,True,0,CONVERGENCE: RELATIVE REDUCTION OF F <= FACTR*EPSMCH,1,39,12650.339738431645
15.699999999999994,17,True,0,CONVERGENCE: RELATIVE REDUCTION OF F <= FACTR*EPSMCH,1,39,11736.538971461552
15.699999999999994,18,True,0,CONVERGENCE: RELATIVE REDUCTION OF F <= FACTR*EPSMCH,1,39,9678.984360388034
15.699999999999994,19,True,0,CONVERGENCE: RELATIVE REDUCTION OF F <= FACTR*EPSMCH,1,39,8368.724024792507
15.699999999999994,20,False,2,ABNORMAL: ,133,3185,986.2984528860111
15.799999999999994,1,True,0,CONVERGENCE: RELATIVE REDUCTION OF F <= FACTR*EPSMCH,200,4277,1084.2294083044176
15.799999999999994,2,True,0,CONVERGENCE: RELATIVE REDUCTION OF F <= FACTR*EPSMCH,60,1495,1380.4108188500068
15.799999999999994,3,True,0,CONVERGENCE: RELATIVE REDUCTION OF F <= FACTR*EPSMCH,1,39,12331.235527318811
15.799999999999994,4,True,0,CONVERGENCE: RELATIVE REDUCTION OF F <= FACTR*EPSMCH,59,988,2021.7065442074027
15.799999999999994,5,True,0,CONVERGENCE: RELATIVE REDUCTION OF F <= FACTR*EPSMCH,1,39,12730.768222902525
15.799999999999994,6,True,0,CONVERGENCE: RELATIVE REDUCTION OF F <= FACTR*EPSMCH,1,39,11663.076348008108
15.799999999999994,7,True,0,CONVERGENCE: RELATIVE REDUCTION OF F <= FACTR*EPSMCH,1,39,13680.245332423867
15.799999999999994,8,True,0,CONVERGENCE: RELATIVE REDUCTION OF F <= FACTR*EPSMCH,178,3445,652.0631241115717
15.799999999999994,9,True,0,CONVERGENCE: RELATIVE REDUCTION OF F <= FACTR*EPSMCH,155,3341,987.3658137690026
15.799999999999994,10,True,0,CONVERGENCE: RELATIVE REDUCTION OF F <= FACTR*EPSMCH,14,364,5861.355262897918
15.799999999999994,11,True,0,CONVERGENCE: RELATIVE REDUCTION OF F <= FACTR*EPSMCH,1,39,14002.644640952869
15.799999999999994,12,True,0,CONVERGENCE: RELATIVE REDUCTION OF F <= FACTR*EPSMCH,1,39,2873.9087168223386
15.799999999999994,13,True,0,CONVERGENCE: RELATIVE REDUCTION OF F <= FACTR*EPSMCH,228,5486,1297.2505143157325
15.799999999999994,14,True,0,CONVERGENCE: RELATIVE REDUCTION OF F <= FACTR*EPSMCH,1,39,10561.985761795604
15.799999999999994,15,True,0,CONVERGENCE: RELATIVE REDUCTION OF F <= FACTR*EPSMCH,23,767,5845.915437052676
15.799999999999994,16,True,0,CONVERGENCE: RELATIVE REDUCTION OF F <= FACTR*EPSMCH,1,39,9604.394186475567
15.799999999999994,17,True,0,CONVERGENCE: RELATIVE REDUCTION OF F <= FACTR*EPSMCH,1,39,11951.645077055833
15.799999999999994,18,True,0,CONVERGENCE: RELATIVE REDUCTION OF F <= FACTR*EPSMCH,242,4524,618.659389070646
15.799999999999994,19,True,0,CONVERGENCE: RELATIVE REDUCTION OF F <= FACTR*EPSMCH,1,39,12162.403257922768
15.799999999999994,20,True,0,CONVERGENCE: RELATIVE REDUCTION OF F <= FACTR*EPSMCH,1,39,9866.656495866091
15.899999999999993,1,True,0,CONVERGENCE: RELATIVE REDUCTION OF F <= FACTR*EPSMCH,23,507,5826.195677863048
15.899999999999993,2,True,0,CONVERGENCE: RELATIVE REDUCTION OF F <= FACTR*EPSMCH,1,39,9786.683213397875
15.899999999999993,3,False,2,ABNORMAL: ,89,2925,1035.0639084262302
15.899999999999993,4,True,0,CONVERGENCE: RELATIVE REDUCTION OF F <= FACTR*EPSMCH,1,39,11851.839089012423
15.899999999999993,5,True,0,CONVERGENCE: RELATIVE REDUCTION OF F <= FACTR*EPSMCH,1,39,9571.120351347774
15.899999999999993,6,True,0,CONVERGENCE: RELATIVE REDUCTION OF F <= FACTR*EPSMCH,95,2132,1345.3111592632808
15.899999999999993,7,True,0,CONVERGENCE: RELATIVE REDUCTION OF F <= FACTR*EPSMCH,155,2834,1266.5922793446516
15.899999999999993,8,True,0,CONVERGENCE: RELATIVE REDUCTION OF F <= FACTR*EPSMCH,1,39,4362.42869907648
15.899999999999993,9,True,0,CONVERGENCE: RELATIVE REDUCTION OF F <= FACTR*EPSMCH,1,39,13971.638196974502
15.899999999999993,10,True,0,CONVERGENCE: RELATIVE REDUCTION OF F <= FACTR*EPSMCH,21,416,3932.571970917279
15.899999999999993,11,True,0,CONVERGENCE: RELATIVE REDUCTION OF F <= FACTR*EPSMCH,16,325,7050.143513590203
15.899999999999993,12,True,0,CONVERGENCE: RELATIVE REDUCTION OF F <= FACTR*EPSMCH,23,442,1853.1705524754675
15.899999999999993,13,True,0,CONVERGENCE: RELATIVE REDUCTION OF F <= FACTR*EPSMCH,1,39,11124.832393489303
15.899999999999993,14,True,0,CONVERGENCE: RELATIVE REDUCTION OF F <= FACTR*EPSMCH,61,1248,1354.0525621901156
15.899999999999993,15,True,0,CONVERGENCE: RELATIVE REDUCTION OF F <= FACTR*EPSMCH,1,39,6056.578115828091
15.899999999999993,16,True,0,CONVERGENCE: RELATIVE REDUCTION OF F <= FACTR*EPSMCH,173,4329,757.4862635621517
15.899999999999993,17,True,0,CONVERGENCE: RELATIVE REDUCTION OF F <= FACTR*EPSMCH,1,39,11607.227379205373
15.899999999999993,18,True,0,CONVERGENCE: RELATIVE REDUCTION OF F <= FACTR*EPSMCH,1,39,12796.006806311338
15.899999999999993,19,True,0,CONVERGENCE: RELATIVE REDUCTION OF F <= FACTR*EPSMCH,20,494,5851.40866946148
15.899999999999993,20,True,0,CONVERGENCE: RELATIVE REDUCTION OF F <= FACTR*EPSMCH,18,325,7800.375088897008
15.999999999999993,1,True,0,CONVERGENCE: RELATIVE REDUCTION OF F <= FACTR*EPSMCH,68,1170,1118.0035170524893
15.999999999999993,2,True,0,CONVERGENCE: RELATIVE REDUCTION OF F <= FACTR*EPSMCH,1,39,12877.411842892889
15.999999999999993,3,True,0,CONVERGENCE: RELATIVE REDUCTION OF F <= FACTR*EPSMCH,36,702,2337.6680295301035
15.999999999999993,4,False,2,ABNORMAL: ,151,3822,958.3246736459784
15.999999999999993,5,True,0,CONVERGENCE: RELATIVE REDUCTION OF F <= FACTR*EPSMCH,106,2366,1226.6791708760584
15.999999999999993,6,True,0,CONVERGENCE: RELATIVE REDUCTION OF F <= FACTR*EPSMCH,1,39,6002.060348172559
15.999999999999993,7,True,0,CONVERGENCE: RELATIVE REDUCTION OF F <= FACTR*EPSMCH,93,1534,1001.9338375759394
15.999999999999993,8,True,0,CONVERGENCE: RELATIVE REDUCTION OF F <= FACTR*EPSMCH,1,39,11518.61918996625
15.999999999999993,9,True,0,CONVERGENCE: RELATIVE REDUCTION OF F <= FACTR*EPSMCH,28,546,1449.0571432118322
15.999999999999993,10,True,0,CONVERGENCE: RELATIVE REDUCTION OF F <= FACTR*EPSMCH,1,39,10796.811842994764
15.999999999999993,11,True,0,CONVERGENCE: RELATIVE REDUCTION OF F <= FACTR*EPSMCH,1,39,12629.094826542012
15.999999999999993,12,True,0,CONVERGENCE: RELATIVE REDUCTION OF F <= FACTR*EPSMCH,74,1690,1152.76639701268
15.999999999999993,13,True,0,CONVERGENCE: RELATIVE REDUCTION OF F <= FACTR*EPSMCH,1,39,10044.566005344615
15.999999999999993,14,True,0,CONVERGENCE: RELATIVE REDUCTION OF F <= FACTR*EPSMCH,28,1638,9090.126687352034
15.999999999999993,15,True,0,CONVERGENCE: RELATIVE REDUCTION OF F <= FACTR*EPSMCH,1,39,13427.846949052904
15.999999999999993,16,True,0,CONVERGENCE: RELATIVE REDUCTION OF F <= FACTR*EPSMCH,1,39,12990.771273222255
15.999999999999993,17,True,0,CONVERGENCE: RELATIVE REDUCTION OF F <= FACTR*EPSMCH,151,2717,1203.9857481316953
15.999999999999993,18,True,0,CONVERGENCE: RELATIVE REDUCTION OF F <= FACTR*EPSMCH,63,1274,1477.2468768082133
15.999999999999993,19,True,0,CONVERGENCE: RELATIVE REDUCTION OF F <= FACTR*EPSMCH,1,39,9309.048867615202
15.999999999999993,20,True,0,CONVERGENCE: RELATIVE REDUCTION OF F <= FACTR*EPSMCH,1,39,11993.056933306041
16.099999999999994,1,True,0,CONVERGENCE: RELATIVE REDUCTION OF F <= FACTR*EPSMCH,60,1144,778.8715531554199
16.099999999999994,2,True,0,CONVERGENCE: RELATIVE REDUCTION OF F <= FACTR*EPSMCH,1,39,11816.25071900356
16.099999999999994,3,True,0,CONVERGENCE: RELATIVE REDUCTION OF F <= FACTR*EPSMCH,1,39,10464.271712615557
16.099999999999994,4,True,0,CONVERGENCE: RELATIVE REDUCTION OF F <= FACTR*EPSMCH,160,2938,1094.6040037739267
16.099999999999994,5,False,2,ABNORMAL: ,51,2535,1469.4090205200519
16.099999999999994,6,True,0,CONVERGENCE: RELATIVE REDUCTION OF F <= FACTR*EPSMCH,1,39,12988.159548015801
16.099999999999994,7,True,0,CONVERGENCE: RELATIVE REDUCTION OF F <= FACTR*EPSMCH,1,39,13458.628579789756
16.099999999999994,8,True,0,CONVERGENCE: RELATIVE REDUCTION OF F <= FACTR*EPSMCH,18,962,9036.511772319107
16.099999999999994,9,True,0,CONVERGENCE: RELATIVE REDUCTION OF F <= FACTR*EPSMCH,1,39,9853.254243055924
16.099999999999994,10,True,0,CONVERGENCE: RELATIVE REDUCTION OF F <= FACTR*EPSMCH,1,39,10023.460973369509
16.099999999999994,11,True,0,CONVERGENCE: RELATIVE REDUCTION OF F <= FACTR*EPSMCH,18,312,8431.389764372523
16.099999999999994,12,True,0,CONVERGENCE: RELATIVE REDUCTION OF F <= FACTR*EPSMCH,1,39,12588.060498353474
16.099999999999994,13,True,0,CONVERGENCE: RELATIVE REDUCTION OF F <= FACTR*EPSMCH,44,884,1753.7600819797622
16.099999999999994,14,True,0,CONVERGENCE: RELATIVE REDUCTION OF F <= FACTR*EPSMCH,1,39,10805.012546933773
16.099999999999994,15,True,0,CONVERGENCE: RELATIVE REDUCTION OF F <= FACTR*EPSMCH,34,897,1424.701712159431
16.099999999999994,16,True,0,CONVERGENCE: RELATIVE REDUCTION OF F <= FACTR*EPSMCH,54,1118,1187.2856808668002
16.099999999999994,17,True,0,CONVERGENCE: RELATIVE REDUCTION OF F <= FACTR*EPSMCH,1,39,15177.663885973052
16.099999999999994,18,True,0,CONVERGENCE: RELATIVE REDUCTION OF F <= FACTR*EPSMCH,140,2743,892.1089008083738
16.099999999999994,19,True,0,CONVERGENCE: RELATIVE REDUCTION OF F <= FACTR*EPSMCH,82,1521,904.146985586576
16.099999999999994,20,True,0,CONVERGENCE: RELATIVE REDUCTION OF F <= FACTR*EPSMCH,86,1963,1201.046821928318
16.199999999999992,1,True,0,CONVERGENCE: RELATIVE REDUCTION OF F <= FACTR*EPSMCH,1,39,10261.479603428093
16.199999999999992,2,True,0,CONVERGENCE: RELATIVE REDUCTION OF F <= FACTR*EPSMCH,1,39,9815.656373270673
16.199999999999992,3,True,0,CONVERGENCE: RELATIVE REDUCTION OF F <= FACTR*EPSMCH,72,1937,1143.8627910101718
16.199999999999992,4,True,0,CONVERGENCE: RELATIVE REDUCTION OF F <= FACTR*EPSMCH,99,2756,1635.6080816918484
16.199999999999992,5,True,0,CONVERGENCE: RELATIVE REDUCTION OF F <= FACTR*EPSMCH,16,260,9061.63567750863
16.199999999999992,6,True,0,CONVERGENCE: RELATIVE REDUCTION OF F <= FACTR*EPSMCH,1,39,8868.088629754333
16.199999999999992,7,True,0,CONVERGENCE: RELATIVE REDUCTION OF F <= FACTR*EPSMCH,68,1599,1244.5270984152685
16.199999999999992,8,True,0,CONVERGENCE: RELATIVE REDUCTION OF F <= FACTR*EPSMCH,206,4043,1139.1365202310308
16.199999999999992,9,True,0,CONVERGENCE: RELATIVE REDUCTION OF F <= FACTR*EPSMCH,15,377,7449.436770967841
16.199999999999992,10,True,0,CONVERGENCE: RELATIVE REDUCTION OF F <= FACTR*EPSMCH,1,39,7048.000338477704
16.199999999999992,11,True,0,CONVERGENCE: RELATIVE REDUCTION OF F <= FACTR*EPSMCH,48,1807,1256.932806083112
16.199999999999992,12,True,0,CONVERGENCE: RELATIVE REDUCTION OF F <= FACTR*EPSMCH,1,39,9710.791129070345
16.199999999999992,13,False,2,ABNORMAL: ,192,4667,1117.7012104349965
16.199999999999992,14,True,0,CONVERGENCE: RELATIVE REDUCTION OF F <= FACTR*EPSMCH,1,39,10408.267561949147
16.199999999999992,15,True,0,CONVERGENCE: RELATIVE REDUCTION OF F <= FACTR*EPSMCH,12,325,7257.230565444912
16.199999999999992,16,True,0,CONVERGENCE: RELATIVE REDUCTION OF F <= FACTR*EPSMCH,1,39,8689.211270081438
16.199999999999992,17,True,0,CONVERGENCE: RELATIVE REDUCTION OF F <= FACTR*EPSMCH,1,39,11830.15507766403
16.199999999999992,18,True,0,CONVERGENCE: RELATIVE REDUCTION OF F <= FACTR*EPSMCH,68,1313,762.1348203534873
16.199999999999992,19,True,0,CONVERGENCE: RELATIVE REDUCTION OF F <= FACTR*EPSMCH,117,2574,1120.3595696761902
16.199999999999992,20,True,0,CONVERGENCE: RELATIVE REDUCTION OF F <= FACTR*EPSMCH,74,2067,4507.594549252337
16.29999999999999,1,True,0,CONVERGENCE: RELATIVE REDUCTION OF F <= FACTR*EPSMCH,99,2106,1082.5671701904005
16.29999999999999,2,False,2,ABNORMAL: ,32,2639,9194.696123373093
16.29999999999999,3,True,0,CONVERGENCE: RELATIVE REDUCTION OF F <= FACTR*EPSMCH,19,299,1863.772980688161
16.29999999999999,4,True,0,CONVERGENCE: RELATIVE REDUCTION OF F <= FACTR*EPSMCH,1,39,10094.809459136139
16.29999999999999,5,True,0,CONVERGENCE: RELATIVE REDUCTION OF F <= FACTR*EPSMCH,1,39,8597.803455536545
16.29999999999999,6,True,0,CONVERGENCE: RELATIVE REDUCTION OF F <= FACTR*EPSMCH,122,3120,1323.7362786666044
16.29999999999999,7,True,0,CONVERGENCE: RELATIVE REDUCTION OF F <= FACTR*EPSMCH,1,39,10257.321218585415
16.29999999999999,8,True,0,CONVERGENCE: RELATIVE REDUCTION OF F <= FACTR*EPSMCH,460,9321,609.3799775316738
16.29999999999999,9,True,0,CONVERGENCE: RELATIVE REDUCTION OF F <= FACTR*EPSMCH,1,39,9107.875311068929
16.29999999999999,10,True,0,CONVERGENCE: RELATIVE REDUCTION OF F <= FACTR*EPSMCH,176,3653,715.4045201161857
16.29999999999999,11,True,0,CONVERGENCE: RELATIVE REDUCTION OF F <= FACTR*EPSMCH,1,39,11644.206527668923
16.29999999999999,12,True,0,CONVERGENCE: RELATIVE REDUCTION OF F <= FACTR*EPSMCH,1,39,11205.492297042794
16.29999999999999,13,True,0,CONVERGENCE: RELATIVE REDUCTION OF F <= FACTR*EPSMCH,1,39,6863.903175526424
16.29999999999999,14,True,0,CONVERGENCE: RELATIVE REDUCTION OF F <= FACTR*EPSMCH,36,767,1150.614269225353
16.29999999999999,15,True,0,CONVERGENCE: RELATIVE REDUCTION OF F <= FACTR*EPSMCH,24,455,2549.753414186458
16.29999999999999,16,True,0,CONVERGENCE: RELATIVE REDUCTION OF F <= FACTR*EPSMCH,401,8255,672.7553215056357
16.29999999999999,17,True,0,CONVERGENCE: RELATIVE REDUCTION OF F <= FACTR*EPSMCH,1,39,9168.161596502569
16.29999999999999,18,True,0,CONVERGENCE: RELATIVE REDUCTION OF F <= FACTR*EPSMCH,146,2691,975.121464801629
16.29999999999999,19,True,0,CONVERGENCE: RELATIVE REDUCTION OF F <= FACTR*EPSMCH,36,1144,7449.308905573716
16.29999999999999,20,True,0,CONVERGENCE: RELATIVE REDUCTION OF F <= FACTR*EPSMCH,1,39,11216.91095099377
16.39999999999999,1,True,0,CONVERGENCE: RELATIVE REDUCTION OF F <= FACTR*EPSMCH,1,39,11219.460098066887
16.39999999999999,2,True,0,CONVERGENCE: RELATIVE REDUCTION OF F <= FACTR*EPSMCH,1,39,9349.944727748945
16.39999999999999,3,True,0,CONVERGENCE: RELATIVE REDUCTION OF F <= FACTR*EPSMCH,133,2392,1143.7383381313464
16.39999999999999,4,True,0,CONVERGENCE: RELATIVE REDUCTION OF F <= FACTR*EPSMCH,30,598,2507.4675069160603
16.39999999999999,5,True,0,CONVERGENCE: RELATIVE REDUCTION OF F <= FACTR*EPSMCH,14,299,3477.6200984396596
16.39999999999999,6,True,0,CONVERGENCE: RELATIVE REDUCTION OF F <= FACTR*EPSMCH,1,39,12396.693204451125
16.39999999999999,7,True,0,CONVERGENCE: RELATIVE REDUCTION OF F <= FACTR*EPSMCH,24,442,2481.4265418596174
16.39999999999999,8,True,0,CONVERGENCE: RELATIVE REDUCTION OF F <= FACTR*EPSMCH,19,429,1802.0568340095826
16.39999999999999,9,True,0,CONVERGENCE: RELATIVE REDUCTION OF F <= FACTR*EPSMCH,174,4277,618.2609611827319
16.39999999999999,10,True,0,CONVERGENCE: RELATIVE REDUCTION OF F <= FACTR*EPSMCH,48,975,913.482717646908
16.39999999999999,11,True,0,CONVERGENCE: RELATIVE REDUCTION OF F <= FACTR*EPSMCH,1,39,11303.702447449547
16.39999999999999,12,True,0,CONVERGENCE: RELATIVE REDUCTION OF F <= FACTR*EPSMCH,1,39,11273.180173587229
16.39999999999999,13,True,0,CONVERGENCE: RELATIVE REDUCTION OF F <= FACTR*EPSMCH,14,715,11873.667973312751
16.39999999999999,14,True,0,CONVERGENCE: RELATIVE REDUCTION OF F <= FACTR*EPSMCH,1,39,9010.422683433368
16.39999999999999,15,True,0,CONVERGENCE: RELATIVE REDUCTION OF F <= FACTR*EPSMCH,23,390,8933.642502386629
16.39999999999999,16,True,0,CONVERGENCE: RELATIVE REDUCTION OF F <= FACTR*EPSMCH,1,39,10266.264679175387
16.39999999999999,17,True,0,CONVERGENCE: RELATIVE REDUCTION OF F <= FACTR*EPSMCH,23,377,1649.2508791002253
16.39999999999999,18,True,0,CONVERGENCE: RELATIVE REDUCTION OF F <= FACTR*EPSMCH,22,2327,9191.109805989734
16.39999999999999,19,False,2,ABNORMAL: ,107,3302,1036.6804672769265
16.39999999999999,20,True,0,CONVERGENCE: RELATIVE REDUCTION OF F <= FACTR*EPSMCH,39,1222,5391.046325551313
16.499999999999993,1,True,0,CONVERGENCE: RELATIVE REDUCTION OF F <= FACTR*EPSMCH,85,2652,631.6944985661107
16.499999999999993,2,True,0,CONVERGENCE: RELATIVE REDUCTION OF F <= FACTR*EPSMCH,41,702,726.8066550066209
16.499999999999993,3,True,0,CONVERGENCE: RELATIVE REDUCTION OF F <= FACTR*EPSMCH,18,1963,9827.932985370111
16.499999999999993,4,True,0,CONVERGENCE: RELATIVE REDUCTION OF F <= FACTR*EPSMCH,14,767,11873.524438621163
16.499999999999993,5,True,0,CONVERGENCE: RELATIVE REDUCTION OF F <= FACTR*EPSMCH,1,39,6781.684321841479
16.499999999999993,6,True,0,CONVERGENCE: RELATIVE REDUCTION OF F <= FACTR*EPSMCH,21,338,3516.6954226927364
16.499999999999993,7,True,0,CONVERGENCE: RELATIVE REDUCTION OF F <= FACTR*EPSMCH,20,377,1733.8394928061757
16.499999999999993,8,True,0,CONVERGENCE: RELATIVE REDUCTION OF F <= FACTR*EPSMCH,1,39,12470.565614533216
16.499999999999993,9,True,0,CONVERGENCE: RELATIVE REDUCTION OF F <= FACTR*EPSMCH,11,208,8142.687969840647
16.499999999999993,10,True,0,CONVERGENCE: RELATIVE REDUCTION OF F <= FACTR*EPSMCH,1,39,11607.778336192532
16.499999999999993,11,True,0,CONVERGENCE: RELATIVE REDUCTION OF F <= FACTR*EPSMCH,1,39,10804.873527316347
16.499999999999993,12,True,0,CONVERGENCE: RELATIVE REDUCTION OF F <= FACTR*EPSMCH,16,338,3406.9544991154376
16.499999999999993,13,True,0,CONVERGENCE: RELATIVE REDUCTION OF F <= FACTR*EPSMCH,1,39,13773.96930436751
16.499999999999993,14,True,0,CONVERGENCE: RELATIVE REDUCTION OF F <= FACTR*EPSMCH,1,39,8415.098375799786
16.499999999999993,15,True,0,CONVERGENCE: RELATIVE REDUCTION OF F <= FACTR*EPSMCH,176,4303,777.9018882895026
16.499999999999993,16,True,0,CONVERGENCE: RELATIVE REDUCTION OF F <= FACTR*EPSMCH,71,2132,1186.912041416752
16.499999999999993,17,True,0,CONVERGENCE: RELATIVE REDUCTION OF F <= FACTR*EPSMCH,1,39,12934.14460361069
16.499999999999993,18,True,0,CONVERGENCE: RELATIVE REDUCTION OF F <= FACTR*EPSMCH,1,39,13481.096520728968
16.499999999999993,19,True,0,CONVERGENCE: RELATIVE REDUCTION OF F <= FACTR*EPSMCH,1,39,11221.374937008391
16.499999999999993,20,True,0,CONVERGENCE: RELATIVE REDUCTION OF F <= FACTR*EPSMCH,51,1066,1235.6192494819795
16.59999999999999,1,True,0,CONVERGENCE: RELATIVE REDUCTION OF F <= FACTR*EPSMCH,1,39,13487.696442090557
16.59999999999999,2,True,0,CONVERGENCE: RELATIVE REDUCTION OF F <= FACTR*EPSMCH,184,4251,673.8807193475643
16.59999999999999,3,True,0,CONVERGENCE: RELATIVE REDUCTION OF F <= FACTR*EPSMCH,83,2132,1234.0285510380802
16.59999999999999,4,True,0,CONVERGENCE: RELATIVE REDUCTION OF F <= FACTR*EPSMCH,311,7189,520.032606096456
16.59999999999999,5,True,0,CONVERGENCE: RELATIVE REDUCTION OF F <= FACTR*EPSMCH,1,39,8430.822932122252
16.59999999999999,6,True,0,CONVERGENCE: RELATIVE REDUCTION OF F <= FACTR*EPSMCH,1,39,12129.978954760936
16.59999999999999,7,True,0,CONVERGENCE: RELATIVE REDUCTION OF F <= FACTR*EPSMCH,36,1300,9184.052911740504
16.59999999999999,8,True,0,CONVERGENCE: RELATIVE REDUCTION OF F <= FACTR*EPSMCH,1,39,13673.722322965628
16.59999999999999,9,True,0,CONVERGENCE: RELATIVE REDUCTION OF F <= FACTR*EPSMCH,1,39,10750.56230887324
16.59999999999999,10,True,0,CONVERGENCE: RELATIVE REDUCTION OF F <= FACTR*EPSMCH,1,39,11622.234616909771
16.59999999999999,11,True,0,CONVERGENCE: RELATIVE REDUCTION OF F <= FACTR*EPSMCH,17,468,4664.186609955298
16.59999999999999,12,True,0,CONVERGENCE: RELATIVE REDUCTION OF F <= FACTR*EPSMCH,1,39,6780.983653485903
16.59999999999999,13,True,0,CONVERGENCE: RELATIVE REDUCTION OF F <= FACTR*EPSMCH,26,442,3285.2882744903445
16.59999999999999,14,True,0,CONVERGENCE: RELATIVE REDUCTION OF F <= FACTR*EPSMCH,55,1027,2130.0611079759447
16.59999999999999,15,True,0,CONVERGENCE: RELATIVE REDUCTION OF F <= FACTR*EPSMCH,29,1118,1389.886144151447
16.59999999999999,16,True,0,CONVERGENCE: RELATIVE REDUCTION OF F <= FACTR*EPSMCH,1,39,13211.15962405258
16.59999999999999,17,True,0,CONVERGENCE: RELATIVE REDUCTION OF F <= FACTR*EPSMCH,1,39,11087.355612238634
16.59999999999999,18,True,0,CONVERGENCE: RELATIVE REDUCTION OF F <= FACTR*EPSMCH,114,2665,969.7751713833323
16.59999999999999,19,True,0,CONVERGENCE: RELATIVE REDUCTION OF F <= FACTR*EPSMCH,1,39,3760.1739656751643
16.59999999999999,20,True,0,CONVERGENCE: RELATIVE REDUCTION OF F <= FACTR*EPSMCH,1,39,8077.131379734964
16.69999999999999,1,True,0,CONVERGENCE: RELATIVE REDUCTION OF F <= FACTR*EPSMCH,146,3315,611.0124241193846
16.69999999999999,2,True,0,CONVERGENCE: RELATIVE REDUCTION OF F <= FACTR*EPSMCH,183,3354,544.953774469171
16.69999999999999,3,True,0,CONVERGENCE: RELATIVE REDUCTION OF F <= FACTR*EPSMCH,259,5590,857.2354567877001
16.69999999999999,4,True,0,CONVERGENCE: RELATIVE REDUCTION OF F <= FACTR*EPSMCH,1,39,9365.477904998446
16.69999999999999,5,True,0,CONVERGENCE: RELATIVE REDUCTION OF F <= FACTR*EPSMCH,1,39,8068.980110184755
16.69999999999999,6,True,0,CONVERGENCE: RELATIVE REDUCTION OF F <= FACTR*EPSMCH,1,39,4917.5952288602375
16.69999999999999,7,True,0,CONVERGENCE: RELATIVE REDUCTION OF F <= FACTR*EPSMCH,185,3263,871.8949635684909
16.69999999999999,8,True,0,CONVERGENCE: RELATIVE REDUCTION OF F <= FACTR*EPSMCH,1,39,11093.718556863889
16.69999999999999,9,True,0,CONVERGENCE: RELATIVE REDUCTION OF F <= FACTR*EPSMCH,1,39,13201.276917032517
16.69999999999999,10,True,0,CONVERGENCE: RELATIVE REDUCTION OF F <= FACTR*EPSMCH,61,4134,1353.0053982827399
16.69999999999999,11,True,0,CONVERGENCE: RELATIVE REDUCTION OF F <= FACTR*EPSMCH,22,507,7579.785925624854
16.69999999999999,12,True,0,CONVERGENCE: RELATIVE REDUCTION OF F <= FACTR*EPSMCH,25,455,2972.625334728935
16.69999999999999,13,True,0,CONVERGENCE: RELATIVE REDUCTION OF F <= FACTR*EPSMCH,9,299,6093.683261709451
16.69999999999999,14,True,0,CONVERGENCE: RELATIVE REDUCTION OF F <= FACTR*EPSMCH,1,39,12708.424495237876
16.69999999999999,15,True,0,CONVERGENCE: RELATIVE REDUCTION OF F <= FACTR*EPSMCH,100,2444,932.2750138004344
16.69999999999999,16,True,0,CONVERGENCE: RELATIVE REDUCTION OF F <= FACTR*EPSMCH,1,39,4574.548033446792
16.69999999999999,17,True,0,CONVERGENCE: RELATIVE REDUCTION OF F <= FACTR*EPSMCH,1,39,8809.158603695207
16.69999999999999,18,True,0,CONVERGENCE: RELATIVE REDUCTION OF F <= FACTR*EPSMCH,163,3341,820.1844759497484
16.69999999999999,19,True,0,CONVERGENCE: RELATIVE REDUCTION OF F <= FACTR*EPSMCH,1,39,11090.546562112966
16.69999999999999,20,True,0,CONVERGENCE: RELATIVE REDUCTION OF F <= FACTR*EPSMCH,1,39,12265.5994038798
16.79999999999999,1,True,0,CONVERGENCE: RELATIVE REDUCTION OF F <= FACTR*EPSMCH,9,897,10570.766512690701
16.79999999999999,2,True,0,CONVERGENCE: RELATIVE REDUCTION OF F <= FACTR*EPSMCH,1,39,12697.642868678648
16.79999999999999,3,True,0,CONVERGENCE: RELATIVE REDUCTION OF F <= FACTR*EPSMCH,1,39,11325.341670735388
16.79999999999999,4,True,0,CONVERGENCE: RELATIVE REDUCTION OF F <= FACTR*EPSMCH,1,39,8796.42699054427
16.79999999999999,5,True,0,CONVERGENCE: RELATIVE REDUCTION OF F <= FACTR*EPSMCH,1,39,4561.325385999512
16.79999999999999,6,True,0,CONVERGENCE: RELATIVE REDUCTION OF F <= FACTR*EPSMCH,103,1716,967.1269024605178
16.79999999999999,7,True,0,CONVERGENCE: RELATIVE REDUCTION OF F <= FACTR*EPSMCH,186,3211,850.5182422728838
16.79999999999999,8,True,0,CONVERGENCE: RELATIVE REDUCTION OF F <= FACTR*EPSMCH,1,39,12675.787335486897
16.79999999999999,9,False,2,ABNORMAL: ,207,4719,571.7987713129562
16.79999999999999,10,True,0,CONVERGENCE: RELATIVE REDUCTION OF F <= FACTR*EPSMCH,1,39,9880.571695784633
16.79999999999999,11,True,0,CONVERGENCE: RELATIVE REDUCTION OF F <= FACTR*EPSMCH,1,39,13485.945586075768
16.79999999999999,12,True,0,CONVERGENCE: RELATIVE REDUCTION OF F <= FACTR*EPSMCH,1,39,9363.799971310178
16.79999999999999,13,True,0,CONVERGENCE: RELATIVE REDUCTION OF F <= FACTR*EPSMCH,388,7891,489.21713775381534
16.79999999999999,14,True,0,CONVERGENCE: RELATIVE REDUCTION OF F <= FACTR*EPSMCH,1,39,3082.585554243403
16.79999999999999,15,True,0,CONVERGENCE: RELATIVE REDUCTION OF F <= FACTR*EPSMCH,18,351,9555.548658298787
16.79999999999999,16,True,0,CONVERGENCE: RELATIVE REDUCTION OF F <= FACTR*EPSMCH,136,2392,862.171130659846
16.79999999999999,17,True,0,CONVERGENCE: RELATIVE REDUCTION OF F <= FACTR*EPSMCH,1,39,11093.68075319363
16.79999999999999,18,True,0,CONVERGENCE: RELATIVE REDUCTION OF F <= FACTR*EPSMCH,158,3588,586.937152440376
16.79999999999999,19,True,0,CONVERGENCE: RELATIVE REDUCTION OF F <= FACTR*EPSMCH,51,1040,1765.765255292293
16.79999999999999,20,True,0,CONVERGENCE: RELATIVE REDUCTION OF F <= FACTR*EPSMCH,343,6734,499.37207483835294
16.89999999999999,1,True,0,CONVERGENCE: RELATIVE REDUCTION OF F <= FACTR*EPSMCH,234,5083,623.5093298464467
16.89999999999999,2,True,0,CONVERGENCE: RELATIVE REDUCTION OF F <= FACTR*EPSMCH,59,1066,950.8231681080098
16.89999999999999,3,True,0,CONVERGENCE: RELATIVE REDUCTION OF F <= FACTR*EPSMCH,1,39,11052.795192080692
16.89999999999999,4,True,0,CONVERGENCE: RELATIVE REDUCTION OF F <= FACTR*EPSMCH,77,2366,862.7708514801312
16.89999999999999,5,True,0,CONVERGENCE: RELATIVE REDUCTION OF F <= FACTR*EPSMCH,1,39,11435.422037615219
16.89999999999999,6,False,2,ABNORMAL: ,105,4121,1136.1036723602078
16.89999999999999,7,True,0,CONVERGENCE: RELATIVE REDUCTION OF F <= FACTR*EPSMCH,1,39,3008.706577753981
16.89999999999999,8,True,0,CONVERGENCE: RELATIVE REDUCTION OF F <= FACTR*EPSMCH,22,442,1522.0413983103874
16.89999999999999,9,True,0,CONVERGENCE: RELATIVE REDUCTION OF F <= FACTR*EPSMCH,1,39,13481.801591432735
16.89999999999999,10,True,0,CONVERGENCE: RELATIVE REDUCTION OF F <= FACTR*EPSMCH,1,39,13038.117677178514
16.89999999999999,11,True,0,CONVERGENCE: RELATIVE REDUCTION OF F <= FACTR*EPSMCH,1,39,9523.94085113907
16.89999999999999,12,True,0,CONVERGENCE: RELATIVE REDUCTION OF F <= FACTR*EPSMCH,18,377,3356.143610570327
16.89999999999999,13,True,0,CONVERGENCE: RELATIVE REDUCTION OF F <= FACTR*EPSMCH,75,2028,923.7270651126433
16.89999999999999,14,True,0,CONVERGENCE: RELATIVE REDUCTION OF F <= FACTR*EPSMCH,1,39,10473.440505270748
16.89999999999999,15,True,0,CONVERGENCE: RELATIVE REDUCTION OF F <= FACTR*EPSMCH,26,507,4305.2050534409445
16.89999999999999,16,True,0,CONVERGENCE: RELATIVE REDUCTION OF F <= FACTR*EPSMCH,121,2808,1160.6728416918838
16.89999999999999,17,True,0,CONVERGENCE: RELATIVE REDUCTION OF F <= FACTR*EPSMCH,1,39,10378.188989897739
16.89999999999999,18,True,0,CONVERGENCE: RELATIVE REDUCTION OF F <= FACTR*EPSMCH,85,1612,602.4207747238103
16.89999999999999,19,True,0,CONVERGENCE: RELATIVE REDUCTION OF F <= FACTR*EPSMCH,1,39,13257.244734604115
16.89999999999999,20,True,0,CONVERGENCE: RELATIVE REDUCTION OF F <= FACTR*EPSMCH,1,39,12946.118322285007
16.99999999999999,1,True,0,CONVERGENCE: RELATIVE REDUCTION OF F <= FACTR*EPSMCH,1,39,13249.046269843715
16.99999999999999,2,True,0,CONVERGENCE: RELATIVE REDUCTION OF F <= FACTR*EPSMCH,1,39,10460.466136931575
16.99999999999999,3,True,0,CONVERGENCE: RELATIVE REDUCTION OF F <= FACTR*EPSMCH,55,1118,1204.3717384594113
16.99999999999999,4,True,0,CONVERGENCE: RELATIVE REDUCTION OF F <= FACTR*EPSMCH,38,949,2797.8080637742937
16.99999999999999,5,True,0,CONVERGENCE: RELATIVE REDUCTION OF F <= FACTR*EPSMCH,1,39,13711.60570768368
16.99999999999999,6,True,0,CONVERGENCE: RELATIVE REDUCTION OF F <= FACTR*EPSMCH,1,39,10483.59229723197
16.99999999999999,7,True,0,CONVERGENCE: RELATIVE REDUCTION OF F <= FACTR*EPSMCH,240,4485,486.62655845658236
16.99999999999999,8,True,0,CONVERGENCE: RELATIVE REDUCTION OF F <= FACTR*EPSMCH,88,1638,2385.7365749097075
16.99999999999999,9,True,0,CONVERGENCE: RELATIVE REDUCTION OF F <= FACTR*EPSMCH,20,403,2888.465101199792
16.99999999999999,10,True,0,CONVERGENCE: RELATIVE REDUCTION OF F <= FACTR*EPSMCH,1,39,8658.126451534543
16.99999999999999,11,True,0,CONVERGENCE: RELATIVE REDUCTION OF F <= FACTR*EPSMCH,1,39,4969.2886223148325
16.99999999999999,12,True,0,CONVERGENCE: RELATIVE REDUCTION OF F <= FACTR*EPSMCH,25,533,788.8349816696679
16.99999999999999,13,True,0,CONVERGENCE: RELATIVE REDUCTION OF F <= FACTR*EPSMCH,1,39,13102.550049938036
16.99999999999999,14,True,0,CONVERGENCE: RELATIVE REDUCTION OF F <= FACTR*EPSMCH,1,39,11541.763043617004
16.99999999999999,15,True,0,CONVERGENCE: RELATIVE REDUCTION OF F <= FACTR*EPSMCH,17,416,2508.7498470810897
16.99999999999999,16,True,0,CONVERGENCE: RELATIVE REDUCTION OF F <= FACTR*EPSMCH,1,39,10275.357429204683
16.99999999999999,17,True,0,CONVERGENCE: RELATIVE REDUCTION OF F <= FACTR*EPSMCH,125,3887,1237.5817990383812
16.99999999999999,18,True,0,CONVERGENCE: RELATIVE REDUCTION OF F <= FACTR*EPSMCH,1,39,14068.273453139835
16.99999999999999,19,True,0,CONVERGENCE: RELATIVE REDUCTION OF F <= FACTR*EPSMCH,1,39,11776.768977655129
16.99999999999999,20,True,0,CONVERGENCE: RELATIVE REDUCTION OF F <= FACTR*EPSMCH,15,273,9911.867594993093
17.099999999999987,1,True,0,CONVERGENCE: RELATIVE REDUCTION OF F <= FACTR*EPSMCH,176,3939,632.7409738534391
17.099999999999987,2,True,0,CONVERGENCE: RELATIVE REDUCTION OF F <= FACTR*EPSMCH,1,39,7309.723716367878
17.099999999999987,3,True,0,CONVERGENCE: RELATIVE REDUCTION OF F <= FACTR*EPSMCH,1,39,13933.115213200552
17.099999999999987,4,True,0,CONVERGENCE: RELATIVE REDUCTION OF F <= FACTR*EPSMCH,583,11856,432.21191201157825
17.099999999999987,5,True,0,CONVERGENCE: RELATIVE REDUCTION OF F <= FACTR*EPSMCH,1,39,10356.530930938665
17.099999999999987,6,True,0,CONVERGENCE: RELATIVE REDUCTION OF F <= FACTR*EPSMCH,1,39,11555.566241107901
17.099999999999987,7,True,0,CONVERGENCE: RELATIVE REDUCTION OF F <= FACTR*EPSMCH,1,39,12292.585753882502
17.099999999999987,8,True,0,CONVERGENCE: RELATIVE REDUCTION OF F <= FACTR*EPSMCH,9,1105,10946.645320897314
17.099999999999987,9,True,0,CONVERGENCE: RELATIVE REDUCTION OF F <= FACTR*EPSMCH,202,3835,444.42575857099104
17.099999999999987,10,True,0,CONVERGENCE: RELATIVE REDUCTION OF F <= FACTR*EPSMCH,1,39,4664.019494806769
17.099999999999987,11,True,0,CONVERGENCE: RELATIVE REDUCTION OF F <= FACTR*EPSMCH,1,39,8648.293176302499
17.099999999999987,12,True,0,CONVERGENCE: RELATIVE REDUCTION OF F <= FACTR*EPSMCH,23,455,3071.112607992449
17.099999999999987,13,True,0,CONVERGENCE: RELATIVE REDUCTION OF F <= FACTR*EPSMCH,1,39,13890.771174644035
17.099999999999987,14,True,0,CONVERGENCE: RELATIVE REDUCTION OF F <= FACTR*EPSMCH,72,1313,3298.8339238780977
17.099999999999987,15,True,0,CONVERGENCE: RELATIVE REDUCTION OF F <= FACTR*EPSMCH,53,1066,6424.186019420289
17.099999999999987,16,False,2,ABNORMAL: ,24,2119,9173.288544437433
17.099999999999987,17,True,0,CONVERGENCE: RELATIVE REDUCTION OF F <= FACTR*EPSMCH,1,39,14475.216608061452
17.099999999999987,18,True,0,CONVERGENCE: RELATIVE REDUCTION OF F <= FACTR*EPSMCH,1,39,13985.960533474146
17.099999999999987,19,True,0,CONVERGENCE: RELATIVE REDUCTION OF F <= FACTR*EPSMCH,1,39,10513.877590685157
17.099999999999987,20,True,0,CONVERGENCE: RELATIVE REDUCTION OF F <= FACTR*EPSMCH,1,39,9084.326557918075
17.19999999999999,1,True,0,CONVERGENCE: RELATIVE REDUCTION OF F <= FACTR*EPSMCH,1,39,9074.710549215424
17.19999999999999,2,True,0,CONVERGENCE: RELATIVE REDUCTION OF F <= FACTR*EPSMCH,1,39,10450.423373537855
17.19999999999999,3,True,0,CONVERGENCE: RELATIVE REDUCTION OF F <= FACTR*EPSMCH,1,39,7533.84550311325
17.19999999999999,4,True,0,CONVERGENCE: RELATIVE REDUCTION OF F <= FACTR*EPSMCH,1,39,13983.81798545924
17.19999999999999,5,True,0,CONVERGENCE: RELATIVE REDUCTION OF F <= FACTR*EPSMCH,81,2483,771.2461688409813
17.19999999999999,6,False,2,ABNORMAL: ,18,1963,9179.122532459478
17.19999999999999,7,True,0,CONVERGENCE: RELATIVE REDUCTION OF F <= FACTR*EPSMCH,1,39,11323.694525160274
17.19999999999999,8,True,0,CONVERGENCE: RELATIVE REDUCTION OF F <= FACTR*EPSMCH,1,39,10123.260619529385
17.19999999999999,9,True,0,CONVERGENCE: RELATIVE REDUCTION OF F <= FACTR*EPSMCH,1,39,10395.318798436207
17.19999999999999,10,True,0,CONVERGENCE: RELATIVE REDUCTION OF F <= FACTR*EPSMCH,20,507,2097.4281507080386
17.19999999999999,11,True,0,CONVERGENCE: RELATIVE REDUCTION OF F <= FACTR*EPSMCH,1,39,11238.779396079175
17.19999999999999,12,True,0,CONVERGENCE: RELATIVE REDUCTION OF F <= FACTR*EPSMCH,1,39,13890.767310562966
17.19999999999999,13,True,0,CONVERGENCE: RELATIVE REDUCTION OF F <= FACTR*EPSMCH,25,442,2617.95539633212
17.19999999999999,14,True,0,CONVERGENCE: RELATIVE REDUCTION OF F <= FACTR*EPSMCH,152,4004,660.3475928730018
17.19999999999999,15,True,0,CONVERGENCE: RELATIVE REDUCTION OF F <= FACTR*EPSMCH,9,1144,10946.511428412854
17.19999999999999,16,True,0,CONVERGENCE: RELATIVE REDUCTION OF F <= FACTR*EPSMCH,1,39,12377.844779085957
17.19999999999999,17,False,2,ABNORMAL: ,104,2886,572.7877475523402
17.19999999999999,18,True,0,CONVERGENCE: RELATIVE REDUCTION OF F <= FACTR*EPSMCH,13,1716,10410.05095181391
17.19999999999999,19,True,0,CONVERGENCE: RELATIVE REDUCTION OF F <= FACTR*EPSMCH,112,2496,624.740856530361
17.19999999999999,20,True,0,CONVERGENCE: RELATIVE REDUCTION OF F <= FACTR*EPSMCH,1,39,7297.05424690182
17.29999999999999,1,True,0,CONVERGENCE: RELATIVE REDUCTION OF F <= FACTR*EPSMCH,107,2002,991.4031254081972
17.29999999999999,2,True,0,CONVERGENCE: RELATIVE REDUCTION OF F <= FACTR*EPSMCH,16,312,2162.9302989205426
17.29999999999999,3,True,0,CONVERGENCE: RELATIVE REDUCTION OF F <= FACTR*EPSMCH,62,1170,697.7225166417672
17.29999999999999,4,False,2,ABNORMAL: ,8,754,10409.619897023054
17.29999999999999,5,True,0,CONVERGENCE: RELATIVE REDUCTION OF F <= FACTR*EPSMCH,138,3133,577.2608492938944
17.29999999999999,6,True,0,CONVERGENCE: RELATIVE REDUCTION OF F <= FACTR*EPSMCH,1,39,11016.112583155535
17.29999999999999,7,True,0,CONVERGENCE: RELATIVE REDUCTION OF F <= FACTR*EPSMCH,71,1677,974.6519459957158
17.29999999999999,8,True,0,CONVERGENCE: RELATIVE REDUCTION OF F <= FACTR*EPSMCH,17,481,4160.944947425482
17.29999999999999,9,True,0,CONVERGENCE: RELATIVE REDUCTION OF F <= FACTR*EPSMCH,1,39,6524.869698064758
17.29999999999999,10,True,0,CONVERGENCE: RELATIVE REDUCTION OF F <= FACTR*EPSMCH,27,1040,4635.612523565869
17.29999999999999,11,True,0,CONVERGENCE: RELATIVE REDUCTION OF F <= FACTR*EPSMCH,1,39,11244.450437398391
17.29999999999999,12,True,0,CONVERGENCE: RELATIVE REDUCTION OF F <= FACTR*EPSMCH,21,520,1732.99157804573
17.29999999999999,13,True,0,CONVERGENCE: RELATIVE REDUCTION OF F <= FACTR*EPSMCH,1,39,10387.930942342233
17.29999999999999,14,True,0,CONVERGENCE: RELATIVE REDUCTION OF F <= FACTR*EPSMCH,1,39,10122.780078201951
17.29999999999999,15,True,0,CONVERGENCE: RELATIVE REDUCTION OF F <= FACTR*EPSMCH,1,39,11323.058623540937
17.29999999999999,16,True,0,CONVERGENCE: RELATIVE REDUCTION OF F <= FACTR*EPSMCH,103,2756,744.7121139886827
17.29999999999999,17,True,0,CONVERGENCE: RELATIVE REDUCTION OF F <= FACTR*EPSMCH,1,39,7526.4954359228595
17.29999999999999,18,True,0,CONVERGENCE: RELATIVE REDUCTION OF F <= FACTR*EPSMCH,1,39,9066.55271091127
17.29999999999999,19,True,0,CONVERGENCE: RELATIVE REDUCTION OF F <= FACTR*EPSMCH,1,39,10393.891895406927
17.29999999999999,20,True,0,CONVERGENCE: RELATIVE REDUCTION OF F <= FACTR*EPSMCH,1,39,13982.088302374734
17.399999999999988,1,True,0,CONVERGENCE: RELATIVE REDUCTION OF F <= FACTR*EPSMCH,1,39,6100.843354089655
17.399999999999988,2,True,0,CONVERGENCE: RELATIVE REDUCTION OF F <= FACTR*EPSMCH,29,663,7919.96320806894
17.399999999999988,3,True,0,CONVERGENCE: RELATIVE REDUCTION OF F <= FACTR*EPSMCH,1,39,13800.910144064826
17.399999999999988,4,True,0,CONVERGENCE: RELATIVE REDUCTION OF F <= FACTR*EPSMCH,22,403,3485.358342843092
17.399999999999988,5,True,0,CONVERGENCE: RELATIVE REDUCTION OF F <= FACTR*EPSMCH,14,273,8546.987633518049
17.399999999999988,6,True,0,CONVERGENCE: RELATIVE REDUCTION OF F <= FACTR*EPSMCH,1,39,6502.491053266298
17.399999999999988,7,True,0,CONVERGENCE: RELATIVE REDUCTION OF F <= FACTR*EPSMCH,157,4290,715.4356170885451
17.399999999999988,8,True,0,CONVERGENCE: RELATIVE REDUCTION OF F <= FACTR*EPSMCH,1,39,11013.226320474587
17.399999999999988,9,True,0,CONVERGENCE: RELATIVE REDUCTION OF F <= FACTR*EPSMCH,1,39,13116.435088892129
17.399999999999988,10,True,0,CONVERGENCE: RELATIVE REDUCTION OF F <= FACTR*EPSMCH,95,1755,998.9640655138746
17.399999999999988,11,True,0,CONVERGENCE: RELATIVE REDUCTION OF F <= FACTR*EPSMCH,1,39,7005.4368113313485
17.399999999999988,12,True,0,CONVERGENCE: RELATIVE REDUCTION OF F <= FACTR*EPSMCH,1,39,10628.46323494071
17.399999999999988,13,True,0,CONVERGENCE: RELATIVE REDUCTION OF F <= FACTR*EPSMCH,13,260,2500.4102353443495
17.399999999999988,14,True,0,CONVERGENCE: RELATIVE REDUCTION OF F <= FACTR*EPSMCH,61,1261,656.2622828702825
17.399999999999988,15,False,2,ABNORMAL: ,8,754,10409.281098958472
17.399999999999988,16,True,0,CONVERGENCE: RELATIVE REDUCTION OF F <= FACTR*EPSMCH,67,2327,573.7296129535382
17.399999999999988,17,True,0,CONVERGENCE: RELATIVE REDUCTION OF F <= FACTR*EPSMCH,23,390,974.461527513033
17.399999999999988,18,True,0,CONVERGENCE: RELATIVE REDUCTION OF F <= FACTR*EPSMCH,204,4121,649.150876512835
17.399999999999988,19,True,0,CONVERGENCE: RELATIVE REDUCTION OF F <= FACTR*EPSMCH,78,2522,646.8908878950945
17.399999999999988,20,True,0,CONVERGENCE: RELATIVE REDUCTION OF F <= FACTR*EPSMCH,1,39,11248.964560161596
17.499999999999986,1,True,0,CONVERGENCE: RELATIVE REDUCTION OF F <= FACTR*EPSMCH,1,39,7009.921753903382
17.499999999999986,2,True,0,CONVERGENCE: RELATIVE REDUCTION OF F <= FACTR*EPSMCH,1,39,10626.969445056448
17.499999999999986,3,True,0,CONVERGENCE: RELATIVE REDUCTION OF F <= FACTR*EPSMCH,1,39,13116.54356551038
17.499999999999986,4,True,0,CONVERGENCE: RELATIVE REDUCTION OF F <= FACTR*EPSMCH,22,351,895.523475178361
17.499999999999986,5,False,2,ABNORMAL: ,135,3822,623.0049150294777
17.499999999999986,6,True,0,CONVERGENCE: RELATIVE REDUCTION OF F <= FACTR*EPSMCH,41,741,4422.643802157363
17.499999999999986,7,True,0,CONVERGENCE: RELATIVE REDUCTION OF F <= FACTR*EPSMCH,1,39,1262.3587296725154
17.499999999999986,8,True,0,CONVERGENCE: RELATIVE REDUCTION OF F <= FACTR*EPSMCH,1,39,13794.195132911693
17.499999999999986,9,True,0,CONVERGENCE: RELATIVE REDUCTION OF F <= FACTR*EPSMCH,9,208,9591.73911086879
17.499999999999986,10,True,0,CONVERGENCE: RELATIVE REDUCTION OF F <= FACTR*EPSMCH,1,39,6089.089303301113
17.499999999999986,11,True,0,CONVERGENCE: RELATIVE REDUCTION OF F <= FACTR*EPSMCH,1,39,10661.353306565714
17.499999999999986,12,True,0,CONVERGENCE: RELATIVE REDUCTION OF F <= FACTR*EPSMCH,163,2821,455.8186482921228
17.499999999999986,13,True,0,CONVERGENCE: RELATIVE REDUCTION OF F <= FACTR*EPSMCH,47,1612,857.1598308905005
17.499999999999986,14,True,0,CONVERGENCE: RELATIVE REDUCTION OF F <= FACTR*EPSMCH,112,2158,971.676872579533
17.499999999999986,15,True,0,CONVERGENCE: RELATIVE REDUCTION OF F <= FACTR*EPSMCH,214,4602,561.526662560472
17.499999999999986,16,True,0,CONVERGENCE: RELATIVE REDUCTION OF F <= FACTR*EPSMCH,1,39,6482.220386581676
17.499999999999986,17,True,0,CONVERGENCE: RELATIVE REDUCTION OF F <= FACTR*EPSMCH,1,39,12377.571113891285
17.499999999999986,18,False,2,ABNORMAL: ,117,3133,569.8149642789942
17.499999999999986,19,True,0,CONVERGENCE: RELATIVE REDUCTION OF F <= FACTR*EPSMCH,194,4602,666.8039466093085
17.499999999999986,20,True,0,CONVERGENCE: RELATIVE REDUCTION OF F <= FACTR*EPSMCH,1,39,11010.655022331703
17.599999999999987,1,True,0,CONVERGENCE: RELATIVE REDUCTION OF F <= FACTR*EPSMCH,1,39,10628.434816540326
17.599999999999987,2,False,2,ABNORMAL: ,52,2483,648.9849121033787
17.599999999999987,3,True,0,CONVERGENCE: RELATIVE REDUCTION OF F <= FACTR*EPSMCH,256,5174,438.11925796163655
17.599999999999987,4,True,0,CONVERGENCE: RELATIVE REDUCTION OF F <= FACTR*EPSMCH,155,3107,617.2144754522841
17.599999999999987,5,True,0,CONVERGENCE: RELATIVE REDUCTION OF F <= FACTR*EPSMCH,1,39,1255.3454063785096
17.599999999999987,6,True,0,CONVERGENCE: RELATIVE REDUCTION OF F <= FACTR*EPSMCH,108,2366,598.6457914704517
17.599999999999987,7,True,0,CONVERGENCE: RELATIVE REDUCTION OF F <= FACTR*EPSMCH,1,39,12379.070052699757
17.599999999999987,8,True,0,CONVERGENCE: RELATIVE REDUCTION OF F <= FACTR*EPSMCH,120,2756,532.7601009016306
17.599999999999987,9,True,0,CONVERGENCE: RELATIVE REDUCTION OF F <= FACTR*EPSMCH,24,390,834.8413278956797
17.599999999999987,10,True,0,CONVERGENCE: RELATIVE REDUCTION OF F <= FACTR*EPSMCH,1,39,10625.633641375263
17.599999999999987,11,True,0,CONVERGENCE: RELATIVE REDUCTION OF F <= FACTR*EPSMCH,1,39,10337.169487810503
17.599999999999987,12,True,0,CONVERGENCE: RELATIVE REDUCTION OF F <= FACTR*EPSMCH,1,39,13826.89371740371
17.599999999999987,13,True,0,CONVERGENCE: RELATIVE REDUCTION OF F <= FACTR*EPSMCH,20,429,9893.597516534228
17.599999999999987,14,True,0,CONVERGENCE: RELATIVE REDUCTION OF F <= FACTR*EPSMCH,223,4719,531.1210131404587
17.599999999999987,15,True,0,CONVERGENCE: RELATIVE REDUCTION OF F <= FACTR*EPSMCH,1,39,7013.701929780134
17.599999999999987,16,True,0,CONVERGENCE: RELATIVE REDUCTION OF F <= FACTR*EPSMCH,14,286,7692.551158055247
17.599999999999987,17,True,0,CONVERGENCE: RELATIVE REDUCTION OF F <= FACTR*EPSMCH,9,195,1979.0507670391776
17.599999999999987,18,True,0,CONVERGENCE: RELATIVE REDUCTION OF F <= FACTR*EPSMCH,1,39,8570.712048803298
17.599999999999987,19,True,0,CONVERGENCE: RELATIVE REDUCTION OF F <= FACTR*EPSMCH,169,3822,668.9308011709369
17.599999999999987,20,True,0,CONVERGENCE: RELATIVE REDUCTION OF F <= FACTR*EPSMCH,107,2340,600.2358170814484
17.69999999999999,1,True,0,CONVERGENCE: RELATIVE REDUCTION OF F <= FACTR*EPSMCH,288,5148,416.8876232951054
17.69999999999999,2,True,0,CONVERGENCE: RELATIVE REDUCTION OF F <= FACTR*EPSMCH,9,169,2132.725213207195
17.69999999999999,3,True,0,CONVERGENCE: RELATIVE REDUCTION OF F <= FACTR*EPSMCH,145,2847,887.5304159208267
17.69999999999999,4,True,0,CONVERGENCE: RELATIVE REDUCTION OF F <= FACTR*EPSMCH,20,429,9894.069123826672
17.69999999999999,5,True,0,CONVERGENCE: RELATIVE REDUCTION OF F <= FACTR*EPSMCH,1,39,13824.62609129994
17.69999999999999,6,True,0,CONVERGENCE: RELATIVE REDUCTION OF F <= FACTR*EPSMCH,1,39,8566.09441547047
17.69999999999999,7,True,0,CONVERGENCE: RELATIVE REDUCTION OF F <= FACTR*EPSMCH,68,1755,1095.9817271585985
17.69999999999999,8,True,0,CONVERGENCE: RELATIVE REDUCTION OF F <= FACTR*EPSMCH,1,39,10350.986594336866
17.69999999999999,9,True,0,CONVERGENCE: RELATIVE REDUCTION OF F <= FACTR*EPSMCH,252,4784,442.93109788961755
17.69999999999999,10,False,2,ABNORMAL: ,211,4290,472.388718789937
17.69999999999999,11,True,0,CONVERGENCE: RELATIVE REDUCTION OF F <= FACTR*EPSMCH,1,39,12380.292524076927
17.69999999999999,12,True,0,CONVERGENCE: RELATIVE REDUCTION OF F <= FACTR*EPSMCH,302,6292,408.2092403201202
17.69999999999999,13,True,0,CONVERGENCE: RELATIVE REDUCTION OF F <= FACTR*EPSMCH,158,3276,916.4396253731888
17.69999999999999,14,True,0,CONVERGENCE: RELATIVE REDUCTION OF F <= FACTR*EPSMCH,158,3315,582.8394111938645
17.69999999999999,15,True,0,CONVERGENCE: RELATIVE REDUCTION OF F <= FACTR*EPSMCH,165,2821,552.4587380800034
17.69999999999999,16,True,0,CONVERGENCE: RELATIVE REDUCTION OF F <= FACTR*EPSMCH,20,390,2144.9376875113467
17.69999999999999,17,True,0,CONVERGENCE: RELATIVE REDUCTION OF F <= FACTR*EPSMCH,13,351,3285.1829672123104
17.69999999999999,18,True,0,CONVERGENCE: RELATIVE REDUCTION OF F <= FACTR*EPSMCH,1,39,10601.040770290807
17.69999999999999,19,True,0,CONVERGENCE: RELATIVE REDUCTION OF F <= FACTR*EPSMCH,70,2106,820.0192941842648
17.69999999999999,20,False,2,ABNORMAL: ,180,4394,544.4766365756888
17.799999999999986,1,True,0,CONVERGENCE: RELATIVE REDUCTION OF F <= FACTR*EPSMCH,1,39,13255.299671296269
17.799999999999986,2,True,0,CONVERGENCE: RELATIVE REDUCTION OF F <= FACTR*EPSMCH,117,2808,568.3864143259322
17.799999999999986,3,True,0,CONVERGENCE: RELATIVE REDUCTION OF F <= FACTR*EPSMCH,109,1716,730.8789327155293
17.799999999999986,4,True,0,CONVERGENCE: RELATIVE REDUCTION OF F <= FACTR*EPSMCH,160,2964,597.8554352488585
17.799999999999986,5,True,0,CONVERGENCE: RELATIVE REDUCTION OF F <= FACTR*EPSMCH,151,3653,939.3965178179606
17.799999999999986,6,True,0,CONVERGENCE: RELATIVE REDUCTION OF F <= FACTR*EPSMCH,507,9789,402.57605329814487
17.799999999999986,7,True,0,CONVERGENCE: RELATIVE REDUCTION OF F <= FACTR*EPSMCH,165,3133,588.2864356430275
17.799999999999986,8,True,0,CONVERGENCE: RELATIVE REDUCTION OF F <= FACTR*EPSMCH,32,663,1205.7580151386703
17.799999999999986,9,True,0,CONVERGENCE: RELATIVE REDUCTION OF F <= FACTR*EPSMCH,553,10478,402.3664439173545
17.799999999999986,10,False,2,ABNORMAL: ,72,2587,612.0343703014245
17.799999999999986,11,True,0,CONVERGENCE: RELATIVE REDUCTION OF F <= FACTR*EPSMCH,1,39,2957.419201715741
17.799999999999986,12,True,0,CONVERGENCE: RELATIVE REDUCTION OF F <= FACTR*EPSMCH,1,39,10093.203158787655
17.799999999999986,13,True,0,CONVERGENCE: RELATIVE REDUCTION OF F <= FACTR*EPSMCH,1,39,10203.07906273638
17.799999999999986,14,True,0,CONVERGENCE: RELATIVE REDUCTION OF F <= FACTR*EPSMCH,36,676,5409.334727060041
17.799999999999986,15,True,0,CONVERGENCE: RELATIVE REDUCTION OF F <= FACTR*EPSMCH,1,39,7193.624512637312
17.799999999999986,16,True,0,CONVERGENCE: RELATIVE REDUCTION OF F <= FACTR*EPSMCH,1,39,13030.318899838478
17.799999999999986,17,True,0,CONVERGENCE: RELATIVE REDUCTION OF F <= FACTR*EPSMCH,19,416,5045.577740107422
17.799999999999986,18,True,0,CONVERGENCE: RELATIVE REDUCTION OF F <= FACTR*EPSMCH,1,39,12545.36525035624
17.799999999999986,19,False,2,ABNORMAL: ,95,2431,619.4475374001807
17.799999999999986,20,True,0,CONVERGENCE: RELATIVE REDUCTION OF F <= FACTR*EPSMCH,50,1690,1089.7602010576447
17.899999999999984,1,True,0,CONVERGENCE: RELATIVE REDUCTION OF F <= FACTR*EPSMCH,1,39,11653.53813072948
17.899999999999984,2,True,0,CONVERGENCE: RELATIVE REDUCTION OF F <= FACTR*EPSMCH,81,1924,622.2406423862901
17.899999999999984,3,True,0,CONVERGENCE: RELATIVE REDUCTION OF F <= FACTR*EPSMCH,1,39,12548.105731360707
17.899999999999984,4,True,0,CONVERGENCE: RELATIVE REDUCTION OF F <= FACTR*EPSMCH,19,416,5047.420783921499
17.899999999999984,5,True,0,CONVERGENCE: RELATIVE REDUCTION OF F <= FACTR*EPSMCH,1,39,13030.149672177824
17.899999999999984,6,True,0,CONVERGENCE: RELATIVE REDUCTION OF F <= FACTR*EPSMCH,1,39,7187.464904317759
17.899999999999984,7,False,2,ABNORMAL: ,88,2717,997.1260091139617
17.899999999999984,8,False,2,ABNORMAL: ,370,7826,417.4813047174204
17.899999999999984,9,True,0,CONVERGENCE: RELATIVE REDUCTION OF F <= FACTR*EPSMCH,1,39,10203.16529178197
17.899999999999984,10,True,0,CONVERGENCE: RELATIVE REDUCTION OF F <= FACTR*EPSMCH,1,39,10112.551753678832
17.899999999999984,11,True,0,CONVERGENCE: RELATIVE REDUCTION OF F <= FACTR*EPSMCH,1,39,2858.704459382548
17.899999999999984,12,True,0,CONVERGENCE: RELATIVE REDUCTION OF F <= FACTR*EPSMCH,382,6773,404.85122583508195
17.899999999999984,13,False,2,ABNORMAL: ,79,2587,635.4966393467124
17.899999999999984,14,True,0,CONVERGENCE: RELATIVE REDUCTION OF F <= FACTR*EPSMCH,61,1729,1129.8558441579962
17.899999999999984,15,True,0,CONVERGENCE: RELATIVE REDUCTION OF F <= FACTR*EPSMCH,27,1300,969.3244705097094
17.899999999999984,16,True,0,CONVERGENCE: RELATIVE REDUCTION OF F <= FACTR*EPSMCH,1,39,13196.147617546765
17.899999999999984,17,False,2,ABNORMAL: ,271,5486,529.0166660869402
17.899999999999984,18,True,0,CONVERGENCE: RELATIVE REDUCTION OF F <= FACTR*EPSMCH,138,2613,731.581711941009
17.899999999999984,19,True,0,CONVERGENCE: RELATIVE REDUCTION OF F <= FACTR*EPSMCH,19,364,1905.143387186214
17.899999999999984,20,True,0,CONVERGENCE: RELATIVE REDUCTION OF F <= FACTR*EPSMCH,10,754,9059.918718504043
17.999999999999986,1,True,0,CONVERGENCE: RELATIVE REDUCTION OF F <= FACTR*EPSMCH,1,39,11814.70737459522
17.999999999999986,2,True,0,CONVERGENCE: RELATIVE REDUCTION OF F <= FACTR*EPSMCH,1,39,9224.102824198491
17.999999999999986,3,True,0,CONVERGENCE: RELATIVE REDUCTION OF F <= FACTR*EPSMCH,69,2444,986.9107139901764
17.999999999999986,4,True,0,CONVERGENCE: RELATIVE REDUCTION OF F <= FACTR*EPSMCH,161,2821,576.3742634334229
17.999999999999986,5,True,0,CONVERGENCE: RELATIVE REDUCTION OF F <= FACTR*EPSMCH,1,39,10140.93907426037
17.999999999999986,6,False,2,ABNORMAL: ,83,2665,620.961925111225
17.999999999999986,7,True,0,CONVERGENCE: RELATIVE REDUCTION OF F <= FACTR*EPSMCH,1,39,9924.589818913419
17.999999999999986,8,True,0,CONVERGENCE: RELATIVE REDUCTION OF F <= FACTR*EPSMCH,1,39,10768.372596112094
17.999999999999986,9,True,0,CONVERGENCE: RELATIVE REDUCTION OF F <= FACTR*EPSMCH,301,6084,492.45801600594757
17.999999999999986,10,True,0,CONVERGENCE: RELATIVE REDUCTION OF F <= FACTR*EPSMCH,1,39,11205.379228571452
17.999999999999986,11,True,0,CONVERGENCE: RELATIVE REDUCTION OF F <= FACTR*EPSMCH,41,715,966.9818194375124
17.999999999999986,12,True,0,CONVERGENCE: RELATIVE REDUCTION OF F <= FACTR*EPSMCH,1,39,11907.032971420935
17.999999999999986,13,True,0,CONVERGENCE: RELATIVE REDUCTION OF F <= FACTR*EPSMCH,1,39,7746.3136519096615
17.999999999999986,14,True,0,CONVERGENCE: RELATIVE REDUCTION OF F <= FACTR*EPSMCH,1,39,13187.27300918453
17.999999999999986,15,True,0,CONVERGENCE: RELATIVE REDUCTION OF F <= FACTR*EPSMCH,1,39,9329.877239360927
17.999999999999986,16,True,0,CONVERGENCE: RELATIVE REDUCTION OF F <= FACTR*EPSMCH,1,39,12550.449972207833
17.999999999999986,17,True,0,CONVERGENCE: RELATIVE REDUCTION OF F <= FACTR*EPSMCH,19,364,1009.0648443430522
17.999999999999986,18,True,0,CONVERGENCE: RELATIVE REDUCTION OF F <= FACTR*EPSMCH,19,416,5043.697787275228
17.999999999999986,19,True,0,CONVERGENCE: RELATIVE REDUCTION OF F <= FACTR*EPSMCH,1,39,13029.994158827361
17.999999999999986,20,True,0,CONVERGENCE: RELATIVE REDUCTION OF F <= FACTR*EPSMCH,1,39,7182.051543314889
18.099999999999987,1,True,0,CONVERGENCE: RELATIVE REDUCTION OF F <= FACTR*EPSMCH,50,832,726.6301136855152
18.099999999999987,2,True,0,CONVERGENCE: RELATIVE REDUCTION OF F <= FACTR*EPSMCH,1,39,11361.613051737799
18.099999999999987,3,True,0,CONVERGENCE: RELATIVE REDUCTION OF F <= FACTR*EPSMCH,250,4797,515.9732058034947
18.099999999999987,4,True,0,CONVERGENCE: RELATIVE REDUCTION OF F <= FACTR*EPSMCH,1,39,7788.847142867482
18.099999999999987,5,True,0,CONVERGENCE: RELATIVE REDUCTION OF F <= FACTR*EPSMCH,1,39,13187.283246495432
18.099999999999987,6,True,0,CONVERGENCE: RELATIVE REDUCTION OF F <= FACTR*EPSMCH,1,39,9330.027260605728
18.099999999999987,7,True,0,CONVERGENCE: RELATIVE REDUCTION OF F <= FACTR*EPSMCH,1,39,10760.268502517709
18.099999999999987,8,True,0,CONVERGENCE: RELATIVE REDUCTION OF F <= FACTR*EPSMCH,1,39,9924.442036196713
18.099999999999987,9,True,0,CONVERGENCE: RELATIVE REDUCTION OF F <= FACTR*EPSMCH,1,39,10139.272687242908
18.099999999999987,10,True,0,CONVERGENCE: RELATIVE REDUCTION OF F <= FACTR*EPSMCH,122,2470,744.6817117330013
18.099999999999987,11,True,0,CONVERGENCE: RELATIVE REDUCTION OF F <= FACTR*EPSMCH,14,247,1448.910745136019
18.099999999999987,12,True,0,CONVERGENCE: RELATIVE REDUCTION OF F <= FACTR*EPSMCH,1,39,9223.414842839853
18.099999999999987,13,True,0,CONVERGENCE: RELATIVE REDUCTION OF F <= FACTR*EPSMCH,1,39,11810.102891511971
18.099999999999987,14,True,0,CONVERGENCE: RELATIVE REDUCTION OF F <= FACTR*EPSMCH,1,39,12958.580940133697
18.099999999999987,15,True,0,CONVERGENCE: RELATIVE REDUCTION OF F <= FACTR*EPSMCH,108,2795,797.7928948514685
18.099999999999987,16,False,2,ABNORMAL: ,113,2613,618.2005858617741
18.099999999999987,17,True,0,CONVERGENCE: RELATIVE REDUCTION OF F <= FACTR*EPSMCH,80,1872,547.6007721807714
18.099999999999987,18,True,0,CONVERGENCE: RELATIVE REDUCTION OF F <= FACTR*EPSMCH,1,39,8019.3250672679505
18.099999999999987,19,True,0,CONVERGENCE: RELATIVE REDUCTION OF F <= FACTR*EPSMCH,22,533,1392.5112097312688
18.099999999999987,20,False,2,ABNORMAL: ,128,3367,484.92384060394943
18.199999999999985,1,True,0,CONVERGENCE: RELATIVE REDUCTION OF F <= FACTR*EPSMCH,1,39,8019.175185622017
18.199999999999985,2,True,0,CONVERGENCE: RELATIVE REDUCTION OF F <= FACTR*EPSMCH,27,546,1190.49841238385
18.199999999999985,3,True,0,CONVERGENCE: RELATIVE REDUCTION OF F <= FACTR*EPSMCH,13,299,6375.211286508562
18.199999999999985,4,False,2,ABNORMAL: ,50,1651,683.0856109088134
18.199999999999985,5,False,2,ABNORMAL: ,449,10426,517.5015887548112
18.199999999999985,6,True,0,CONVERGENCE: RELATIVE REDUCTION OF F <= FACTR*EPSMCH,140,2873,489.24701658485924
18.199999999999985,7,True,0,CONVERGENCE: RELATIVE REDUCTION OF F <= FACTR*EPSMCH,1,39,13006.28768471733
18.199999999999985,8,True,0,CONVERGENCE: RELATIVE REDUCTION OF F <= FACTR*EPSMCH,19,364,1025.9743313455435
18.199999999999985,9,True,0,CONVERGENCE: RELATIVE REDUCTION OF F <= FACTR*EPSMCH,1,39,9330.13693369495
18.199999999999985,10,True,0,CONVERGENCE: RELATIVE REDUCTION OF F <= FACTR*EPSMCH,1,39,13187.290381909223
18.199999999999985,11,True,0,CONVERGENCE: RELATIVE REDUCTION OF F <= FACTR*EPSMCH,1,39,7832.200021419115
18.199999999999985,12,True,0,CONVERGENCE: RELATIVE REDUCTION OF F <= FACTR*EPSMCH,135,2054,865.6460383814857
18.199999999999985,13,True,0,CONVERGENCE: RELATIVE REDUCTION OF F <= FACTR*EPSMCH,1,39,13005.090668043007
18.199999999999985,14,True,0,CONVERGENCE: RELATIVE REDUCTION OF F <= FACTR*EPSMCH,54,936,658.0328219073876
18.199999999999985,15,True,0,CONVERGENCE: RELATIVE REDUCTION OF F <= FACTR*EPSMCH,1,39,11512.45413127264
18.199999999999985,16,True,0,CONVERGENCE: RELATIVE REDUCTION OF F <= FACTR*EPSMCH,14,1170,4865.130490226342
18.199999999999985,17,True,0,CONVERGENCE: RELATIVE REDUCTION OF F <= FACTR*EPSMCH,1,39,10908.389772605447
18.199999999999985,18,True,0,CONVERGENCE: RELATIVE REDUCTION OF F <= FACTR*EPSMCH,1,39,9924.329148433086
18.199999999999985,19,True,0,CONVERGENCE: RELATIVE REDUCTION OF F <= FACTR*EPSMCH,1,39,10137.752530196387
18.199999999999985,20,True,0,CONVERGENCE: RELATIVE REDUCTION OF F <= FACTR*EPSMCH,153,2587,554.3831538324395
18.299999999999983,1,True,0,CONVERGENCE: RELATIVE REDUCTION OF F <= FACTR*EPSMCH,1,39,12997.375332428317
18.299999999999983,2,True,0,CONVERGENCE: RELATIVE REDUCTION OF F <= FACTR*EPSMCH,81,1846,874.1784287523733
18.299999999999983,3,True,0,CONVERGENCE: RELATIVE REDUCTION OF F <= FACTR*EPSMCH,1,39,13139.010760659208
18.299999999999983,4,False,2,ABNORMAL: ,62,2288,886.1447098001352
18.299999999999983,5,True,0,CONVERGENCE: RELATIVE REDUCTION OF F <= FACTR*EPSMCH,1,39,11953.725521711094
18.299999999999983,6,True,0,CONVERGENCE: RELATIVE REDUCTION OF F <= FACTR*EPSMCH,271,5109,451.71800761612076
18.299999999999983,7,True,0,CONVERGENCE: RELATIVE REDUCTION OF F <= FACTR*EPSMCH,23,507,1187.6685063306115
18.299999999999983,8,True,0,CONVERGENCE: RELATIVE REDUCTION OF F <= FACTR*EPSMCH,57,1118,685.7564295024406
18.299999999999983,9,True,0,CONVERGENCE: RELATIVE REDUCTION OF F <= FACTR*EPSMCH,1,39,8019.0501349453725
18.299999999999983,10,True,0,CONVERGENCE: RELATIVE REDUCTION OF F <= FACTR*EPSMCH,32,663,1570.0001819910244
18.299999999999983,11,True,0,CONVERGENCE: RELATIVE REDUCTION OF F <= FACTR*EPSMCH,1,39,9395.670305392048
18.299999999999983,12,True,0,CONVERGENCE: RELATIVE REDUCTION OF F <= FACTR*EPSMCH,13,299,6451.662543768138
18.299999999999983,13,True,0,CONVERGENCE: RELATIVE REDUCTION OF F <= FACTR*EPSMCH,151,3510,594.3668747013794
18.299999999999983,14,True,0,CONVERGENCE: RELATIVE REDUCTION OF F <= FACTR*EPSMCH,34,676,11442.208595250559
18.299999999999983,15,True,0,CONVERGENCE: RELATIVE REDUCTION OF F <= FACTR*EPSMCH,152,3783,691.2117573148917
18.299999999999983,16,True,0,CONVERGENCE: RELATIVE REDUCTION OF F <= FACTR*EPSMCH,1,39,13220.371763158117
18.299999999999983,17,True,0,CONVERGENCE: RELATIVE REDUCTION OF F <= FACTR*EPSMCH,1,39,13049.019698520207
18.299999999999983,18,True,0,CONVERGENCE: RELATIVE REDUCTION OF F <= FACTR*EPSMCH,1,39,7899.484298016763
18.299999999999983,19,True,0,CONVERGENCE: RELATIVE REDUCTION OF F <= FACTR*EPSMCH,9,195,2513.777524442595
18.299999999999983,20,True,0,CONVERGENCE: RELATIVE REDUCTION OF F <= FACTR*EPSMCH,1,39,9330.216518336758
18.399999999999984,1,True,0,CONVERGENCE: RELATIVE REDUCTION OF F <= FACTR*EPSMCH,1,39,9349.009889639137
18.399999999999984,2,True,0,CONVERGENCE: RELATIVE REDUCTION OF F <= FACTR*EPSMCH,25,520,2368.7793061509215
18.399999999999984,3,True,0,CONVERGENCE: RELATIVE REDUCTION OF F <= FACTR*EPSMCH,209,3835,466.32968690213517
18.399999999999984,4,True,0,CONVERGENCE: RELATIVE REDUCTION OF F <= FACTR*EPSMCH,33,650,11440.748037727426
18.399999999999984,5,True,0,CONVERGENCE: RELATIVE REDUCTION OF F <= FACTR*EPSMCH,1,39,13220.367198888156
18.399999999999984,6,True,0,CONVERGENCE: RELATIVE REDUCTION OF F <= FACTR*EPSMCH,1,39,11953.7234656589
18.399999999999984,7,True,0,CONVERGENCE: RELATIVE REDUCTION OF F <= FACTR*EPSMCH,1,39,8692.453647055596
18.399999999999984,8,True,0,CONVERGENCE: RELATIVE REDUCTION OF F <= FACTR*EPSMCH,79,1443,827.9782263664451
18.399999999999984,9,True,0,CONVERGENCE: RELATIVE REDUCTION OF F <= FACTR*EPSMCH,1,39,13139.008954491077
18.399999999999984,10,True,0,CONVERGENCE: RELATIVE REDUCTION OF F <= FACTR*EPSMCH,1,39,12713.247689439773
18.399999999999984,11,True,0,CONVERGENCE: RELATIVE REDUCTION OF F <= FACTR*EPSMCH,1,39,6906.669026348014
18.399999999999984,12,True,0,CONVERGENCE: RELATIVE REDUCTION OF F <= FACTR*EPSMCH,1,39,12990.31151289776
18.399999999999984,13,True,0,CONVERGENCE: RELATIVE REDUCTION OF F <= FACTR*EPSMCH,1,39,10668.045635685661
18.399999999999984,14,True,0,CONVERGENCE: RELATIVE REDUCTION OF F <= FACTR*EPSMCH,35,650,744.6537247384548
18.399999999999984,15,True,0,CONVERGENCE: RELATIVE REDUCTION OF F <= FACTR*EPSMCH,112,1820,856.4098868822499
18.399999999999984,16,True,0,CONVERGENCE: RELATIVE REDUCTION OF F <= FACTR*EPSMCH,12,793,8810.027242751192
18.399999999999984,17,True,0,CONVERGENCE: RELATIVE REDUCTION OF F <= FACTR*EPSMCH,1,39,9208.417907832902
18.399999999999984,18,True,0,CONVERGENCE: RELATIVE REDUCTION OF F <= FACTR*EPSMCH,187,3783,571.3026054873601
18.399999999999984,19,True,0,CONVERGENCE: RELATIVE REDUCTION OF F <= FACTR*EPSMCH,22,416,1178.328771142717
18.399999999999984,20,True,0,CONVERGENCE: RELATIVE REDUCTION OF F <= FACTR*EPSMCH,112,1872,517.0677539595605
18.499999999999986,1,True,0,CONVERGENCE: RELATIVE REDUCTION OF F <= FACTR*EPSMCH,1,39,6905.845111832918
18.499999999999986,2,True,0,CONVERGENCE: RELATIVE REDUCTION OF F <= FACTR*EPSMCH,1,39,10483.233425677648
18.499999999999986,3,True,0,CONVERGENCE: RELATIVE REDUCTION OF F <= FACTR*EPSMCH,44,884,872.5892086117866
18.499999999999986,4,True,0,CONVERGENCE: RELATIVE REDUCTION OF F <= FACTR*EPSMCH,1,39,12715.079144403551
18.499999999999986,5,True,0,CONVERGENCE: RELATIVE REDUCTION OF F <= FACTR*EPSMCH,12,767,8809.73983796848
18.499999999999986,6,True,0,CONVERGENCE: RELATIVE REDUCTION OF F <= FACTR*EPSMCH,1,39,9207.268279850668
18.499999999999986,7,True,0,CONVERGENCE: RELATIVE REDUCTION OF F <= FACTR*EPSMCH,240,5746,518.7961884267762
18.499999999999986,8,True,0,CONVERGENCE: RELATIVE REDUCTION OF F <= FACTR*EPSMCH,1,39,9878.785897688282
18.499999999999986,9,True,0,CONVERGENCE: RELATIVE REDUCTION OF F <= FACTR*EPSMCH,24,442,1157.3779148294327
18.499999999999986,10,True,0,CONVERGENCE: RELATIVE REDUCTION OF F <= FACTR*EPSMCH,1,39,13220.363443367161
18.499999999999986,11,True,0,CONVERGENCE: RELATIVE REDUCTION OF F <= FACTR*EPSMCH,233,4303,537.1843187886722
18.499999999999986,12,True,0,CONVERGENCE: RELATIVE REDUCTION OF F <= FACTR*EPSMCH,32,598,7804.4904336934505
18.499999999999986,13,True,0,CONVERGENCE: RELATIVE REDUCTION OF F <= FACTR*EPSMCH,33,650,11444.681140388448
18.499999999999986,14,True,0,CONVERGENCE: RELATIVE REDUCTION OF F <= FACTR*EPSMCH,1,39,9890.293211466083
18.499999999999986,15,True,0,CONVERGENCE: RELATIVE REDUCTION OF F <= FACTR*EPSMCH,1,39,12316.506871111815
18.499999999999986,16,True,0,CONVERGENCE: RELATIVE REDUCTION OF F <= FACTR*EPSMCH,32,689,970.0346056827669
18.499999999999986,17,True,0,CONVERGENCE: RELATIVE REDUCTION OF F <= FACTR*EPSMCH,1,39,9277.132272698416
18.499999999999986,18,True,0,CONVERGENCE: RELATIVE REDUCTION OF F <= FACTR*EPSMCH,1,39,9304.099039531662
18.499999999999986,19,True,0,CONVERGENCE: RELATIVE REDUCTION OF F <= FACTR*EPSMCH,25,572,2184.922506762921
18.499999999999986,20,True,0,CONVERGENCE: RELATIVE REDUCTION OF F <= FACTR*EPSMCH,21,377,7211.914474752145
18.599999999999984,1,True,0,CONVERGENCE: RELATIVE REDUCTION OF F <= FACTR*EPSMCH,31,637,953.3613353181377
18.599999999999984,2,True,0,CONVERGENCE: RELATIVE REDUCTION OF F <= FACTR*EPSMCH,1,39,9277.170125485294
18.599999999999984,3,True,0,CONVERGENCE: RELATIVE REDUCTION OF F <= FACTR*EPSMCH,1,39,12316.517599542
18.599999999999984,4,False,2,ABNORMAL: ,53,2314,655.1409634667915
18.599999999999984,5,True,0,CONVERGENCE: RELATIVE REDUCTION OF F <= FACTR*EPSMCH,1,39,9875.915314635491
18.599999999999984,6,True,0,CONVERGENCE: RELATIVE REDUCTION OF F <= FACTR*EPSMCH,37,715,6761.26796918803
18.599999999999984,7,True,0,CONVERGENCE: RELATIVE REDUCTION OF F <= FACTR*EPSMCH,18,416,4104.964997791619
18.599999999999984,8,True,0,CONVERGENCE: RELATIVE REDUCTION OF F <= FACTR*EPSMCH,1,39,10518.566574104372
18.599999999999984,9,True,0,CONVERGENCE: RELATIVE REDUCTION OF F <= FACTR*EPSMCH,11,208,3439.0106775750573
18.599999999999984,10,True,0,CONVERGENCE: RELATIVE REDUCTION OF F <= FACTR*EPSMCH,1,39,11216.247292301092
18.599999999999984,11,False,2,ABNORMAL: ,184,5772,551.0396381057376
18.599999999999984,12,True,0,CONVERGENCE: RELATIVE REDUCTION OF F <= FACTR*EPSMCH,143,3107,540.2187512636212
18.599999999999984,13,True,0,CONVERGENCE: RELATIVE REDUCTION OF F <= FACTR*EPSMCH,1,39,9206.258367590739
18.599999999999984,14,True,0,CONVERGENCE: RELATIVE REDUCTION OF F <= FACTR*EPSMCH,12,767,8809.471354801986
18.599999999999984,15,True,0,CONVERGENCE: RELATIVE REDUCTION OF F <= FACTR*EPSMCH,1,39,13509.880419613673
18.599999999999984,16,True,0,CONVERGENCE: RELATIVE REDUCTION OF F <= FACTR*EPSMCH,35,728,820.1779563997934
18.599999999999984,17,True,0,CONVERGENCE: RELATIVE REDUCTION OF F <= FACTR*EPSMCH,1,39,10312.864779460599
18.599999999999984,18,True,0,CONVERGENCE: RELATIVE REDUCTION OF F <= FACTR*EPSMCH,1,39,12185.116364713229
18.599999999999984,19,True,0,CONVERGENCE: RELATIVE REDUCTION OF F <= FACTR*EPSMCH,17,2119,9325.951312047297
18.599999999999984,20,True,0,CONVERGENCE: RELATIVE REDUCTION OF F <= FACTR*EPSMCH,1,39,6905.1328178212
18.69999999999998,1,True,0,CONVERGENCE: RELATIVE REDUCTION OF F <= FACTR*EPSMCH,211,4134,463.1367514117878
18.69999999999998,2,True,0,CONVERGENCE: RELATIVE REDUCTION OF F <= FACTR*EPSMCH,126,2587,601.1074696442703
18.69999999999998,3,True,0,CONVERGENCE: RELATIVE REDUCTION OF F <= FACTR*EPSMCH,1,39,10076.873340642716
18.69999999999998,4,True,0,CONVERGENCE: RELATIVE REDUCTION OF F <= FACTR*EPSMCH,1,39,12173.64832118924
18.69999999999998,5,True,0,CONVERGENCE: RELATIVE REDUCTION OF F <= FACTR*EPSMCH,1,39,13509.67861875769
18.69999999999998,6,False,2,ABNORMAL: ,111,2847,683.8858951208846
18.69999999999998,7,True,0,CONVERGENCE: RELATIVE REDUCTION OF F <= FACTR*EPSMCH,1,39,11788.916897209592
18.69999999999998,8,True,0,CONVERGENCE: RELATIVE REDUCTION OF F <= FACTR*EPSMCH,136,3354,572.7432434024262
18.69999999999998,9,True,0,CONVERGENCE: RELATIVE REDUCTION OF F <= FACTR*EPSMCH,1,39,11216.139640000521
18.69999999999998,10,True,0,CONVERGENCE: RELATIVE REDUCTION OF F <= FACTR*EPSMCH,1,39,10825.257039167696
18.69999999999998,11,True,0,CONVERGENCE: RELATIVE REDUCTION OF F <= FACTR*EPSMCH,1,39,10518.74086565367
18.69999999999998,12,True,0,CONVERGENCE: RELATIVE REDUCTION OF F <= FACTR*EPSMCH,57,1378,829.891928364796
18.69999999999998,13,True,0,CONVERGENCE: RELATIVE REDUCTION OF F <= FACTR*EPSMCH,1,39,12597.443688433903
18.69999999999998,14,True,0,CONVERGENCE: RELATIVE REDUCTION OF F <= FACTR*EPSMCH,340,6994,559.53446677046
18.69999999999998,15,True,0,CONVERGENCE: RELATIVE REDUCTION OF F <= FACTR*EPSMCH,1,39,9277.19798231372
18.69999999999998,16,True,0,CONVERGENCE: RELATIVE REDUCTION OF F <= FACTR*EPSMCH,31,663,940.4521576138177
18.69999999999998,17,True,0,CONVERGENCE: RELATIVE REDUCTION OF F <= FACTR*EPSMCH,115,2366,608.0105443165199
18.69999999999998,18,True,0,CONVERGENCE: RELATIVE REDUCTION OF F <= FACTR*EPSMCH,1,39,12316.525436788288
18.69999999999998,19,True,0,CONVERGENCE: RELATIVE REDUCTION OF F <= FACTR*EPSMCH,1,39,9862.632730284648
18.69999999999998,20,True,0,CONVERGENCE: RELATIVE REDUCTION OF F <= FACTR*EPSMCH,32,585,5967.531283433633
18.799999999999983,1,True,0,CONVERGENCE: RELATIVE REDUCTION OF F <= FACTR*EPSMCH,114,4017,1105.4443844301143
18.799999999999983,2,True,0,CONVERGENCE: RELATIVE REDUCTION OF F <= FACTR*EPSMCH,1,39,12597.497181584935
18.799999999999983,3,False,2,ABNORMAL: ,325,7670,465.94494162376276
18.799999999999983,4,True,0,CONVERGENCE: RELATIVE REDUCTION OF F <= FACTR*EPSMCH,17,299,8549.16093966704
18.799999999999983,5,True,0,CONVERGENCE: RELATIVE REDUCTION OF F <= FACTR*EPSMCH,1,39,13301.327085160323
18.799999999999983,6,True,0,CONVERGENCE: RELATIVE REDUCTION OF F <= FACTR*EPSMCH,1,39,10825.133851163304
18.799999999999983,7,True,0,CONVERGENCE: RELATIVE REDUCTION OF F <= FACTR*EPSMCH,1,39,11647.502037599457
18.799999999999983,8,True,0,CONVERGENCE: RELATIVE REDUCTION OF F <= FACTR*EPSMCH,1,39,13786.63527849172
18.799999999999983,9,True,0,CONVERGENCE: RELATIVE REDUCTION OF F <= FACTR*EPSMCH,1,39,9786.909884483543
18.799999999999983,10,True,0,CONVERGENCE: RELATIVE REDUCTION OF F <= FACTR*EPSMCH,1,39,11788.917194200823
18.799999999999983,11,True,0,CONVERGENCE: RELATIVE REDUCTION OF F <= FACTR*EPSMCH,78,1755,818.9785779010483
18.799999999999983,12,True,0,CONVERGENCE: RELATIVE REDUCTION OF F <= FACTR*EPSMCH,267,5330,595.7501329805627
18.799999999999983,13,True,0,CONVERGENCE: RELATIVE REDUCTION OF F <= FACTR*EPSMCH,167,3770,645.3100302031364
18.799999999999983,14,True,0,CONVERGENCE: RELATIVE REDUCTION OF F <= FACTR*EPSMCH,1,39,6988.362641510904
18.799999999999983,15,True,0,CONVERGENCE: RELATIVE REDUCTION OF F <= FACTR*EPSMCH,1,39,10046.843551353964
18.799999999999983,16,True,0,CONVERGENCE: RELATIVE REDUCTION OF F <= FACTR*EPSMCH,8,702,10409.685382192658
18.799999999999983,17,True,0,CONVERGENCE: RELATIVE REDUCTION OF F <= FACTR*EPSMCH,71,1339,1343.5522723095971
18.799999999999983,18,True,0,CONVERGENCE: RELATIVE REDUCTION OF F <= FACTR*EPSMCH,75,2015,6195.102166102927
18.799999999999983,19,True,0,CONVERGENCE: RELATIVE REDUCTION OF F <= FACTR*EPSMCH,1,39,11913.27929220934
18.799999999999983,20,True,0,CONVERGENCE: RELATIVE REDUCTION OF F <= FACTR*EPSMCH,1,39,9943.82009871211
18.899999999999984,1,True,0,CONVERGENCE: RELATIVE REDUCTION OF F <= FACTR*EPSMCH,1,39,11913.280923212129
18.899999999999984,2,True,0,CONVERGENCE: RELATIVE REDUCTION OF F <= FACTR*EPSMCH,7,156,11119.970719736402
18.899999999999984,3,True,0,CONVERGENCE: RELATIVE REDUCTION OF F <= FACTR*EPSMCH,1,39,9938.520040250361
18.899999999999984,4,True,0,CONVERGENCE: RELATIVE REDUCTION OF F <= FACTR*EPSMCH,166,3107,517.1342692844474
18.899999999999984,5,True,0,CONVERGENCE: RELATIVE REDUCTION OF F <= FACTR*EPSMCH,1,39,6987.940718361356
18.899999999999984,6,True,0,CONVERGENCE: RELATIVE REDUCTION OF F <= FACTR*EPSMCH,1,39,11890.110423161574
18.899999999999984,7,True,0,CONVERGENCE: RELATIVE REDUCTION OF F <= FACTR*EPSMCH,51,975,1027.6984886693995
18.899999999999984,8,True,0,CONVERGENCE: RELATIVE REDUCTION OF F <= FACTR*EPSMCH,22,416,901.1293430602794
18.899999999999984,9,True,0,CONVERGENCE: RELATIVE REDUCTION OF F <= FACTR*EPSMCH,1,39,13193.672873651574
18.899999999999984,10,True,0,CONVERGENCE: RELATIVE REDUCTION OF F <= FACTR*EPSMCH,26,585,6427.963326740893
18.899999999999984,11,True,0,CONVERGENCE: RELATIVE REDUCTION OF F <= FACTR*EPSMCH,1,39,9785.687054223185
18.899999999999984,12,True,0,CONVERGENCE: RELATIVE REDUCTION OF F <= FACTR*EPSMCH,1,39,13839.07551211394
18.899999999999984,13,True,0,CONVERGENCE: RELATIVE REDUCTION OF F <= FACTR*EPSMCH,1,39,11646.222123592868
18.899999999999984,14,True,0,CONVERGENCE: RELATIVE REDUCTION OF F <= FACTR*EPSMCH,1,39,13308.305918563141
18.899999999999984,15,True,0,CONVERGENCE: RELATIVE REDUCTION OF F <= FACTR*EPSMCH,17,299,8551.48461910335
18.899999999999984,16,True,0,CONVERGENCE: RELATIVE REDUCTION OF F <= FACTR*EPSMCH,199,3614,730.8398833371397
18.899999999999984,17,True,0,CONVERGENCE: RELATIVE REDUCTION OF F <= FACTR*EPSMCH,202,4420,580.9602784595854
18.899999999999984,18,True,0,CONVERGENCE: RELATIVE REDUCTION OF F <= FACTR*EPSMCH,1,39,12657.52407896048
18.899999999999984,19,True,0,CONVERGENCE: RELATIVE REDUCTION OF F <= FACTR*EPSMCH,1,39,10255.665093828475
18.899999999999984,20,True,0,CONVERGENCE: RELATIVE REDUCTION OF F <= FACTR*EPSMCH,1,39,12597.541480887905
18.999999999999982,1,True,0,CONVERGENCE: RELATIVE REDUCTION OF F <= FACTR*EPSMCH,1,39,12657.79851310698
18.999999999999982,2,True,0,CONVERGENCE: RELATIVE REDUCTION OF F <= FACTR*EPSMCH,217,4602,579.1071883404074
18.999999999999982,3,True,0,CONVERGENCE: RELATIVE REDUCTION OF F <= FACTR*EPSMCH,1,39,10255.862265589678
18.999999999999982,4,True,0,CONVERGENCE: RELATIVE REDUCTION OF F <= FACTR*EPSMCH,1,39,13973.1261689178
18.999999999999982,5,True,0,CONVERGENCE: RELATIVE REDUCTION OF F <= FACTR*EPSMCH,16,1287,9163.252480182737
18.999999999999982,6,True,0,CONVERGENCE: RELATIVE REDUCTION OF F <= FACTR*EPSMCH,182,3471,562.327450444875
18.999999999999982,7,True,0,CONVERGENCE: RELATIVE REDUCTION OF F <= FACTR*EPSMCH,30,559,1388.1056660156569
18.999999999999982,8,True,0,CONVERGENCE: RELATIVE REDUCTION OF F <= FACTR*EPSMCH,1,39,5973.823964763068
18.999999999999982,9,True,0,CONVERGENCE: RELATIVE REDUCTION OF F <= FACTR*EPSMCH,241,5590,583.5593096055011
18.999999999999982,10,True,0,CONVERGENCE: RELATIVE REDUCTION OF F <= FACTR*EPSMCH,111,2561,616.7701411478045
18.999999999999982,11,True,0,CONVERGENCE: RELATIVE REDUCTION OF F <= FACTR*EPSMCH,1,39,13193.669102393182
18.999999999999982,12,True,0,CONVERGENCE: RELATIVE REDUCTION OF F <= FACTR*EPSMCH,304,7267,570.4426991108322
18.999999999999982,13,True,0,CONVERGENCE: RELATIVE REDUCTION OF F <= FACTR*EPSMCH,1,39,7379.830297050656
18.999999999999982,14,True,0,CONVERGENCE: RELATIVE REDUCTION OF F <= FACTR*EPSMCH,52,1534,616.753921639635
18.999999999999982,15,True,0,CONVERGENCE: RELATIVE REDUCTION OF F <= FACTR*EPSMCH,1,39,10920.599784844422
18.999999999999982,16,True,0,CONVERGENCE: RELATIVE REDUCTION OF F <= FACTR*EPSMCH,42,780,1047.2191597954811
18.999999999999982,17,True,0,CONVERGENCE: RELATIVE REDUCTION OF F <= FACTR*EPSMCH,1,39,11888.719006256195
18.999999999999982,18,True,0,CONVERGENCE: RELATIVE REDUCTION OF F <= FACTR*EPSMCH,149,3029,576.8872696000861
18.999999999999982,19,True,0,CONVERGENCE: RELATIVE REDUCTION OF F <= FACTR*EPSMCH,1,39,9933.775300266945
18.999999999999982,20,True,0,CONVERGENCE: RELATIVE REDUCTION OF F <= FACTR*EPSMCH,1,39,11913.282342210354
19.09999999999998,1,True,0,CONVERGENCE: RELATIVE REDUCTION OF F <= FACTR*EPSMCH,26,819,5135.959010346336
19.09999999999998,2,True,0,CONVERGENCE: RELATIVE REDUCTION OF F <= FACTR*EPSMCH,1,39,10921.372092617688
19.09999999999998,3,True,0,CONVERGENCE: RELATIVE REDUCTION OF F <= FACTR*EPSMCH,48,1339,642.3878423525316
19.09999999999998,4,True,0,CONVERGENCE: RELATIVE REDUCTION OF F <= FACTR*EPSMCH,1,39,7376.499089649275
19.09999999999998,5,True,0,CONVERGENCE: RELATIVE REDUCTION OF F <= FACTR*EPSMCH,151,2626,609.4783014051686
19.09999999999998,6,True,0,CONVERGENCE: RELATIVE REDUCTION OF F <= FACTR*EPSMCH,282,6240,569.9590961017122
19.09999999999998,7,True,0,CONVERGENCE: RELATIVE REDUCTION OF F <= FACTR*EPSMCH,1,39,10071.762228619138
19.09999999999998,8,True,0,CONVERGENCE: RELATIVE REDUCTION OF F <= FACTR*EPSMCH,15,286,2115.3765443362104
19.09999999999998,9,True,0,CONVERGENCE: RELATIVE REDUCTION OF F <= FACTR*EPSMCH,41,1222,715.4534715912791
19.09999999999998,10,True,0,CONVERGENCE: RELATIVE REDUCTION OF F <= FACTR*EPSMCH,286,5174,566.3765464737726
19.09999999999998,11,True,0,CONVERGENCE: RELATIVE REDUCTION OF F <= FACTR*EPSMCH,32,1560,854.9950121652914
19.09999999999998,12,True,0,CONVERGENCE: RELATIVE REDUCTION OF F <= FACTR*EPSMCH,1,39,5977.165304808878
19.09999999999998,13,True,0,CONVERGENCE: RELATIVE REDUCTION OF F <= FACTR*EPSMCH,86,2054,659.788638540974
19.09999999999998,14,True,0,CONVERGENCE: RELATIVE REDUCTION OF F <= FACTR*EPSMCH,93,2886,558.0050249875699
19.09999999999998,15,True,0,CONVERGENCE: RELATIVE REDUCTION OF F <= FACTR*EPSMCH,44,819,2692.3696153438095
19.09999999999998,16,True,0,CONVERGENCE: RELATIVE REDUCTION OF F <= FACTR*EPSMCH,35,923,5260.24415351634
19.09999999999998,17,False,2,ABNORMAL: ,175,4290,594.4380685807575
19.09999999999998,18,True,0,CONVERGENCE: RELATIVE REDUCTION OF F <= FACTR*EPSMCH,1,39,13981.60897611283
19.09999999999998,19,True,0,CONVERGENCE: RELATIVE REDUCTION OF F <= FACTR*EPSMCH,1,39,12448.863040554616
19.09999999999998,20,True,0,CONVERGENCE: RELATIVE REDUCTION OF F <= FACTR*EPSMCH,1,39,10256.044738020302
19.19999999999998,1,True,0,CONVERGENCE: RELATIVE REDUCTION OF F <= FACTR*EPSMCH,1,39,10435.334835272532
19.19999999999998,2,False,2,ABNORMAL: ,66,2210,593.2876276692043
19.19999999999998,3,True,0,CONVERGENCE: RELATIVE REDUCTION OF F <= FACTR*EPSMCH,1,39,11798.80658876374
19.19999999999998,4,True,0,CONVERGENCE: RELATIVE REDUCTION OF F <= FACTR*EPSMCH,1,39,13522.034579339652
19.19999999999998,5,True,0,CONVERGENCE: RELATIVE REDUCTION OF F <= FACTR*EPSMCH,31,559,8409.701621331717
19.19999999999998,6,True,0,CONVERGENCE: RELATIVE REDUCTION OF F <= FACTR*EPSMCH,1,39,12448.95817041007
19.19999999999998,7,True,0,CONVERGENCE: RELATIVE REDUCTION OF F <= FACTR*EPSMCH,20,1430,9031.935383922886
19.19999999999998,8,False,2,ABNORMAL: ,33,2002,8672.92825776815
19.19999999999998,9,True,0,CONVERGENCE: RELATIVE REDUCTION OF F <= FACTR*EPSMCH,37,689,979.4126113279808
19.19999999999998,10,False,2,ABNORMAL: ,59,2262,662.3358570249876
19.19999999999998,11,True,0,CONVERGENCE: RELATIVE REDUCTION OF F <= FACTR*EPSMCH,61,1066,696.5811110359174
19.19999999999998,12,True,0,CONVERGENCE: RELATIVE REDUCTION OF F <= FACTR*EPSMCH,13,234,3220.911952345482
19.19999999999998,13,True,0,CONVERGENCE: RELATIVE REDUCTION OF F <= FACTR*EPSMCH,1,39,10069.51471722281
19.19999999999998,14,True,0,CONVERGENCE: RELATIVE REDUCTION OF F <= FACTR*EPSMCH,1,39,9982.117890283853
19.19999999999998,15,True,0,CONVERGENCE: RELATIVE REDUCTION OF F <= FACTR*EPSMCH,1,39,10145.291501642123
19.19999999999998,16,True,0,CONVERGENCE: RELATIVE REDUCTION OF F <= FACTR*EPSMCH,163,3666,610.3610950887664
19.19999999999998,17,True,0,CONVERGENCE: RELATIVE REDUCTION OF F <= FACTR*EPSMCH,193,3861,655.5888858878843
19.19999999999998,18,True,0,CONVERGENCE: RELATIVE REDUCTION OF F <= FACTR*EPSMCH,38,1144,8300.215641985129
19.19999999999998,19,True,0,CONVERGENCE: RELATIVE REDUCTION OF F <= FACTR*EPSMCH,226,4537,578.0549038989341
19.19999999999998,20,True,0,CONVERGENCE: RELATIVE REDUCTION OF F <= FACTR*EPSMCH,1,39,10921.965009452644
19.299999999999983,1,True,0,CONVERGENCE: RELATIVE REDUCTION OF F <= FACTR*EPSMCH,212,4966,588.9714985583654
19.299999999999983,2,True,0,CONVERGENCE: RELATIVE REDUCTION OF F <= FACTR*EPSMCH,98,1820,794.2311260874735
19.299999999999983,3,False,2,ABNORMAL: ,96,3107,558.6017356665737
19.299999999999983,4,True,0,CONVERGENCE: RELATIVE REDUCTION OF F <= FACTR*EPSMCH,1,39,9558.456394358825
19.299999999999983,5,True,0,CONVERGENCE: RELATIVE REDUCTION OF F <= FACTR*EPSMCH,19,429,4280.652921270747
19.299999999999983,6,True,0,CONVERGENCE: RELATIVE REDUCTION OF F <= FACTR*EPSMCH,1,39,9981.455331445146
19.299999999999983,7,True,0,CONVERGENCE: RELATIVE REDUCTION OF F <= FACTR*EPSMCH,1,39,8199.576497315065
19.299999999999983,8,False,2,ABNORMAL: ,140,4043,586.9039696085842
19.299999999999983,9,True,0,CONVERGENCE: RELATIVE REDUCTION OF F <= FACTR*EPSMCH,38,728,888.6420455701559
19.299999999999983,10,True,0,CONVERGENCE: RELATIVE REDUCTION OF F <= FACTR*EPSMCH,23,1872,9031.857785373162
19.299999999999983,11,True,0,CONVERGENCE: RELATIVE REDUCTION OF F <= FACTR*EPSMCH,52,1235,1125.2318749350634
19.299999999999983,12,True,0,CONVERGENCE: RELATIVE REDUCTION OF F <= FACTR*EPSMCH,18,364,8561.732138159901
19.299999999999983,13,True,0,CONVERGENCE: RELATIVE REDUCTION OF F <= FACTR*EPSMCH,1,39,13522.031055011741
19.299999999999983,14,True,0,CONVERGENCE: RELATIVE REDUCTION OF F <= FACTR*EPSMCH,64,1625,680.6118606563092
19.299999999999983,15,True,0,CONVERGENCE: RELATIVE REDUCTION OF F <= FACTR*EPSMCH,77,1430,602.7633521422911
19.299999999999983,16,True,0,CONVERGENCE: RELATIVE REDUCTION OF F <= FACTR*EPSMCH,104,2535,641.6520710676665
19.299999999999983,17,True,0,CONVERGENCE: RELATIVE REDUCTION OF F <= FACTR*EPSMCH,1,39,10434.902567650199
19.299999999999983,18,True,0,CONVERGENCE: RELATIVE REDUCTION OF F <= FACTR*EPSMCH,1,39,8959.789080536413
19.299999999999983,19,True,0,CONVERGENCE: RELATIVE REDUCTION OF F <= FACTR*EPSMCH,1,39,11798.46307037116
19.299999999999983,20,True,0,CONVERGENCE: RELATIVE REDUCTION OF F <= FACTR*EPSMCH,1,39,12449.037663027884
19.39999999999998,1,True,0,CONVERGENCE: RELATIVE REDUCTION OF F <= FACTR*EPSMCH,1,39,8960.144143001062
19.39999999999998,2,True,0,CONVERGENCE: RELATIVE REDUCTION OF F <= FACTR*EPSMCH,129,2899,627.01702607542
19.39999999999998,3,True,0,CONVERGENCE: RELATIVE REDUCTION OF F <= FACTR*EPSMCH,66,1547,691.1382602828626
19.39999999999998,4,True,0,CONVERGENCE: RELATIVE REDUCTION OF F <= FACTR*EPSMCH,79,2327,1105.1804086336979
19.39999999999998,5,True,0,CONVERGENCE: RELATIVE REDUCTION OF F <= FACTR*EPSMCH,1,39,7240.891257977112
19.39999999999998,6,True,0,CONVERGENCE: RELATIVE REDUCTION OF F <= FACTR*EPSMCH,159,2951,931.5818250004324
19.39999999999998,7,True,0,CONVERGENCE: RELATIVE REDUCTION OF F <= FACTR*EPSMCH,282,6201,575.861607210536
19.39999999999998,8,True,0,CONVERGENCE: RELATIVE REDUCTION OF F <= FACTR*EPSMCH,1,39,8356.833066203913
19.39999999999998,9,True,0,CONVERGENCE: RELATIVE REDUCTION OF F <= FACTR*EPSMCH,90,1742,998.6984516965515
19.39999999999998,10,True,0,CONVERGENCE: RELATIVE REDUCTION OF F <= FACTR*EPSMCH,1,39,8028.736802533029
19.39999999999998,11,True,0,CONVERGENCE: RELATIVE REDUCTION OF F <= FACTR*EPSMCH,17,351,3675.198583862105
19.39999999999998,12,True,0,CONVERGENCE: RELATIVE REDUCTION OF F <= FACTR*EPSMCH,1,39,10500.584815287704
19.39999999999998,13,True,0,CONVERGENCE: RELATIVE REDUCTION OF F <= FACTR*EPSMCH,133,3536,797.9551091908136
19.39999999999998,14,True,0,CONVERGENCE: RELATIVE REDUCTION OF F <= FACTR*EPSMCH,42,871,1093.6812859528955
19.39999999999998,15,True,0,CONVERGENCE: RELATIVE REDUCTION OF F <= FACTR*EPSMCH,1,39,10131.22959954215
19.39999999999998,16,True,0,CONVERGENCE: RELATIVE REDUCTION OF F <= FACTR*EPSMCH,195,4082,591.6554267268427
19.39999999999998,17,True,0,CONVERGENCE: RELATIVE REDUCTION OF F <= FACTR*EPSMCH,146,3133,576.6878187201487
19.39999999999998,18,True,0,CONVERGENCE: RELATIVE REDUCTION OF F <= FACTR*EPSMCH,67,1378,802.4608902339053
19.39999999999998,19,False,2,ABNORMAL: ,172,4290,574.7097619139972
19.39999999999998,20,True,0,CONVERGENCE: RELATIVE REDUCTION OF F <= FACTR*EPSMCH,10,208,4413.843994780465
19.49999999999998,1,True,0,CONVERGENCE: RELATIVE REDUCTION OF F <= FACTR*EPSMCH,109,2288,597.0194469162096
19.49999999999998,2,False,2,ABNORMAL: ,200,4563,581.4034328262719
19.49999999999998,3,True,0,CONVERGENCE: RELATIVE REDUCTION OF F <= FACTR*EPSMCH,24,442,1476.5829640949164
19.49999999999998,4,True,0,CONVERGENCE: RELATIVE REDUCTION OF F <= FACTR*EPSMCH,1,39,10127.058024188456
19.49999999999998,5,True,0,CONVERGENCE: RELATIVE REDUCTION OF F <= FACTR*EPSMCH,43,871,1126.3097879584564
19.49999999999998,6,True,0,CONVERGENCE: RELATIVE REDUCTION OF F <= FACTR*EPSMCH,1,39,10503.398820574164
19.49999999999998,7,True,0,CONVERGENCE: RELATIVE REDUCTION OF F <= FACTR*EPSMCH,155,3107,581.6338814565476
19.49999999999998,8,True,0,CONVERGENCE: RELATIVE REDUCTION OF F <= FACTR*EPSMCH,1,39,8025.2762434079505
19.49999999999998,9,True,0,CONVERGENCE: RELATIVE REDUCTION OF F <= FACTR*EPSMCH,75,1560,793.4686422802182
19.49999999999998,10,True,0,CONVERGENCE: RELATIVE REDUCTION OF F <= FACTR*EPSMCH,54,2041,586.833018751992
19.49999999999998,11,True,0,CONVERGENCE: RELATIVE REDUCTION OF F <= FACTR*EPSMCH,1,39,13988.73834035598
19.49999999999998,12,True,0,CONVERGENCE: RELATIVE REDUCTION OF F <= FACTR*EPSMCH,264,4771,826.4430984651516
19.49999999999998,13,True,0,CONVERGENCE: RELATIVE REDUCTION OF F <= FACTR*EPSMCH,1,39,7235.0852685298605
19.49999999999998,14,True,0,CONVERGENCE: RELATIVE REDUCTION OF F <= FACTR*EPSMCH,143,3081,628.6776268977205
19.49999999999998,15,True,0,CONVERGENCE: RELATIVE REDUCTION OF F <= FACTR*EPSMCH,1,39,12559.97595800254
19.49999999999998,16,True,0,CONVERGENCE: RELATIVE REDUCTION OF F <= FACTR*EPSMCH,1,39,11974.07928248683
19.49999999999998,17,True,0,CONVERGENCE: RELATIVE REDUCTION OF F <= FACTR*EPSMCH,1,39,10567.758210663731
19.49999999999998,18,True,0,CONVERGENCE: RELATIVE REDUCTION OF F <= FACTR*EPSMCH,1,39,8960.446622960673
19.49999999999998,19,True,0,CONVERGENCE: RELATIVE REDUCTION OF F <= FACTR*EPSMCH,1,39,11837.104026426216
19.49999999999998,20,True,0,CONVERGENCE: RELATIVE REDUCTION OF F <= FACTR*EPSMCH,143,2964,634.5587983470291
19.59999999999998,1,True,0,CONVERGENCE: RELATIVE REDUCTION OF F <= FACTR*EPSMCH,1,39,11837.091357104768
19.59999999999998,2,True,0,CONVERGENCE: RELATIVE REDUCTION OF F <= FACTR*EPSMCH,1,39,11738.828431879278
19.59999999999998,3,True,0,CONVERGENCE: RELATIVE REDUCTION OF F <= FACTR*EPSMCH,1,39,10567.732013460009
19.59999999999998,4,True,0,CONVERGENCE: RELATIVE REDUCTION OF F <= FACTR*EPSMCH,21,312,1172.0870765466996
19.59999999999998,5,True,0,CONVERGENCE: RELATIVE REDUCTION OF F <= FACTR*EPSMCH,42,1196,9146.827191396156
19.59999999999998,6,True,0,CONVERGENCE: RELATIVE REDUCTION OF F <= FACTR*EPSMCH,1,39,12004.978928259156
19.59999999999998,7,True,0,CONVERGENCE: RELATIVE REDUCTION OF F <= FACTR*EPSMCH,1,39,12558.456119355384
19.59999999999998,8,True,0,CONVERGENCE: RELATIVE REDUCTION OF F <= FACTR*EPSMCH,81,1950,1247.2013359146426
19.59999999999998,9,True,0,CONVERGENCE: RELATIVE REDUCTION OF F <= FACTR*EPSMCH,190,3614,580.3460332044953
19.59999999999998,10,True,0,CONVERGENCE: RELATIVE REDUCTION OF F <= FACTR*EPSMCH,1,39,13988.708218026275
19.59999999999998,11,True,0,CONVERGENCE: RELATIVE REDUCTION OF F <= FACTR*EPSMCH,57,1534,587.7073214551693
19.59999999999998,12,True,0,CONVERGENCE: RELATIVE REDUCTION OF F <= FACTR*EPSMCH,1,39,12233.14235327103
19.59999999999998,13,True,0,CONVERGENCE: RELATIVE REDUCTION OF F <= FACTR*EPSMCH,69,1378,655.7211567767976
19.59999999999998,14,True,0,CONVERGENCE: RELATIVE REDUCTION OF F <= FACTR*EPSMCH,1,39,12869.37672904736
19.59999999999998,15,True,0,CONVERGENCE: RELATIVE REDUCTION OF F <= FACTR*EPSMCH,13,234,8259.781148890997
19.59999999999998,16,True,0,CONVERGENCE: RELATIVE REDUCTION OF F <= FACTR*EPSMCH,1,39,13712.271192363612
19.59999999999998,17,False,2,ABNORMAL: ,177,4641,750.1154837828619
19.59999999999998,18,True,0,CONVERGENCE: RELATIVE REDUCTION OF F <= FACTR*EPSMCH,86,2236,596.6210473765711
19.59999999999998,19,True,0,CONVERGENCE: RELATIVE REDUCTION OF F <= FACTR*EPSMCH,9,182,4135.9496634493935
19.59999999999998,20,True,0,CONVERGENCE: RELATIVE REDUCTION OF F <= FACTR*EPSMCH,170,3445,584.2314734132674
19.69999999999998,1,True,0,CONVERGENCE: RELATIVE REDUCTION OF F <= FACTR*EPSMCH,1,39,4747.312033068512
19.69999999999998,2,True,0,CONVERGENCE: RELATIVE REDUCTION OF F <= FACTR*EPSMCH,87,2054,651.1722635149615
19.69999999999998,3,True,0,CONVERGENCE: RELATIVE REDUCTION OF F <= FACTR*EPSMCH,77,2314,583.2819012768043
19.69999999999998,4,True,0,CONVERGENCE: RELATIVE REDUCTION OF F <= FACTR*EPSMCH,1,39,13230.550848157705
19.69999999999998,5,True,0,CONVERGENCE: RELATIVE REDUCTION OF F <= FACTR*EPSMCH,219,4355,591.0219839449449
19.69999999999998,6,False,2,ABNORMAL: ,276,5252,616.9518635679317
19.69999999999998,7,True,0,CONVERGENCE: RELATIVE REDUCTION OF F <= FACTR*EPSMCH,1,39,13708.94539399591
19.69999999999998,8,True,0,CONVERGENCE: RELATIVE REDUCTION OF F <= FACTR*EPSMCH,27,637,4182.428351630483
19.69999999999998,9,True,0,CONVERGENCE: RELATIVE REDUCTION OF F <= FACTR*EPSMCH,1,39,9399.002144748156
19.69999999999998,10,True,0,CONVERGENCE: RELATIVE REDUCTION OF F <= FACTR*EPSMCH,1,39,12866.73270245547
19.69999999999998,11,False,2,ABNORMAL: ,123,3679,658.0987325240651
19.69999999999998,12,True,0,CONVERGENCE: RELATIVE REDUCTION OF F <= FACTR*EPSMCH,1,39,12233.094031647626
19.69999999999998,13,True,0,CONVERGENCE: RELATIVE REDUCTION OF F <= FACTR*EPSMCH,78,2366,646.3578447272641
19.69999999999998,14,True,0,CONVERGENCE: RELATIVE REDUCTION OF F <= FACTR*EPSMCH,1,39,5975.407683310615
19.69999999999998,15,True,0,CONVERGENCE: RELATIVE REDUCTION OF F <= FACTR*EPSMCH,27,715,9225.755931489462
19.69999999999998,16,True,0,CONVERGENCE: RELATIVE REDUCTION OF F <= FACTR*EPSMCH,30,1287,9172.526564181891
19.69999999999998,17,True,0,CONVERGENCE: RELATIVE REDUCTION OF F <= FACTR*EPSMCH,21,312,1172.4455024056697
19.69999999999998,18,True,0,CONVERGENCE: RELATIVE REDUCTION OF F <= FACTR*EPSMCH,247,5746,594.117955581968
19.69999999999998,19,True,0,CONVERGENCE: RELATIVE REDUCTION OF F <= FACTR*EPSMCH,1,39,11738.758047916943
19.69999999999998,20,False,2,ABNORMAL: ,139,3900,589.1431669024191
19.79999999999998,1,True,0,CONVERGENCE: RELATIVE REDUCTION OF F <= FACTR*EPSMCH,1,39,9404.14242449248
19.79999999999998,2,False,2,ABNORMAL: ,80,3029,671.5160784226615
19.79999999999998,3,True,0,CONVERGENCE: RELATIVE REDUCTION OF F <= FACTR*EPSMCH,103,2067,615.6011916474494
19.79999999999998,4,True,0,CONVERGENCE: RELATIVE REDUCTION OF F <= FACTR*EPSMCH,367,6344,587.3910017367855
19.79999999999998,5,True,0,CONVERGENCE: RELATIVE REDUCTION OF F <= FACTR*EPSMCH,1,39,11568.317561964703
19.79999999999998,6,True,0,CONVERGENCE: RELATIVE REDUCTION OF F <= FACTR*EPSMCH,58,1300,658.2409379376668
19.79999999999998,7,True,0,CONVERGENCE: RELATIVE REDUCTION OF F <= FACTR*EPSMCH,1,39,11087.62950997084
19.79999999999998,8,False,2,ABNORMAL: ,88,2743,617.8281211829225
19.79999999999998,9,True,0,CONVERGENCE: RELATIVE REDUCTION OF F <= FACTR*EPSMCH,1,39,5989.068436269394
19.79999999999998,10,True,0,CONVERGENCE: RELATIVE REDUCTION OF F <= FACTR*EPSMCH,1,39,10832.41429886229
19.79999999999998,11,False,2,ABNORMAL: ,217,5720,583.8789042475834
19.79999999999998,12,True,0,CONVERGENCE: RELATIVE REDUCTION OF F <= FACTR*EPSMCH,1,39,9391.837127804776
19.79999999999998,13,True,0,CONVERGENCE: RELATIVE REDUCTION OF F <= FACTR*EPSMCH,1,39,11269.054400296192
19.79999999999998,14,True,0,CONVERGENCE: RELATIVE REDUCTION OF F <= FACTR*EPSMCH,166,3211,607.486981294693
19.79999999999998,15,True,0,CONVERGENCE: RELATIVE REDUCTION OF F <= FACTR*EPSMCH,90,2769,673.0447429739002
19.79999999999998,16,True,0,CONVERGENCE: RELATIVE REDUCTION OF F <= FACTR*EPSMCH,1,39,13466.300163157159
19.79999999999998,17,True,0,CONVERGENCE: RELATIVE REDUCTION OF F <= FACTR*EPSMCH,1,39,13230.413223043182
19.79999999999998,18,True,0,CONVERGENCE: RELATIVE REDUCTION OF F <= FACTR*EPSMCH,46,871,802.0725295800129
19.79999999999998,19,True,0,CONVERGENCE: RELATIVE REDUCTION OF F <= FACTR*EPSMCH,1,39,13526.889138546016
19.79999999999998,20,True,0,CONVERGENCE: RELATIVE REDUCTION OF F <= FACTR*EPSMCH,1,39,12490.192329661819
19.899999999999977,1,True,0,CONVERGENCE: RELATIVE REDUCTION OF F <= FACTR*EPSMCH,174,3406,763.0457592359853
19.899999999999977,2,True,0,CONVERGENCE: RELATIVE REDUCTION OF F <= FACTR*EPSMCH,1,39,13055.37240507002
19.899999999999977,3,True,0,CONVERGENCE: RELATIVE REDUCTION OF F <= FACTR*EPSMCH,1,39,13476.616014897916
19.899999999999977,4,True,0,CONVERGENCE: RELATIVE REDUCTION OF F <= FACTR*EPSMCH,1,39,7394.123642204096
19.899999999999977,5,True,0,CONVERGENCE: RELATIVE REDUCTION OF F <= FACTR*EPSMCH,1,39,12464.41622330874
19.899999999999977,6,True,0,CONVERGENCE: RELATIVE REDUCTION OF F <= FACTR*EPSMCH,1,39,13526.906653580088
19.899999999999977,7,False,2,ABNORMAL: ,134,3302,619.621951666715
19.899999999999977,8,True,0,CONVERGENCE: RELATIVE REDUCTION OF F <= FACTR*EPSMCH,290,5928,560.0475483836549
19.899999999999977,9,True,0,CONVERGENCE: RELATIVE REDUCTION OF F <= FACTR*EPSMCH,1,39,13466.300090078958
19.899999999999977,10,True,0,CONVERGENCE: RELATIVE REDUCTION OF F <= FACTR*EPSMCH,81,1872,847.502493945438
19.899999999999977,11,True,0,CONVERGENCE: RELATIVE REDUCTION OF F <= FACTR*EPSMCH,149,3159,596.3093767401762
19.899999999999977,12,True,0,CONVERGENCE: RELATIVE REDUCTION OF F <= FACTR*EPSMCH,1,39,11245.353885002267
19.899999999999977,13,True,0,CONVERGENCE: RELATIVE REDUCTION OF F <= FACTR*EPSMCH,53,923,635.6884828402798
19.899999999999977,14,True,0,CONVERGENCE: RELATIVE REDUCTION OF F <= FACTR*EPSMCH,1,39,10831.199974138279
19.899999999999977,15,False,2,ABNORMAL: ,195,4979,618.9560705723401
19.899999999999977,16,True,0,CONVERGENCE: RELATIVE REDUCTION OF F <= FACTR*EPSMCH,1,39,11087.521401597787
19.899999999999977,17,True,0,CONVERGENCE: RELATIVE REDUCTION OF F <= FACTR*EPSMCH,1,39,11568.68526906342
19.899999999999977,18,True,0,CONVERGENCE: RELATIVE REDUCTION OF F <= FACTR*EPSMCH,208,4082,624.1816256811729
19.899999999999977,19,True,0,CONVERGENCE: RELATIVE REDUCTION OF F <= FACTR*EPSMCH,75,1742,706.3261641428669
19.899999999999977,20,True,0,CONVERGENCE: RELATIVE REDUCTION OF F <= FACTR*EPSMCH,1,39,9282.900161208567
19.99999999999998,1,True,0,CONVERGENCE: RELATIVE REDUCTION OF F <= FACTR*EPSMCH,1,52,9282.885585617474
19.99999999999998,2,False,2,ABNORMAL: ,38,1742,651.4012390081609
19.99999999999998,3,False,2,ABNORMAL: ,154,3497,720.2529327597895
19.99999999999998,4,False,2,ABNORMAL: ,176,3783,592.2679863773737
19.99999999999998,5,True,0,CONVERGENCE: RELATIVE REDUCTION OF F <= FACTR*EPSMCH,55,1196,690.8078676637239
19.99999999999998,6,True,0,CONVERGENCE: RELATIVE REDUCTION OF F <= FACTR*EPSMCH,1,52,13055.356482609215
19.99999999999998,7,True,0,CONVERGENCE: RELATIVE REDUCTION OF F <= FACTR*EPSMCH,338,6890,572.8302309870579
19.99999999999998,8,True,0,CONVERGENCE: RELATIVE REDUCTION OF F <= FACTR*EPSMCH,118,2990,726.6488340175076
19.99999999999998,9,False,2,ABNORMAL: ,259,5317,678.008564648257
19.99999999999998,10,False,2,ABNORMAL: ,133,4550,660.2639772560681
19.99999999999998,11,False,2,ABNORMAL: ,103,2743,764.8962311070422
19.99999999999998,12,True,0,CONVERGENCE: RELATIVE REDUCTION OF F <= FACTR*EPSMCH,111,3705,773.0791293632519
19.99999999999998,13,True,0,CONVERGENCE: RELATIVE REDUCTION OF F <= FACTR*EPSMCH,320,6175,580.7738351190471
19.99999999999998,14,False,2,ABNORMAL: ,175,4654,639.1514881048575
19.99999999999998,15,True,0,CONVERGENCE: RELATIVE REDUCTION OF F <= FACTR*EPSMCH,1,52,10830.055927482
19.99999999999998,16,True,0,CONVERGENCE: RELATIVE REDUCTION OF F <= FACTR*EPSMCH,235,6279,608.9366765480584
19.99999999999998,17,True,0,CONVERGENCE: RELATIVE REDUCTION OF F <= FACTR*EPSMCH,363,9022,617.4028951446412
19.99999999999998,18,False,2,ABNORMAL: ,73,2587,682.1901176026271
19.99999999999998,19,False,2,ABNORMAL: ,255,5460,592.8006364245464
19.99999999999998,20,False,2,ABNORMAL: ,71,3354,698.2310283718151
