time_week,dispose_rate_fixed,P,beta_base,suppression_multiplier,reduction_fraction,reduction_percent,beta_eff,DDI_cumulative_deaths
0.0,3.0,0.0,2.418517616402275,1.0,0.0,0.0,2.418517616402275,0.0
0.01,3.0,0.005750857689114143,2.418523756021426,0.9999728038239667,2.7196176033306152e-05,0.002719617603330615,2.4184579814236162,0.014022640495300477
0.02,3.0,0.011498339911502639,2.4185299580640414,0.9999456243497137,5.437565028632019e-05,0.005437565028632019,2.4183984489248345,0.028094557313343083
0.03,3.0,0.017244393628918827,2.4185362231646597,0.9999184523692375,8.154763076251292e-05,0.008154763076251292,2.418338997265747,0.042220463806771025
0.04,3.0,0.022990912252220948,2.4185425519642667,0.9998912789287572,0.00010872107124282326,0.010872107124282326,2.4182796054271707,0.05640496309745174
0.05,3.0,0.028739743209276948,2.4185489451103614,0.9998640952928953,0.00013590470710467262,0.013590470710467262,2.4182202529243577,0.07065256472325536
0.06,3.0,0.03449269015978271,2.4185554032570207,0.999836892934176,0.00016310706582400858,0.016310706582400858,2.4181609197816627,0.08496768950652994
0.07,3.0,0.04025151337184872,2.418561927064968,0.9998096635312177,0.00019033646878230392,0.019033646878230392,2.418101586528239,0.09935467038719348
0.08,3.0,0.04601793104544855,2.418568517201639,0.9997823989624496,0.00021760103755041893,0.021760103755041893,2.418042234182909,0.1138177553878846
0.09,3.0,0.051793615735774456,2.4185751743412514,0.9997550913229976,0.00024490867700244223,0.024490867700244223,2.4179828442950724,0.12836109972967158
0.1,3.0,0.057580204369174576,2.4185818991648724,0.9997277328773039,0.00027226712269612374,0.027226712269612374,2.417923398830182,0.14298878791515215
0.11,3.0,0.06337929999070033,2.4185886923604905,0.999700316050846,0.0002996839491540282,0.02996839491540282,2.4178638801497847,0.15770483758613552
0.12,3.0,0.06919247176410637,2.4185955546230815,0.9996728334301186,0.0003271665698814097,0.03271665698814097,2.417804271011545,0.1725131995236424
0.13,3.0,0.07502125547906087,2.4186024866546836,0.9996452777602187,0.0003547222397812799,0.03547222397812799,2.417744554563477,0.18741775878027842
0.14,3.0,0.0808671545676808,2.418609489164467,0.9996176419400236,0.0003823580599764398,0.03823580599764398,2.4176847143323497,0.20242233703878992
0.15,3.0,0.08673163540199827,2.4186165628688077,0.9995899190444041,0.00041008095559591506,0.041008095559591506,2.4176247342774864,0.217530682147586
0.16,3.0,0.09261613806334382,2.418623708491358,0.9995621022733,0.0004378977266999984,0.04378977266999984,2.417564598667667,0.2327464919767941
0.17,3.0,0.09852207802473603,2.4186309267631243,0.9995341849437553,0.00046581505624465613,0.04658150562446561,2.417504292061939,0.24807341815667805
0.18,3.0,0.10445084615088149,2.418638218422537,0.9995061604899093,0.0004938395100907433,0.049383951009074334,2.4174437993096647,0.2635150660776385
0.19,3.0,0.11040380869817482,2.41864558421553,0.9994780224629864,0.0005219775370135515,0.052197753701355154,2.4173831055505723,0.2790749948902127
0.2,3.0,0.11638230820111428,2.4186530248956153,0.999449764527098,0.0005502354729020054,0.055023547290200536,2.417322196204676,0.2947567195150311
0.21,3.0,0.12238766295103772,2.418660541223959,0.9994213804616974,0.0005786195383026271,0.05786195383026271,2.417261056978285,0.31056370966478264
0.22,3.0,0.1284211633862747,2.41866813396946,0.9993928641786324,0.0006071358213676215,0.060713582136762145,2.4171996739053268,0.3264993816319046
0.23,3.0,0.1344840825788797,2.4186758039088283,0.999364209672573,0.0006357903274269994,0.06357903274269994,2.417138033227521,0.3425671217184744
0.24,3.0,0.14057767713297611,2.4186835518266654,0.9993354110167622,0.000664588983237846,0.0664588983237846,2.417076121384183,0.3587702882541424
0.25,3.0,0.14670318718475667,2.418691378515541,0.9993064623630131,0.000693537636986874,0.0693537636986874,2.417013925012285,0.3751122115961323
0.26,3.0,0.15286183640248316,2.4186992847760775,0.9992773579417066,0.0007226420582934212,0.07226420582934212,2.416951430946534,0.39159619412924046
0.27,3.0,0.15905483198648648,2.418707271417031,0.9992480920617884,0.0007519079382115601,0.07519079382115601,2.4168886262194427,0.40822551026583664
0.28,3.0,0.1652833665030528,2.418715339255371,0.9992186591021018,0.000781340897898164,0.0781340897898164,2.416825498040437,0.4250034107335068
0.29,3.0,0.1715486131078276,2.418723489116368,0.9991890535339564,0.0008109464660436272,0.08109464660436272,2.416762033850532,0.44193311194932583
0.3,3.0,0.17785172802977137,2.4187317218336735,0.9991592699093877,0.0008407300906122517,0.08407300906122517,2.4166982212940096,0.45901780134569564
0.31,3.0,0.1841938578717422,2.41874003824941,0.9991293028266596,0.000870697173340429,0.0870697173340429,2.416634048135061,0.4762606539480305
0.32,3.0,0.19057613965443085,2.418748439214251,0.9990991469300593,0.0009008530699406991,0.09008530699406991,2.4165695022573708,0.4936648324753894
0.33,3.0,0.19699970081636065,2.418756925587513,0.9990687969099008,0.0009312030900991974,0.09312030900991974,2.416504571664207,0.5112334873404755
0.34,3.0,0.20346565921388757,2.41876549823724,0.9990382475025283,0.0009617524974716574,0.09617524974716574,2.416439244478512,0.5289697566496366
0.35000000000000003,3.0,0.20997512312120026,2.4187741580402933,0.9990074934903195,0.0009925065096805241,0.09925065096805241,2.4163735089429914,0.546876766202865
0.36,3.0,0.21652919172478627,2.4187829058824413,0.9989765296993534,0.001023470300646645,0.1023470300646645,2.4163073534145587,0.5649576306712809
0.37,3.0,0.2231289558571476,2.4187917426584487,0.9989453509959482,0.001054649004051833,0.1054649004051833,2.416240766356045,0.5832154557426321
0.38,3.0,0.22977549131441982,2.418800669272168,0.9989139523182338,0.0010860476817662335,0.10860476817662335,2.41617373641265,0.6016533223832556
0.39,3.0,0.23646986835834416,2.4188096866366333,0.9988823286312656,0.0011176713687344186,0.11176713687344186,2.416106252303462,0.6202743086390882
0.4,3.0,0.2432131533691141,2.4188187956741514,0.9988504749192244,0.001149525080775593,0.1149525080775593,2.4160383028026726,0.6390814934922192
0.41000000000000003,3.0,0.2500064088453752,2.4188279973163964,0.9988183861854248,0.0011816138145751554,0.11816138145751554,2.415969876739686,0.6580779568608918
0.42,3.0,0.25685069340422545,2.418837292504506,0.9987860574523238,0.00121394254767615,0.121394254767615,2.415900962999229,0.677266779599502
0.43,3.0,0.2637470617812147,2.418846682189175,0.9987534837615304,0.0012465162384696082,0.12465162384696082,2.415831550521458,0.6966510434985994
0.44,3.0,0.27069656483034527,2.4188561673307554,0.9987206601738133,0.001279339826186665,0.1279339826186665,2.415761628302072,0.7162338312848867
0.45,3.0,0.2777002495368368,2.4188657488993517,0.9986875817690516,0.001312418230948409,0.1312418230948409,2.4156911853922796,0.7360182266525903
0.46,3.0,0.28475916122553124,2.4188754278749207,0.998654243635813,0.0013457563641869896,0.13457563641869896,2.4156202108736826,0.756007319985474
0.47000000000000003,3.0,0.2918743365554298,2.418885205247372,0.9986206409044505,0.0013793590955495372,0.13793590955495372,2.415548693938424,0.776204191791066
0.48,3.0,0.2990468083702089,2.4188950820166686,0.9985867687242008,0.001413231275799176,0.1413231275799176,2.415476623833886,0.7966119236414007
0.49,3.0,0.3062776103144804,2.4189050591929284,0.9985526222413963,0.0014473777586037073,0.14473777586037073,2.4154039898100788,0.8172336092651549
0.5,3.0,0.3135677768337916,2.4189151377965277,0.9985181965994776,0.0014818034005223968,0.14818034005223968,2.4153307811197657,0.8380723545476473
0.51,3.0,0.32091834317462503,2.4189253188582045,0.9984834869390091,0.0015165130609908761,0.1516513060990876,2.4152569870185947,0.8591312775308391
0.52,3.0,0.32833034538439876,2.418935603419165,0.9984484883976922,0.0015515116023078201,0.15515116023078201,2.415182596765225,0.8804135084133334
0.53,3.0,0.33580482031146625,2.4189459925311887,0.9984131961103806,0.0015868038896194037,0.15868038896194037,2.415107599621461,0.9019221895503758
0.54,3.0,0.3433428056051162,2.4189564872567355,0.998377605209095,0.0016223947909049796,0.16223947909049796,2.4150319848523845,0.9236604754538541
0.55,3.0,0.3509453397155729,2.418967088669054,0.9983417108230384,0.001658289176961647,0.1658289176961647,2.4149557417264877,0.9456315327922977
0.56,3.0,0.35861346333239447,2.418977797852293,0.9983055080718202,0.001694491928179831,0.1694491928179831,2.414878859499386,0.9678385442818568
0.5700000000000001,3.0,0.3663482165195948,2.418988615901608,0.9982689920789988,0.0017310079210012264,0.17310079210012264,2.4148013274466704,0.9902847023689121
0.58,3.0,0.3741506362266087,2.4189995439232765,0.9982321579838459,0.0017678420161540975,0.17678420161540975,2.4147231348924714,1.0129732018900777
0.59,3.0,0.38202176385933767,2.419010583034809,0.9981950009056193,0.0018049990943806993,0.18049990943806993,2.4146442711231337,1.0359072589831255
0.6,3.0,0.3899626455064131,2.4190217343650624,0.9981575159425151,0.0018424840574848833,0.18424840574848833,2.4145647253847855,1.0590901116685596
0.61,3.0,0.39797433193919657,2.4190329990543575,0.9981196981716871,0.0018803018283128914,0.18803018283128914,2.4144844868834863,1.0825250198496155
0.62,3.0,0.40605787861177994,2.419044378254592,0.9980815426492681,0.001918457350731928,0.1918457350731928,2.4144035447853827,1.1062152653122617
0.63,3.0,0.4142143456609852,2.419055873129361,0.9980430444103896,0.0019569555896103985,0.19569555896103985,2.4143218882168607,1.1301641517251977
0.64,3.0,0.4224447979063644,2.4190674848540725,0.9980041984692046,0.0019958015307953714,0.19958015307953714,2.4142395062647033,1.1543750046398562
0.65,3.0,0.4307503048501999,2.4190792146160693,0.9979649998189076,0.0020350001810923724,0.20350001810923724,2.4141563879762487,1.1788511714904013
0.66,3.0,0.4391319406775041,2.41909106361475,0.9979254434317578,0.0020745565682421807,0.20745565682421807,2.414072522359552,1.2035960215937294
0.67,3.0,0.4475907847202399,2.419103033061689,0.9978855242569098,0.002114475743090205,0.2114475743090205,2.4139878983782443,1.2286129474669023
0.68,3.0,0.45612792315795286,2.419115124180764,0.9978452372124118,0.0021547627875881936,0.21547627875881936,2.4139025049322873,1.253905370659394
0.6900000000000001,3.0,0.4647444405961243,2.4191273382082756,0.997804577224971,0.0021954227750290434,0.21954227750290434,2.413816330954278,1.279476718539763
0.7000000000000001,3.0,0.47344142781954357,2.4191396763930775,0.9977635391933852,0.0022364608066147706,0.22364608066147706,2.413729365321098,1.3053304442366662
0.71,3.0,0.4822199836211246,2.4191521399967013,0.99772211797994,0.0022778820200599625,0.22778820200599625,2.413641596833213,1.3314700316032597
0.72,3.0,0.49108121480190603,2.4191647302934856,0.9976803084104356,0.0023196915895643544,0.23196915895643544,2.413553014214853,1.3578989952172027
0.73,3.0,0.5000262361710508,2.419177448570707,0.9976381052742153,0.002361894725784741,0.2361894725784741,2.4134636061141905,1.384620880380654
0.74,3.0,0.5090561705458461,2.419190296128709,0.9975955033241931,0.0024044966758068886,0.24044966758068886,2.4133733611035235,1.411639263120274
0.75,3.0,0.5181721487517039,2.4192032742810365,0.997552497276884,0.002447502723116002,0.24475027231160018,2.4132822676794627,1.4389577501872246
0.76,3.0,0.5273753096221606,2.4192163843545678,0.9975090818124318,0.002490918187568192,0.24909181875681918,2.413190314263116,1.4665799790571683
0.77,3.0,0.536666799998877,2.4192296276896506,0.9974652515746403,0.002534748425359723,0.2534748425359723,2.4130974892002808,1.4945096179302693
0.78,3.0,0.5460477747316383,2.4192430056402396,0.9974210011710032,0.0025789988289968147,0.25789988289968147,2.4130037807616347,1.5227503657311923
0.79,3.0,0.5555193966783544,2.419256519574032,0.997376325172735,0.002623674827264999,0.2623674827264999,2.412909177142929,1.5513059521091033
0.8,3.0,0.5650828386206884,2.419270170872609,0.9973312181057681,0.0026687818942319197,0.26687818942319197,2.412813666443329,1.580180143410639
0.81,3.0,0.5747392812691567,2.419283960931574,0.9972856744601943,0.002714325539805662,0.2714325539805662,2.4127172366883753,1.6093767384908129
0.8200000000000001,3.0,0.5844899076137031,2.4192978911606975,0.9972396887169419,0.0027603112830580923,0.2760311283058092,2.4126198758946478,1.6388995505256743
0.8300000000000001,3.0,0.594335911350323,2.4193119629840587,0.9971932553080626,0.002806744691937424,0.2806744691937424,2.4125215719738127,1.668752431070689
0.84,3.0,0.604278497214329,2.4193261778401904,0.997146368615197,0.0028536313848029904,0.28536313848029904,2.41242231272903,1.6989392710484281
0.85,3.0,0.6143188809803507,2.4193405371822276,0.9970990229696127,0.002900977030387275,0.2900977030387275,2.4123220858551773,1.7294640007485704
0.86,3.0,0.6244582894623348,2.4193550424780526,0.997051212652242,0.002948787347758053,0.2948787347758053,2.4122208789390585,1.7603305898279
0.87,3.0,0.6346979605135449,2.4193696952104453,0.997002931893721,0.0029970681062789772,0.2997068106278977,2.412118679459632,1.7915430473103076
0.88,3.0,0.6450391430265616,2.419384496877236,0.9969541748744297,0.0030458251255702784,0.30458251255702784,2.412015474788232,1.823105421586789
0.89,3.0,0.6554830969332828,2.4193994489914536,0.996904935724532,0.003095064275468018,0.3095064275468018,2.4119112521887933,1.8550218004154482
0.9,3.0,0.666031093204923,2.4194145530814852,0.9968552085240169,0.003144791475983122,0.3144791475983122,2.411805998818085,1.8872963109214942
0.91,3.0,0.6766844138520143,2.419429810691227,0.9968049873027403,0.003195012697259747,0.3195012697259747,2.41169970172594,1.9199331195972424
0.92,3.0,0.6874443519244053,2.4194452233802437,0.9967542660404677,0.0032457339595323154,0.32457339595323154,2.4115923478554904,1.9529364323021146
0.93,3.0,0.6983122115112621,2.419460792723925,0.9967030386669176,0.0032969613330824377,0.32969613330824377,2.4114839240434054,1.986310494262639
0.9400000000000001,3.0,0.7092893096453173,2.419476520313649,0.9966512990528299,0.0033487009471701024,0.33487009471701024,2.411374416998419,2.0200595963055896
0.9500000000000001,3.0,0.7203769772818623,2.419492407756942,0.9965990410053993,0.003400958994600689,0.3400958994600689,2.4112638132904127,2.054188079825934
0.96,3.0,0.7315765479803819,2.419508456677642,0.996546258321666,0.0034537416783340102,0.345374167833401,2.411152099479733,2.0887002998107937
0.97,3.0,0.742889368393453,2.4195246687160648,0.9964929447391215,0.0035070552608784666,0.35070552608784666,2.4110392619978187,2.1236006567923975
0.98,3.0,0.7543167992308955,2.41954104552917,0.9964390939312157,0.003560906068784342,0.3560906068784342,2.410925287136472,2.1588935998933425
0.99,3.0,0.7658602152597723,2.41955758879073,0.996384699507408,0.003615300492591955,0.3615300492591955,2.4108101610481203,2.1945836268265944
1.0,3.0,0.7775210053043894,2.4195743001915004,0.9963297550132213,0.0036702449867787035,0.36702449867787035,2.410693869746084,2.2306752838954877
1.01,3.0,0.7893005722462957,2.4195911814393916,0.9962742539302941,0.003725746069705882,0.3725746069705882,2.4105763991048486,2.267173165993726
1.02,3.0,0.8012003330242834,2.419608234259641,0.9962181896764367,0.003781810323563284,0.3781810323563284,2.4104577348603393,2.304081916605381
1.03,3.0,0.8132217186343874,2.419625460394992,0.996161555605686,0.0038384443943140223,0.38384443943140223,2.410337862610199,2.341406227804894
1.04,3.0,0.825366174129886,2.4196428616058676,0.9961043450083626,0.003895654991637354,0.3895654991637354,2.410216767814073,2.3791508402570747
1.05,3.0,0.8376351586213004,2.419660439670552,0.9960465511111286,0.0039534488888713915,0.39534488888713915,2.4100944357938903,2.4173205432171017
1.06,3.0,0.8500301452763948,2.419678196385368,0.9959881670770458,0.0040118329229541505,0.40118329229541505,2.409970851734155,2.4559201745305224
1.07,3.0,0.8625526213201764,2.419696133564865,0.9959291860056362,0.00407081399436382,0.407081399436382,2.4098460006822413,2.4949546206332522
1.08,3.0,0.8752040880348956,2.419714253041997,0.9958696009329421,0.004130399067057922,0.41303990670579216,2.4097198675486857,2.5344288165515776
1.09,3.0,0.8879860607600456,2.419732556668314,0.9958094048315888,0.004190595168411249,0.41905951684112486,2.4095924371074924,2.5743477459021507
1.1,3.0,0.9009000728696679,2.419751046314148,0.9957485905921176,0.004251409407882378,0.42514094078823783,2.4094636939511145,2.614716454455238
1.11,3.0,0.913947675264363,2.419769723868802,0.9956871510254486,0.00431284897455142,0.431284897455142,2.409333622496564,2.6555400502826196
1.12,3.0,0.9271304216982593,2.419788591240745,0.9956250789320371,0.004374921067962889,0.4374921067962889,2.4092022071529096,2.6968236533561636
1.1300000000000001,3.0,0.9404498826046257,2.419807650357803,0.9955623670368315,0.004437632963168459,0.44376329631684586,2.4090694321640482,2.738572440658506
1.1400000000000001,3.0,0.9539076457818267,2.4198269031673565,0.9954990079861152,0.004500992013884764,0.45009920138847637,2.4089352816012166,2.7807916484701205
1.1500000000000001,3.0,0.9675053163933237,2.4198463516365374,0.9954349943475798,0.00456500565242024,0.456500565242024,2.408799739363328,2.823486572369318
1.16,3.0,0.9812445169676729,2.4198659977524293,0.9953703186104003,0.004629681389599738,0.4629681389599738,2.40866278917731,2.8666625672322463
1.17,3.0,0.9951268873985282,2.4198858435222697,0.9953049731853117,0.004695026814688252,0.46950268146882523,2.408524414598448,2.9103250472328948
1.18,3.0,1.009154084944638,2.419905890973653,0.995238950404687,0.004761049595312983,0.4761049595312983,2.4083845990107373,2.954479485843086
1.19,3.0,1.0233277842298478,2.4199261421547367,0.9951722425226155,0.004827757477384509,0.4827757477384509,2.408243325627231,2.999131415832483
1.2,3.0,1.0376496772430985,2.4199465991344495,0.995104841714984,0.004895158285015966,0.4895158285015966,2.4081005774904005,3.044286429268585
1.21,3.0,1.0521214733384274,2.4199672640027017,0.995036740079559,0.004963259920440999,0.4963259920440999,2.407956337472498,3.08995017751673
1.22,3.0,1.066744899234968,2.4199881388705964,0.9949679296360695,0.0050320703639304964,0.5032070363930496,2.407810588275922,3.136128371240095
1.23,3.0,1.0815216990169492,2.420009225870645,0.9948984023262929,0.005101597673707103,0.5101597673707103,2.4076633124335935,3.1828267803996906
1.24,3.0,1.0964536341336963,2.420030527156983,0.9948281500141409,0.005171849985859067,0.5171849985859067,2.407514492309328,3.2300512342543692
1.25,3.0,1.1115424833996312,2.420052044905589,0.9947571644857477,0.005242835514252309,0.5242835514252309,2.4073641100982193,3.2778076213608203
1.26,3.0,1.1267900429942712,2.420073781314504,0.9946854374495596,0.005314562550440383,0.5314562550440383,2.4072121478270274,3.3261018895735694
1.27,3.0,1.1421981264622296,2.4200957386040574,0.9946129605364264,0.005387039463573551,0.5387039463573551,2.407058587354571,3.374940046044981
1.28,3.0,1.1577685721070474,2.4201179190170894,0.9945397252649184,0.005460274735081594,0.5460274735081594,2.406903410287962,3.4243281830760575
1.29,3.0,1.1735032405159798,2.420140324819181,0.994465723053075,0.0055342769469249875,0.5534276946924988,2.4067465980112104,3.4742724711050577
1.3,3.0,1.1894039934325502,2.420162958298881,0.9943909453178632,0.005609054682136794,0.5609054682136794,2.406588131926101,3.52477908431901
1.31,3.0,1.205472713250674,2.4201858217679417,0.9943153833835813,0.005684616616418725,0.5684616616418725,2.406427993230699,3.5758542672423195
1.32,3.0,1.2217113036382432,2.4202089175615504,0.9942390284790315,0.00576097152096855,0.576097152096855,2.4062661629126842,3.627504336891339
1.33,3.0,1.2381216895371263,2.4202322480385674,0.9941618717376286,0.0058381282623714,0.58381282623714,2.406102621749791,3.6797356827743735
1.34,3.0,1.2547058171631686,2.4202558155817657,0.9940839041975105,0.005916095802489529,0.5916095802489529,2.4059373503102517,3.7325547668916776
1.35,3.0,1.271465654006191,2.420279622598072,0.9940051168016496,0.005994883198350398,0.5994883198350398,2.405770328953249,3.785968123735456
1.36,3.0,1.288403188829992,2.4203036715188104,0.9939255003979681,0.00607449960203188,0.607449960203188,2.405601537829373,3.8399823602898633
1.37,3.0,1.305520431672346,2.4203279647999496,0.9938450457394536,0.0061549542605463525,0.6154954260546353,2.4054309568810845,3.8946041560310047
1.3800000000000001,3.0,1.3228194138450038,2.4203525049223527,0.9937637434842779,0.006236256515722127,0.6236256515722127,2.4052585658431864,3.949840262926936
1.3900000000000001,3.0,1.340302187933693,2.420377294392026,0.9936815841959172,0.0063184158040827665,0.6318415804082766,2.4050843442432965,4.005697505437661
1.4000000000000001,3.0,1.3579708277981173,2.420402335740376,0.9935985583432758,0.006401441656724183,0.6401441656724183,2.404908271402335,4.062182780515138
1.41,3.0,1.375827428571957,2.4204276315244644,0.9935146563008098,0.0064853436991901825,0.6485343699190182,2.4047303264350113,4.119303057603269
1.42,3.0,1.3938741066628697,2.4204531843272665,0.993429868348655,0.0065701316513450125,0.6570131651345013,2.4045504882503193,4.177065378637914
1.43,3.0,1.4121129997524888,2.4204789967579345,0.9933441846727559,0.00665581532724413,0.665581532724413,2.4043687355520404,4.235476858046877
1.44,3.0,1.430546266796424,2.420505071452062,0.9932575953649976,0.006742404635002419,0.6742404635002419,2.4041850468392565,4.294544682749915
1.45,3.0,1.4491760880242617,2.4205314110719494,0.99317009042334,0.006829909576659965,0.6829909576659965,2.403999400406863,4.354276112158735
1.46,3.0,1.4680046649395648,2.4205580183068736,0.9930816597519537,0.006918340248046273,0.6918340248046273,2.40381177434609,4.414678478176993
1.47,3.0,1.487034220319873,2.4205848958733633,0.992992293161359,0.007007706838641048,0.7007706838641048,2.4036221465450405,4.475759185200296
1.48,3.0,1.5062670063405186,2.42061204651547,0.992901980330421,0.007098019669579014,0.7098019669579014,2.403430494596883,4.537525739048973
1.49,3.0,1.5257053115043315,2.420639473005049,0.9928107107739751,0.007189289226024909,0.7189289226024909,2.403236795721683,4.599985772564167
1.5,3.0,1.5453514195409845,2.4206671781420384,0.9927184740359611,0.00728152596403886,0.728152596403886,2.4030410272341003,4.663146899129882
1.51,3.0,1.5652076378956539,2.4206951647547434,0.992625259555783,0.007374740444217043,0.7374740444217043,2.402843166220106,4.727016812988354
1.52,3.0,1.5852763000442025,2.420723435700122,0.9925310566575973,0.0074689433424026674,0.7468943342402667,2.4026431895112514,4.791603297444078
1.53,3.0,1.605559765493179,2.420751993864075,0.9924358545504791,0.007564145449520887,0.7564145449520887,2.4024410736852695,4.856914224863814
1.54,3.0,1.626060419779819,2.420780842161737,0.9923396423285881,0.007660357671411933,0.7660357671411933,2.4022367950666763,4.922957556676585
1.55,3.0,1.6467806744720441,2.420809983537772,0.9922424089713399,0.007757591028660138,0.7757591028660138,2.4020303297273884,4.989741343373677
1.56,3.0,1.667722967168462,2.4208394209666713,0.9921441433435793,0.007855856656420745,0.7855856656420745,2.4018216534873447,5.057273724508636
1.57,3.0,1.688889761498367,2.4208691574530543,0.992044834195757,0.007955165804243047,0.7955165804243047,2.401610741915137,5.125562928697274
1.58,3.0,1.7102835471217392,2.4208991960319732,0.9919444701641091,0.008055529835890862,0.8055529835890862,2.4013975703286534,5.194617273617664
1.59,3.0,1.7319068397292456,2.4209295397692188,0.9918430397708405,0.00815696022915946,0.815696022915946,2.401182113795724,5.264445166010142
1.6,3.0,1.7537621810422392,2.4209601917616306,0.9917405314243107,0.008259468575689266,0.8259468575689266,2.4009643471347806,5.335055101677307
1.61,3.0,1.7758521388127593,2.4209911551374113,0.9916369334192239,0.008363066580776124,0.8363066580776124,2.400744244915527,5.406455665484022
1.62,3.0,1.7981793068235312,2.4210224330564416,0.9915322339368209,0.008467766063179116,0.8467766063179116,2.400521781459611,5.4786555313574095
1.6300000000000001,3.0,1.8207463048879668,2.4210540287106004,0.9914264210450763,0.008573578954923722,0.8573578954923722,2.400296930841314,5.551663462286857
1.6400000000000001,3.0,1.8435557788501646,2.4210859453240876,0.9913194826988978,0.008680517301102197,0.8680517301102197,2.4000696668882466,5.625488310324016
1.6500000000000001,3.0,1.8666104005849085,2.4211181861537496,0.9912114067403291,0.008788593259670852,0.8788593259670852,2.3998399631820524,5.700139016582798
1.6600000000000001,3.0,1.8899128679976696,2.421150754489408,0.9911021808987571,0.008897819101242876,0.8897819101242876,2.3996077930591238,5.775624611239379
1.67,3.0,1.9134659050246037,2.421183653654193,0.9909917927911216,0.009008207208878405,0.9008207208878405,2.3993731296113268,5.851954213532195
1.68,3.0,1.9372722616325557,2.4212168870048782,0.9908802299221297,0.009119770077870348,0.9119770077870348,2.3991359456867367,5.929137031761949
1.69,3.0,1.9613347138190544,2.4212504579322207,0.9907674796844731,0.009232520315526904,0.9232520315526904,2.398896213890383,6.007182363291607
1.7,3.0,1.98565607415013,2.421284369861303,0.9906535293096805,0.009346470690319464,0.9346470690319464,2.3986539064654657,6.086099632923458
1.71,3.0,2.01023920443929,2.4213186262518778,0.9905383658089786,0.009461634191021417,0.9461634191021417,2.398408995150376,6.1658984392918175
1.72,3.0,2.0350869573257615,2.4213532305987195,0.9904219762472225,0.009578023752777498,0.9578023752777498,2.3981614518421805,6.246588341980499
1.73,3.0,2.0602022135932407,2.4213881864319764,0.9903043475682596,0.00969565243174042,0.969565243174042,2.3979112481740095,6.328178997073684
1.74,3.0,2.0855878857107935,2.4214234973175253,0.9901854665785902,0.00981453342140981,0.981453342140981,2.3976583554757154,6.410680170037973
1.75,3.0,2.111246917832857,2.421459166857333,0.9900653199476251,0.009934680052374856,0.9934680052374856,2.3974027447747153,6.49410173572239
1.76,3.0,2.1371822857992386,2.4214951986898208,0.9899438942079468,0.010056105792053183,1.0056105792053183,2.397144386796847,6.578453678358377
1.77,3.0,2.1633969971351172,2.4215315964902286,0.9898211757555754,0.010178824244424622,1.0178824244424622,2.3968832519672336,6.6637460915598
1.78,3.0,2.189894091051041,2.4215683639709886,0.9896971508502396,0.010302849149760429,1.030284914976043,2.3966193104111633,6.749989178322944
1.79,3.0,2.2166766384429306,2.421605504882099,0.9895718056156521,0.010428194384347944,1.0428194384347944,2.396352531954981,6.837193251026516
1.8,3.0,2.2437477418920753,2.4216430230115003,0.98944512603979,0.010554873960210043,1.0554873960210043,2.396082886126992,6.925368731431643
1.81,3.0,2.2711105356651364,2.42168092218546,0.98931709797518,0.010682902024820029,1.068290202482003,2.3958103421583767,7.014526150681873
1.82,3.0,2.298768185714146,2.421719206268957,0.9891877071391886,0.010812292860811423,1.0812292860811423,2.395534868984125,7.1046761493031765
1.83,3.0,2.3267238896765057,2.421757879166071,0.9890569391143174,0.010943060885682643,1.0943060885682643,2.395256435243975,7.195829477203944
1.84,3.0,2.354980876874989,2.4217969448203776,0.9889247793485033,0.011075220651496687,1.1075220651496687,2.3949750092833715,7.2879969936749855
1.85,3.0,2.3835424083177394,2.4218364072153435,0.9887912131554242,0.011208786844575824,1.1208786844575824,2.3946905591544336,7.381189667389535
1.86,3.0,2.412411776698271,2.421876270374729,0.9886562257148095,0.011343774285190511,1.134377428519051,2.394403052616939,7.4754185764032455
1.87,3.0,2.441592306395469,2.421916538362994,0.9885198020727565,0.01148019792724353,1.148019792724353,2.3941124571393226,7.5706949081541905
1.8800000000000001,3.0,2.471087353473589,2.421957215285707,0.9883819271420515,0.01161807285794847,1.161807285794847,2.3938187398996837,7.667029959462867
1.8900000000000001,3.0,2.500900305682257,2.421998305289957,0.9882425857024971,0.011757414297502877,1.1757414297502877,2.3935218677868133,7.764435136532191
1.9000000000000001,3.0,2.5310345824564706,2.4220398125647744,0.9881017624012445,0.011898237598755523,1.1898237598755523,2.3932218074012335,7.862921954947497
1.9100000000000001,3.0,2.5614936349165967,2.422081741341549,0.9879594417531311,0.012040558246868893,1.2040558246868893,2.3929185250562486,7.962502039676547
1.92,3.0,2.5922809458683735,2.4221240958944588,0.9878156081410252,0.012184391858974797,1.2184391858974797,2.3926119867790154,8.063187125069517
1.93,3.0,2.623400033763973,2.422166880540899,0.9876702457976733,0.012329754202326737,1.2329754202326737,2.3923021582668134,8.164989069842537
1.94,3.0,2.6548544884101593,2.4222100996419167,0.9875233386393077,0.012476661360692254,1.2476661360692254,2.391989004484236,8.26791999173624
1.95,3.0,2.686647895570438,2.4222537576026495,0.9873748706182126,0.012625129381787392,1.2625129381787392,2.3916724905173954,8.371991981788893
1.96,3.0,2.7187838648010696,2.4222978588727684,0.9872248255930082,0.01277517440699183,1.277517440699183,2.391352581259986,8.477217210295866
1.97,3.0,2.7512660436278553,2.4223424079469265,0.9870731872628199,0.012926812737180104,1.2926812737180104,2.3910292412540666,8.583607980524853
1.98,3.0,2.784098117546139,2.422387409365209,0.9869199391676806,0.013080060832319385,1.3080060832319385,2.3907024346912675,8.691176728715881
1.99,3.0,2.817283810020805,2.4224328677135922,0.9867650646889394,0.01323493531106057,1.323493531106057,2.390372125414016,8.799936024081305
2.0,3.0,2.8508268824862806,2.4224787876244016,0.9866085470496784,0.013391452950321625,1.3391452950321625,2.390038276916777,8.909898568805803
2.0100000000000002,3.0,2.884731134346535,2.42252517377678,0.9864503693151354,0.013549630684864589,1.3549630684864589,2.389700852347317,9.02107719804639
2.02,3.0,2.919000402975077,2.4225720308971557,0.9862905143931352,0.013709485606864802,1.3709485606864802,2.3893598145079777,9.133484879932396
2.0300000000000002,3.0,2.953638563714961,2.4226193637597193,0.986128965034527,0.01387103496547304,1.387103496547304,2.389015125856976,9.2471347155655
2.04,3.0,2.988649529878778,2.4226671771869017,0.9859657038336299,0.014034296166370086,1.4034296166370086,2.388666748509717,9.362039939019684
2.05,3.0,3.0240372527486645,2.422715476049859,0.985800713228686,0.01419928677131399,1.419928677131399,2.3883146442401264,9.478213917341279
2.06,3.0,3.0598057215763,2.42276426526896,0.9856339755023203,0.014366024497679653,1.4366024497679653,2.387958774482003,9.59567015054894
2.07,3.0,3.0959589635828992,2.422813549814285,0.9854654727820098,0.0145345272179902,1.45345272179902,2.3875991003303936,9.714422271633637
2.08,3.0,3.132501043959228,2.422863334706118,0.9852951870405585,0.014704812959441482,1.4704812959441482,2.3872355825429756,9.834484046558691
2.09,3.0,3.169436065865584,2.422913625015455,0.9851231000965824,0.014876899903417562,1.4876899903417562,2.386868181541473,9.955869374259727
2.1,3.0,3.2067681704318147,2.4229644258645116,0.984949193615001,0.015050806384999005,1.5050806384999005,2.3864968574130847,10.078592286644719
2.11,3.0,3.244501536757303,2.4230157424272365,0.9847734491075372,0.015226550892462831,1.5226550892462831,2.3861215699119294,10.202666948593953
2.12,3.0,3.2826403819109804,2.423067579929831,0.9845958479332263,0.015404152066773702,1.5404152066773702,2.3857422784605227,10.328107657960059
2.13,3.0,3.3211889609313126,2.423119943651271,0.9844163712989322,0.015583628701067775,1.5583628701067775,2.3853589421512575,10.454928845567977
2.14,3.0,3.360151566826313,2.4231728389238394,0.984235000259873,0.015764999740127017,1.5764999740127017,2.384971519747922,10.583145075214999
2.15,3.0,3.3995325305735324,2.4232262711336583,0.9840517157201545,0.015948284279845515,1.5948284279845515,2.3845799696872287,10.712771043670717
2.16,3.0,3.439336221120069,2.4232802457212284,0.9838664984333125,0.01613350156668747,1.613350156668747,2.384184250080362,10.843821580677078
2.17,3.0,3.4795670478414413,2.423334768181976,0.9836793289914257,0.01632067100857426,1.6320671008574261,2.383784318686838,10.976311658998862
2.18,3.0,3.520229500389972,2.423389844066801,0.9834901876403496,0.016509812359650433,1.6509812359650433,2.383380132466976,11.110256556209137
2.19,3.0,3.5613280746322933,2.4234454789826354,0.9832990546248784,0.016700945375121568,1.6700945375121568,2.382971648418561,11.24567155039109
2.2,3.0,3.6028672916195963,2.4235016785930013,0.9831059101009859,0.016894089899014086,1.6894089899014086,2.3825588233644397,11.382571999856454
2.21,3.0,3.644851716573417,2.4235584486185804,0.9829107340481021,0.01708926595189786,1.7089265951897858,2.3821416137401683,11.520973421103358
2.22,3.0,3.687285958885652,2.4236157948377866,0.9827135062697402,0.01728649373025981,1.728649373025981,2.3817199755957645,11.660891488816375
2.23,3.0,3.730174672118541,2.4236737230873415,0.9825142063941311,0.017485793605868882,1.7485793605868882,2.3812938645974686,11.802342035866465
2.24,3.0,3.7735225540046864,2.4237322392628604,0.982312813874871,0.017687186125128984,1.7687186125128984,2.3808632360295428,11.945341053311036
2.25,3.0,3.8173343464470326,2.4237913493194414,0.9821093079915779,0.017890692008422082,1.7890692008422082,2.3804280447960897,12.089904690393885
2.2600000000000002,3.0,3.861614835518886,2.42385105927226,0.9819036678505593,0.01809633214944073,1.809633214944073,2.3799882454228953,12.236049254545252
2.27,3.0,3.9063688514638963,2.4239113751971715,0.9816958723854909,0.018304127614509058,1.8304127614509058,2.379543792059302,12.383791211381766
2.2800000000000002,3.0,3.9516012686960735,2.4239723032313165,0.9814859003581066,0.018514099641893433,1.8514099641893433,2.379094638480102,12.533147184706504
2.29,3.0,3.997317005799774,2.4240338495737355,0.9812737303588984,0.01872626964110158,1.8726269641101578,2.3786407380874603,12.684133956508932
2.3000000000000003,3.0,4.043521025529712,2.424096020485987,0.9810593408078294,0.018940659192170584,1.8940659192170584,2.378182043912865,12.836768466964957
2.31,3.0,4.090218334810947,2.424158822292774,0.9808427099550566,0.019157290044943376,1.9157290044943376,2.377718508619103,12.991067814436882
2.32,3.0,4.137413984738898,2.424222261382573,0.980623815881666,0.019376184118333972,1.9376184118333972,2.37725008450226,13.147049255473437
2.33,3.0,4.185113070579334,2.424286344208273,0.9804026365004194,0.019597363499580633,1.9597363499580633,2.376776723493754,13.304730204809783
2.34,3.0,4.233320731768373,2.4243510772878203,0.9801791495565126,0.01982085044348736,1.982085044348736,2.376298377162391,13.464128235367468
2.35,3.0,4.282042151912491,2.424416467204867,0.9799533326283464,0.020046667371653615,2.0046667371653615,2.3758149967164517,13.62526107825449
2.36,3.0,4.331282558788511,2.4244825206094287,0.9797251631283085,0.020274836871691515,2.0274836871691515,2.375326533005805,13.788146622765229
2.37,3.0,4.3810472243436145,2.4245492442185452,0.9794946183035688,0.020505381696431235,2.0505381696431235,2.37483293652405,13.952802916380517
2.38,3.0,4.431341464695326,2.4246166448169526,0.9792616752368861,0.02073832476311388,2.073832476311388,2.3743341574106873,14.119248164767574
2.39,3.0,4.482170640131535,2.4246847292577582,0.9790263108474284,0.020973689152571584,2.0973689152571584,2.373830145453319,14.287500731780066
2.4,3.0,4.53354015511047,2.4247535044631228,0.9787885018916048,0.021211498108395177,2.1211498108395177,2.3733208500898786,14.45757913945804
2.41,3.0,4.585455458260723,2.42482297742495,0.9785482249639109,0.021451775036089082,2.1451775036089082,2.37280622041089,14.629502068028003
2.42,3.0,4.637922050712653,2.424893155205584,0.9783054564592412,0.021694543540758837,2.1694543540758837,2.3722862050682885,14.803288397192738
2.43,3.0,4.690945507770506,2.424964044938509,0.9780601724735672,0.021939827526432754,2.1939827526432754,2.3717607520347572,14.978957309539538
2.44,3.0,4.7445314139747214,2.4250356538290623,0.9778123491052838,0.022187650894716193,2.2187650894716193,2.3712298093346633,15.15652796715614
2.45,3.0,4.798685397195002,2.4251079891551495,0.9775619622982916,0.02243803770170838,2.243803770170838,2.370693324663772,15.336019685865443
2.46,3.0,4.853413134151148,2.4251810582679676,0.9773089878173881,0.022691012182611936,2.2691012182611936,2.3701512453297693,15.517451962911693
2.47,3.0,4.9087203504130805,2.425254868592737,0.9770534012492207,0.022946598750779312,2.2946598750779312,2.3696035182547655,15.700844476960555
2.48,3.0,4.964612820400819,2.4253294276294395,0.9767951780032561,0.023204821996743896,2.3204821996743896,2.3690500899778337,15.886217088099048
2.49,3.0,5.021096367384501,2.4254047429535617,0.9765342933127624,0.023465706687237575,2.3465706687237575,2.3684909066575783,16.073589837835602
2.5,3.0,5.078176863484363,2.4254808222168482,0.9762707222358088,0.023729277764191203,2.3729277764191203,2.3679259140747457,16.262982949100003
2.5100000000000002,3.0,5.1358602296707625,2.4255576731480626,0.9760044396562779,0.023995560343722078,2.3995560343722078,2.3673550576348603,16.45441682624345
2.52,3.0,5.194152435764155,2.425635303553753,0.9757354202848955,0.02426457971510454,2.426457971510454,2.3667782823709014,16.647912055038493
2.5300000000000002,3.0,5.253059500435114,2.425713721319027,0.9754636386602745,0.024536361339725477,2.4536361339725477,2.3661955329460134,16.843489402679104
2.54,3.0,5.312587491204313,2.4257929344083338,0.9751890691499756,0.024810930850024393,2.4810930850024393,2.365606753656251,17.041169817780595
2.5500000000000003,3.0,5.372742524442546,2.425872950866254,0.974911685951583,0.02508831404841705,2.508831404841705,2.3650118884333615,17.240974430379705
2.56,3.0,5.433530765370701,2.4259537788182977,0.9746314630937964,0.025368536906203554,2.5368536906203554,2.364410880847602,17.44292455193452
2.57,3.0,5.494958428059789,2.426035426471708,0.9743483744375399,0.025651625562460145,2.5651625562460145,2.363803674110592,17.647041675324534
2.58,3.0,5.557031775430925,2.426117902116276,0.9740623936770854,0.02593760632291464,2.593760632291464,2.3631902110782086,17.853347474850626
2.59,3.0,5.619757119255329,2.4262012141251597,0.9737734943411955,0.026226505658804466,2.6226505658804466,2.362570434253508,18.06186380623503
2.6,3.0,5.683140820154337,2.4262853709557155,0.9734816497942802,0.0265183502057198,2.65183502057198,2.361944285789697,18.272612706621402
2.61,3.0,5.747189287599386,2.426370381150332,0.9731868332375722,0.026813166762427842,2.6813166762427842,2.3613117074931327,18.48561639457475
2.62,3.0,5.811908979912031,2.4264562533372773,0.9728890177103187,0.02711098228968134,2.711098228968134,2.360672640826364,18.700897270081487
2.63,3.0,5.877306404263928,2.4265429962315515,0.9725881760909906,0.027411823909009425,2.7411823909009425,2.360027026911212,18.91847791454939
2.64,3.0,5.94338811667685,2.426630618635748,0.9722842810985088,0.02771571890149116,2.771571890149116,2.359374806531888,19.13838109080765
2.65,3.0,6.010160722022668,2.4267191294409236,0.9719773052934888,0.028022694706511198,2.8022694706511198,2.35871592013815,19.3606297431068
2.66,3.0,6.0776308740233755,2.426808537627477,0.9716672210795019,0.028332778920498125,2.8332778920498125,2.3580503078485004,19.585246997118805
2.67,3.0,6.145805275475741,2.4268988522660355,0.9713540007033231,0.028645999296676883,2.8645999296676883,2.357377909450917,19.812256164528332
2.68,3.0,6.2146906843981435,2.4269900825183495,0.9710376162280037,0.028962383771996336,2.8962383771996336,2.3566986643376238,20.041680850515952
2.69,3.0,6.28429390610471,2.427082237638198,0.97071803957062,0.029281960429380027,2.9281960429380027,2.356012511596825,20.273544764171326
2.7,3.0,6.354621792832559,2.4271753269723,0.9703952425053077,0.02960475749469227,2.960475749469227,2.3553193900201848,20.507871752523776
2.71,3.0,6.425681246203988,2.427269359961237,0.9700691966533056,0.0299308033466944,2.99308033466944,2.3546192380787807,20.744685858289262
2.72,3.0,6.497479217226511,2.4273643461403833,0.9697398734843314,0.03026012651566856,3.026012651566856,2.3539119939265523,20.98401131987047
2.73,3.0,6.570022706292822,2.4274602951408446,0.9694072443179784,0.030592755682021577,3.0592755682021577,2.3531975954037927,21.225872571356717
2.74,3.0,6.6433187631808295,2.4275572166904067,0.9690712803251292,0.030928719674870764,3.0928719674870764,2.35247598004068,21.470294242524062
2.75,3.0,6.717374487053623,2.4276551206144954,0.9687319525293906,0.031268047470609406,3.1268047470609406,2.3517470850608535,21.717301158835195
2.7600000000000002,3.0,6.792197026459502,2.4277540168371394,0.968389231808547,0.03161076819145303,3.161076819145303,2.3510108473850315,21.966918341439538
2.77,3.0,6.867793579331955,2.42785391538195,0.9680430888960344,0.03195691110396559,3.195691110396559,2.350267203634674,22.219171007173145
2.7800000000000002,3.0,6.944171392989675,2.427954826373105,0.9676934943824336,0.03230650561756643,3.230650561756643,2.3495160901356846,22.47408456855881
2.79,3.0,7.021337764136545,2.4280567600363425,0.9673404187169838,0.03265958128301616,3.265958128301616,2.348757442922159,22.731684633805948
2.8000000000000003,3.0,7.099300038861654,2.4281597266999695,0.9669838322091167,0.033016167790883344,3.3016167790883344,2.347991197740178,22.99199700681072
2.81,3.0,7.178065612639277,2.428263736795871,0.96662370503001,0.03337629496998995,3.337629496998995,2.347217290051642,23.25504768715592
2.82,3.0,7.257641930328897,2.4283688008605377,0.9662600072141635,0.0337399927858365,3.3739992785836503,2.3464356550381527,23.520862870111053
2.83,3.0,7.338036486175194,2.428474929536099,0.9658927086609936,0.03410729133900636,3.4107291339006363,2.345646227604938,23.78946894663231
2.84,3.0,7.419256823808034,2.4285821335713647,0.9655217791364505,0.03447822086354946,3.447822086354946,2.344848942384821,24.06089250336254
2.85,3.0,7.501310536242496,2.4286904238228826,0.9651471882746558,0.03485281172534416,3.4852811725344157,2.3440437337422373,24.33516032263131
2.86,3.0,7.5842052658788415,2.4287998112559976,0.9647689055795614,0.03523109442043859,3.523109442043859,2.3432305357772942,24.61229938245483
2.87,3.0,7.667948704502544,2.4289103069459292,0.9643869004266297,0.03561309957337033,3.5613099573370333,2.3424092823298786,24.89233685653604
2.88,3.0,7.752548593284259,2.4290219220788547,0.9640011420645358,0.0359988579354642,3.59988579354642,2.3415799069838097,25.175300114264513
2.89,3.0,7.838012722779855,2.429134667953002,0.9636115996168915,0.03638840038310853,3.6388400383108532,2.340742343071039,25.461216720716557
2.9,3.0,7.924348932930383,2.429248555979758,0.9632182420839901,0.036781757916009905,3.6781757916009905,2.339896523675894,25.750114436655117
2.91,3.0,8.011565113062106,2.429363597684781,0.9628210383445753,0.03717896165542467,3.717896165542467,2.339042381639374,26.042021218529865
2.92,3.0,8.09966920188647,2.4294798047091293,0.9624199571576305,0.03758004284236949,3.7580042842369488,2.3381798495634887,26.336965218477104
2.93,3.0,8.188669182402574,2.4295971888103955,0.9620149671873823,0.03798503281261767,3.798503281261767,2.337308859871989,26.63497478112144
2.94,3.0,8.278573033811538,2.4297157618638576,0.9616060372237593,0.03839396277624074,3.839396277624074,2.336429345346011,26.936078411502727
2.95,3.0,8.369388835112973,2.4298355358636337,0.9611931357128194,0.03880686428718061,3.880686428718061,2.335541237983205,27.240304837327546
2.96,3.0,8.461124727115028,2.429956522923856,0.9607762309317306,0.03922376906826941,3.922376906826941,2.3346444694227557,27.547682987894426
2.97,3.0,8.553788892291836,2.4300787352798476,0.9603552910822751,0.03964470891772487,3.964470891772487,2.333738971172525,27.858241981857674
2.98,3.0,8.647389554783498,2.4302021852893168,0.9599302842927009,0.040069715707299114,4.006971570729911,2.3328246746135166,28.17201112722725
2.99,3.0,8.7419349803961,2.4303268854335602,0.9595011786195916,0.04049882138040839,4.049882138040839,2.331901511004382,28.489019921368907
3.0,3.0,8.837433476601698,2.4304528483186774,0.9590679420497599,0.04093205795024013,4.093205795024013,2.330969411485971,28.80929805100405
3.0100000000000002,3.0,8.933893392538332,2.430580086676795,0.9586305425021597,0.04136945749784027,4.136945749784027,2.3300283070859225,29.132875392209865
3.02,3.0,9.031323119010008,2.4307086133673086,0.9581889478298229,0.04181105217017711,4.181105217017711,2.3290781287233093,29.4597820104192
3.0300000000000002,3.0,9.12973108848672,2.4308384413781283,0.9577431258218145,0.042256874178185466,4.225687417818547,2.328118807213316,29.790048160420685
3.04,3.0,9.229125775104428,2.4309695838269425,0.9572930442052118,0.042706955794788226,4.270695579478822,2.3271502732719704,30.123704286358606
3.0500000000000003,3.0,9.32951569466508,2.43110205396249,0.9568386706471035,0.043161329352896516,4.316132935289652,2.326172457520912,30.460781021733037
3.06,3.0,9.430909404636585,2.431235865165846,0.956379972756612,0.04362002724338798,4.362002724338798,2.32518529049221,30.801309189399703
3.0700000000000003,3.0,9.53331550415285,2.431371030951718,0.9559169180869374,0.04408308191306265,4.408308191306265,2.3241887026332257,31.145319801570118
3.08,3.0,9.636742634013734,2.4315075649697575,0.9554494741374221,0.044550525862577905,4.455052586257791,2.3231826243115186,31.49284405981145
3.09,3.0,9.741199476685091,2.43164548100588,0.9549776083556397,0.04502239164436028,4.502239164436029,2.3221669858197944,31.84391335504663
3.1,3.0,9.84669475629875,2.4317847929836,0.9545012881395046,0.04549871186049537,4.549871186049536,2.321141717380905,32.19855926755432
3.11,3.0,9.953237238652502,2.431925514965379,0.9540204808394042,0.04597951916059584,4.597951916059584,2.3201067491528864,32.556813566968856
3.12,3.0,10.060835731210133,2.4320676611539818,0.9535351537603538,0.046464846239646196,4.64648462396462,2.319062011234046,32.91870821228034
3.13,3.0,10.169499083101393,2.4322112458938534,0.9530452741641734,0.046954725835826605,4.69547258358266,2.318007433668093,33.28427535183455
3.14,3.0,10.279236185122016,2.4323562836724992,0.9525508092716879,0.04744919072831211,4.744919072831211,2.3169429464493145,33.65354732333304
3.15,3.0,10.390055969733703,2.4325027891218873,0.9520517262649489,0.04794827373505106,4.794827373505106,2.3158684795277957,34.026556653833026
3.16,3.0,10.501967411064149,2.4326507770198558,0.95154799228948,0.04845200771052005,4.845200771052005,2.3147839628146873,34.403336059747495
3.17,3.0,10.614979524907001,2.432800262291541,0.9510395744565441,0.04896042554345592,4.896042554345592,2.3136893261875158,34.78391844684509
3.18,3.0,10.729101368721906,2.4329512600108107,0.9505264398454344,0.04947356015456561,4.9473560154565615,2.31258449949554,35.168336910250275
3.19,3.0,10.844342031980085,2.43310378540172,0.9500085555491623,0.049991444450837697,4.99914444508377,2.311469412670687,35.556624715469226
3.2,3.0,10.960710501727945,2.433257853839972,0.9494858892803257,0.050514110719674266,5.051411071967427,2.3103439972015827,35.94881502737904
3.21,3.0,11.07821592135118,2.4334134808543966,0.9489584082104024,0.05104159178959755,5.104159178959755,2.3092081833093228,36.34494140956422
3.22,3.0,11.196867516484202,2.433570682128445,0.9484260793058529,0.051573920694147124,5.157392069414712,2.3080619007647507,36.74503769188626
3.23,3.0,11.316674533622654,2.4337294735016917,0.9478888696062141,0.0521111303937859,5.21111303937859,2.306905079564845,37.149137851865184
3.24,3.0,11.43764624012345,2.4338898709713574,0.9473467462262607,0.052653253773739306,5.26532537737393,2.305737649937769,37.55727601467974
3.25,3.0,11.559791924204731,2.434051890693841,0.9467996763581843,0.053200323641815705,5.3200323641815705,2.3045595423479552,37.969486453167235
3.2600000000000002,3.0,11.683120894945908,2.4342155489862685,0.9462476272737863,0.05375237272621369,5.375237272621369,2.303370687501214,38.38580358782365
3.27,3.0,11.80764248228762,2.4343808623280547,0.945690566326689,0.05430943367331098,5.430943367331098,2.3021710163498716,38.80626198680355
3.2800000000000002,3.0,11.933366037031774,2.4345478473624795,0.94512846095456,0.054871539045439954,5.487153904543995,2.3009604600979374,39.230896365920174
3.29,3.0,12.060300930841512,2.4347165208982817,0.9445612786813545,0.05543872131864547,5.543872131864546,2.2997389502063,39.65974158864534
3.3000000000000003,3.0,12.18845655624124,2.434886899911262,0.9439889871195712,0.05601101288042876,5.601101288042876,2.298506418397945,40.09283266610956
3.31,3.0,12.317842326616594,2.435059001545906,0.9434115539725256,0.05658844602747437,5.658844602747437,2.29726279666321,40.53020475710188
3.3200000000000003,3.0,12.448467676214479,2.435232843117018,0.942828947036637,0.057171052963363,5.7171052963363,2.296008017265054,40.97189316807008
3.33,3.0,12.580342060143032,2.435408442111374,0.942241134203732,0.05775886579626799,5.775886579626799,2.294742012744365,41.417933353120475
3.34,3.0,12.713474954371648,2.435585816189385,0.9416480834633629,0.05835191653663707,5.835191653663707,2.293464715925285,41.86836091401806
3.35,3.0,12.84787585573098,2.435764983186781,0.9410497629051413,0.05895023709485869,5.895023709485869,2.292176059920566,42.323211600186475
3.36,3.0,12.983554281912907,2.4359459611163055,0.9404461407210861,0.05955385927891388,5.955385927891388,2.2908759781369463,42.78252130870792
3.37,3.0,13.120519771470583,2.436128768169428,0.939837185207988,0.06016281479201202,6.0162814792012025,2.2895644042805583,43.24632608432329
3.38,3.0,13.258781883818386,2.4363134227180723,0.9392228647697871,0.060777135230212886,6.077713523021289,2.2882412723623533,43.71466211943205
3.39,3.0,13.398350199231968,2.4364999433163597,0.9386031479199664,0.06139685208003365,6.139685208003365,2.2869065167035547,44.18756575409236
3.4,3.0,13.539234318848207,2.4366883487023685,0.9379780032839597,0.06202199671604025,6.202199671604025,2.285560071941137,44.66507347602093
3.41,3.0,13.681443864665253,2.436878657799909,0.9373473996015739,0.06265260039842613,6.265260039842612,2.284201873033318,45.147221920593175
3.42,3.0,13.82498847954248,2.437070889720315,0.9367113057294255,0.06328869427057449,6.328869427057448,2.2828318552650892,45.63404787084306
3.43,3.0,13.969877827200538,2.4372650637642534,0.936069690643392,0.06393030935660804,6.3930309356608035,2.281449954253752,46.12558825746327
3.44,3.0,14.116121592221297,2.4374611994235456,0.9354225234410771,0.06457747655892287,6.4577476558922875,2.2800561059544875,46.62188015880501
3.45,3.0,14.263729372920297,2.4376593163830096,0.9347697738178631,0.06523022618213692,6.523022618213692,2.2786502478203525,47.122960541525536
3.46,3.0,14.412710654858078,2.437859434522319,0.9341114121847509,0.06588858781524909,6.588858781524909,2.2772323190895616,47.62886617496406
3.47,3.0,14.563075182834444,2.438061573917874,0.9334474080266121,0.06655259197338792,6.655259197338792,2.2758022567829217,48.139634533938725
3.48,3.0,14.714832697014788,2.438265754844695,0.9327777310724256,0.06722226892757444,6.722226892757444,2.2743599985556298,48.65530317985488
3.49,3.0,14.867992921112446,2.438471997778329,0.932102351349496,0.06789764865050396,6.789764865050396,2.2729054828290836,49.17590973252
3.5,3.0,15.022565562388635,2.4386803233967767,0.9314212391853933,0.06857876081460668,6.857876081460668,2.2714386487952614,49.70149187014347
3.5100000000000002,3.0,15.178560311652522,2.438890752582433,0.9307343652098882,0.06926563479011183,6.9265634790111825,2.269959436421077,50.232087329336764
3.52,3.0,15.33598684326115,2.439103306424049,0.9300417003568866,0.0699582996431134,6.99582996431134,2.2684677864527267,50.7677339051133
3.5300000000000002,3.0,15.494854815119512,2.439318006218708,0.9293432158663614,0.07065678413363863,7.065678413363862,2.266963640420015,51.30846945088858
3.54,3.0,15.655173868680478,2.4395348734738214,0.9286388832862801,0.07136111671371992,7.136111671371992,2.265446940640666,51.854331878480025
3.5500000000000003,3.0,15.816953628944871,2.4397539299091417,0.92792867447453,0.07207132552547002,7.207132552547002,2.2639176302246153,52.40535915810716
3.56,3.0,15.980203704461388,2.439975197458794,0.9272125616008393,0.07278743839916069,7.278743839916069,2.262375653078282,52.96158931839143
3.5700000000000003,3.0,16.144933687326674,2.440198698273325,0.926490517148694,0.07350948285130599,7.350948285130599,2.260820953908823,53.52306044635639
3.58,3.0,16.311153153185263,2.4404244547217675,0.9257625139172506,0.07423748608274938,7.423748608274938,2.259253478228359,54.08981068742749
3.59,3.0,16.47887166122961,2.440652489393732,0.9250285250232438,0.07497147497675616,7.497147497675616,2.257673172358192,54.66187824543228
3.6,3.0,16.648098754200106,2.4408828251015042,0.9242885239028897,0.07571147609711026,7.571147609711026,2.2560799834329845,55.23930138260031
3.61,3.0,16.81884395838501,2.441115484882173,0.9235424843137827,0.07645751568621728,7.645751568621728,2.2544738594049263,55.822118419563076
3.62,3.0,16.99111678362054,2.4413504919997693,0.9227903803367873,0.07720961966321271,7.720961966321271,2.2528547490478696,56.41036773535418
3.63,3.0,17.164926723290794,2.441587869947427,0.9220321863779241,0.07796781362207594,7.796781362207595,2.251222601961445,57.004087767409125
3.64,3.0,17.340283254327808,2.4418276424495633,0.9212678771702479,0.07873212282975206,7.8732122829752065,2.2495773685751406,57.60331701156554
3.65,3.0,17.51719583721151,2.442069833464075,0.9204974277757217,0.07950257222427826,7.950257222427826,2.247919000152366,58.20809402206294
3.66,3.0,17.69567391596977,2.442314467184559,0.9197208135870801,0.08027918641291987,8.027918641291986,2.246247448794479,58.81845741154299
3.67,3.0,17.875726918178334,2.442561568042548,0.9189380103296888,0.0810619896703112,8.10619896703112,2.244562667444784,59.43444585104921
3.68,3.0,18.057364254960902,2.442811160709769,0.9181489940633935,0.08185100593660655,8.185100593660655,2.242864609892505,60.05609807002728
3.69,3.0,18.240595312651298,2.4430632701004167,0.9173537412205344,0.08264625877946563,8.264625877946564,2.2411532308650903,60.68345283429863
3.7,3.0,18.4254291513189,2.4433179213734535,0.916552229914361,0.08344777008563897,8.344777008563897,2.23942848922456,61.31654813655843
3.71,3.0,18.611874987044427,2.4435751399349246,0.915744437846358,0.08425556215364205,8.425556215364205,2.237690342855043,61.955422447273456
3.72,3.0,18.799942145522508,2.4438349514402935,0.9149303425120392,0.0850696574879608,8.50696574879608,2.2359387491641605,62.600114623691525
3.73,3.0,18.989639882202653,2.4440973817967993,0.9141099219826767,0.08589007801732329,8.589007801732329,2.2341736669923367,63.250663441095156
3.74,3.0,19.18097738228934,2.4443624571658344,0.913283154906038,0.08671684509396205,8.671684509396204,2.2323950566142883,63.907107592801765
3.75,3.0,19.37396376074191,2.444630203965342,0.9124500205070908,0.08754997949290921,8.754997949290921,2.23060287974043,64.56948569016342
3.7600000000000002,3.0,19.56860806227467,2.4449006488722342,0.9116104985886722,0.08838950141132784,8.838950141132784,2.2287970995181854,65.23783626256711
3.77,3.0,19.76491926135681,2.4451738188248306,0.9107645695321219,0.08923543046787807,8.923543046787808,2.2269776805332118,65.91219775743453
3.7800000000000002,3.0,19.962906262212467,2.445449741025319,0.9099122142978798,0.09008778570212017,9.008778570212018,2.2251445888105246,66.5926085402222
3.79,3.0,20.162577898820665,2.4457284429422352,0.9090534144260477,0.0909465855739523,9.09465855739523,2.2232977918155403,67.27910689442139
3.8000000000000003,3.0,20.36394293491538,2.446009952312969,0.9081881520369124,0.09181184796308761,9.181184796308761,2.2214372584550115,67.97173102155821
3.81,3.0,20.567010063985467,2.446294297146282,0.9073164098314338,0.0926835901685662,9.26835901685662,2.2195629590778756,68.67051904119351
3.8200000000000003,3.0,20.771787909274746,2.446581505724858,0.9064381710916927,0.09356182890830733,9.356182890830734,2.217674865476,69.375508990923
3.83,3.0,20.978285023781904,2.446871606607867,0.9055534196813017,0.09444658031869835,9.444658031869835,2.2157729508848343,70.08673882637706
3.84,3.0,21.186509890260584,2.4471646286335536,0.9046621400457767,0.09533785995422328,9.533785995422328,2.213857189983959,70.80424642122097
3.85,3.0,21.396470921219343,2.4474606009218483,0.9037643172128699,0.09623568278713013,9.623568278713012,2.2119275588975342,71.52806956715476
3.86,3.0,21.60817645892163,2.4477595528769993,0.9028599367928615,0.09714006320713853,9.714006320713853,2.2099840351946503,72.2582459739132
3.87,3.0,21.82163477538585,2.4480615141902273,0.9019489849788135,0.09805101502118652,9.805101502118651,2.208026597889573,72.99481326926599
3.88,3.0,22.03685407238528,2.448366514842402,0.9010314485467811,0.09896855145321892,9.896855145321892,2.2060552274418836,73.7378089990174
3.89,3.0,22.253842481448164,2.448674585106742,0.9001073148559839,0.09989268514401606,9.989268514401605,2.20406990575652,74.48727062700672
3.9,3.0,22.47260806385762,2.4489857555515355,0.8991765718489364,0.1008234281510636,10.08234281510636,2.202070616183707,75.24323553510783
3.91,3.0,22.69315881065173,2.4493000570428842,0.8982392080515355,0.10176079194846455,10.176079194846455,2.200057343518781,76.00574102322955
3.92,3.0,22.91550264262344,2.449617520747473,0.897295212573107,0.10270478742689304,10.270478742689304,2.198030074001911,76.77482430931538
3.93,3.0,23.139647320452752,2.449938178135358,0.896344575487353,0.10365542451264698,10.365542451264698,2.1959887962509965,77.55052227298694
3.94,3.0,23.36560022171761,2.4502620609827814,0.8953872887745037,0.10461271122549631,10.46127112254963,2.1939335035704004,78.33287079083269
3.95,3.0,23.593369012178258,2.450589201375006,0.8944233434746482,0.10557665652535175,10.557665652535174,2.191864186976701,79.12190664296995
3.96,3.0,23.8229612780217,2.4509196317091764,0.8934527312495687,0.1065472687504313,10.65472687504313,2.1897808390237508,79.91766650305479
3.97,3.0,24.054384469509035,2.451253384697203,0.8924754446201844,0.10752455537981565,10.752455537981565,2.1876834543843677,80.72018677982784
3.98,3.0,24.287645900975374,2.451590493368667,0.8914914769647935,0.10850852303520653,10.850852303520654,2.18557202984608,81.52950361711405
3.99,3.0,24.52275275082993,2.4519309910737537,0.8905008225172378,0.10949917748276217,10.949917748276217,2.1834465643066836,82.34565289382284
4.0,3.0,24.75971206155593,2.452274911486203,0.8895034763649929,0.11049652363500706,11.049652363500705,2.181307058769633,83.16867022394801
4.01,3.0,24.998530739710688,2.4526222886062925,0.8884994344471813,0.11150056555281873,11.150056555281873,2.1791535163392424,83.99859095656781
4.0200000000000005,3.0,25.239215555925583,2.452973156763837,0.8874886935525081,0.11251130644749185,11.251130644749185,2.1769859422157096,84.835450175845
4.03,3.0,25.481773144905986,2.453327550621217,0.886471251317123,0.11352874868287699,11.3528748682877,2.1748043436899627,85.6792827010265
4.04,3.0,25.72621000543139,2.453685505176428,0.8854471062224006,0.11455289377759936,11.455289377759936,2.1726087301383172,86.5301230864439
4.05,3.0,25.97253250035532,2.454047055766159,0.8844162575926474,0.11558374240735259,11.558374240735258,2.1703991130169613,87.38800562151312
4.0600000000000005,3.0,26.220746856605388,2.45441223806889,0.8833787055927288,0.1166212944072712,11.66212944072712,2.1681755058562486,88.25296433073457
4.07,3.0,26.47085916518318,2.4547810881080188,0.8823344512256202,0.11766554877437985,11.766554877437985,2.1659379242548193,89.1250329736929
4.08,3.0,26.72287538116442,2.455153642255011,0.8812834963298782,0.11871650367012176,11.871650367012176,2.163686385873531,90.00424504505735
4.09,3.0,26.976801323698858,2.455529937232573,0.880225843577036,0.11977415642296396,11.977415642296396,2.161420910429208,90.89063377458152
4.1,3.0,27.232642676010297,2.4559100101178544,0.8791614964689195,0.1208385035310805,12.08385035310805,2.159141519688212,91.78423212710345
4.11,3.0,27.490404985396626,2.456293898345671,0.8780904593348848,0.12190954066511517,12.190954066511516,2.156848237459825,92.68507280254565
4.12,3.0,27.750093663229723,2.456681639711756,0.8770127373289794,0.12298726267102056,12.298726267102056,2.154541089589453,93.59318823591487
4.13,3.0,28.01171398495558,2.4570732723760367,0.8759283364270233,0.12407166357297672,12.407166357297672,2.152220103951644,94.50861059730244
4.14,3.0,28.275271090094233,2.4574688348659346,0.8748372634236127,0.12516273657638732,12.516273657638733,2.149885310442928,95.43137179188406
4.15,3.0,28.540769982239787,2.4578683660796927,0.8737395259290457,0.1262604740709543,12.626047407095431,2.147536740974469,96.36150345991999
4.16,3.0,28.808215397745595,2.4582719052897293,0.87263513290808,0.12736486709191996,12.736486709191997,2.1451744307967022,97.29903656972755
4.17,3.0,29.07761170626867,2.4586794921460142,0.8715240950831642,0.1284759049168358,12.84759049168358,2.1427984194920886,98.24400106826853
4.18,3.0,29.348963483844976,2.459091166679477,0.870406422566059,0.12959357743394095,12.959357743394095,2.14040874515328,99.19642765983455
4.19,3.0,29.62227512873534,2.459506969305433,0.8692821264426758,0.13071787355732423,13.071787355732422,2.138005448278408,100.15634666013497
4.2,3.0,29.897550835343907,2.459926940827045,0.8681512188755673,0.13184878112443266,13.184878112443265,2.1355885720238446,101.12378791682305
4.21,3.0,30.174794594218284,2.460351122438802,0.8670137130985401,0.13298628690145986,13.298628690145986,2.1331581621918265,102.09878080949656
4.22,3.0,30.45401019204945,2.460779555730031,0.8658696234111583,0.13413037658884175,13.413037658884175,2.130714267217839,103.08135424969743
4.23,3.0,30.7352012116718,2.4612122826884324,0.8647189651731384,0.1352810348268616,13.52810348268616,2.128256938157759,104.07153668091186
4.24,3.0,31.018371032063044,2.461649345703642,0.8635617547986374,0.1364382452013626,13.64382452013626,2.125786228674755,105.06935607857005
4.25,3.0,31.303522828344367,2.4620907875708204,0.8623980097504311,0.13760199024956887,13.760199024956886,2.123302195025947,106.07483995004665
4.26,3.0,31.590659571780307,2.4625366514942675,0.8612277485339879,0.13877225146601213,13.877225146601212,2.1208048960488335,107.08801533466047
4.2700000000000005,3.0,31.879784029778833,2.4629869810910665,0.8600509906914336,0.13994900930856635,13.994900930856636,2.118294393147475,108.10890880367461
4.28,3.0,32.170898765891216,2.4634418203947526,0.8588677567954138,0.14113224320458617,14.113224320458617,2.1157707502784517,109.13754646029615
4.29,3.0,32.46400613981221,2.463901213859008,0.8576780684428467,0.14232193155715334,14.232193155715333,2.1132340339365796,110.17395393967665
4.3,3.0,32.75910830737994,2.464365206361389,0.8564819482485756,0.1435180517514244,14.35180517514244,2.110684313140405,111.21815640891178
4.3100000000000005,3.0,33.056207220575914,2.4648338432070704,0.8552794198389151,0.1447205801610849,14.472058016108491,2.1081216594174665,112.27017856704158
4.32,3.0,33.355304627525,2.4653071701326286,0.854070507845096,0.14592949215490403,14.592949215490403,2.1055461467893304,113.33004464504998
4.33,3.0,33.6564020724955,2.465785233309844,0.8528552378966063,0.14714476210339367,14.714476210339367,2.102957851756406,114.39777840586545
4.34,3.0,33.959500895899104,2.4662680793495317,0.8516336366144331,0.14836636338556686,14.836636338556685,2.100356853282535,115.47340314436056
4.3500000000000005,3.0,34.26460223429091,2.4667557553054045,0.8504057316042026,0.14959426839579737,14.959426839579738,2.09774323277937,116.55694168735222
4.36,3.0,34.57170702036934,2.467248308677956,0.8491715514492217,0.15082844855077826,15.082844855077827,2.0951170740905285,117.64841639360125
4.37,3.0,34.88081598297626,2.4677457874183766,0.8479311257034203,0.15206887429657967,15.206887429657968,2.0924784634755373,118.74784915381302
4.38,3.0,35.19192962372059,2.468248239932496,0.8466844849777982,0.15331551502220175,15.331551502220176,2.0898274898246023,119.85526130804769
4.39,3.0,35.50504797978935,2.4687557150847503,0.8454316618807999,0.15456833811920012,15.456833811920012,2.087164246981823,120.97067277377208
4.4,3.0,35.8201711082362,2.4692682622021818,0.8441726890698275,0.15582731093017255,15.582731093017255,2.0844888289379955,122.09410372348536
4.41,3.0,36.13729890571811,2.46978593107846,0.8429075999689805,0.15709240003101954,15.709240003101954,2.0818013316024984,123.22557401671237
4.42,3.0,36.45643100895806,2.4703087719779377,0.8416364291589918,0.15836357084100816,15.836357084100817,2.0791018537676456,124.3651028571768
4.43,3.0,36.777566794744985,2.470836835639728,0.8403592123679057,0.15964078763209433,15.964078763209432,2.07639049708781,125.51270879280084
4.44,3.0,37.100705379933785,2.471370173281812,0.8390759864616409,0.16092401353835906,16.092401353835907,2.073667366058313,126.6684097157054
4.45,3.0,37.42584562144525,2.4719088366051754,0.8377867894344434,0.1622132105655566,16.22132105655566,2.07093256799408,127.83222286220962
4.46,3.0,37.752986116266186,2.4724528777979726,0.836491660399225,0.16350833960077504,16.350833960077505,2.0681862130080684,129.0041648128316
4.47,3.0,38.08212520144935,2.4730023495397138,0.8351906395777955,0.1648093604222045,16.48093604222045,2.0654284139894643,130.18425149228787
4.48,3.0,38.41326095411346,2.4735573050054867,0.8338837682909864,0.16611623170901357,16.611623170901357,2.062659286581672,131.3724981694937
4.49,3.0,38.74639119144312,2.4741177978702025,0.8325710889486693,0.16742891105133073,16.742891105133072,2.059878949160078,132.56891945756263
4.5,3.0,39.08151347068897,2.4746838823128683,0.8312526450396703,0.16874735496032967,16.874735496032965,2.057087522809612,133.77352931380705
4.51,3.0,39.41862508916758,2.475255613020891,0.8299284811215838,0.1700715188784162,17.00715188784162,2.054285131302103,134.98634103973788
4.5200000000000005,3.0,39.757723084261485,2.4758330451944057,0.8285986428104851,0.17140135718951488,17.140135718951488,2.0514719010734352,136.2073672810648
4.53,3.0,40.09880423341912,2.4764162345506335,0.8272631767705474,0.1727368232294526,17.273682322945263,2.048647961200514,137.4366200276956
4.54,3.0,40.44186505415495,2.4770052373282665,0.825922130703561,0.17407786929643898,17.407786929643898,2.0458134433780417,138.67411061373713
4.55,3.0,40.78690180404936,2.4776001102918794,0.8245755533383607,0.17542444666163926,17.542444666163924,2.04296848189511,139.91984971749469
4.5600000000000005,3.0,41.1339104807487,2.478200910736372,0.8232234944201614,0.1767765055798386,17.67765055798386,2.0401132136116225,141.17384736147218
4.57,3.0,41.482886821965245,2.4788076964914345,0.8218660046998049,0.17813399530019514,17.813399530019513,2.037247777934542,142.43611291237193
4.58,3.0,41.83382630547725,2.479420525926046,0.8205031359229192,0.17949686407708076,17.949686407708075,2.0343723167939745,143.706655081095
4.59,3.0,42.18672414912894,2.480039457952993,0.8191349408189944,0.1808650591810056,18.08650591810056,2.0314869746190958,144.9854819227411
4.6000000000000005,3.0,42.54157530603018,2.4806645520334247,0.8177614731089399,0.18223852689106013,18.223852689106014,2.028591898359982,146.27260080984573
4.61,3.0,42.89837437607391,2.481295868181426,0.8163827878354527,0.1836172121645473,18.36172121645473,2.0256872383105424,147.56801787520686
4.62,3.0,43.25711579708644,2.4819334669686257,0.8149989406120627,0.18500105938793732,18.50010593879373,2.0227731462490537,148.87173899110172
4.63,3.0,43.61779377579516,2.4825774095288273,0.8136099878806966,0.1863900121193034,18.63900121193034,2.0198497760796403,150.1837695368465
4.64,3.0,43.980402230956685,2.483227757562667,0.8122159871197674,0.1877840128802326,18.77840128802326,2.016917284351968,151.5041141072207
4.65,3.0,44.34493479335699,2.4838845733423023,0.8108169968318713,0.18918300316812875,18.918300316812875,2.0139758302344193,152.832776512467
4.66,3.0,44.711384805811214,2.4845479197161224,0.8094130765314103,0.19058692346858974,19.058692346858976,2.011025575487142,154.16975977829117
4.67,3.0,45.079745323163884,2.4852178601134893,0.8080042867321376,0.19199571326786236,19.199571326786234,2.0080666844349695,155.51506614586245
4.68,3.0,45.450009112288775,2.4858944585495046,0.806590688934634,0.19340931106536596,19.340931106536598,2.005099323940234,156.86869707181322
4.69,3.0,45.822168652088976,2.486577779629801,0.8051723456137131,0.1948276543862869,19.48276543862869,2.0021236633754658,158.23065322823925
4.7,3.0,46.19621613349676,2.487267888555363,0.8037493202057632,0.19625067979423683,19.625067979423683,1.9991398745959972,159.60093450269912
4.71,3.0,46.572143459473786,2.487964851127371,0.8023216770960253,0.1976783229039747,19.767832290397468,1.9961481319124752,160.97953999821507
4.72,3.0,46.94994224501096,2.4886687337520743,0.8008894816058114,0.19911051839418858,19.91105183941886,1.99314861206329,162.36646803327247
4.73,3.0,47.32960381712849,2.4893796034456868,0.7994527999796672,0.20054720002033277,20.054720002033278,1.990141494186928,163.76171614181996
4.74,3.0,47.71111921487581,2.4900975278393127,0.7980116993724808,0.20198830062751916,20.198830062751917,1.9871269597942633,165.16528107326914
4.75,3.0,48.09447918933168,2.490822575183892,0.7965662478365411,0.20343375216345894,20.343375216345894,1.9841051927407838,166.57715879249517
4.76,3.0,48.47967420360414,2.491554814355178,0.7951165143085495,0.20488348569145054,20.488348569145053,1.981076379198774,167.99734447983633
4.7700000000000005,3.0,48.866694432830556,2.4922943148587335,0.793662568596587,0.20633743140341299,20.6337431403413,1.9780407076294535,169.42583253109427
4.78,3.0,49.25552976417746,2.493041146834957,0.7922044813670425,0.20779551863295753,20.779551863295755,1.9749983687550838,170.8626165575335
4.79,3.0,49.64616979684076,2.4937953810641305,0.7907423241315011,0.20925767586849886,20.925767586849886,1.971949555531053,172.30768938588216
4.8,3.0,50.03860384204563,2.494557088971493,0.7892761692336002,0.21072383076639978,21.072383076639976,1.9688944631179415,173.76104305833144
4.8100000000000005,3.0,50.43282092304655,2.49532634263234,0.7878060898358542,0.2121939101641458,21.21939101641458,1.965833288853587,175.22266883253596
4.82,3.0,50.82880977853812,2.4961032147771416,0.7863321598937678,0.2136678401062322,21.36678401062322,1.9627662321934871,176.69255718026318
4.83,3.0,51.226558998118136,2.4968877787966894,0.7848544536399331,0.21514554636006689,21.51455463600669,1.959693493427702,178.17069777125263
4.84,3.0,51.62605687139641,2.497680108747266,0.78337304613465,0.21662695386535002,21.662695386535002,1.9566152750592698,179.65707959068666
4.8500000000000005,3.0,52.02729135694755,2.4984802793558374,0.781888013367064,0.21811198663293596,21.811198663293595,1.9535317820623228,181.15169085211872
4.86,3.0,52.430250139334014,2.4992883660252643,0.7803994320299444,0.21960056797005556,21.960056797005556,1.9504432213251641,182.6545189561244
4.87,3.0,52.83492062910634,2.500104444839542,0.7789073795068984,0.22109262049310163,22.109262049310164,1.9473498016235167,184.16555049030234
4.88,3.0,53.241289962803,2.5009285925690605,0.7774119338595836,0.22258806614041637,22.25880661404164,1.94425173359384,185.68477122927357
4.89,3.0,53.64934500295044,2.501760886675883,0.7759131738149186,0.22408682618508136,22.408682618508134,1.9411492297067092,187.2121661346817
4.9,3.0,54.05907233806312,2.5026014053190506,0.7744111787522949,0.22558882124770507,22.558882124770506,1.9380425042402758,188.74771935519308
4.91,3.0,54.47045828264333,2.5034502273599064,0.7729060286907957,0.22709397130920428,22.70939713092043,1.934931773253815,190.29141422649616
4.92,3.0,54.88348887718148,2.504307432367439,0.7713978042764209,0.2286021957235791,22.86021957235791,1.9318172545613639,191.84323327130244
4.93,3.0,55.29814988815589,2.5051731006236477,0.769886586769326,0.23011341323067402,23.011341323067402,1.9286991677054695,193.40315819934582
4.94,3.0,55.71442680803291,2.5060473131289287,0.7683724580310753,0.23162754196892466,23.162754196892465,1.925577733931047,194.97116990738292
4.95,3.0,56.132304855266725,2.5069301516074782,0.7668555005119139,0.23314449948808613,23.314449948808612,1.9224531761593608,196.5472484791925
4.96,3.0,56.55176897429961,2.507821698512716,0.7653357972380602,0.23466420276193978,23.46642027619398,1.9193257189621358,198.1313731855763
4.97,3.0,56.972803835561784,2.508722037032729,0.7638134317990248,0.23618656820097517,23.618656820097517,1.916195588535809,199.7235224843586
4.98,3.0,57.39539383547147,2.509631251095731,0.7622884883349568,0.23771151166504323,23.771151166504325,1.9130630126759312,201.32367402038622
4.99,3.0,57.81952309643473,2.510549425375541,0.7607610515240223,0.2392389484759777,23.923894847597772,1.9099282207517265,202.93180462552826
5.0,3.0,58.245175466845744,2.5114766452970776,0.7592312065698165,0.24076879343018354,24.076879343018355,1.906791443680815,204.5478903186768
5.01,3.0,58.6723345210866,2.5124129970418725,0.7576990391888148,0.24230096081118524,24.230096081118525,1.9036529139041174,206.1719063057463
5.0200000000000005,3.0,59.1009835595274,2.5133585675535977,0.7561646355978654,0.2438353644021346,24.38353644021346,1.900512865360939,207.80382697967394
5.03,3.0,59.531105608526104,2.514313444543609,0.7546280825017259,0.24537191749827414,24.537191749827414,1.8973715334642531,209.44362592041915
5.04,3.0,59.962683420428775,2.5152777164965068,0.7530894670806475,0.2469105329193525,24.69105329193525,1.8942291550761823,211.0912758949642
5.05,3.0,60.39569977540193,2.516251472675707,0.7515488759052471,0.2484511240947529,24.84511240947529,1.8910859657843502,212.74674935968397
5.0600000000000005,3.0,60.8301372793195,2.51723480312903,0.7500063956520755,0.2499936043479245,24.99936043479245,1.8879422017047658,214.41001813616847
5.07,3.0,61.26597800301565,2.518227798694299,0.7484621143719238,0.2515378856280762,25.153788562807623,1.8847981026808904,216.08105280039902
5.08,3.0,61.703203805386295,2.519230551004956,0.7469161203268414,0.2530838796731586,25.30838796731586,1.8816539093654727,217.75982321208127
5.09,3.0,62.14179633368423,2.5202431524956843,0.7453685019792473,0.2546314980207527,25.463149802075268,1.878509863199164,219.44629851513278
5.1000000000000005,3.0,62.5817370235192,2.521265696408045,0.7438193479821659,0.25618065201783413,25.618065201783413,1.8753662063920336,221.14044713768314
5.11,3.0,63.02300709885774,2.5222982767961253,0.742268747169537,0.25773125283046305,25.773125283046305,1.8722231819053419,222.84223679207338
5.12,3.0,63.465587572023395,2.523340988532194,0.7407167885466035,0.2592832114533965,25.928321145339652,1.8690810334335786,224.55163447485697
5.13,3.0,63.9094592436966,2.5243939273123672,0.7391635612803786,0.26083643871962137,26.08364387196214,1.8659400053867707,226.26860646679913
5.14,3.0,64.3546027029147,2.5254571896622835,0.7376091546901945,0.2623908453098055,26.23908453098055,1.862800342873071,227.993118332877
5.15,3.0,64.80099832707198,2.526530872942785,0.7360536582383354,0.26394634176166465,26.394634176166466,1.8596622916816317,229.72513492227986
5.16,3.0,65.24862628191951,2.5276150753556053,0.7344971615207555,0.2655028384792445,26.55028384792445,1.8565260982657625,231.46462036840842
5.17,3.0,65.6974665215654,2.5287098959490657,0.7329397542578869,0.26706024574211307,26.706024574211305,1.853392009726395,233.21153808887573
5.18,3.0,66.14749878847464,2.529815434623774,0.7313815262855355,0.26861847371446446,26.861847371446444,1.8502602737958413,234.96585078550672
5.19,3.0,66.59870261346913,2.530931792138328,0.7298225675458707,0.2701774324541293,27.01774324541293,1.8471311388218665,236.72752044433832
5.2,3.0,67.05105731572759,2.5320590701150243,0.7282629680785101,0.2717370319214899,27.17370319214899,1.84400485375208,238.496508335619
5.21,3.0,67.50454200278578,2.533197371045566,0.7267028180116981,0.2732971819883019,27.32971819883019,1.8408816681186382,240.27277501380956
5.22,3.0,67.9591355705363,2.534346798296777,0.7251422075535863,0.27485779244641373,27.48577924464137,1.8377618320232882,242.0562803175826
5.23,3.0,68.41481670322872,2.5355074561163105,0.7235812269836109,0.27641877301638906,27.641877301638907,1.834645596122734,243.8469833698228
5.24,3.0,68.87156387346938,2.5366794496383642,0.7220199666439763,0.2779800333560237,27.798003335602374,1.831533211614352,245.64484257762632
5.25,3.0,69.32935534222167,2.5378628848893876,0.7204585169312394,0.2795414830687606,27.954148306876057,1.828424930222245,247.44981563230172
5.26,3.0,69.78816915880584,2.5390578687937917,0.7188969682880026,0.28110303171199735,28.110303171199735,1.825321004183654,249.26185950936932
5.2700000000000005,3.0,70.24798322848041,2.540264509179652,0.7173354109654534,0.2826645890345466,28.266458903454662,1.8222216856533413,251.08093061154878
5.28,3.0,70.70877597106336,2.5414829147844076,0.7157739327883458,0.2842260672116542,28.422606721165423,1.8191272210296237,252.90698615885458
5.29,3.0,71.17052514109473,2.542713195260559,0.7142126231588551,0.28578737684114486,28.578737684114486,1.816037861127678,254.7399816875198
5.3,3.0,71.63320817164295,2.543955461181348,0.7126515718732572,0.28734842812674277,28.734842812674277,1.8129538581864448,256.5798717821582
5.3100000000000005,3.0,72.0968023896259,2.5452098240464465,0.7110908683860265,0.28890913161397347,28.890913161397346,1.8098754640058334,258.4266105320009
5.32,3.0,72.56128501581085,2.5464763962876162,0.7095306018060887,0.29046939819391127,29.046939819391127,1.8068029299429524,260.2801515308958
5.33,3.0,73.02663316481458,2.547755291274376,0.7079708608931846,0.2920291391068154,29.202913910681538,1.8037365069086864,262.1404478773084
5.34,3.0,73.49282384510332,2.5490466233196467,0.7064117340543482,0.2935882659456518,29.35882659456518,1.8006764453646127,264.00745217432126
5.3500000000000005,3.0,73.95983395899275,2.550350507685384,0.7048533093404987,0.2951466906595013,29.514669065950127,1.7976229953202638,265.88111652963437
5.36,3.0,74.42764030264786,2.551667060588203,0.7032956744431459,0.2967043255568541,29.670432555685412,1.79457640633074,267.76139255556427
5.37,3.0,74.89621956608327,2.5529963992049813,0.7017389166912086,0.2982610833087914,29.82610833087914,1.79153692749466,269.64823136904545
5.38,3.0,75.36554833316293,2.554338641678446,0.7001831230479486,0.2998168769520514,29.98168769520514,1.7885048074524692,271.54158359162915
5.39,3.0,75.83560308160031,2.555693907122745,0.6986283801080176,0.30137161989198236,30.137161989198237,1.785480294385094,273.441399349484
5.4,3.0,76.30636018295829,2.5570623156289973,0.697074774094618,0.30292522590538196,30.292522590538194,1.7824636360129442,275.347628273396
5.41,3.0,76.7777959026491,2.5584439882708185,0.6955223908567791,0.30447760914322086,30.447760914322085,1.779455079595273,277.2602194987678
5.42,3.0,77.24988639993458,2.5598390471098296,0.6939713158667461,0.3060286841332539,30.60286841332539,1.7764548719298858,279.1791216656196
5.43,3.0,77.72260772792592,2.561247615201138,0.692421634217484,0.30757836578251596,30.757836578251595,1.7734632593532056,281.10428291858904
5.44,3.0,78.1959358335838,2.562669816598791,0.690873430620296,0.30912656937970395,30.912656937970397,1.7704804877406917,283.03565090693064
5.45,3.0,78.66984655771824,2.5641057763612065,0.689326789402556,0.310673210597444,31.0673210597444,1.7675068025076188,284.973172784516
5.46,3.0,79.14431563498886,2.56555562055657,0.6877817945055545,0.31221820549444546,31.221820549444544,1.7645424486102093,286.9167952098342
5.47,3.0,79.61931869390459,2.5670194762682046,0.6862385294824599,0.3137614705175401,31.37614705175401,1.7615876705471272,288.86646434599146
5.48,3.0,80.09483125682392,2.5684974715999043,0.6846970774963933,0.3153029225036067,31.53029225036067,1.75864271236133,290.8221258607114
5.49,3.0,80.57082873995466,2.569989735681238,0.6831575213186176,0.3168424786813824,31.684247868138236,1.7557078176422836,292.78372492633423
5.5,3.0,81.047286457417,2.5714963986728123,0.6816199433137436,0.31838005668625635,31.838005668625634,1.7527832294948582,294.7512062294737
5.51,3.0,81.52418041529299,2.573017591771502,0.6800844228844676,0.3199155771155324,31.99155771155324,1.7498691839715046,296.7245158515044
5.5200000000000005,3.0,82.00148639683177,2.574553447215636,0.6785510394345738,0.32144896056542616,32.14489605654261,1.746965917688035,298.7035990776026
5.53,3.0,82.47917961723687,2.576104098290144,0.6770198734685438,0.32298012653145625,32.298012653145626,1.7440736706661903,300.6883995933921
5.54,3.0,82.95723531667925,2.57766967933166,0.6754910046791673,0.32450899532083266,32.45089953208327,1.74119268142277,302.67886089909035
5.55,3.0,83.43562876029709,2.579250325733579,0.6739645119511172,0.3260354880488828,32.603548804888284,1.7383231869827915,304.67492630950755
5.5600000000000005,3.0,83.914335238196,2.5808461739510675,0.67244047336461,0.32755952663539,32.755952663539,1.7354654228928985,306.6765389540471
5.57,3.0,84.39333006544865,2.5824573615060236,0.6709189661991574,0.32908103380084264,32.90810338008426,1.7326196232350248,308.68364177670475
5.58,3.0,84.87258858209522,2.584084026991986,0.6694000669373984,0.3305999330626016,33.05999330626016,1.7297860206402973,310.69617753606974
5.59,3.0,85.3520861531431,2.585726310078989,0.6678838512690183,0.3321161487309817,33.21161487309817,1.7269648463031828,312.71408880532425
5.6000000000000005,3.0,85.83179816856705,2.5873843515183625,0.6663703940947479,0.33362960590525215,33.36296059052521,1.7241563299958749,314.73731797224343
5.61,3.0,86.31170004330895,2.5890582931474713,0.6648597695304428,0.3351402304695572,33.51402304695572,1.7213607000829094,316.76580723919494
5.62,3.0,86.79176721727816,2.590748277894398,0.66335205091124,0.33664794908875995,33.664794908876,1.7185781835360123,318.79949862314
5.63,3.0,87.27197515535127,2.5924544497825592,0.6618473107957923,0.3381526892042077,33.81526892042077,1.7158090059491722,320.83833395563244
5.64,3.0,87.75229934737219,2.5941769539352606,0.6603456209705756,0.3396543790294244,33.96543790294244,1.7130533915539359,322.8822548828193
5.65,3.0,88.23271530815214,2.5959159365801807,0.6588470524542702,0.3411529475457298,34.11529475457298,1.7103115632349184,324.93120286544064
5.66,3.0,88.71319857746951,2.5976715450537884,0.6573516755022139,0.34264832449778615,34.264832449778616,1.7075837425455325,326.9851191788289
5.67,3.0,89.19372472007016,2.5994439278056847,0.6558595596109223,0.34414044038907765,34.41404403890777,1.7048701497239225,329.0439449129101
5.68,3.0,89.67426932566715,2.6012332344028755,0.6543707735226797,0.3456292264773203,34.56292264773203,1.7021710037091116,331.10762097220305
5.69,3.0,90.15480800894092,2.603039615533958,0.6528853852301937,0.3471146147698063,34.71146147698063,1.6994865221573434,333.17608807581973
5.7,3.0,90.63531640953906,2.6048632230132354,0.6514034619813172,0.34859653801868284,34.85965380186828,1.6968169214586333,335.2492867574644
5.71,3.0,91.11577019207658,2.6067042097847466,0.6499250702838308,0.35007492971616916,35.00749297161691,1.6941624167535092,337.3271573654351
5.72,3.0,91.59614504613579,2.6085627299262066,0.648450275910288,0.35154972408971197,35.1549724089712,1.6915232219499428,339.4096400626224
5.73,3.0,92.07641668626627,2.610438938652867,0.6469791439029207,0.35302085609707934,35.30208560970793,1.6888995497404806,341.4966748265101
5.74,3.0,92.55656085198483,2.612332992321274,0.6455117385786013,0.35448826142139866,35.448826142139865,1.6862916116195454,343.5882014491745
5.75,3.0,93.03655368529306,2.6142450484329456,0.6440481223840266,0.35595187761597336,35.59518776159734,1.6836996148949774,345.6841605221737
5.76,3.0,93.51637214268435,2.6161752656379442,0.6425883546617814,0.35741164533821856,35.74116453382186,1.6811237594531356,347.7844944854107
5.7700000000000005,3.0,93.99599225278675,2.61812380373835,0.6411324969654011,0.3588675030345989,35.88675030345989,1.6785642516553219,349.88914308020304
5.78,3.0,94.47539012292376,2.6200908236916334,0.6396806099866417,0.36031939001335833,36.031939001335836,1.6760212963194665,351.99804600253265
5.79,3.0,94.95454201673239,2.6220764876139246,0.6382327533282334,0.36176724667176663,36.176724667176664,1.6734950961270585,354.11114310643393
5.8,3.0,95.43342435416318,2.624080958783169,0.6367889855135895,0.36321101448641047,36.321101448641045,1.6709858516490617,356.2283744039935
5.8100000000000005,3.0,95.91201371148021,2.6261044016421753,0.6353493639965233,0.3646506360034767,36.46506360034767,1.6684937613718265,358.3496800653503
5.82,3.0,96.39028682126089,2.6281469818015446,0.6339139451709712,0.3660860548290288,36.60860548290288,1.6660190217229978,360.475000418695
5.83,3.0,96.86822057239627,2.6302088660424845,0.632482784380717,0.36751721561928297,36.7517215619283,1.663561827097399,362.6042759502711
5.84,3.0,97.34579201009088,2.632290222319503,0.6310559359291185,0.36894406407088154,36.894406407088155,1.6611223698829014,364.7374473043739
5.8500000000000005,3.0,97.82297833586274,2.6343912197629713,0.6296334530888301,0.3703665469111699,37.036654691116986,1.6587008404862547,366.87445528335144
5.86,3.0,98.2997569075433,2.6365120286815626,0.6282153881115236,0.37178461188847645,37.17846118884764,1.6562974273588882,369.0152408476033
5.87,3.0,98.77610523927758,2.638652820564563,0.6268017922375981,0.37319820776240187,37.319820776240185,1.6539123170226615,371.15974511558187
5.88,3.0,99.25200100152409,2.640813768084036,0.6253927157058855,0.3746072842941145,37.460728429411446,1.6515456940955677,373.30790936379145
5.89,3.0,99.72742202105485,2.642995045096861,0.6239882077633405,0.3760117922366595,37.60117922366595,1.6491977413173795,375.45967502678883
5.9,3.0,100.20234628095535,2.6451968266466186,0.6225883166747206,0.3774116833252794,37.74116833252794,1.646868639575231,377.614983697183
5.91,3.0,100.67675192062453,2.6474192889653376,0.621193089732248,0.37880691026775204,37.8806910267752,1.644558567929129,379.7737771256347
5.92,3.0,101.15061723577492,2.649662609475088,0.619802573265255,0.380197426734745,38.0197426734745,1.64226770363739,381.9359972208575
5.93,3.0,101.62392067843248,2.65192696678942,0.6184168126498096,0.38158318735019037,38.15831873501904,1.6399962221819908,384.1015860496169
5.94,3.0,102.09664085693677,2.6542125407146493,0.617035852318319,0.38296414768168097,38.2964147681681,1.6377442972938347,386.27048583673104
5.95,3.0,102.56875653594066,2.656519512250976,0.6156597357691105,0.3843402642308895,38.43402642308895,1.6355121009779223,388.4426389650695
5.96,3.0,103.0402466364107,2.6588480635934437,0.6142885055759852,0.38571149442401476,38.57114944240148,1.6332998035384187,390.61798797555474
5.97,3.0,103.51109023562684,2.6611983781327244,0.6129222033977467,0.3870777966022533,38.70777966022533,1.6311075736036194,392.79647556716134
5.98,3.0,103.98126656718259,2.6635706404557324,0.6115608699876988,0.38843913001230124,38.84391300123012,1.6289355781507997,394.9780445969161
5.99,3.0,104.45075502098487,2.6659650363460603,0.6102045452031136,0.3897954547968864,38.97954547968864,1.62678398253095,397.16263807989776
6.0,3.0,104.91953514325417,2.668381752784234,0.6088532680146664,0.39114673198533356,39.11467319853335,1.6246529504933847,399.3501991892377
6.01,3.0,105.38758671013485,2.670820977947783,0.6075070763043562,0.3924929236956438,39.24929236956438,1.6225426436453991,401.5406714716578
6.0200000000000005,3.0,105.85489086964904,2.673282901211115,0.6061660036036377,0.3938339963963623,39.38339963963623,1.6204532127290798,403.7340021784466
6.03,3.0,106.32142808155238,2.6757677131452025,0.6048300850337998,0.39516991496620024,39.51699149662002,1.6183848134723087,405.93013621946204
6.04,3.0,106.78717857024681,2.6782756055170682,0.6034993559957388,0.3965006440042612,39.650064400426125,1.616337603108648,408.1290175194499
6.05,3.0,107.2521228230602,2.680806771289066,0.6021738507478394,0.39782614925216064,39.782614925216066,1.614311736578019,410.3305904814428
6.0600000000000005,3.0,107.7162415902464,2.683361404617956,0.600853602418495,0.39914639758150505,39.91463975815051,1.6123073665554515,412.5347999867606
6.07,3.0,108.17951588498511,2.685939700853765,0.5995386430185444,0.4004613569814556,40.046135698145555,1.6103246434795015,414.74159139500966
6.08,3.0,108.64192698338213,2.688541856538433,0.5982290034536236,0.4017709965463764,40.17709965463764,1.6083637155803419,416.95091054408385
6.09,3.0,109.10345642446919,2.6911680694042337,0.5969247135364311,0.40307528646356894,40.30752864635689,1.6064247289075124,419.16270375016404
6.1000000000000005,3.0,109.56408601020397,2.6938185383719757,0.5956258019989036,0.4043741980010964,40.437419800109645,1.6045078273573223,421.37691780771826
6.11,3.0,110.02379780547007,2.6964934635489635,0.5943322965043044,0.4056677034956956,40.56677034956956,1.6026131526999012,423.5934999895009
6.12,3.0,110.48257413807711,2.6991930462267297,0.593044223659216,0.40695577634078395,40.6955776340784,1.6007408446058855,425.8123980465541
6.13,3.0,110.94039759876068,2.7019174888785247,0.5917616090254428,0.40823839097455716,40.82383909745572,1.59889104067274,428.0335602082069
6.140000000000001,3.0,111.39725104118234,2.7046669951565576,0.590484477131817,0.40951552286818305,40.951552286818306,1.5970638764507024,430.2569351820753
6.15,3.0,111.85311758192954,2.70744176988899,0.5892128514859095,0.4107871485140905,41.078714851409046,1.5952594854683495,432.4824721540621
6.16,3.0,112.30798060051575,2.7102420190766727,0.5879467545856432,0.41205324541435684,41.20532454143569,1.5934779992577706,434.7101207883576
6.17,3.0,112.76182373938042,2.7130679498896204,0.5866862079308062,0.41331379206919383,41.33137920691938,1.591719547379348,436.9398312274387
6.18,3.0,113.21463090388893,2.7159197706632208,0.5854312320344671,0.4145687679655329,41.45687679655329,1.5899842574461367,439.1715540920697
6.19,3.0,113.6663862623327,2.7187976908941756,0.5841818464342878,0.41581815356571217,41.58181535657122,1.5882722551478377,441.4052404813019
6.2,3.0,114.11707424592893,2.7217019212361584,0.5829380697037347,0.41706193029626526,41.706193029626526,1.5865836642743525,443.64084197247325
6.21,3.0,114.56667954882099,2.7246326734951976,0.5816999194631862,0.4183000805368138,41.830008053681375,1.5849186067389223,445.87831062120915
6.22,3.0,115.01518712807808,2.7275901606247674,0.5804674123909368,0.4195325876090632,41.95325876090632,1.5832772026008384,448.1175989614219
6.23,3.0,115.4625822036955,2.7305745967205897,0.5792405642340951,0.4207594357659049,42.07594357659049,1.581659570087721,450.35866000531104
6.24,3.0,115.90885025859434,2.7335861970151325,0.5780193898193771,0.42198061018062294,42.19806101806229,1.5800658256173583,452.6014472433626
6.25,3.0,116.35397703862176,2.7366251778718125,0.5768039030637917,0.4231960969362083,42.31960969362083,1.5784960838191047,454.84591464435016
6.26,3.0,116.79794855255089,2.7396917567788828,0.5755941169852196,0.42440588301478044,42.440588301478044,1.5769504575548259,457.0920166553342
6.2700000000000005,3.0,117.24075107208083,2.742786152343007,0.5743900437128827,0.4256099562871173,42.56099562871173,1.575429057939389,459.3397082016624
6.28,3.0,117.68237113183653,2.7459085842825126,0.5731916944977069,0.4268083055022931,42.68083055022931,1.5739319943606929,461.58894468696894
6.29,3.0,118.12279552936904,2.7490592734203223,0.5719990797225732,0.42800092027742676,42.80009202774268,1.5724593744992301,463.83968199317565
6.3,3.0,118.56201132515532,2.7522384416765484,0.5708122089124601,0.4291877910875399,42.91877910875399,1.5710113043471776,466.09187648049107
6.3100000000000005,3.0,119.00000584259833,2.7554463120607524,0.5696310907444753,0.43036890925552473,43.03689092555247,1.5695878882270082,468.3454849874111
6.32,3.0,119.43676666802689,2.758683108663859,0.5684557330577769,0.43154426694222314,43.154426694222316,1.5681892288096206,470.60046483071807
6.33,3.0,119.872281724582,2.761949056649725,0.5672861426651631,0.4327138573348369,43.27138573348369,1.5668154265845085,472.8567743041637
6.34,3.0,120.30653928845322,2.7652443822463497,0.5661223253213343,0.43387767467866567,43.38776746786657,1.5654665797590601,475.11437297028675
6.3500000000000005,3.0,120.73952771581257,2.7685693127367252,0.5649642864645015,0.4350357135354985,43.50357135354985,1.5641427862978192,477.37321975433656
6.36,3.0,121.17123565515584,2.771924076449319,0.5638120306546566,0.43618796934534343,43.618796934534345,1.562844142363424,479.6332741695664
6.37,3.0,121.601652057965,2.7753089027481854,0.5626655615553644,0.4373344384446356,43.73344384446356,1.56157074225441,481.89449638432535
6.38,3.0,122.03076617870805,2.7787240220226965,0.5615248819440888,0.4384751180559112,43.847511805591125,1.5603226784214983,484.1568472220575
6.390000000000001,3.0,122.45856757483907,2.78216966567689,0.5603899937223903,0.4396100062776097,43.961000627760974,1.5591000414832972,486.42028816130215
6.4,3.0,122.88504610679813,2.785646066118421,0.5592608979259933,0.4407391020740067,44.073910207400665,1.557902920241399,488.68478133569334
6.41,3.0,123.31019193801146,2.7891534567471226,0.5581375947347245,0.44186240526527554,44.186240526527556,1.5567314016948812,490.95028953396087
6.42,3.0,123.73399553489129,2.792692071943161,0.557020083482322,0.442979916517678,44.2979916517678,1.5555855710541984,493.2167761999294
6.43,3.0,124.15644766683596,2.7962621470547773,0.5559083626661147,0.44409163733388535,44.40916373338853,1.5544655117544555,495.48420543251893
6.44,3.0,124.57753940622987,2.799863918385621,0.5548024299565723,0.44519757004342775,44.51975700434277,1.5533713054680724,497.75254198574464
6.45,3.0,124.99726212844342,2.8034976231816526,0.5537022822067269,0.4462977177932731,44.62977177932731,1.5523030321168156,500.02175126871646
6.46,3.0,125.41560751183314,2.8071634996176265,0.5526079154614644,0.44739208453853563,44.739208453853564,1.5512607698832057,502.2917993456399
6.47,3.0,125.83256753774162,2.810861786783132,0.5515193249666881,0.4484806750333119,44.848067503331194,1.5502445952212918,504.56265293581566
6.48,3.0,126.24813449049752,2.8145927246682017,0.550436505178353,0.44956349482164704,44.956349482164704,1.5492545828667832,506.8342794136397
6.49,3.0,126.66230095741548,2.8183565541484628,0.5493594497713725,0.4506405502286275,45.064055022862746,1.548290805846541,509.1066468086026
6.5,3.0,127.07505982879631,2.8221535169698457,0.5482881516483967,0.4517118483516033,45.171184835160325,1.547353335487419,511.3797238052905
6.51,3.0,127.48640429792682,2.8259838557328245,0.5472226029484634,0.45277739705153663,45.277739705153664,1.546442241424451,513.6534797433849
6.5200000000000005,3.0,127.89632786107998,2.8298478138761984,0.5461627950555209,0.4538372049444791,45.38372049444791,1.54555759160838,515.9278846176622
6.53,3.0,128.30482431751466,2.833745635660395,0.545108718606827,0.45489128139317303,45.4891281393173,1.5446994523125261,518.202909077994
6.54,3.0,128.71188776947594,2.837677566150299,0.5440603635012174,0.45593963649878255,45.593963649878255,1.5438678881389816,520.4785244293471
6.55,3.0,129.11751262219488,2.841643851197597,0.5430177189072529,0.4569822810927471,45.69822810927471,1.5430629620241405,522.7547026317834
6.5600000000000005,3.0,129.5216935838887,2.845644737422628,0.541980773271238,0.45801922672876205,45.8019226728762,1.5422847352435447,525.0314163004604
6.57,3.0,129.92442566576054,2.849680472195737,0.5409495143251163,0.4590504856748837,45.90504856748837,1.541533267416052,527.30863870563
6.58,3.0,130.32570412035614,2.8537513036181306,0.5399239292516419,0.4600760707483581,46.00760707483581,1.5408086169564963,529.5863439407251
6.59,3.0,130.72552435834095,2.857857480502215,0.5389040049026369,0.4610959950973631,46.10959950973631,1.5401108416836031,531.8645065469718
6.6000000000000005,3.0,131.12388209685278,2.8619992523514246,0.5378897274256873,0.4621102725743127,46.21102725743127,1.5394399977398285,534.1431013656304
6.61,3.0,131.52077335156588,2.8661768693395224,0.5368810822918344,0.4631189177081656,46.31189177081656,1.5387961396508245,536.4221039518725
6.62,3.0,131.91619443641616,2.8703905822893807,0.5358780543035012,0.4641219456964988,46.41219456964988,1.5381793203283272,538.7014905766749
6.63,3.0,132.31014196360093,2.8746406426512183,0.5348806276015996,0.4651193723984004,46.51193723984004,1.5375895910703492,540.9812382268185
6.640000000000001,3.0,132.70261284357912,2.878927302480303,0.5338887856725156,0.46611121432748437,46.61112143274843,1.5370270015606602,543.2613246048892
6.65,3.0,133.09360428507102,2.883250814414105,0.5329025113549817,0.4670974886450183,46.70974886450183,1.5364915998675728,545.5417281292764
6.66,3.0,133.48311379505859,2.8876114316489003,0.5319217868468288,0.4680782131531712,46.80782131531712,1.5359834324420125,547.8224279341752
6.67,3.0,133.87113917878517,2.892009407915813,0.5309465937116253,0.46905340628837466,46.905340628837465,1.5355025441148753,550.1034038695843
6.68,3.0,134.2576785397557,2.896444997456293,0.5299769128852008,0.47002308711479923,47.00230871147993,1.5350489780936694,552.3846365013075
6.69,3.0,134.64273027973664,2.9009184549970284,0.5290127246820552,0.4709872753179448,47.09872753179448,1.5346227759584359,554.6661071109529
6.7,3.0,135.02629309875584,2.9054300357242724,0.5280540088016566,0.47194599119834335,47.194599119834336,1.5342239776569426,556.9477976959328
6.71,3.0,135.40836599510283,2.9099799952576006,0.5271007443346258,0.47289925566537416,47.28992556653742,1.5338526214991524,559.2296909694644
6.72,3.0,135.7889482653285,2.9145685896230695,0.5261529097688108,0.4738470902311892,47.38470902311892,1.533508744150957,561.5117703605694
6.73,3.0,136.16803950424537,2.919196075225789,0.5252104829952507,0.47478951700474925,47.47895170047492,1.533192380627177,563.7940200140738
6.74,3.0,136.5456396049274,2.9238627088218925,0.5242734413140323,0.4757265586859677,47.57265586859677,1.532903564283822,566.076424790608
6.75,3.0,136.92174875871007,2.9285687474899067,0.5233417614400371,0.4766582385599629,47.665823855996294,1.532642326809611,568.3589702666072
6.76,3.0,137.2963674551904,2.9333144486015086,0.5224154195085821,0.47758458049141794,47.758458049141794,1.5324086982167422,570.6416427343112
6.7700000000000005,3.0,137.66949648222695,2.9381000697916693,0.5214943910809555,0.4785056089190445,47.85056089190445,1.5322027068309194,572.924429201764
6.78,3.0,138.04113692593964,2.942925868928177,0.5205786511498482,0.47942134885015175,47.94213488501518,1.5320243792806256,575.207317392814
6.79,3.0,138.4112901707101,2.9477921040805386,0.5196681741446798,0.4803318258553202,48.03318258553202,1.5318737404856375,577.4902957471145
6.8,3.0,138.7799578991813,2.952699033488246,0.5187629339368253,0.48123706606317473,48.12370660631748,1.5317508136447908,579.7733534201229
6.8100000000000005,3.0,139.14714209225795,2.957646915528413,0.5178629038447379,0.4821370961552621,48.21370961552621,1.531655620222976,582.0564802831018
6.82,3.0,139.5128450265238,2.962636008682769,0.5169680566452879,0.4830319433547121,48.30319433547121,1.5315881799560833,584.3396669201552
6.83,3.0,139.87706893177182,2.96766657150401,0.5160783654144658,0.48392163458553417,48.39216345855342,1.5315485133169413,586.622904179571
6.84,3.0,140.23981624667397,2.9727388625815028,0.5151938029020762,0.48480619709792383,48.480619709792386,1.531536639648157,588.9061833498008
6.8500000000000005,3.0,140.6010898467761,2.977853140506336,0.5143143409801518,0.48568565901984817,48.56856590198482,1.5315525754951917,591.1894965820566
6.86,3.0,140.96089287608362,2.983009663835709,0.5134399510594925,0.48656004894050753,48.65600489405075,1.5315963358097995,593.472836736042
6.87,3.0,141.31922874706177,2.9882086910566694,0.5125706040936644,0.4874293959063356,48.74293959063356,1.5316679339328552,595.7561973799537
6.88,3.0,141.67610114063547,2.9934504805491757,0.5117062705829203,0.4882937294170797,48.82937294170797,1.5317673815764692,598.0395727904806
6.890000000000001,3.0,142.03151400618935,2.9987352905485003,0.5108469205780353,0.48915307942196473,48.91530794219647,1.5318946888053813,600.3229579528039
6.9,3.0,142.3854715615677,3.0040633791069515,0.5099925236840641,0.4900074763159359,49.00074763159359,1.5320498640176317,602.6063485605969
6.91,3.0,142.73797829307452,3.0094350040549296,0.5091430490640195,0.4908569509359805,49.08569509359805,1.5322329139245168,604.8897410160255
6.92,3.0,143.08903895547357,3.0148504229612954,0.5082984654424703,0.49170153455752974,49.170153455752974,1.532443843529809,607.173132429748
6.93,3.0,143.43865857198827,3.0203098930930623,0.5074587411090662,0.4925412588909338,49.25412588909338,1.5326826561082636,609.4565206209148
6.94,3.0,143.7868424343018,3.0258136713744035,0.5066238439219847,0.4933761560780153,49.33761560780153,1.5329493531833933,611.7399041171691
6.95,3.0,144.1335961025569,3.0313620143449675,0.5057937413113044,0.4942062586886956,49.420625868869564,1.533243934504513,614.0232821546458
6.96,3.0,144.47892540535625,3.0369551781175104,0.5049684002823055,0.4950315997176945,49.50315997176945,1.5335663980230634,616.3066546779725
6.97,3.0,144.822836439762,3.042593418334833,0.5041477874186986,0.4958522125813014,49.58522125813014,1.533916739868201,618.5900223402692
6.98,3.0,145.16533557129617,3.0482769901260247,0.5033318688857823,0.4966681311142177,49.66681311142177,1.5342949543216593,620.8733865031484
6.99,3.0,145.5064294339404,3.0540061480620073,0.5025206104335325,0.49747938956646753,49.747938956646756,1.5347010337918812,623.1567492367143
7.0,3.0,145.84612493013606,3.0597811461103923,0.5017139773996231,0.4982860226003769,49.82860226003769,1.5351349687874223,625.440113319564
7.01,3.0,146.18442923078422,3.0656022375896286,0.5009119347123802,0.49908806528761984,49.908806528761986,1.5355967478896226,627.723482238787
7.0200000000000005,3.0,146.52134977524568,3.0714696751224606,0.5001144468936709,0.4998855531063291,49.98855531063291,1.5360863577245525,630.0068601899649
7.03,3.0,146.8568942713409,3.0773837105886734,0.4993214780617284,0.5006785219382717,50.067852193827164,1.5366037829342225,632.2902520771714
7.04,3.0,147.19107069535008,3.0833445950771527,0.498532991933914,0.501467008066086,50.1467008066086,1.5371490061470754,634.5736635129731
7.05,3.0,147.52388729201311,3.0893525788372354,0.49774895182941764,0.5022510481705824,50.22510481705824,1.5377220079477423,636.8571008184285
7.0600000000000005,3.0,147.85535244323557,3.095407911229354,0.4969693209804703,0.5030306790195297,50.30306790195297,1.538322767801228,639.1405708145451
7.07,3.0,148.18547438776372,3.1015108406749925,0.49619406319032017,0.5038059368096799,50.38059368096799,1.5389512660633502,641.4240803080968
7.08,3.0,148.51426185394283,3.1076616146059353,0.4954231413457787,0.5045768586542213,50.45768586542213,1.5396074793477672,643.7076371024878
7.09,3.0,148.8417238263696,3.113860479412815,0.49465651796967725,0.5053434820303228,50.53434820303227,1.540291382189733,645.9912497089506
7.1000000000000005,3.0,149.1678695198178,3.1201076803929713,0.4938941552840262,0.5061058447159739,50.610584471597384,1.541002947202889,648.2749273079239
7.11,3.0,149.4927083792382,3.126403461697601,0.49313601521175515,0.5068639847882448,50.68639847882448,1.541742145045792,650.5586797490515
7.12,3.0,149.81625007975867,3.1327480662782268,0.4923820593784104,0.5076179406215896,50.76179406215896,1.5425089443878062,652.842517551184
7.13,3.0,150.13850452668413,3.139141735832464,0.49163224911381337,0.5083677508861866,50.83677508861866,1.5433033118743544,655.1264519023769
7.140000000000001,3.0,150.45948185549662,3.1455847107491026,0.49088654545367816,0.5091134545463218,50.91134545463218,1.5441252120915345,657.4104946598926
7.15,3.0,150.77919243185508,3.1520772300525004,0.4901449091411927,0.5098550908588073,50.98550908588073,1.5449746075301052,659.6946583501982
7.16,3.0,151.09764685159564,3.158619531346295,0.48940730062856147,0.5105926993714385,51.059269937143846,1.545851458548842,661.9789561689674
7.17,3.0,151.41485594073143,3.1652118507564344,0.4886736800785132,0.5113263199214868,51.13263199214868,1.5467557233372684,664.2634019810798
7.18,3.0,151.73083075545262,3.1718544228735297,0.487944007365774,0.5120559926342261,51.205599263422606,1.5476873578777643,666.5480103206204
7.19,3.0,152.04558258212654,3.178547480694542,0.48721824207850645,0.5127817579214935,51.27817579214935,1.54864631590706,668.8327963908806
7.2,3.0,152.35912293729743,3.1852912555637936,0.4864963435197178,0.5135036564802822,51.350365648028216,1.5496325488771165,671.1177760643568
7.21,3.0,152.67146356768666,3.19208597711333,0.48577827070863566,0.5142217292913643,51.42217292913644,1.550646005915399,673.4029658827521
7.22,3.0,152.98261645019267,3.198931873202612,0.4850639823820549,0.5149360176179452,51.493601761794515,1.5516866337845456,675.6883830569752
7.23,3.0,153.29259379189094,3.2058291698575707,0.48435343699565536,0.5156465630043446,51.564656300434464,1.552754376841443,677.9740454671405
7.24,3.0,153.60140803003395,3.2127780912090054,0.4836465927252935,0.5163534072747065,51.63534072747065,1.5538491769957077,680.2599716625682
7.25,3.0,153.90907183205132,3.219778859430358,0.48294340746826586,0.5170565925317341,51.70565925317341,1.5549709736675836,682.5461808617846
7.26,3.0,154.2155980955497,3.2268316946748468,0.4822438388445496,0.5177561611554504,51.77561611554504,1.5561197037452617,684.8326929525217
7.2700000000000005,3.0,154.5209999483128,3.2339368150119876,0.4815478441980182,0.5184521558019818,51.84521558019818,1.5572953015416278,687.1195284917176
7.28,3.0,154.82529073852803,3.2410944363634884,0.4808553806198605,0.5191446193801394,51.91446193801394,1.5584976988224775,689.4067086889021
7.29,3.0,155.12848367158017,3.2483047724385554,0.48016640577435116,0.5198335942256489,51.98335942256489,1.5597268274414928,691.6942547640018
7.3,3.0,155.43059216925113,3.2555680346685847,0.4794808770794645,0.5205191229205355,52.05191229205355,1.5609826166547616,693.9821885214059
7.3100000000000005,3.0,155.7316299764356,3.2628844321412833,0.47879875146621137,0.5212012485337887,52.12012485337887,1.5622649922877845,696.2705325960626
7.32,3.0,156.03161102962434,3.270254171534199,0.478119985678681,0.5218800143213189,52.18800143213189,1.563573877659578,698.5593102417353
7.33,3.0,156.33054945690424,3.2776774570476963,0.47744453627457173,0.5225554637254283,52.255546372542824,1.5649091935377548,700.8485453310021
7.34,3.0,156.62845957795827,3.2851544903373666,0.47677235962571396,0.523227640374286,52.322764037428605,1.566270858093156,703.1382623552565
7.3500000000000005,3.0,156.92535590406558,3.292685470445903,0.47610341191858807,0.5238965880814119,52.38965880814119,1.567658786854056,705.4284864247069
7.36,3.0,157.2212531381013,3.300270593734433,0.4754376491548367,0.5245623508451633,52.45623508451634,1.569072892659936,707.7192432683755
7.37,3.0,157.51616617453683,3.3079100538133406,0.47477502715177256,0.5252249728482274,52.52249728482275,1.5705130856148501,710.0105592341009
7.38,3.0,157.8101100994396,3.315604041472578,0.47411550154288395,0.525884498457116,52.58844984571161,1.5719792730403843,712.3024612885357
7.390000000000001,3.0,158.10310019047316,3.323352744611481,0.47345902777833787,0.5265409722216621,52.65409722216621,1.5734713594282226,714.594977017148
7.4,3.0,158.3951519168971,3.331156348168108,0.4728055611254822,0.5271944388745178,52.719443887451774,1.5749892463923345,716.88813462422
7.41,3.0,158.68628093956727,3.339015034048117,0.4721550566693473,0.5278449433306527,52.78449433306527,1.5765328326207915,719.1819629328496
7.42,3.0,158.97650311093554,3.3469289810531837,0.4715074693131496,0.5284925306868504,52.849253068685044,1.578102013827225,721.4764913849491
7.43,3.0,159.26583447504984,3.3548983648089945,0.4708627537787966,0.5291372462212034,52.91372462212034,1.579696682701945,723.7717500412462
7.44,3.0,159.55429126755436,3.3629233576928157,0.4702208646073947,0.5297791353926053,52.977913539260534,1.5813167288627188,726.0677695812831
7.45,3.0,159.84188991568925,3.37100412876066,0.4695817561597621,0.5304182438402378,53.04182438402378,1.5829620388052397,728.3645813034168
7.46,3.0,160.12864703829084,3.379140843674077,0.46894538261694574,0.5310546173830543,53.10546173830543,1.5846324958532887,730.6622171248197
7.47,3.0,160.41457944579156,3.387333664626564,0.4683116979807451,0.5316883020192549,53.16883020192549,1.586327980108606,732.9607095814788
7.48,3.0,160.69970414022,3.3955827502696394,0.46768065607424286,0.5323193439257572,53.23193439257572,1.588048368400487,735.2600918281963
7.49,3.0,160.9840383152008,3.40388825563858,0.46705221054234414,0.5329477894576559,53.294778945765586,1.5897935342351226,737.5603976385887
7.5,3.0,161.26759933927684,3.412250332077848,0.466426314889113,0.533573685110887,53.3573685110887,1.591563347870223,739.8616613746565
7.51,3.0,161.5504044103762,3.420669127166236,0.4658029232392399,0.5341970767607601,53.41970767607601,1.593357678868252,742.163917343525
7.5200000000000005,3.0,161.83247094618795,3.4291447846417276,0.4651819894745056,0.5348180105254944,53.481801052549436,1.5951763931157639,744.467200497362
7.53,3.0,162.11381661994452,3.4376774443261207,0.4645634671562067,0.5354365328437933,53.54365328437933,1.5970193525008305,746.7715465313486
7.54,3.0,162.39445925988008,3.4462672420494207,0.46394730974731613,0.5360526902526839,53.605269025268385,1.5988864156191314,749.0769917049571
7.55,3.0,162.67441684923074,3.4549143095740282,0.4633334706125927,0.5366665293874073,53.66665293874073,1.600777437724044,751.38357284195
7.5600000000000005,3.0,162.95370752623427,3.4636187745187406,0.4627219030187117,0.5372780969812883,53.72780969812882,1.6026922706766498,753.6913273303807
7.57,3.0,163.2323495841303,3.4723807602826025,0.462112560134415,0.5378874398655851,53.78874398655851,1.6046307628956797,756.0002931225922
7.58,3.0,163.5103614711603,3.481200385968614,0.46150539503068466,0.5384946049693153,53.849460496931535,1.606592759307417,758.310508735219
7.59,3.0,163.78776179056754,3.4900777663073326,0.46090036068093826,0.5390996393190617,53.90996393190617,1.6085781012955729,760.6220132491853
7.6000000000000005,3.0,164.06456930059701,3.4990130115803906,0.4602974099612479,0.5397025900387521,53.970259003875206,1.6105866266511597,762.9348463097067
7.61,3.0,164.34080291449558,3.508006227543942,0.4596964956505837,0.5403035043494163,54.03035043494163,1.6126181695223742,765.2490481262882
7.62,3.0,164.6164817005119,3.517057515352093,0.45909757043108185,0.5409024295689182,54.09024295689182,1.6146725603645231,767.5646594727262
7.63,3.0,164.89162488189646,3.5261669714803103,0.45850058688833906,0.5414994131116609,54.149941311166096,1.6167496258899994,769.8817216871072
7.640000000000001,3.0,165.16625183690152,3.535334687648855,0.4579054975117334,0.5420945024882666,54.20945024882666,1.6188491890183374,772.2002766718084
7.65,3.0,165.44038209878113,3.544560750746263,0.45731225469477244,0.5426877453052276,54.268774530522755,1.6209710688263688,774.5203668934969
7.66,3.0,165.71403535579114,3.5538452427529066,0.45672081073547,0.54327918926453,54.327918926453,1.6231150804985006,776.8420353831311
7.67,3.0,165.98723145118927,3.563188240664652,0.4561311178367513,0.5438688821632487,54.38688821632487,1.625281035277135,779.1653257359596
7.68,3.0,166.25999038323496,3.572589816416656,0.45554312810688885,0.5444568718931111,54.44568718931111,1.6274687404132593,781.4902821115213
7.69,3.0,166.53233230518956,3.582050036807328,0.4549567935599679,0.5450432064400321,54.504320644003215,1.6296779991172268,783.816949233646
7.7,3.0,166.8042775253161,3.5915689634224823,0.45437206611638425,0.5456279338836157,54.56279338836158,1.6319086105097538,786.1453723904534
7.71,3.0,167.0758465068795,3.60114665255972,0.45378889760337404,0.546211102396626,54.6211102396626,1.634160369573156,788.4755974343542
7.72,3.0,167.34705975379742,3.6107831551530634,0.4532072400006574,0.5467927599993426,54.67927599993426,1.6364330679877852,790.8076705584185
7.73,3.0,167.61793760140705,3.620478516697885,0.45262704588733715,0.5473729541126628,54.73729541126629,1.638726495711532,793.1416378919583
7.74,3.0,167.88850071484947,3.6302327771761456,0.4520482673726656,0.5479517326273344,54.79517326273344,1.6410404370819367,795.4775464808534
7.75,3.0,168.15876989542755,3.640045970982004,0.4514708565125643,0.5485291434874358,54.852914348743575,1.643374672264354,797.8154439074553
7.76,3.0,168.42876606286964,3.6499181268477985,0.45089476534790524,0.5491052346520948,54.91052346520948,1.645728977344104,800.1553782558192
7.7700000000000005,3.0,168.69851025532955,3.659849267770455,0.45031994590476865,0.5496800540952314,54.96800540952314,1.6481031242819986,802.4973981117037
7.78,3.0,168.96802362938655,3.6698394109383483,0.4497463501947409,0.550253649805259,55.02536498052591,1.6504968808703402,804.8415525625704
7.79,3.0,169.2373274600454,3.67988856765866,0.44917393021525226,0.5508260697847478,55.08260697847478,1.6529100106894157,807.1878911975856
7.8,3.0,169.50644314073634,3.689996743285252,0.4486026379499554,0.5513973620500445,55.13973620500445,1.6553422730645084,809.5364641076184
7.8100000000000005,3.0,169.77539218331512,3.700163937147104,0.4480324253691457,0.5519675746308543,55.19675746308543,1.657793423023464,811.887321885242
7.82,3.0,170.04419621806287,3.7103901424773453,0.4474632444302229,0.5525367555697771,55.25367555697771,1.66026321125483,814.2405156247327
7.83,3.0,170.31287699368627,3.720675346342926,0.4468950470781949,0.5531049529218051,55.310495292180505,1.6627513840666008,816.5960969220706
7.84,3.0,170.58145637731747,3.7310195295749438,0.44632778524622474,0.5536722147537753,55.36722147537753,1.6652576833455959,818.9541178749396
7.8500000000000005,3.0,170.84995635451406,3.7414226666996915,0.44576141085622095,0.5542385891437791,55.42385891437791,1.667781846517499,821.3146310827271
7.86,3.0,171.11839902925914,3.75188472587043,0.4451958758194711,0.5548041241805288,55.48041241805288,1.6703236065075824,823.6776896465237
7.87,3.0,171.38680662396126,3.762405668799961,0.44463113203732035,0.5553688679626796,55.53688679626796,1.672882691702158,826.0433471691241
7.88,3.0,171.65520147945443,3.7729854506940015,0.44406713140189424,0.5559328685981058,55.593286859810576,1.6754588259107683,828.4116577550265
7.890000000000001,3.0,171.9236060549982,3.7836240201854245,0.44350382579686715,0.5564961742031329,55.64961742031329,1.6780517283291587,830.7826760104326
7.9,3.0,172.19204292827754,3.7943213192693834,0.4429411670982766,0.5570588329017234,55.705883290172345,1.6806611135030531,833.1564570432474
7.91,3.0,172.46053479540288,3.805077283239388,0.4423791071753833,0.5576208928246167,55.762089282461666,1.6832866912927738,835.5330564630801
7.92,3.0,172.72910447091016,3.815891840624333,0.4418175978915789,0.5581824021084212,55.81824021084212,1.6859281668387183,837.9125303812431
7.930000000000001,3.0,172.99777485195037,3.8267649131265467,0.4412565911800676,0.5587434088199323,55.874340881993234,1.6885852408137074,840.2949353347423
7.94,3.0,173.26656857680493,3.837696415560884,0.44069603975608507,0.5593039602439149,55.93039602439149,1.6912576121238045,842.6803275827821
7.95,3.0,173.53550852323497,3.8486862557949237,0.44013589607565856,0.5598641039243415,55.98641039243415,1.69394497390837,845.0687641864927
7.96,3.0,173.80461772308666,3.8597343346902715,0.4395761125158348,0.5604238874841652,56.04238874841651,1.6966470141870416,847.4603027933099
7.97,3.0,174.07391928423618,3.870840546045047,0.43901664153835845,0.5609833584616415,56.09833584616415,1.699363416455202,849.8550014673094
7.98,3.0,174.34343639058966,3.882004776537575,0.4384574356903115,0.5615425643096885,56.15425643096885,1.7020938596582058,852.2529186892069
7.99,3.0,174.61319230208306,3.8932269056713187,0.43789844760480207,0.562101552395198,56.2101552395198,1.7048380181667175,854.6541133563571
8.0,3.0,174.88321035468243,3.904506805721109,0.43733963000170206,0.5626603699982979,56.266036999829794,1.7075955617531975,857.0586447827552
8.01,3.0,175.15351396038375,3.915844341680687,0.43678093568843607,0.563219064311564,56.3219064311564,1.7103661555695584,859.4665726990359
8.02,3.0,175.42412660721288,3.9272393712116296,0.4362223175608194,0.5637776824391806,56.377768243918055,1.7131494601260322,861.8779572524732
8.03,3.0,175.69507185922566,3.93869174459366,0.4356637286039469,0.5643362713960531,56.43362713960531,1.7159451312712586,864.2928590069814
8.040000000000001,3.0,175.96637335650794,3.950201304676428,0.435105121893131,0.564894878106869,56.4894878106869,1.7187528201736422,866.7113389431148
8.05,3.0,176.2380548151754,3.9617678868327406,0.43454645059489133,0.5654535494051087,56.545354940510876,1.7215721733039906,869.1334584580661
8.06,3.0,176.5101400273737,3.9733913189133556,0.4339876679679941,0.5660123320320058,56.601233203200586,1.7244028324194796,871.559279365669
8.07,3.0,176.78265286127854,3.9850714212033074,0.43342872736454224,0.5665712726354577,56.65712726354577,1.7272444345489573,873.9888638963964
8.08,3.0,177.05561726109548,3.9968080063798475,0.4328695822311164,0.5671304177688836,56.71304177688836,1.7300966119796257,876.4222746973613
8.09,3.0,177.32905724706004,4.00860087947202,0.43231018610996635,0.5676898138900337,56.76898138900337,1.7329589922451238,878.8595748323161
8.1,3.0,177.60299691543773,4.0204498378219204,0.4317504926402538,0.5682495073597462,56.824950735974625,1.7358311981150425,881.3008277816529
8.11,3.0,177.87746043852394,4.032354671047662,0.4311904555593457,0.5688095444406542,56.880954444065424,1.7387128475858968,883.7460974424038
8.120000000000001,3.0,178.15247206464414,4.044315161008108,0.43063002870415895,0.5693699712958411,56.936997129584114,1.741603553873587,886.1954481282409
8.13,3.0,178.4280561181535,4.056331081769382,0.43006916601255635,0.5699308339874436,56.99308339874436,1.7445029254073685,888.6489445694747
8.14,3.0,178.70423697830134,4.068402199573216,0.4295078215677244,0.5704921784322756,57.04921784322756,1.74741056600003,891.1066518641557
8.15,3.0,178.98103867785233,4.080528272807165,0.42894595041360345,0.5710540495863965,57.10540495863965,1.750326078168849,893.5686345819643
8.16,3.0,179.25848543944878,4.092709051976708,0.428383507464212,0.5716164925357881,57.16164925357881,1.7532490587163123,896.0349580504817
8.17,3.0,179.53660164297824,4.104944279679309,0.42782044757277243,0.5721795524272275,57.21795524272275,1.7561790989936938,898.5056882134593
8.18,3.0,179.81541168701503,4.11723369058042,0.42725672581439933,0.5727432741856007,57.27432741856007,1.759115786050126,900.9808912996451
8.19,3.0,180.0949399888201,4.129577011391522,0.4266922974870281,0.5733077025129719,57.33077025129719,1.7620587026402637,903.4606338227846
8.2,3.0,180.37521098434104,4.141973960850183,0.4261271181123912,0.5738728818876089,57.38728818876089,1.7650074272336544,905.9449825816204
8.21,3.0,180.65624912821218,4.154424249702199,0.4255611434370403,0.5744388565629597,57.44388565629597,1.7679615340258361,908.4340046598926
8.22,3.0,180.9380788937544,4.166927580685841,0.4249943294334168,0.5750056705665831,57.50056705665831,1.7709205929511889,910.9277674263371
8.23,3.0,181.2207247729754,4.179483648518239,0.4244266323009665,0.5755733676990336,57.55733676990336,1.7738841696975527,913.4263385346886
8.24,3.0,181.50421127656944,4.192092139883943,0.42385800846730187,0.5761419915326982,57.614199153269816,1.776851825722638,915.9297859236781
8.25,3.0,181.78856293391752,4.2047527334256705,0.4232884145894088,0.5767115854105912,57.67115854105912,1.779823118272235,918.4381778170339
8.26,3.0,182.07380429308728,4.217465099737297,0.4227178075548987,0.5772821924451013,57.72821924451013,1.7827976004002524,920.9515827234816
8.27,3.0,182.359959920833,4.230228901359102,0.4221461444833048,0.5778538555166952,57.78538555166952,1.7857748209905913,923.4700694367438
8.28,3.0,182.64705440259576,4.243043792775305,0.4215733827274231,0.5784266172725769,57.84266172725769,1.7887543247808806,925.9937070355403
8.290000000000001,3.0,182.93511234250317,4.255909420413907,0.42099947987469705,0.579000520125303,57.9000520125303,1.7917356523880783,928.5225648835884
8.3,3.0,183.22415836336953,4.268825422648883,0.4204243937486451,0.5795756062513548,57.957560625135486,1.7947183403359601,931.0567126296015
8.31,3.0,183.51421710669587,4.281791429804748,0.41984808241033134,0.5801519175896687,58.015191758966864,1.7977019210845144,933.5962202072913
8.32,3.0,183.80531323266982,4.294807064163498,0.41927050415987893,0.580729495840121,58.0729495840121,1.8006859230612393,936.1411578353659
8.33,3.0,184.0974714201658,4.307871939973977,0.4186916175380251,0.5813083824619749,58.13083824619749,1.8036698706943746,938.6915960175313
8.34,3.0,184.39071636674478,4.320985663463675,0.41811138132771775,0.5818886186722823,58.188861867228226,1.8066532844480623,941.24760554249
8.35,3.0,184.68507275588902,4.334147832852999,0.417529754620451,0.582470245379549,58.24702453795489,1.809635681139872,943.8092574027409
8.36,3.0,184.98056474766338,4.347358038372,0.41694669782180205,0.583053302178198,58.305330217819794,1.8126165783482722,946.3766215774624
8.370000000000001,3.0,185.27721673570076,4.360615862279629,0.4163621711551285,0.5836378288448715,58.36378288448715,1.8155954879922394,948.9497689652143
8.38,3.0,185.57505322748128,4.373920878885475,0.41577613490166493,0.5842238650983351,58.422386509833515,1.8185719173886958,951.5287709962248
8.39,3.0,185.87409866590858,4.387272654574073,0.4151885497539466,0.5848114502460534,58.48114502460534,1.8215453708277567,954.1136991767187
8.4,3.0,186.17437742930966,4.400670747831732,0.41459937681646447,0.5854006231835356,58.540062318353556,1.824515349625481,956.7046250889153
8.41,3.0,186.47591383143498,4.414114709275948,0.41400857760634746,0.5859914223936525,58.59914223936526,1.827481352178591,959.3016203910292
8.42,3.0,186.77873212145838,4.427604081687376,0.4134161140540714,0.5865838859459286,58.65838859459286,1.8304428740211403,961.9047568172701
8.43,3.0,187.08285648397717,4.441138400044407,0.4128219485041938,0.5871780514958063,58.71780514958063,1.8333994078831297,964.5141061778429
8.44,3.0,187.38831103901205,4.454717191560339,0.4122260437161131,0.5877739562838868,58.77739562838868,1.8363504437510727,967.1297403589475
8.45,3.0,187.69511984200716,4.468339975723152,0.4116283628648521,0.588371637135148,58.8371637135148,1.8392954689304941,969.7517313227793
8.46,3.0,188.0033068838301,4.482006264337914,0.4110288695418629,0.5889711304581371,58.89711304581371,1.842233968110361,972.380151107529
8.47,3.0,188.31289609077177,4.495715561571789,0.41042752775585517,0.5895724722441449,58.95724722441449,1.8451654234294352,975.0150718273812
8.48,3.0,188.6239113245466,4.509467364001699,0.4098243019336434,0.5901756980663566,59.01756980663566,1.8480893145445432,977.656565672517
8.49,3.0,188.93637638229245,4.523261160664603,0.4092191569210148,0.5907808430789852,59.078084307898514,1.8510051187007397,980.3047049091124
8.5,3.0,189.25031499657052,4.537096433110416,0.408612057983616,0.591387942016384,59.1387942016384,1.8539123108033706,982.9595618793383
8.51,3.0,189.56575083536555,4.550972655457559,0.4080029708078565,0.5919970291921435,59.199702919214346,1.8568103634920037,985.6212090013606
8.52,3.0,189.88270750208557,4.564889294451156,0.40739186150183004,0.59260813849817,59.260813849817,1.8596987472162319,988.2897187693411
8.53,3.0,190.20120853556216,4.578845809523852,0.4067786965962507,0.5932213034037492,59.322130340374926,1.8625769303133168,990.965163753436
8.540000000000001,3.0,190.52127741005026,4.592841652859272,0.4061634430454044,0.5938365569545956,59.38365569545956,1.8654443790876682,993.6476165997974
8.55,3.0,190.8429375352282,4.606876269458089,0.4055460682281139,0.5944539317718861,59.44539317718861,1.8683005578921292,996.3371500305711
8.56,3.0,191.16621218647114,4.620949097206735,0.4049265400822396,0.5950734599177604,59.50734599177604,1.8711449298280718,999.0338366616621
8.57,3.0,191.49112385976812,4.635059566948694,0.4043048283380492,0.5956951716619507,59.56951716619508,1.8739769625518246,1001.7377473768915
8.58,3.0,191.8176953862868,4.649207102558423,0.403680902380895,0.5963190976191051,59.63190976191051,1.8767961185164503,1004.4489542972565
8.59,3.0,192.1459496081851,4.663391121017833,0.40305473187599505,0.596945268124005,59.6945268124005,1.8796018579147387,1007.1675298243119
8.6,3.0,192.4759091843206,4.677611032495376,0.4024262871402922,0.5975737128597078,59.757371285970784,1.8823936404935828,1009.8935461195521
8.61,3.0,192.80759659025054,4.691866240427671,0.40179553914167543,0.5982044608583246,59.82044608583246,1.8851709256532618,1012.6270751044106
8.620000000000001,3.0,193.14103411823172,4.706156141603692,0.40116245949818796,0.598837540501812,59.8837540501812,1.8879331725482398,1015.3681884602612
8.63,3.0,193.47624387722044,4.720480126251466,0.4005270204772205,0.5994729795227796,59.94729795227796,1.8906798401894336,1018.1169576284155
8.64,3.0,193.8132477928728,4.734837578127308,0.3998891949946874,0.6001108050053126,60.01108050053126,1.8934103875479247,1020.873453810126
8.65,3.0,194.15206760754438,4.749227874607518,0.39924895661418597,0.6007510433858141,60.07510433858141,1.8961242736600596,1023.637747966584
8.66,3.0,194.4927248802904,4.763650386782558,0.3986062795461365,0.6013937204538635,60.13937204538635,1.8988209577339095,1026.4099108189207
8.67,3.0,194.83524098686578,4.77810447955367,0.3979611386469007,0.6020388613530994,60.203886135309936,1.901499899257035,1029.190012848206
8.68,3.0,195.1796371197249,4.79258951173191,0.39731350941787985,0.6026864905821201,60.268649058212006,1.9041605581055283,1031.9781242954498
8.69,3.0,195.52593428802183,4.807104836139572,0.3966633680045884,0.6033366319954117,60.333663199541164,1.9068023946542676,1034.7743151616012
8.700000000000001,3.0,195.8741533176103,4.82164979971398,0.3960106911957033,0.6039893088042967,60.39893088042967,1.9094248698883578,1037.5786552075494
8.71,3.0,196.2243148510435,4.836223743613593,0.3953554564220885,0.6046445435779115,60.464454357791155,1.9120274455156938,1040.3912139541214
8.72,3.0,196.57643934757428,4.850826003326439,0.39469764175579064,0.6053023582442094,60.53023582442094,1.9146095840806125,1043.212060682085
8.73,3.0,196.9305470831552,4.865455908780792,0.39403722590900747,0.6059627740909925,60.59627740909925,1.917170749078572,1046.041264432147
8.74,3.0,197.28665815043837,4.8801127844580865,0.39337418823302717,0.6066258117669728,60.66258117669728,1.9197104050718177,1048.8788940049542
8.75,3.0,197.64479245877547,4.894795949508039,0.3927085087171357,0.6072914912828643,60.72914912828643,1.922228017805978,1051.7250179610917
8.76,3.0,198.0049697342178,4.909504717865914,0.39204016798749364,0.6079598320125064,60.795983201250635,1.9247230543275455,1054.5797046210848
8.77,3.0,198.36720943210872,4.924238398371913,0.39136914746775586,0.6086308525322441,60.86308525322441,1.9271949838988032,1057.443021825096
8.78,3.0,198.73152992251946,4.938996294892656,0.3906954308815171,0.6093045691184829,60.93045691184828,1.9296432855553025,1060.3150347629855
8.790000000000001,3.0,199.09794991936644,4.95377770644467,0.39001900160071246,0.6099809983992875,60.998099839928756,1.9320674352194176,1063.195809968949
8.8,3.0,199.4664880506157,4.968581927319903,0.3893398434440488,0.6106601565559512,61.066015655595116,1.9344669097216614,1066.0854140128142
8.81,3.0,199.83716260478292,4.983408247213165,0.3886579411431508,0.6113420588568492,61.13420588568492,1.9368411892376667,1068.983912788057
8.82,3.0,200.20999153093294,4.998255951351483,0.3879732803386467,0.6120267196613534,61.202671966135334,1.9391897574179984,1071.8913715118013
8.83,3.0,200.58499243868,5.0131243206253,0.38728584757618384,0.6127141524238162,61.27141524238162,1.94151210151815,1074.807854724818
8.84,3.0,200.96218259818767,5.02801263172149,0.38659563030237193,0.6134043696976281,61.34043696976281,1.9438077125286572,1077.733426291526
8.85,3.0,201.3415789401689,5.0429201572581235,0.38590261686065386,0.6140973831393461,61.40973831393461,1.94607608530525,1080.6681493999922
8.86,3.0,201.72319805588586,5.057846165920944,0.3852067964871029,0.6147932035128971,61.479320351289715,1.9483167186989827,1083.6120865619303
8.870000000000001,3.0,202.1070561971503,5.072789922601482,0.38450815930614374,0.6154918406938563,61.54918406938563,1.950529115686251,1086.5652996127028
8.88,3.0,202.49316927632304,5.08775068853678,0.3838066963261999,0.6161933036738001,61.61933036738001,1.9527127834986504,1089.5278497113181
8.89,3.0,202.88155286631437,5.102727721450665,0.3831023994352614,0.6168976005647386,61.689760056473865,1.954867233752574,1092.4997973404338
8.9,3.0,203.27222220058397,5.117720275696495,0.38239526139637686,0.6176047386036232,61.76047386036232,1.9569919825784992,1095.4812023063544
8.91,3.0,203.66519217314075,5.132727602401344,0.38168527584306594,0.618314724156934,61.8314724156934,1.9590865507498754,1098.4721237390327
8.92,3.0,204.06047733854308,5.147748949611556,0.3809724372746531,0.619027562725347,61.902756272534695,1.9611504638115496,1101.4726200920682
8.93,3.0,204.4580919118986,5.162783562439616,0.38025674105152085,0.6197432589484791,61.974325894847915,1.9631832522076493,1104.4827491427088
8.94,3.0,204.8580497688643,5.177830683212273,0.3795381833902833,0.6204618166097167,62.04618166097167,1.9651844514088552,1107.50256799185
8.950000000000001,3.0,205.2603644456466,5.1928895516198565,0.3788167613588774,0.6211832386411227,62.11832386411227,1.967153602038987,1110.5321330640347
8.96,3.0,205.665049139001,5.207959404866709,0.3780924728715739,0.6219075271284261,62.19075271284261,1.9690902500008243,1113.571500107453
8.97,3.0,206.07211670623263,5.22303947782272,0.3773653166839051,0.622634683316095,62.263468331609495,1.970993946601109,1116.6207241939433
8.98,3.0,206.4815796606339,5.238129003175831,0.3766352923956368,0.6233647076043631,62.33647076043631,1.9728642487171948,1119.6798597055642
8.99,3.0,206.89344930912466,5.253227211585491,0.37590240197846153,0.6240975980215384,62.40975980215384,1.9747007269736019,1122.748957850245
9.0,3.0,207.3077366763049,5.268333331836998,0.37516664811613165,0.6248333518838683,62.48333518838683,1.9765029572637784,1125.8280695111102
9.01,3.0,207.72445288597262,5.283446590996636,0.3744280335243756,0.6255719664756244,62.55719664756244,1.9782705172979365,1128.9172462224383
9.02,3.0,208.14360854401892,5.298566214567567,0.37368656204354783,0.6263134379564521,62.63134379564521,1.9800029924818496,1132.0165383138467
9.03,3.0,208.5652137384281,5.313691426646389,0.37294223862986825,0.6270577613701318,62.70577613701318,1.9816999760418426,1135.1259949102925
9.040000000000001,3.0,208.98927803927756,5.328821450080319,0.372195069346543,0.627804930653457,62.7804930653457,1.9833610691479904,1138.245663932072
9.05,3.0,209.4158104987377,5.3439555066248925,0.37144506135476635,0.6285549386452336,62.85549386452336,1.9849858810354246,1141.3755920948188
9.06,3.0,209.84481965107213,5.359092817102174,0.370692222904604,0.629307777095396,62.9307777095396,1.9865740291237013,1144.5158249095084
9.07,3.0,210.27631351263764,5.374232601559342,0.3699365633257587,0.6300634366742413,63.006343667424126,1.9881251391341144,1147.666406682454
9.08,3.0,210.7102995818841,5.389374079427627,0.36917809301821897,0.6308219069817811,63.08219069817811,1.9896388452049107,1150.8273805153083
9.09,3.0,211.14678483935444,5.404516469681502,0.3684168234427914,0.6315831765572086,63.158317655720865,1.9911147900043082,1153.998788305063
9.1,3.0,211.58577574768478,5.419658990998103,0.3676527671115168,0.6323472328884832,63.234723288848315,1.9925526248412637,1157.1806707440496
9.11,3.0,212.02727825160434,5.434800861916741,0.3668859375779721,0.633114062422028,63.31140624220279,1.9939520097738943,1160.3730673199384
9.120000000000001,3.0,212.47129777793558,5.449941300998504,0.36611634942745896,0.633883650572541,63.388365057254106,1.9953126137155086,1163.576016315739
9.13,3.0,212.9178392355937,5.46507952698583,0.3653440182670799,0.63465598173292,63.465598173292,1.9966341145381556,1166.7895548097993
9.14,3.0,213.36690701558746,5.48021475896202,0.36456896071570216,0.6354310392842979,63.54310392842979,1.9979161991736356,1170.0137186758072
9.15,3.0,213.81850499101853,5.495346216510587,0.3637911943938135,0.6362088056061865,63.62088056061865,1.9991585637119105,1173.2485425827906
9.16,3.0,214.27263651708174,5.510473119874395,0.3630107379132685,0.6369892620867315,63.69892620867314,2.0003609134968348,1176.494059995115
9.17,3.0,214.729304431065,5.525594690114513,0.3622276108669284,0.6377723891330715,63.77723891330716,2.001522963219166,1179.7503031724862
9.18,3.0,215.18851105234944,5.540710149268708,0.36144183381819606,0.6385581661818039,63.85581661818039,2.0026444370067726,1183.0173031699487
9.19,3.0,215.6502581824092,5.555818720509523,0.36065342829044683,0.6393465717095532,63.93465717095532,2.0037250685120034,1186.2950898378865
9.200000000000001,3.0,216.1145470806611,5.57091962830185,0.35986241679745895,0.6401375832025411,64.01375832025411,2.0047646012251055,1189.5836917419397
9.21,3.0,216.58137757977792,5.586012098559955,0.35906882433446136,0.6409311756655387,64.09311756655387,2.0057627969480003,1192.8831333293283
9.22,3.0,217.0507492148614,5.601095358803873,0.3582726764369762,0.6417273235630239,64.17273235630239,2.0067194251773888,1196.1934388513941
9.23,3.0,217.52266126963696,5.616168638315102,0.3574739990958113,0.6425260009041887,64.25260009041887,2.0076342627349764,1199.5146322867936
9.24,3.0,217.9971123527939,5.631231168291543,0.3566728194655786,0.6433271805344214,64.33271805344214,2.008507097856989,1202.8467358903772
9.25,3.0,218.47410039798575,5.646282182001606,0.35586916585051,0.64413083414949,64.413083414949,2.009337730265509,1206.189770193189
9.26,3.0,218.95362266382995,5.66132091493743,0.3550630676901599,0.6449369323098402,64.49369323098402,2.0101259712361466,1209.5437540024673
9.27,3.0,219.43567573390808,5.676346604967135,0.3542545555449944,0.6457454444550056,64.57454444550056,2.0108716436619702,1212.9087044016444
9.28,3.0,219.9202555167658,5.691358492486069,0.35344366108187425,0.6465563389181257,64.65563389181257,2.0115745821136928,1216.2846367503466
9.290000000000001,3.0,220.40735724591278,5.7063558205669604,0.352630417059432,0.647369582940568,64.7369582940568,2.0122346328960443,1219.6715646843945
9.3,3.0,220.89697547982263,5.721337835108908,0.35181485731334894,0.6481851426866511,64.81851426866511,2.0128516541003054,1223.069500115801
9.31,3.0,221.38910410193316,5.736303784985198,0.3509970167415337,0.6490029832584663,64.90029832584663,2.013425515652973,1226.478453232775
9.32,3.0,221.88373632064625,5.751252922189822,0.3501769312892091,0.6498230687107909,64.98230687107909,2.0139560993605286,1229.8984324997184
9.33,3.0,222.38086466932774,5.766184501982671,0.34935463793390825,0.6506453620660917,65.06453620660918,2.0144432989502694,1233.3294446572272
9.34,3.0,222.88048100630758,5.781097783033351,0.34853017467038533,0.6514698253296147,65.14698253296147,2.0148870201071913,1236.7714947220916
9.35,3.0,223.3825765148798,5.795992027563539,0.34770358049544664,0.6522964195045533,65.22964195045533,2.015287180506906,1240.2245859872949
9.36,3.0,223.88714170330235,5.810866501487845,0.3468748953927028,0.6531251046072972,65.31251046072973,2.0156437098445568,1243.6887200220156
9.370000000000001,3.0,224.3941664047975,5.825720474553117,0.3460441603172495,0.6539558396827505,65.39558396827505,2.015956549859742,1247.163896671626
9.38,3.0,224.9036397775512,5.840553220476116,0.34521141718028037,0.6547885828197196,65.47885828197197,2.0162256543574104,1250.6501140576904
9.39,3.0,225.41555030471375,5.855364017079552,0.3443767088336354,0.6556232911663646,65.56232911663646,2.0164509892247504,1254.1473685779697
9.4,3.0,225.92988579439938,5.870152146426369,0.34354007905429096,0.656459920945709,65.6459920945709,2.0166325324440306,1257.655654906417
9.41,3.0,226.44663337968643,5.884916894952288,0.34270157252879535,0.6572984274712046,65.72984274712046,2.0167702741014244,1261.1749659931804
9.42,3.0,226.9657795186173,5.899657553596509,0.3418612348376559,0.658138765162344,65.8138765162344,2.0168642163918067,1264.7052930646016
9.43,3.0,227.48730998738387,5.914373417930552,0.34101911245066946,0.6589808875493306,65.89808875493306,2.016914373684509,1268.2466255761528
9.44,3.0,228.0112095411833,5.929063788285187,0.3401752532566821,0.6598247467433179,65.9824746743318,2.016920775754936,1271.7989493490709
9.450000000000001,3.0,228.5374621014674,5.943727969875396,0.33932970624045256,0.6606702937595474,66.06702937595475,2.0168834659909796,1275.3622487535963
9.46,3.0,229.0660509499429,5.958365272923324,0.3384825211531429,0.6615174788468571,66.1517478846857,2.0168024995304212,1278.936506974206
9.47,3.0,229.5969586381234,5.9729750127791945,0.3376337486416214,0.6623662513583786,66.23662513583785,2.016677944107376,1282.5217051625987
9.48,3.0,230.130166987329,5.987556510040124,0.33678344023151635,0.6632165597684836,66.32165597684836,2.0165098800319248,1286.1178224376913
9.49,3.0,230.66565708868652,6.002109090666801,0.3359316483102504,0.6640683516897496,66.40683516897496,2.0162984001656366,1289.72483588562
9.5,3.0,231.2034093031294,6.016632086098008,0.3350784261100647,0.6649215738899352,66.49215738899352,2.016043609893036,1293.3427205597402
9.51,3.0,231.74340326139773,6.031124833362922,0.33422382769103626,0.6657761723089637,66.57761723089637,2.015745627089019,1296.9714494806267
9.52,3.0,232.28561786403822,6.045586675191181,0.33336790792409593,0.6666320920759041,66.66320920759041,2.015404582082275,1300.6109936360733
9.53,3.0,232.8300312814043,6.0600169601206675,0.33251072247405267,0.6674892775259473,66.74892775259474,2.0150206176147356,1304.261321981093
9.540000000000001,3.0,233.37662095365607,6.074415042602984,0.33165232778262976,0.6683476722173702,66.83476722173702,2.0145938887971018,1307.9224014379192
9.55,3.0,233.92536359075999,6.088780283106578,0.3307927810515201,0.6692072189484799,66.92072189484799,2.014124563060487,1311.5941968960021
9.56,3.0,234.47623517248954,6.103112048217517,0.32993214022546424,0.6700678597745358,67.00678597745357,2.013612820104222,1315.2766712120128
9.57,3.0,235.02921094842463,6.117409710737835,0.32907046397536105,0.670929536024639,67.0929536024639,2.0130588518398786,1318.969785209842
9.58,3.0,235.58426543795193,6.1316726497814695,0.3282078116814137,0.6717921883185862,67.17921883185862,2.0124628623315517,1322.6734976805988
9.59,3.0,236.14137243026465,6.145900250867749,0.32734424341631974,0.6726557565836803,67.26557565836802,2.011825067732473,1326.3877653826112
9.6,3.0,236.70050498436277,6.160091906012388,0.326479819928509,0.673520180071491,67.3520180071491,2.0111456962179903,1330.1125430414277
9.61,3.0,237.2616354290528,6.174247013816007,0.32561460262543884,0.6743853973745612,67.43853973745611,2.010424987915002,1333.847783349815
9.620000000000001,3.0,237.82473536294808,6.188364979550119,0.3247486535569495,0.6752513464430505,67.52513464430506,2.0096631948278803,1337.59343696776
9.63,3.0,238.38977565446822,6.20244521524058,0.32388203539868893,0.6761179646013111,67.61179646013112,2.0088605807609783,1341.349452522467
9.64,3.0,238.95672644183986,6.216487139748499,0.3230148114356107,0.6769851885643893,67.69851885643892,2.0080174212377604,1345.115776608361
9.65,3.0,239.52555713309616,6.230490178848564,0.32214704554555385,0.6778529544544462,67.78529544544462,2.0071340034166543,1348.8923537870864
9.66,3.0,240.09623640607686,6.244453765304796,0.32127880218290883,0.6787211978170912,67.87211978170912,2.00621062600368,1352.679126587506
9.67,3.0,240.66873220842845,6.258377338943697,0.3204101463623776,0.6795898536376224,67.95898536376224,2.005247599161937,1356.4760355057026
9.68,3.0,241.2430117576863,6.272260346724799,0.3195411436427081,0.680458856357292,68.04588563572919,2.004245244417251,1360.2830190051006
9.69,3.0,241.819042966144,6.286102242808599,0.3186718579633266,0.6813281420366735,68.13281420366735,2.0032038810632504,1364.1000155739396
9.700000000000001,3.0,242.39679243750368,6.299902488621861,0.3178023546686022,0.6821976453313978,68.21976453313978,2.002123845066614,1367.9269604882518
9.71,3.0,242.97622452758804,6.313660552920291,0.31693270188797906,0.6830672981120209,68.30672981120209,2.0010054978405796,1371.763784615121
9.72,3.0,243.5573030341921,6.327375911848591,0.3160629679632586,0.6839370320367414,68.39370320367414,1.9998492101180956,1375.610417015904
9.73,3.0,244.13999119708294,6.341048048997853,0.31519322143658474,0.6848067785634153,68.48067785634153,1.9986553618478038,1379.4667849462278
9.74,3.0,244.72425169799976,6.3546764554603286,0.31432353103856947,0.6856764689614305,68.56764689614306,1.9974243420879512,1383.3328138559893
9.75,3.0,245.31004666065382,6.3682606298815525,0.3134539656765645,0.6865460343234355,68.65460343234355,1.9961565488983093,1387.2084273893565
9.76,3.0,245.89733765072853,6.381800078509837,0.3125845944230815,0.6874154055769185,68.74154055769185,1.994852389230187,1391.0935473847678
9.77,3.0,246.4860856758794,6.395294315243111,0.3117154865043658,0.6882845134956341,68.82845134956341,1.9935122788146116,1394.9880938749322
9.78,3.0,247.07625118573407,6.408742861673149,0.310846711289129,0.689153288710871,68.9153288710871,1.9921366420487796,1398.8919850868292
9.790000000000001,3.0,247.66779407189233,6.42214524712716,0.30997833827744203,0.690021661722558,69.0021661722558,1.9907259118808494,1402.8051374417093
9.8,3.0,248.2606736679259,6.435501008706758,0.3091104370897954,0.6908895629102045,69.08895629102045,1.9892805296931653,1406.7274655550923
9.81,3.0,248.85484874937873,6.44880969132434,0.3082430774563281,0.6917569225436719,69.17569225436719,1.987800945184008,1410.6588822367696
9.82,3.0,249.45027753376695,6.462070847736826,0.3073763292062312,0.6926236707937687,69.26236707937687,1.9862876162479444,1414.5992984908032
9.83,3.0,250.0469176805787,6.475284038576848,0.3065102622573287,0.6934897377426713,69.34897377426714,1.984741008854884,1418.5486235155258
9.84,3.0,250.64472629127428,6.488448832381336,0.30564494660584035,0.6943550533941596,69.43550533941595,1.9831615969279206,1422.50676470354
9.85,3.0,251.24365990928612,6.501564805617547,0.30478045231632933,0.6952195476836707,69.52195476836707,1.9815498622200438,1426.4736276417193
9.86,3.0,251.84367452001865,6.514631542706545,0.3039168495118394,0.6960831504881606,69.60831504881607,1.979906294189827,1430.449116111208
9.870000000000001,3.0,252.44472555084863,6.527648636044152,0.3030542083642241,0.696945791635776,69.6945791635776,1.9782313898761674,1434.4331320874214
9.88,3.0,253.0467678711246,6.5406156860193585,0.3021925990846735,0.6978074009153266,69.78074009153265,1.9765256537721747,1438.425575740043
9.89,3.0,253.64975579216744,6.553532301030286,0.3013320919144396,0.6986679080855605,69.86679080855605,1.974789597698307,1442.4263454330298
9.9,3.0,254.25364306727013,6.566398097497611,0.30047275711576554,0.6995272428842345,69.95272428842345,1.9730237406748248,1446.435337724608
9.91,3.0,254.85838289169772,6.57921269987558,0.2996146649630225,0.7003853350369775,70.03853350369775,1.9712286087936848,1450.4524473672743
9.92,3.0,255.46392790268737,6.591975740660554,0.2987578857340556,0.7012421142659444,70.12421142659444,1.9694047350899322,1454.4775673077966
9.93,3.0,256.0702301794484,6.604686860397167,0.2979024897017443,0.7020975102982556,70.20975102982557,1.967552659412713,1458.5105886872125
9.94,3.0,256.67724124316214,6.617345707682076,0.2970485471257796,0.7029514528742205,70.29514528742205,1.9656729282959744,1462.5514008408309
9.950000000000001,3.0,257.2849120569822,6.629951939165356,0.29619612824466074,0.7038038717553392,70.38038717553393,1.963766094828959,1466.5998912982318
9.96,3.0,257.893193026034,6.642505219549548,0.2953453032679165,0.7046546967320835,70.46546967320835,1.9618327185265798,1470.6559457832636
9.97,3.0,258.50203399741537,6.6550052215864115,0.29449614236855154,0.7055038576314485,70.55038576314485,1.9598733651997657,1474.7194482140471
9.98,3.0,259.1113842601961,6.667451626071371,0.2936487156757231,0.706351284324277,70.63512843242769,1.9578886068258698,1478.7902807029736
9.99,3.0,259.72119254541815,6.679844121835727,0.29280309326765,0.70719690673235,70.71969067323501,1.9558790214192303,1482.8683235567041
10.0,3.0,260.3314084980558,6.692182405736621,0.29195934313240246,0.7080406568675975,70.80406568675976,1.9538451793010847,1486.953458642579
10.01,3.0,260.94198320760233,6.704466182644823,0.29111753046010824,0.7088824695398918,70.88824695398918,1.9517876381448698,1491.0455705113877
10.02,3.0,261.552864487852,6.716695165430335,0.29027772415593334,0.7097222758440667,70.97222758440667,1.9497069864702778,1495.1445355869173
10.03,3.0,262.16399985956355,6.728869074945874,0.28943999269710363,0.7105600073028964,71.05600073028964,1.9476038159121003,1499.2502290516763
10.040000000000001,3.0,262.7753366679572,6.740987640008258,0.2886044039717975,0.7113955960282026,71.13955960282026,1.945478720025837,1503.362525116856
10.05,3.0,263.3868220827147,6.7530505973776895,0.2877710252809219,0.7122289747190781,71.22289747190781,1.9433322941813198,1507.4812970223272
10.06,3.0,263.9984030979793,6.765057691735059,0.28693992334007234,0.7130600766599277,71.30600766599277,1.9411651354576247,1511.606417036644
10.07,3.0,264.6100265323561,6.7770086756571954,0.2861111642816747,0.7138888357183253,71.38888357183252,1.9389778425392907,1515.737756457042
10.08,3.0,265.22163902891134,6.788903309590183,0.2852848136573089,0.714715186342691,71.4715186342691,1.936771015613923,1519.8751856094386
10.09,3.0,265.8331870551732,6.800741361820731,0.2844609364402096,0.7155390635597905,71.55390635597905,1.9345452562711913,1524.0185738484329
10.1,3.0,266.4446169031311,6.81252260844566,0.28363959702794556,0.7163604029720545,71.63604029720545,1.9323011674032955,1528.167789557305
10.11,3.0,267.0558746892361,6.824246833339516,0.28282085924527445,0.7171791407547256,71.71791407547255,1.930039353106925,1532.3227001480177
10.120000000000001,3.0,267.666906354401,6.835913828120384,0.2820047863471709,0.7179952136528291,71.79952136528291,1.9277604185867603,1536.483172061216
10.13,3.0,268.2776576639997,6.847523392113887,0.28119144102202875,0.7188085589779712,71.88085589779712,1.9254649700605544,1540.649070766224
10.14,3.0,268.88807420786816,6.859075332315467,0.2803808853950316,0.7196191146049684,71.96191146049684,1.9231536146658312,1544.8202607610501
10.15,3.0,269.4981014003035,6.870569463350941,0.27957318103169504,0.720426818968305,72.0426818968305,1.9208269603682486,1548.9966055723835
10.16,3.0,270.10768448006456,6.8820056074353895,0.27876838894157535,0.7212316110584247,72.12316110584247,1.9184856158716512,1553.1779677555955
10.17,3.0,270.7167685103718,6.89338359433041,0.27796656958214394,0.7220334304178561,72.2033430417856,1.9161301905298533,1557.3642088947386
10.18,3.0,271.32529837890706,6.904703261299784,0.2771677828628276,0.7228322171371724,72.28322171371724,1.9137612942601963,1561.5551896025472
10.19,3.0,271.9332187978138,6.915964453063577,0.27637208814921027,0.7236279118507898,72.36279118507898,1.9113795374588916,1565.7507695204376
10.200000000000001,3.0,272.5404743036971,6.927167021750739,0.27557954426739684,0.7244204557326032,72.44204557326032,1.9089855309182093,1569.9508073185086
10.21,3.0,273.14700925762344,6.938310826850213,0.2747902095085374,0.7252097904914626,72.52097904914626,1.9065798857455232,1574.1551606955384
10.22,3.0,273.7527678451209,6.949395735160615,0.27400414163350834,0.7259958583664916,72.59958583664915,1.9041632132842479,1578.3636863789886
10.23,3.0,274.3576945003647,6.960421620738519,0.2732213973296625,0.7267786026703376,72.67786026703375,1.9017361212217725,1582.5762411997275
10.24,3.0,274.9617356692452,6.971388364845375,0.2724420299520789,0.7275579700479211,72.75579700479211,1.899299197702778,1586.7926864880108
10.25,3.0,275.5648357435564,6.98229585589312,0.2716660947923001,0.7283339052076999,72.83339052077,1.8968530478549444,1591.0128777174818
10.26,3.0,276.1669388805958,6.993143989388497,0.27089364671781563,0.7291063532821844,72.91063532821845,1.8943982773082233,1595.236669205174
10.27,3.0,276.7679894393261,7.003932667876152,0.2701247396191348,0.7298752603808651,72.98752603808651,1.891935488219998,1599.4639152239695
10.28,3.0,277.36793198037464,7.014661800880517,0.26935942642209004,0.73064057357791,73.064057357791,1.8894652792301212,1603.6944700025988
10.290000000000001,3.0,277.9667112660343,7.025331304846548,0.2685977591001868,0.7314022408998132,73.14022408998132,1.8869882454181741,1607.9281877256417
10.3,3.0,278.56427226026244,7.0359411030793275,0.26783978868699815,0.7321602113130019,73.2160211313002,1.8845049782629317,1612.164922533524
10.31,3.0,279.1605601286818,7.046491125682594,0.26708556528859567,0.7329144347114043,73.29144347114043,1.8820160656040084,1616.404528522523
10.32,3.0,279.75552023858023,7.056981309496246,0.2663351380960162,0.7336648619039838,73.36648619039838,1.879522091605688,1620.6468597447622
10.33,3.0,280.34909815891035,7.06741159803281,0.26558855539775805,0.734411444602242,73.4411444602242,1.8770236367228947,1624.8917702082153
10.34,3.0,280.94123966029,7.077781941412978,0.26484586459230297,0.735154135407697,73.5154135407697,1.8745212776693088,1629.139113876704
10.35,3.0,281.531890715002,7.088092296300205,0.26410711220066047,0.7358928877993396,73.58928877993395,1.8720155873875954,1633.3887446698975
10.36,3.0,282.1209974969943,7.098342625834422,0.2633723438789296,0.7366276561210704,73.66276561210704,1.8695071350217276,1637.6405164633147
10.370000000000001,3.0,282.7085063818798,7.108532899564909,0.26264160443087614,0.7373583955691239,73.73583955691238,1.8669964858913959,1641.8942830883234
10.38,3.0,283.2943639469362,7.118663093382346,0.2619149378205197,0.7380850621794803,73.80850621794804,1.8644842014684657,1646.1498983321374
10.39,3.0,283.87851697110665,7.128733189450113,0.26119238718472765,0.7388076128152723,73.88076128152723,1.8619708393554724,1650.4072159378213
10.4,3.0,284.4609124349992,7.1387431761348354,0.26047399484581385,0.7395260051541861,73.95260051541861,1.859456953266134,1654.666089604288
10.41,3.0,285.0414975208868,7.148693047936245,0.2597598023241374,0.7402401976758626,74.02401976758625,1.8569430930078545,1658.9263729862978
10.42,3.0,285.6202196127076,7.158582805416383,0.25904985035069783,0.7409501496493022,74.09501496493021,1.8544298044661927,1663.1879196944603
10.43,3.0,286.19702629606473,7.168412455128168,0.2583441788797255,0.7416558211202745,74.16558211202745,1.8519176295912836,1667.4505832952339
10.44,3.0,286.77186535822636,7.178182009543391,0.2576428271012623,0.7423571728987377,74.23571728987378,1.8494071063861792,1671.7142173109244
10.450000000000001,3.0,287.34468478812573,7.187891486980153,0.2569458334537308,0.7430541665462692,74.30541665462692,1.8468987688970917,1675.9786752196878
10.46,3.0,287.91543283575635,7.197540911529784,0.25625323556451,0.74374676443549,74.374676443549,1.84439314668744,1680.2438106228194
10.47,3.0,288.4840596691167,7.207130312983295,0.2555650682608556,0.7444349317391443,74.44349317391443,1.8418907504024575,1684.5094818179705
10.48,3.0,289.0505150656455,7.216659726757361,0.2548813663928183,0.7451186336071818,74.51186336071818,1.8393920919479387,1688.7755451333164
10.49,3.0,289.614748537486,7.226129193819918,0.25420216468526197,0.7457978353147381,74.57978353147381,1.83689768336439,1693.041855475916
10.5,3.0,290.1767100920719,7.235538760615362,0.25352749683071096,0.746472503169289,74.6472503169289,1.8344080302003976,1697.3082685116294
10.51,3.0,290.7363502321284,7.244888478989421,0.25285739550628383,0.7471426044937162,74.71426044937162,1.8319236315307472,1701.5746406651178
10.52,3.0,291.2936199556713,7.25417840611369,0.2521918923905011,0.7478081076094989,74.78081076094989,1.8294449799761205,1705.8408291198436
10.53,3.0,291.84847075600754,7.263408604409916,0.2515310181799605,0.7484689818200395,74.84689818200395,1.826972561724312,1710.1066918180707
10.540000000000001,3.0,292.400854621735,7.272579141474019,0.2508748026058782,0.7491251973941218,74.91251973941218,1.8245068565529214,1714.3720874608641
10.55,3.0,292.9507240367423,7.28169008999989,0.25022327445049247,0.7497767255495076,74.97767255495076,1.8220483378534738,1718.636875508089
10.56,3.0,293.49803198020936,7.290741527703021,0.2495764615633249,0.7504235384366751,75.04235384366751,1.8195974726569097,1722.9009161784124
10.57,3.0,294.0427319266068,7.299733537243972,0.24893439087729877,0.7510656091227013,75.10656091227013,1.8171547216604176,1727.1640704493034
10.58,3.0,294.5847778456964,7.308666206151709,0.2482970884247097,0.7517029115752902,75.17029115752902,1.8147205392555386,1731.4262000570309
10.59,3.0,295.12412420253077,7.317539626746844,0.2476645793530473,0.7523354206469527,75.23354206469527,1.8122953735575118,1735.6871674966658
10.6,3.0,295.66072595745356,7.326353896064826,0.2470368879406637,0.7529631120593363,75.29631120593363,1.8098796664358112,1739.9468360220799
10.61,3.0,296.1945385660993,7.33510911577907,0.2464140376122881,0.7535859623877119,75.35859623877118,1.8074738535458212,1744.205069645946
10.620000000000001,3.0,296.7255179793937,7.343805392124085,0.245796050954384,0.754203949045616,75.4203949045616,1.8050783643616115,1748.4617331397392
10.63,3.0,297.253620643553,7.352442835818618,0.2451829497303478,0.7548170502696522,75.48170502696522,1.802693622209772,1752.7166920337331
10.64,3.0,297.7788035000848,7.361021561988846,0.24457475489554525,0.7554252451044547,75.54252451044547,1.8003200443042455,1756.9698126170051
10.65,3.0,298.30102398578754,7.369541690091624,0.24397148661218565,0.7560285133878144,75.60285133878143,1.7979580417821326,1761.2209619374328
10.66,3.0,298.8202400327505,7.378003343837832,0.24337316426403124,0.7566268357359688,75.66268357359688,1.7956080197404163,1765.4700078016951
10.67,3.0,299.3364100683542,7.386406651115849,0.24277980647093916,0.7572201935290608,75.72201935290607,1.7932703772735636,1769.7168187752718
10.68,3.0,299.84949301536756,7.394751743915158,0.24219143110312452,0.7578085688968754,75.78085688968754,1.790945507511138,1773.9612641827844
10.69,3.0,300.3594489436162,7.403038758250124,0.2416080545507732,0.7583919454492268,75.83919454492268,1.7886337921447841,1778.2032162595926
10.700000000000001,3.0,300.8662386573772,7.411267834083963,0.24102969221730167,0.7589703077826984,75.89703077826984,1.7863356049892456,1782.4425483690745
10.71,3.0,301.36982308220973,7.419439115252923,0.24045635923357067,0.7595436407664293,75.95436407664293,1.7840513172088628,1786.6791331981271
10.72,3.0,301.8701637902811,7.427552749390699,0.23988806987037273,0.7601119301296273,76.01119301296274,1.7817812929117152,1790.9128446945206
10.73,3.0,302.36722300036627,7.435608887853102,0.23932483755383704,0.760675162446163,76.0675162446163,1.7795258891993107,1795.1435580668945
10.74,3.0,302.860963577848,7.443607685643017,0.2387666748806039,0.7612333251193961,76.12333251193961,1.7772854562166907,1799.3711497847605
10.75,3.0,303.3513490347167,7.45154930133564,0.2382135936327673,0.7617864063672327,76.17864063672327,1.7750603372028992,1803.595497578501
10.76,3.0,303.83834352957064,7.459433897004054,0.23766560479258528,0.7623343952074148,76.23343952074147,1.7728508685417796,1807.8164804393687
10.77,3.0,304.3219118676158,7.467261638145124,0.23712271855695674,0.7628772814430432,76.28772814430432,1.770657379813046,1812.0339786194882
10.78,3.0,304.8020195006661,7.475032693605758,0.23658494435166458,0.7634150556483354,76.34150556483354,1.7684801938435917,1816.2478736318542
10.790000000000001,3.0,305.2786325271431,7.482747235509545,0.23605229084538407,0.763947709154616,76.39477091546159,1.7663196267589927,1820.4580482503338
10.8,3.0,305.75171769207594,7.490405439183765,0.23552476596345565,0.7644752340365444,76.44752340365444,1.7641759880351515,1824.6643865096626
10.81,3.0,306.22124238710177,7.4980074830868375,0.2350023769014222,0.7649976230985778,76.49976230985777,1.7620495805500571,1828.8667737054493
10.82,3.0,306.68717465046547,7.505553548736174,0.23448513013833017,0.7655148698616698,76.55148698616698,1.7599407006356076,1833.065096394173
10.83,3.0,307.1494831670196,7.5130438206364705,0.2339730314497948,0.7660269685502052,76.60269685502053,1.7578496381294635,1837.2592423931835
10.84,3.0,307.60813726822465,7.5204784862084715,0.2334660859208279,0.766533914079172,76.6533914079172,1.7557766764268847,1841.4491007807023
10.85,3.0,308.0631069321487,7.527857735718201,0.2329642979584309,0.7670357020415691,76.70357020415692,1.753722092532534,1845.6345618958212
10.86,3.0,308.5143627834676,7.53518176220666,0.23246767130394924,0.7675323286960507,76.75323286960507,1.751686157112171,1849.8155173385028
10.870000000000001,3.0,308.96187609346526,7.542450761420059,0.2319762090451919,0.7680237909548081,76.80237909548082,1.7496691345442463,1853.9918599695823
10.88,3.0,309.40561878003285,7.549664931740528,0.2314899136283144,0.7685100863716856,76.85100863716856,1.747671282971329,1858.1634839107626
10.89,3.0,309.8455634076697,7.556824474117381,0.23100878686946513,0.7689912131305349,76.89912131305348,1.74569285435134,1862.3302845446206
10.9,3.0,310.2816831929636,7.5639295919989005,0.2305328299602216,0.7694671700397784,76.94671700397784,1.7437340944633708,1866.4921585932618
10.91,3.0,310.7139521657494,7.570980491264677,0.230062043303488,0.769937956696512,76.9937956696512,1.741795241631197,1870.6490051382225
10.92,3.0,311.14234517319005,7.5779773801585195,0.22959642652183848,0.7704035734781616,77.04035734781615,1.7398765267477196,1874.8007241737005
10.93,3.0,311.56683772918166,7.5849204692219185,0.22913597863322735,0.7708640213667727,77.08640213667726,1.7379781745703622,1878.9472168487607
10.94,3.0,311.98740601247437,7.591809971228106,0.22868069806362742,0.7713193019363725,77.13193019363726,1.7361004037868506,1883.0883857667184
10.950000000000001,3.0,312.40402686667267,7.598646101116717,0.2282305826573753,0.7717694173426247,77.17694173426247,1.7342434270650615,1887.2241349851402
10.96,3.0,312.8166778002349,7.605429075929018,0.22778562968727847,0.7722143703127216,77.22143703127216,1.7324074511024277,1891.3543700158407
10.97,3.0,313.22533698647396,7.612159114743787,0.2273458358644835,0.7726541641355165,77.26541641355165,1.7305926766748732,1895.4789978248882
10.98,3.0,313.62998326355665,7.618836438613787,0.22691119734810775,0.7730888026518923,77.30888026518923,1.7287992986852474,1899.5979268325996
10.99,3.0,314.030596134504,7.625461270502874,0.22648170975463408,0.7735182902453659,77.35182902453658,1.7270275062112352,1903.7110669135432
11.0,3.0,314.4271557671912,7.632033835223741,0.2260573681670702,0.7739426318329298,77.39426318329298,1.72527748255271,1907.8183293965371
11.01,3.0,314.8196429943477,7.6385543593762995,0.22563816714387377,0.7743618328561263,77.43618328561263,1.7235494052785152,1911.9196270646505
11.02,3.0,315.208039313557,7.645023071286716,0.22522410072764398,0.774775899272356,77.4775899272356,1.7218434462726415,1916.0148741552032
11.03,3.0,315.5923268872568,7.651440200947097,0.2248151624535805,0.7751848375464195,77.51848375464195,1.7201597717797783,1920.103986359765
11.040000000000001,3.0,315.97248854273903,7.65780597995584,0.22441134535771143,0.7755886546422885,77.55886546422886,1.7184985424502177,1924.1868808241572
11.05,3.0,316.3485077721496,7.664120641458634,0.2240126419848914,0.7759873580151087,77.59873580151087,1.7168599133840894,1928.2634761484496
11.06,3.0,316.7203687324888,7.670384420090172,0.22361904439657002,0.77638095560343,77.638095560343,1.7152440341749031,1932.3336923869647
11.07,3.0,317.088056245611,7.676597551916484,0.2232305441783331,0.7767694558216669,77.6769455821667,1.7136510489523764,1936.3974510482742
11.08,3.0,317.4515557982247,7.682760274377994,0.2228471324472177,0.7771528675527823,77.71528675527823,1.7120810964245354,1940.4546750952013
11.09,3.0,317.8108535418927,7.688872826233239,0.22246879985880127,0.7775312001411987,77.75312001411987,1.7105343099190582,1944.5052889448189
11.1,3.0,318.1659362930318,7.694935447503283,0.2220955366140676,0.7779044633859324,77.79044633859324,1.7090108174238523,1948.5492184684508
11.11,3.0,318.516791532913,7.7009483794168165,0.22172733246605023,0.7782726675339497,77.82726675339498,1.7075107416268431,1952.5863909916716
11.120000000000001,3.0,318.8634072632795,7.706911864355956,0.22136417687740131,0.7786358231225987,77.86358231225987,1.7060342011198346,1956.6167351794197
11.13,3.0,319.2057719715235,7.712826145802732,0.22100605906176843,0.7789939409382316,77.89939409382316,1.7045813107124304,1960.6401810686127
11.14,3.0,319.5438753558384,7.7186914682862815,0.22065296723162198,0.779347032768378,77.93470327683781,1.703152175622773,1964.6566606583658
11.15,3.0,319.8777077414942,7.724508077330733,0.22030488921674637,0.7796951107832536,77.96951107832535,1.7017468962302096,1968.6661073845405
11.16,3.0,320.2072600385336,7.730276219403802,0.21996181251343774,0.7800381874865623,78.00381874865623,1.7003655684495853,1972.6684560837787
11.17,3.0,320.53252374177225,7.735996141866078,0.21962372428915736,0.7803762757108427,78.03762757108427,1.6990082837631806,1976.6636429935024
11.18,3.0,320.8534909307984,7.741668092921022,0.21929061138700165,0.7807093886129983,78.07093886129984,1.697675129251894,1980.651605751915
11.19,3.0,321.1701542699732,7.747292321565666,0.2189624603299887,0.7810375396700113,78.10375396700113,1.6963661876256484,1984.6322833979996
11.200000000000001,3.0,321.4825070084305,7.752869077542014,0.21863925732516426,0.7813607426748357,78.13607426748356,1.6950815372530172,1988.6056163715211
11.21,3.0,321.7905429800768,7.758398611289146,0.21832098826752738,0.7816790117324726,78.16790117324726,1.6938212521900584,1992.5715465130222
11.22,3.0,322.09425660359153,7.763881173896032,0.2180076387437773,0.7819923612562227,78.19923612562228,1.6925854022083398,1996.530017063829
11.23,3.0,322.39364288242683,7.769317017055043,0.21769919403588323,0.7823008059641168,78.23008059641168,1.6913740528221552,2000.480972666047
11.24,3.0,322.6886974048076,7.774706393016161,0.21739563912447848,0.7826043608755215,78.26043608755215,1.6901872653149173,2004.4243593625617
11.25,3.0,322.9794163437315,7.780049554541904,0.21709695869208007,0.7829030413079199,78.29030413079198,1.6890250967647196,2008.3601245970403
11.26,3.0,323.26579645696887,7.785346754862929,0.21680313712613455,0.7831968628738655,78.31968628738655,1.6878876000690544,2012.2882172139298
11.27,3.0,323.547835087063,7.790598247634349,0.21651415852189315,0.7834858414781068,78.34858414781068,1.6867748239686864,2016.2085874584577
11.28,3.0,323.8255301613298,7.795804286892741,0.21623000668511563,0.7837699933148844,78.37699933148843,1.6856868130706706,2020.121186976632
11.290000000000001,3.0,324.09888019185803,7.800965127013854,0.21595066513460584,0.7840493348653942,78.40493348653942,1.6846236078705068,2024.0259688152425
11.3,3.0,324.3678842755091,7.806081022670988,0.21567611710457946,0.7843238828954205,78.43238828954206,1.6835852447734232,2027.9228874218566
11.31,3.0,324.63254209391715,7.811152228794091,0.21540634554686547,0.7845936544531346,78.45936544531345,1.6825717561147884,2031.8118986448249
11.32,3.0,324.8928539134893,7.816179000529522,0.21514133313294256,0.7848586668670574,78.48586668670575,1.681583170179632,2035.6929597332776
11.33,3.0,325.14882058540536,7.821161593200505,0.21488106225581316,0.7851189377441868,78.51189377441868,1.6806195112212925,2039.5660293371254
11.34,3.0,325.40044331141723,7.826100262268255,0.21462551526942591,0.7853744847305741,78.53744847305741,1.6796808013395137,2043.431067116446
11.35,3.0,325.6477234110733,7.830995263293805,0.2143746747248271,0.7856253252751729,78.56253252751729,1.6787670623402713,2047.2880332781388
11.36,3.0,325.8906636277873,7.835846851900471,0.21412852204630636,0.7858714779536936,78.58714779536936,1.6778783053786503,2051.136890748674
11.370000000000001,3.0,326.1292672350655,7.840655283737013,0.21388703844162738,0.7861129615583726,78.61129615583727,1.6770145380802073,2054.9776037742627
11.38,3.0,326.36353795464845,7.845420814441459,0.21365020498547552,0.7863497950145245,78.63497950145245,1.676175765202734,2058.8101377880903
11.39,3.0,326.59347995651126,7.850143699605577,0.2134180026196115,0.7865819973803885,78.65819973803885,1.6753619886467497,2062.6344594103216
11.4,3.0,326.81909785886387,7.85482419474003,0.21319041215291618,0.7868095878470838,78.68095878470838,1.674573207465325,2066.450536448097
11.41,3.0,327.04039672815065,7.859462555240156,0.21296741426132837,0.7870325857386716,78.70325857386716,1.6738094178732286,2070.2583378955323
11.42,3.0,327.2573820790506,7.864059036352416,0.21274898948767482,0.7872510105123252,78.72510105123251,1.6730706132553943,2074.0578339337217
11.43,3.0,327.47005987447733,7.868613893141487,0.21253511824139518,0.7874648817586049,78.74648817586049,1.6723567841747107,2077.848995930735
11.44,3.0,327.67843652557895,7.8731273804579835,0.21232578079816153,0.7876742192018384,78.76742192018385,1.6716679183791254,2081.6317964416194
11.450000000000001,3.0,327.88251889173824,7.8775997529068285,0.21212095729939429,0.7878790427006057,78.78790427006057,1.6710040008080684,2085.4062092083986
11.46,3.0,328.08231428057246,7.8820312648162405,0.21192062775167467,0.7880793722483254,78.80793722483254,1.670365013598184,2089.1722091600714
11.47,3.0,328.27783044793364,7.886422170207359,0.21172477202605555,0.7882752279739444,78.82752279739445,1.6697509360883833,2092.929772412615
11.48,3.0,328.4690755979083,7.8907727227644875,0.211533369857271,0.788466630142729,78.8466630142729,1.6691617448242058,2096.678876268983
11.49,3.0,328.65605838281743,7.895083175805943,0.21134640084284548,0.7886535991571545,78.86535991571544,1.6685974135614883,2100.419499219105
11.5,3.0,328.8387879032168,7.899353782255527,0.21116384444210382,0.7888361555578962,78.88361555578962,1.6680579132693505,2104.151620939888
11.51,3.0,329.01727370789666,7.903584794614592,0.21098567997508294,0.7890143200249171,78.90143200249172,1.667543212132486,2107.875222295215
11.52,3.0,329.1915257938819,7.907776464934712,0.21081188662134584,0.7891881133786541,78.9188113378654,1.6670532755527636,2111.5902853359453
11.53,3.0,329.361554606432,7.911929044790951,0.21064244341869934,0.7893575565813007,78.93575565813006,1.6665880661501418,2115.296793299916
11.540000000000001,3.0,329.52737103904093,7.9160427852557005,0.21047732926181614,0.7895226707381838,78.95226707381838,1.6661475437628883,2118.9947306119407
11.55,3.0,329.6889864334373,7.920117936873124,0.2103165229007618,0.7896834770992383,78.96834770992382,1.6657316654471108,2122.684082883808
11.56,3.0,329.84641257958435,7.924154749634161,0.21016000293942833,0.7898399970605716,78.98399970605716,1.6653403854756001,2126.3648369142848
11.57,3.0,329.99966107055286,7.928153472952105,0.21000774847458478,0.7899922515254152,78.99922515254151,1.6649736604156316,2130.0369793968057
11.58,3.0,330.14874409392195,7.932114355638751,0.20985973830643942,0.7901402616935606,79.01402616935606,1.6646314428910995,2133.700498334875
11.59,3.0,330.29367493779444,7.936037645881092,0.20971595043557043,0.7902840495644295,79.02840495644296,1.6643136775984202,2137.3553841529974
11.6,3.0,330.43446718403015,7.939923591218578,0.20957636286284184,0.7904236371371581,79.04236371371582,1.664020307656463,2141.0016281738053
11.61,3.0,330.5711347081477,7.943772438520917,0.2094409535869525,0.7905590464130475,79.05590464130475,1.663751274601572,2144.63922261787
11.620000000000001,3.0,330.70369167932455,7.947584433966413,0.20930970060184492,0.790690299398155,79.06902993981551,1.663506518381393,2148.2681606037027
11.63,3.0,330.8321525603964,7.9513598230208435,0.20918258189407238,0.7908174181059276,79.08174181059276,1.6632859773482944,2151.8884361477503
11.64,3.0,330.9565321078581,7.955098850416863,0.20905957544012307,0.7909404245598769,79.09404245598769,1.6630895882523604,2155.5000441644006
11.65,3.0,331.0768453718628,7.9588017601339285,0.2089406592037039,0.7910593407962961,79.10593407962962,1.6629172862339818,2159.1029804659797
11.66,3.0,331.19310769622257,7.96246879537874,0.2088258111329823,0.7911741888670177,79.11741888670177,1.6627690048160257,2162.6972417627508
11.67,3.0,331.30533471840806,7.96610019856619,0.20871500915778765,0.7912849908422124,79.12849908422123,1.6626446758955964,2166.282825662917
11.68,3.0,331.4135423695487,7.969696211300821,0.20860823118677185,0.7913917688132281,79.13917688132281,1.6625442297353814,2169.8597306726183
11.69,3.0,331.5177468744323,7.9732570743587665,0.20850545510453034,0.7914945448954697,79.14945448954697,1.6624675949545906,2173.4279561959347
11.700000000000001,3.0,331.6179647515058,7.976783027670205,0.20840665876868203,0.791593341231318,79.1593341231318,1.6624146985194788,2176.987502534885
11.71,3.0,331.7142128128744,7.98027431030227,0.2083118200069112,0.7916881799930888,79.16881799930889,1.6623854657334638,2180.5383708894237
11.72,3.0,331.80650816430216,7.983731160442462,0.20822091661396938,0.7917790833860306,79.17790833860306,1.6623798202268387,2184.080563357447
11.73,3.0,331.8948682052118,7.9871538153825234,0.20813392634863803,0.791866073651362,79.1866073651362,1.6623976839460695,2187.614082934787
11.74,3.0,331.97931062868486,7.990542511502771,0.20805082693065366,0.7919491730693463,79.19491730693463,1.6624389771426937,2191.138933515216
11.75,3.0,332.05985342146124,7.993897484256901,0.20797159603759416,0.7920284039624058,79.20284039624057,1.6625036183618165,2194.6551198904444
11.76,3.0,332.1365148639398,7.997218968157232,0.20789621130172728,0.7921037886982727,79.21037886982727,1.6625915244301972,2198.162647750121
11.77,3.0,332.2093135301779,8.000507196760415,0.20782465030682193,0.792175349693178,79.21753496931781,1.6627026104439453,2201.6615236818325
11.78,3.0,332.27826828789165,8.003762402653553,0.20775689058492194,0.792243109415078,79.22431094150781,1.6628367897558063,2205.1517551711045
11.790000000000001,3.0,332.34339829845584,8.006984817440788,0.2076929096130832,0.7923070903869168,79.23070903869169,1.6629939739620592,2208.6333506014016
11.8,3.0,332.40472282341346,8.01017467173029,0.20763268500006696,0.7923673149999331,79.23673149999331,1.66317407441089,2212.1063188302155
11.81,3.0,332.46226073423594,8.013332195121674,0.20757619496399193,0.7924238050360081,79.24238050360081,1.66337700604581,2215.570668000604
11.82,3.0,332.516032153462,8.016457616193847,0.20752341671752197,0.792476583282478,79.24765832824781,1.6636026744837487,2219.0264090957835
11.83,3.0,332.566057509596,8.01955116249324,0.2074743273930317,0.7925256726069683,79.25256726069682,1.6638509834322905,2222.4735540319984
11.84,3.0,332.6123573811411,8.022613060522449,0.20742890419216034,0.7925710958078397,79.25710958078398,1.6641218359018852,2225.9121153274664
11.85,3.0,332.6549524965987,8.02564353572929,0.20738712438217663,0.7926128756178233,79.26128756178234,1.6644151341913023,2229.3421061023723
11.86,3.0,332.6938637344689,8.028642812496232,0.20734896529234625,0.7926510347076537,79.26510347076537,1.6647307798729263,2232.7635400788727
11.870000000000001,3.0,332.7291121232502,8.031611114130186,0.20731440431030268,0.7926855956896973,79.26855956896974,1.665068673777906,2236.1764315810947
11.88,3.0,332.7607188414398,8.034548662852739,0.20728341887841978,0.7927165811215802,79.27165811215802,1.6654287159811518,2239.580795535134
11.89,3.0,332.7887052175333,8.037455679790689,0.20725598649018734,0.7927440135098127,79.27440135098126,1.6658108057861785,2242.9766474690578
11.9,3.0,332.8130927300247,8.040332384966987,0.2072320846865884,0.7927679153134116,79.27679153134116,1.6662148417097982,2246.3640035129024
11.91,3.0,332.83390300740683,8.043178997292038,0.20721169105247925,0.7927883089475207,79.27883089475208,1.6666407214666676,2249.742880398676
11.92,3.0,332.8511578281708,8.045995734555333,0.2071947832129709,0.7928052167870291,79.28052167870291,1.667088341953681,2253.113295460355
11.93,3.0,332.86487912080634,8.048782813417446,0.20718133882981288,0.7928186611701871,79.28186611701871,1.6675575992342144,2256.4752666338873
11.94,3.0,332.87508896380166,8.05154044940238,0.20717133559777856,0.7928286644022214,79.28286644022215,1.6680483885222293,2259.82881245719
11.950000000000001,3.0,332.8818095856435,8.054268856890229,0.2071647512410522,0.7928352487589478,79.28352487589478,1.668560604166218,2263.173952070152
11.96,3.0,332.8850633648172,8.05696824911018,0.2071615635096176,0.7928384364903824,79.28384364903825,1.6690941396330112,2266.51070521463
11.97,3.0,332.88487282980657,8.059638838133857,0.20716175017564836,0.7928382498243516,79.28382498243516,1.669648887491439,2269.839092234452
11.98,3.0,332.8812606590938,8.062280834868952,0.20716528902989964,0.7928347109701004,79.28347109701004,1.6702247393958471,2273.159134075417
11.99,3.0,332.87424968115994,8.064894449053185,0.2071721578781006,0.7928278421218994,79.28278421218994,1.6708215860694635,2276.470852285293
12.0,3.0,332.8638628744842,8.067479889248593,0.2071823345373492,0.7928176654626509,79.28176654626509,1.671439317287639,2279.7742690138184
12.01,3.0,332.8501233675445,8.070037362836072,0.20719579683250733,0.7928042031674927,79.28042031674927,1.6720778218609258,2283.0694070127024
12.02,3.0,332.8330544388173,8.072567076010273,0.20721252259259754,0.7927874774074024,79.27874774074024,1.6727369876180378,2286.356289635624
12.030000000000001,3.0,332.81267951677756,8.075069233774737,0.20723248964720103,0.7927675103527989,79.27675103527989,1.673416701388655,2289.634940838232
12.040000000000001,3.0,332.7890221495037,8.077544039937365,0.20725567585264784,0.7927443241473522,79.27443241473522,1.674116849226746,2292.905385105393
12.05,3.0,332.76210538291735,8.07999169710612,0.20728205969792451,0.7927179403020754,79.27179403020754,1.6748373213182852,2296.1676458839943
12.06,3.0,332.7319530195457,8.082412406685041,0.20731161906744133,0.7926883809325587,79.26883809325587,1.675578002000651,2299.4217484797855
12.07,3.0,332.6985892702712,8.084806368870519,0.2073443315785462,0.7926556684214539,79.26556684214539,1.6763387724954308,2302.6677194056047
12.08,3.0,332.6620383804712,8.087173782647817,0.2073801749443749,0.7926198250556251,79.26198250556251,1.6771195138510664,2305.9055855181714
12.09,3.0,332.6223246300183,8.089514845787878,0.20741912697033357,0.7925808730296664,79.25808730296664,1.6779201069268743,2309.135374018088
12.1,3.0,332.5794723332802,8.091829754844373,0.20746116555060898,0.792538834449391,79.2538834449391,1.678740432377112,2312.3571124498376
12.11,3.0,332.5335058391199,8.094118705151,0.20750626866470445,0.7924937313352955,79.24937313352956,1.6795803706350731,2315.5708287017856
12.120000000000001,3.0,332.48444953089546,8.096381890819028,0.20755441437400277,0.7924455856259972,79.24455856259972,1.6804398018972246,2318.7765510061795
12.13,3.0,332.43232782646,8.098619504735074,0.20760558081835342,0.7923944191816465,79.23944191816466,1.6813186061073708,2321.9743079391465
12.14,3.0,332.3771651781619,8.100831738559137,0.20765974621268626,0.7923402537873138,79.23402537873137,1.6822166629408644,2325.1641284206976
12.15,3.0,332.3189860728446,8.10301878272283,0.20771688884364953,0.7922831111563504,79.22831111563504,1.6831338517888423,2328.3460417147253
12.16,3.0,332.25781503184686,8.105180826427857,0.20777698706627257,0.7922230129337274,79.22230129337274,1.6840700517425011,2331.5200774290033
12.17,3.0,332.19367661100245,8.107318057644715,0.20784001930065268,0.7921599806993473,79.21599806993473,1.6850251415774076,2334.686265515187
12.18,3.0,332.1265954006402,8.109430663111599,0.20790596402866637,0.7920940359713337,79.20940359713336,1.6859989997378442,2337.8446362688137
12.19,3.0,332.0565960255844,8.111518828333512,0.2079747997907035,0.7920252002092965,79.20252002092964,1.686991504321184,2340.995220329303
12.200000000000001,3.0,331.9837031451541,8.113582737581607,0.2080465051824254,0.7919534948175746,79.19534948175746,1.6880025330623092,2344.138048679955
12.21,3.0,331.90794145316386,8.115622573892704,0.20812105885154555,0.7918789411484545,79.18789411484545,1.689031963318055,2347.273152647952
12.22,3.0,331.82933567792315,8.117638519069018,0.20819843949463335,0.7918015605053667,79.18015605053667,1.690079672051696,2350.4005639043585
12.23,3.0,331.74791058223667,8.119630753678088,0.20827862585394033,0.7917213741460597,79.17213741460597,1.691145535817466,2353.5203144641205
12.24,3.0,331.6636909634043,8.121599457052868,0.20836159671424795,0.7916384032857521,79.1638403285752,1.692229430745105,2356.632436686066
12.25,3.0,331.576701653221,8.123544807292035,0.20844733089973858,0.7915526691002615,79.15526691002614,1.6933312325244558,2359.7369632729037
12.26,3.0,331.486967517977,8.125466981260452,0.20853580727088675,0.7914641927291133,79.14641927291133,1.6944508163900835,2362.833927271225
12.27,3.0,331.39451345845754,8.127366154589819,0.20862700472137333,0.7913729952786267,79.13729952786267,1.6955880571059398,2365.923362071503
12.280000000000001,3.0,331.299364409943,8.1292425016795,0.2087209021750197,0.7912790978249803,79.12790978249802,1.6967428289500592,2369.0053014080927
12.290000000000001,3.0,331.2015453315793,8.131096195697495,0.20881747859324076,0.7911825214067593,79.11825214067592,1.697915005784643,2372.079779330343
12.3,3.0,331.1010808096467,8.132927408581617,0.2089167133640145,0.7910832866359855,79.10832866359854,1.6991044642289828,2375.1468290411335
12.31,3.0,330.9979958876787,8.134736311040788,0.20901858547930924,0.7909814145206908,79.09814145206909,1.7003110769809195,2378.2064850022434
12.32,3.0,330.8923158789185,8.136523072556507,0.20912307371658342,0.7908769262834165,79.08769262834166,1.7015347142989163,2381.258782636201
12.33,3.0,330.78406604977556,8.13828786138448,0.2092301569484394,0.7907698430515606,79.07698430515606,1.7027752465290542,2384.303757510159
12.34,3.0,330.6732716198258,8.140030844556383,0.20933981413986225,0.7906601858601378,79.06601858601377,1.7040325440921793,2387.3414453358914
12.35,3.0,330.5599577618115,8.141752187881785,0.20945202434549448,0.7905479756545055,79.05479756545056,1.7053064774711986,2390.3718819697974
12.36,3.0,330.4441496016415,8.143452055950187,0.2095667667069449,0.790433233293055,79.04332332930551,1.7065969171985036,2393.3951034128977
12.370000000000001,3.0,330.32587221839094,8.145130612133237,0.2096840204501322,0.7903159795498678,79.03159795498678,1.7079037338435434,2396.4111458108373
12.38,3.0,330.20515064430145,8.146788018587038,0.2098037648826621,0.7901962351173379,79.0196235117338,1.7092267980005238,2399.420045453883
12.39,3.0,330.0820098647809,8.148424436254622,0.20992597939123828,0.7900740206087618,79.00740206087617,1.71056598027625,2402.421838776926
12.4,3.0,329.9564748184038,8.150040024868517,0.2100506434391058,0.7899493565608942,78.99493565608941,1.7119211512780976,2405.4165623594804
12.41,3.0,329.828570396911,8.151634942953464,0.21017773656352784,0.7898222634364722,78.98222634364723,1.7132921816021216,2408.4042529256826
12.42,3.0,329.6983214452097,8.153209347829254,0.2103072383732945,0.7896927616267055,78.96927616267055,1.7146789418213,2411.3849473442933
12.43,3.0,329.5657527613736,8.154763395613656,0.21043912854626318,0.7895608714537368,78.95608714537367,1.716081302473904,2414.3586826286955
12.44,3.0,329.43088909664266,8.156297241225499,0.21057338682693114,0.7894266131730688,78.94266131730689,1.7174991340520083,2417.325495936896
12.450000000000001,3.0,329.2937551554235,8.157811038387807,0.21070999302403873,0.7892900069759613,78.92900069759612,1.718932306990121,2420.285424571524
12.46,3.0,329.1543755952891,8.159304939631113,0.2108489270082038,0.7891510729917962,78.91510729917962,1.7203806916539572,2423.238505979832
12.47,3.0,329.0127750269786,8.160779096296821,0.2109901687095868,0.7890098312904132,78.90098312904132,1.7218441583293356,2426.1847777536964
12.48,3.0,328.86897801439784,8.162233658540682,0.21113369811558563,0.7888663018844144,78.88663018844144,1.7233225772112004,2429.124277629616
12.49,3.0,328.72300907461903,8.1636687753364,0.2112794952685606,0.7887205047314394,78.87205047314394,1.724815818392783,2432.057043488712
12.5,3.0,328.57489267788065,8.165084594479286,0.2114275402635893,0.7885724597364108,78.85724597364107,1.7263237518548817,2434.983113356732
12.51,3.0,328.4246532475878,8.166481262590024,0.21157781324625027,0.7884221867537498,78.84221867537498,1.7278462474552743,2437.9025254040416
12.52,3.0,328.2723151603118,8.167858925118557,0.21173029441043598,0.788269705589564,78.8269705589564,1.729383174918259,2440.8153179456344
12.530000000000001,3.0,328.11790274579045,8.169217726347998,0.21188496399619433,0.7881150360038056,78.81150360038056,1.7309344038243182,2443.721529441125
12.540000000000001,3.0,327.96144028692805,8.170557809398687,0.21204180228759875,0.7879581977124013,78.79581977124013,1.7324998035999124,2446.6211984947495
12.55,3.0,327.8029519614836,8.171879316232287,0.2122007896691635,0.7877992103308364,78.77992103308364,1.7340792439855952,2449.514363642846
12.56,3.0,327.642461832462,8.17318238765597,0.21236190663364207,0.7876380933663579,78.76380933663579,1.735672595107125,2452.4010630625357
12.57,3.0,327.4799943082148,8.1744671633267,0.21252513331782058,0.7874748666821794,78.74748666821793,1.7372797236881534,2455.2813361817803
12.58,3.0,327.3155737439243,8.175733781755548,0.21269044989982167,0.7873095501001783,78.73095501001784,1.738900496302758,2458.1552225728574
12.59,3.0,327.1492243981645,8.176982380312129,0.2128578366408385,0.7871421633591615,78.71421633591615,1.7405347797234938,2461.0227618136046
12.6,3.0,326.9809704329012,8.178213095229061,0.21302727388334478,0.7869727261166553,78.69727261166553,1.742182440913718,2463.88399348742
12.61,3.0,326.810835913492,8.179426061606517,0.213198742049338,0.786801257950662,78.6801257950662,1.7438433470200805,2466.7389571832596
12.620000000000001,3.0,326.6388448086863,8.180621413416834,0.21337222163861738,0.7866277783613826,78.66277783613826,1.745517365365196,2469.58769249564
12.63,3.0,326.46502099062536,8.181799283509179,0.21354769322709533,0.7864523067729047,78.64523067729047,1.7472043634404864,2472.430239024636
12.64,3.0,326.289388234842,8.182959803614292,0.2137251374651419,0.7862748625348581,78.62748625348581,1.748904208899195,2475.2666363758844
12.65,3.0,326.1119702202611,8.184103104349253,0.21390453507596208,0.7860954649240379,78.6095464924038,1.750616769549565,2478.0969241605785
12.66,3.0,325.93279052919917,8.185229315222344,0.21408586685400566,0.7859141331459943,78.59141331459944,1.7523419133481946,2480.9211419954736
12.67,3.0,325.7518726473645,8.186338564637921,0.21426911366340917,0.7857308863365908,78.57308863365908,1.7540795083935528,2483.739329502883
12.68,3.0,325.5692399638571,8.18743097990138,0.2144542564364699,0.7855457435635301,78.55457435635302,1.7558294229196687,2486.5515263106795
12.69,3.0,325.384915771169,8.18850668722414,0.2146412761721504,0.7853587238278497,78.53587238278496,1.7575915252899768,2489.357772052297
12.700000000000001,3.0,325.19892326518374,8.189565811728674,0.2148301539346155,0.7851698460653845,78.51698460653846,1.7593656839913352,2492.1581063667277
12.71,3.0,325.01128554517686,8.190608477453612,0.21502087085179877,0.7849791291482012,78.49791291482012,1.7611517676282014,2494.9525688985227
12.72,3.0,324.8220256138156,8.191634807358845,0.21521340811400033,0.7847865918859996,78.47865918859996,1.7629496449169697,2497.741199297793
12.73,3.0,324.6311663771589,8.192644923330715,0.2154077469725146,0.7845922530274854,78.45922530274854,1.7647591846804789,2500.5240372202106
12.74,3.0,324.43873064465754,8.193638946187201,0.21560386873828752,0.7843961312617125,78.43961312617125,1.7665802558426658,2503.3011223270055
12.75,3.0,324.24474112915425,8.194616995683173,0.21580175478060343,0.7841982452193965,78.41982452193965,1.7684127274233854,2506.072494284967
12.76,3.0,324.0492204468833,8.195579190515662,0.21600138652580203,0.783998613474198,78.3998613474198,1.7702564685333932,2508.8381927664445
12.77,3.0,323.85219111747085,8.196525648329171,0.21620274545602253,0.7837972545439775,78.37972545439776,1.7721113483694717,2511.598257449348
12.780000000000001,3.0,323.6536755639348,8.197456485721023,0.21640581310797852,0.7835941868920215,78.35941868920216,1.7739772362097301,2514.3527280171447
12.790000000000001,3.0,323.45369611268495,8.198371818246727,0.21661057107175935,0.7833894289282406,78.33894289282406,1.7758540014090416,2517.101644158863
12.8,3.0,323.25227499352286,8.19927176042538,0.21681700098966064,0.7831829990103394,78.31829990103394,1.7777415133946464,2519.84504556909
12.81,3.0,323.0494343276854,8.200156425745089,0.21702508456731393,0.782974915432686,78.2974915432686,1.7796396417625306,2522.5829717912998
12.82,3.0,322.8451962759717,8.201025926668429,0.21723480342045604,0.7827651965795439,78.2765196579544,1.7815482550258794,2525.31546239003
12.83,3.0,322.63958308290904,8.201880374637913,0.2174461390277452,0.7825538609722548,78.25538609722548,1.7834672202324504,2528.0425576167763
12.84,3.0,322.4326168779871,8.202719880081485,0.21765907293338083,0.7823409270666192,78.23409270666191,1.785396404630749,2530.7642976765283
12.85,3.0,322.2243196686154,8.203544552418052,0.2178735867533971,0.7821264132466029,78.2126413246603,1.7873356757266126,2533.4807226903913
12.86,3.0,322.0147133401237,8.204354500062998,0.21808966217476536,0.7819103378252347,78.19103378252346,1.789284901280755,2536.1918726955873
12.870000000000001,3.0,321.8038196557614,8.205149830433752,0.21830728095452645,0.7816927190454735,78.16927190454736,1.7912439493064862,2538.897787645455
12.88,3.0,321.59166025669816,8.205930649955352,0.21852642491895155,0.7814735750810484,78.14735750810485,1.7932126880675916,2541.5985074094483
12.89,3.0,321.3782566620233,8.206697064066033,0.21874707596273302,0.781252924037267,78.1252924037267,1.7951909860763904,2544.294071773138
12.9,3.0,321.16363026874643,8.207449177222816,0.2189692160482023,0.7810307839517977,78.10307839517976,1.7971787120919431,2546.9845204382123
12.91,3.0,320.94780235179684,8.208187092907128,0.21919282720457753,0.7808071727954224,78.08071727954224,1.7991757351184356,2549.669893022474
12.92,3.0,320.73079406402394,8.208910913630412,0.21941789152723817,0.7805821084727618,78.05821084727617,1.8011819244037193,2552.3502290598435
12.93,3.0,320.5126264361971,8.209620740939762,0.21964439117702758,0.7803556088229724,78.03556088229723,1.8031971494380121,2555.025568000357
12.94,3.0,320.2933203770055,8.210316675423563,0.21987230837958324,0.7801276916204167,78.01276916204168,1.8052212799527643,2557.695949210167
12.950000000000001,3.0,320.0728966730585,8.210998816717135,0.2201016254246932,0.7798983745753068,77.98983745753067,1.8072541859196738,2560.3614119715426
12.96,3.0,319.8513759888853,8.211667263508376,0.22033232466568023,0.7796676753343198,77.96676753343198,1.8092957375498655,2563.0219954828685
12.97,3.0,319.62877886693514,8.212322113543433,0.2205643885188118,0.7794356114811882,77.94356114811882,1.8113458052932234,2565.677738858647
12.98,3.0,319.4051257275771,8.21296346363235,0.22079779946273656,0.7792022005372634,77.92022005372634,1.813404259837878,2568.3286811294956
12.99,3.0,319.1804368691004,8.213591409654736,0.22103254003794642,0.7789674599620535,77.89674599620535,1.8154709721098432,2570.974861242149
13.0,3.0,318.95473246771394,8.21420604656543,0.2212685928462646,0.7787314071537355,77.87314071537355,1.8175458132728108,2573.6163180594576
13.01,3.0,318.72803257754697,8.214807468400164,0.22150594055035855,0.7784940594496415,77.84940594496415,1.819628654728088,2576.253090360388
13.02,3.0,318.50035713064835,8.21539576828122,0.22174456587327848,0.7782554341267215,77.82554341267215,1.8217193681146884,2578.885216840024
13.030000000000001,3.0,318.2717259369871,8.215971038423119,0.22198445159802027,0.7780155484019797,77.80155484019798,1.8238178253095731,2581.512736109565
13.040000000000001,3.0,318.04215868445215,8.216533370138247,0.2222255805671127,0.7777744194328873,77.77744194328872,1.825923898428027,2584.135686696327
13.05,3.0,317.81167493885243,8.217082853842541,0.2224679356822298,0.7775320643177702,77.75320643177702,1.8280374598241957,2586.754107043742
13.06,3.0,317.58029414391683,8.217619579061127,0.22271149990382605,0.777288500096174,77.7288500096174,1.8301583820917513,2589.368035511359
13.07,3.0,317.3480356532673,8.218143634433977,0.2229562562170841,0.7770437437829159,77.70437437829159,1.8322865377876605,2591.977510326857
13.08,3.0,317.1149189089645,8.21865510772155,0.2232021874429473,0.7767978125570527,77.67978125570527,1.8344217978826016,2594.582569841278
13.09,3.0,316.88096329308604,8.219154085810427,0.2234492763934347,0.7765507236065653,77.65507236065653,1.8365640330404822,2597.1832527432075
13.1,3.0,316.64618805505216,8.219640654718933,0.2236975059478742,0.7763024940521258,77.63024940521258,1.838713114248377,2599.7795976030097
13.11,3.0,316.4106123130006,8.220114899602777,0.22394685905124426,0.7760531409487558,77.60531409487558,1.840868912806376,2602.3716428529215
13.120000000000001,3.0,316.1742550537865,8.220576904760648,0.22419731871398837,0.7758026812860116,77.58026812860116,1.8430313003294752,2604.959426787052
13.13,3.0,315.93713513298246,8.221026753639812,0.22444886801185143,0.7755511319881485,77.55511319881485,1.8452001487496017,2607.542987561381
13.14,3.0,315.69927127487836,8.221464528841722,0.22470149008574047,0.7752985099142595,77.52985099142595,1.847375330317795,2610.1223631937605
13.15,3.0,315.4606820724816,8.221890312127588,0.2249551681416074,0.7750448318583926,77.50448318583926,1.8495567176065144,2612.697591563915
13.16,3.0,315.22138598751684,8.22230418442394,0.22520988545035456,0.7747901145496454,77.47901145496454,1.8517441835120865,2615.2687104134397
13.17,3.0,314.9814013504263,8.222706225828192,0.22546562534776238,0.7745343746522376,77.45343746522376,1.8539376012572923,2617.8357573458024
13.18,3.0,314.7407463603696,8.223096515614182,0.2257223712344394,0.7742776287655606,77.42776287655606,1.8561368443940895,2620.3987698263427
13.19,3.0,314.49943908522357,8.223475132237706,0.2259801065757935,0.7740198934242065,77.40198934242065,1.8583417868064644,2622.9577851822714
13.200000000000001,3.0,314.25749746158266,8.223842153342016,0.22623881490202508,0.7737611850979749,77.3761185097975,1.8605523027134157,2625.5128406026715
13.21,3.0,314.0149392947587,8.22419765576334,0.2264984798081409,0.7735015201918591,77.35015201918591,1.8627682666720726,2628.063973138498
13.22,3.0,313.7717822587808,8.224541715536358,0.22675908495398953,0.7732409150460104,77.32409150460104,1.8649895535809398,2630.611219702577
13.23,3.0,313.5280438963955,8.224874407899659,0.22702061406431692,0.772979385935683,77.2979385935683,1.8672160386832657,2633.154617069607
13.24,3.0,313.2837416190669,8.225195807301212,0.2272830509288426,0.7727169490711574,77.27169490711574,1.869447597570544,2635.694201876158
13.25,3.0,313.03889270697636,8.225505987403782,0.22754637940235595,0.772453620597644,77.2453620597644,1.8716841061861313,2638.230010620672
13.26,3.0,312.7935143090226,8.225805021090355,0.22781058340483243,0.7721894165951676,77.21894165951676,1.8739254408289938,2640.7620796634637
13.27,3.0,312.54762344282193,8.226092980469542,0.22807564692156956,0.7719243530784304,77.19243530784304,1.876171478157573,2643.290445226717
13.280000000000001,3.0,312.30123699470784,8.226369936880939,0.22834155400334205,0.771658445996658,77.1658445996658,1.8784220951937685,2645.8151433944913
13.290000000000001,3.0,312.0543717197314,8.22663596090051,0.22860828876657613,0.7713917112334239,77.1391711233424,1.8806771693270432,2648.3362101127136
13.3,3.0,311.8070442416611,8.226891122345908,0.22887583539354292,0.771124164606457,77.1124164606457,1.8829365783186416,2650.853681189186
13.31,3.0,311.55927105298264,8.227135490281817,0.22914417813257046,0.7708558218674295,77.08558218674295,1.8852002003059292,2653.367592293581
13.32,3.0,311.3110685148993,8.227369133025231,0.22941330129827367,0.7705866987017264,77.05866987017264,1.887467913806834,2655.877978957443
13.33,3.0,311.0624528851109,8.227592118150746,0.22968318924162917,0.7703168107583709,77.03168107583708,1.8897395974761544,2658.3848765755665
13.34,3.0,310.8134405287522,8.227804512495815,0.22995382612067217,0.7700461738793278,77.00461738793278,1.8920151282213447,2660.888320642754
13.35,3.0,310.56404770916913,8.22800638216599,0.23022519612704334,0.7697748038729566,76.97748038729566,1.8942943830687293,2663.3883468447075
13.36,3.0,310.3142905447252,8.228197792540122,0.23049728353317434,0.7695027164668257,76.95027164668257,1.8965772395541598,2665.8849907205413
13.370000000000001,3.0,310.0641850229594,8.228378808275583,0.2307700726772341,0.7692299273227658,76.92299273227658,1.898863575601569,2668.3782876392042
13.38,3.0,309.8137470005861,8.228549493313398,0.23104354796345242,0.7689564520365476,76.89564520365477,1.9011532695279962,2670.868272799476
13.39,3.0,309.5629922034949,8.228709910883428,0.23131769386246095,0.7686823061375391,76.86823061375391,1.903446200048731,2673.3549812299693
13.4,3.0,309.31193622675096,8.22886012350947,0.23159249491165057,0.7684075050883494,76.84075050883494,1.9057422462825513,2675.8384477891304
13.41,3.0,309.06059453459466,8.229000193014375,0.23186793571554545,0.7681320642844546,76.81320642844545,1.9080412877570683,2678.318707165238
13.42,3.0,308.80898246044177,8.229130180525113,0.23214400094619353,0.7678559990538065,76.78559990538065,1.9103432044141715,2680.7957938764025
13.43,3.0,308.5571152068835,8.229250146477824,0.2324206753435729,0.7675793246564271,76.75793246564271,1.9126478766155721,2683.2697422705683
13.44,3.0,308.30500784568636,8.229360150622867,0.2326979437160143,0.7673020562839857,76.73020562839858,1.9149551851484508,2685.7405865255114
13.450000000000001,3.0,308.0526753177922,8.229460252029796,0.23297579094063872,0.7670242090593613,76.70242090593614,1.9172650112311898,2688.208360648841
13.46,3.0,307.8001324333184,8.229550509092368,0.23325420196381083,0.7667457980361891,76.67457980361891,1.9195772365192134,2690.673098477998
13.47,3.0,307.5473938715576,8.229630979533477,0.23353316180160744,0.7664668381983926,76.64668381983925,1.9218917431109126,2693.134833680257
13.48,3.0,307.29447418097766,8.229701720410088,0.23381265554030067,0.7661873444596994,76.61873444596993,1.9242084135536637,2695.5935997527254
13.49,3.0,307.0413877792221,8.229762788118151,0.23409266833685566,0.7659073316631444,76.59073316631444,1.926527130849939,2698.049430022342
13.5,3.0,306.78814895310956,8.229814238397468,0.23437318541944316,0.7656268145805568,76.56268145805568,1.9288477784635032,2700.50235764588
13.51,3.0,306.53477185863426,8.229856126336554,0.23465419208796562,0.7653458079120343,76.53458079120344,1.9311702403256983,2702.9524156099437
13.52,3.0,306.28127052096556,8.229888506377453,0.23493567371459817,0.7650643262854018,76.50643262854018,1.933494400841815,2705.3996367309705
13.530000000000001,3.0,306.0276588344484,8.229911432320552,0.2352176157443418,0.7647823842556583,76.47823842556582,1.9358201448975414,2707.844053655231
13.540000000000001,3.0,305.773950562603,8.229924957329356,0.23550000369559174,0.7644999963044082,76.44999963044083,1.938147357865506,2710.2856988588283
13.55,3.0,305.52015933812487,8.229929133935215,0.2357828231607176,0.7642171768392824,76.42171768392824,1.9404759256118846,2712.7246046476967
13.56,3.0,305.26629866288505,8.229924014042075,0.2360660598066576,0.7639339401933424,76.39339401933424,1.942805734503104,2715.1608031576047
13.57,3.0,305.0123819079298,8.229909648931152,0.23634969937552464,0.7636503006244754,76.36503006244753,1.9451366714126073,2717.594326354154
13.58,3.0,304.7584223134808,8.229886089265609,0.23663372768522553,0.7633662723147745,76.33662723147745,1.9474686237277037,2720.0252060327766
13.59,3.0,304.5044329890103,8.229853385095193,0.23691813063000827,0.7630818693699917,76.30818693699916,1.9498014793557987,2722.4534738187544
13.6,3.0,304.25042707018247,8.229811585860862,0.23720289400505332,0.7627971059949467,76.27971059949466,1.9521351252825137,2724.8791612883347
13.61,3.0,303.9964177178765,8.22976074039935,0.23748800350716787,0.7625119964928322,76.25119964928322,1.9544694475791131,2727.3023002163004
13.620000000000001,3.0,303.74241790404943,8.229700896947747,0.23777344497518602,0.762226555024814,76.2226555024814,1.9568043333826441,2729.7229222592773
13.63,3.0,303.4884404753503,8.229632103148031,0.23805920431941688,0.7619407956805831,76.19407956805831,1.9591396703169495,2732.1410588842696
13.64,3.0,303.2344981531199,8.229554406051552,0.23834526752229382,0.7616547324777062,76.16547324777062,1.9614753464996288,2734.556741368663
13.65,3.0,302.98060353339093,8.229467852123541,0.23863162063903395,0.761368379360966,76.1368379360966,1.9638112505490704,2736.9700008002214
13.66,3.0,302.72676908688805,8.22937248724754,0.23891824979830864,0.7610817502016913,76.10817502016913,1.9661472715915362,2739.380868077089
13.67,3.0,302.4730071590277,8.229268356729833,0.23920514120292533,0.7607948587970746,76.07948587970746,1.9684832992683248,2741.7893739077886
13.68,3.0,302.2193299699182,8.229155505303835,0.2394922811305189,0.7605077188694811,76.05077188694811,1.9708192237429834,2744.1955488112226
13.69,3.0,301.9657496143598,8.229033977134474,0.2397796559342539,0.7602203440657461,76.02203440657462,1.9731549357085891,2746.5994231166737
13.700000000000001,3.0,301.71227806184464,8.22890381582252,0.24006725204353696,0.759932747956463,75.9932747956463,1.9754903263950878,2749.0010269638037
13.71,3.0,301.4589271565568,8.2287650644089,0.24035505596473816,0.7596449440352618,75.96449440352619,1.9778252875766835,2751.4003903026532
13.72,3.0,301.205708617372,8.228617765378992,0.24064305428192323,0.7593569457180768,75.93569457180767,1.9801597115792946,2753.797542893643
13.73,3.0,300.95263403785816,8.228461960666861,0.240931233657594,0.759068766342406,75.9068766342406,1.9824934912880516,2756.1925143075728
13.74,3.0,300.6997148862748,8.228297691659517,0.24121958083343872,0.7587804191665612,75.87804191665613,1.98482652015486,2758.585333925623
13.75,3.0,300.4469625055736,8.228124999201096,0.2415080826310911,0.7584919173689089,75.84919173689089,1.987158692206005,2760.9760309393523
13.76,3.0,300.1943881133978,8.227943923597053,0.24179672595289828,0.7582032740471017,75.82032740471017,1.9894899020498111,2763.3646343507
13.77,3.0,299.9420028020827,8.22775450461829,0.24208549778269697,0.757914502217303,75.7914502217303,1.991820044884346,2765.751172971982
13.780000000000001,3.0,299.6898175386555,8.227556781505285,0.24237438518659793,0.7576256148134021,75.76256148134021,1.9941490165051678,2768.135675425899
13.790000000000001,3.0,299.43784316483533,8.227350792972189,0.24266337531377932,0.7573366246862206,75.73366246862207,1.9964767133131303,2770.5181701455253
13.8,3.0,299.18609039703296,8.227136577210878,0.24295245539728688,0.7570475446027132,75.70475446027132,1.9988030323222132,2772.8986853743186
13.81,3.0,298.9345698263513,8.226914171894997,0.2432416127548423,0.7567583872451578,75.67583872451577,2.001127871167407,2775.277249166115
13.82,3.0,298.6832919185851,8.226683614183973,0.24353083478965934,0.7564691652103407,75.64691652103407,2.003451128112635,2777.653889385129
13.83,3.0,298.43226701422077,8.226444940726982,0.24382010899126658,0.7561798910087334,75.61798910087334,2.005772702058706,2780.0286337059565
13.84,3.0,298.18150532843686,8.22619818766692,0.24410942293633758,0.7558905770636624,75.58905770636623,2.008092492551318,2782.4015096135718
13.85,3.0,297.93101695110363,8.225943390644321,0.24439876428952814,0.7556012357104719,75.56012357104719,2.0104103997890834,2784.7725444033285
13.86,3.0,297.6808118469644,8.225680584801257,0.24468812080410973,0.7553118791958903,75.53118791958903,2.01272632462987,2787.141765181038
13.870000000000001,3.0,297.4309000216976,8.225409804785201,0.2449774801304308,0.7550225198695693,75.50225198695692,2.0150401670164175,2789.509199009282
13.88,3.0,297.18129148250483,8.225131084752892,0.2452668298613492,0.7547331701386508,75.47331701386508,2.017351826351382,2791.874873087277
13.89,3.0,296.9319960413297,8.22484445837414,0.24555615776074227,0.7544438422392578,75.44438422392578,2.019661203378087,2794.2388144435895
13.9,3.0,296.6830233926152,8.224549958835606,0.24584545167445054,0.7541545483255494,75.41545483255494,2.0219681994490233,2796.6010499042227
13.91,3.0,296.43438311330436,8.224247618844583,0.24613469953109796,0.753865300468902,75.3865300468902,2.0242727165336594,2798.961606092618
13.92,3.0,296.1860846628395,8.223937470632729,0.2464238893429192,0.7535761106570809,75.35761106570808,2.0265746572262864,2801.3205094296527
13.93,3.0,295.9381373831629,8.223619545959767,0.24671300920659125,0.7532869907934088,75.32869907934088,2.028873924753876,2803.6777861336436
13.94,3.0,295.69055049871616,8.22329387611717,0.24700204730407122,0.7529979526959287,75.29979526959288,2.031170422983972,2806.033462220343
13.950000000000001,3.0,295.4433331164408,8.222960491931829,0.24729099190343845,0.7527090080965615,75.27090080965615,2.0334640564326083,2808.3875635029417
13.96,3.0,295.1964942257778,8.222619423769654,0.24757983135974224,0.7524201686402577,75.24201686402577,2.035754730272232,2810.7401155920666
13.97,3.0,294.95004269866797,8.222270701539212,0.24786855411585354,0.7521314458841465,75.21314458841465,2.038042350339669,2813.091143895783
13.98,3.0,294.70398728955155,8.221914354695276,0.2481571487033221,0.7518428512966779,75.1842851296678,2.040326823144094,2815.440673619593
13.99,3.0,294.4583366353686,8.221550412242383,0.24844560374323688,0.7515543962567631,75.15543962567631,2.042608055875017,2817.7887297664365
14.0,3.0,294.2130992555587,8.221178902738355,0.24873390794709171,0.7512660920529083,75.12660920529083,2.0448859564102944,2820.135337136691
14.01,3.0,293.9682835520611,8.220799854297796,0.24902205011765396,0.750977949882346,75.0977949882346,2.0471604333241484,2822.4805203281703
14.02,3.0,293.7238978093148,8.220413294595573,0.24931001914983764,0.7506899808501624,75.06899808501623,2.049431395895202,2824.8243037361262
14.030000000000001,3.0,293.47995019425827,8.22001925087024,0.24959780403157977,0.7504021959684202,75.04021959684202,2.0516987541145237,2827.166711553249
14.040000000000001,3.0,293.2364487563298,8.219617749927473,0.2498853938447202,0.7501146061552798,75.01146061552798,2.053962418693679,2829.507767769664
14.05,3.0,292.9934014274673,8.219208818143455,0.25017277776588476,0.7498272222341152,74.98272222341153,2.056222301072803,2831.847496172935
14.06,3.0,292.7508160221081,8.218792481468245,0.2504599450673717,0.7495400549326283,74.95400549326283,2.058478313428664,2834.1859203480635
14.07,3.0,292.5087002371895,8.218368765429126,0.25074688511803994,0.7492531148819601,74.92531148819602,2.0607303686827447,2836.523063677488
14.08,3.0,292.2670616521482,8.217937695133902,0.2510335873842018,0.7489664126157982,74.89664126157982,2.062978380509322,2838.8589493410846
14.09,3.0,292.02590772892063,8.217499295274216,0.2513200414305163,0.7486799585694837,74.86799585694837,2.0652222633435544,2841.1936003161663
14.1,3.0,291.78524581194296,8.217053590128785,0.25160623692088574,0.7483937630791142,74.83937630791142,2.0674619323895578,2843.527039377484
14.11,3.0,291.5450831281508,8.216600603566668,0.25189216361935524,0.7481078363806448,74.81078363806448,2.0696973036285082,2845.8592890972254
14.120000000000001,3.0,291.30542678697947,8.216140359050463,0.2521778113910123,0.7478221886089877,74.78221886089878,2.071928293826712,2848.190371845016
14.13,3.0,291.0662837803642,8.215672879639499,0.25246317020288955,0.7475368297971104,74.75368297971104,2.0741548205436904,2850.5203097879184
14.14,3.0,290.827660996325,8.215198187993018,0.2527482301086308,0.7472517698913692,74.72517698913693,2.076376802006866,2852.849124899373
14.15,3.0,290.5895654359464,8.214716306373287,0.2530329809896614,0.7469670190103386,74.69670190103386,2.0785941549860136,2855.1768391960054
14.16,3.0,290.35200397018104,8.214227256648744,0.25331741284588705,0.746682587154113,74.6682587154113,2.080806797182428,2857.503474682256
14.17,3.0,290.1149833125688,8.213731060297068,0.25360151582940854,0.7463984841705915,74.63984841705916,2.0830146475064315,2859.8290531444077
14.18,3.0,289.8785100680139,8.213227738408259,0.25388528018713735,0.7461147198128626,74.61147198128626,2.0852176256065493,2862.153596156963
14.19,3.0,289.6425907327848,8.212717311687674,0.25416869626164934,0.7458313037383506,74.58313037383506,2.0874156518771336,2864.4771250826443
14.200000000000001,3.0,289.40723169451445,8.212199800459054,0.2544517544920394,0.7455482455079606,74.55482455079606,2.089608647465982,2866.7996610723953
14.21,3.0,289.1724392322002,8.211675224667516,0.25473444541477624,0.7452655545852238,74.52655545852238,2.091796534281938,2869.1212250653784
14.22,3.0,288.9382195162036,8.211143603882523,0.2550167596645588,0.7449832403354413,74.49832403354412,2.093979235002488,2871.4418377889765
14.23,3.0,288.7045786082508,8.210604957300834,0.25529868797517263,0.7447013120248274,74.47013120248273,2.0961566730813512,2873.761519758793
14.24,3.0,288.47152246143213,8.210059303749436,0.25558022118034684,0.7444197788196532,74.44197788196531,2.0983287727560453,2876.0802912786507
14.25,3.0,288.23905692020236,8.209506661688426,0.25586135021461104,0.744138649785389,74.4138649785389,2.1004954590554448,2878.398172440593
14.26,3.0,288.00718772038067,8.208947049213915,0.25614206611415247,0.7438579338858475,74.38579338858476,2.1026566578073274,2880.715183124883
14.27,3.0,287.77592048915056,8.20838048406087,0.2564223600176734,0.7435776399823266,74.35776399823266,2.1048122956459006,2883.031343000004
14.280000000000001,3.0,287.54526074505986,8.207806983605938,0.2567022231672476,0.7432977768327524,74.32977768327524,2.1069623000193047,2885.3466715226596
14.290000000000001,3.0,287.31521389802094,8.207226564870275,0.2569816469091769,0.7430183530908231,74.3018353090823,2.10910659919711,2887.6611879377724
14.3,3.0,287.08578524931033,8.206639244522325,0.2572606226948473,0.7427393773051527,74.27393773051527,2.1112451222777846,2889.9749112784857
14.31,3.0,286.856979991569,8.206045038880578,0.25753914208158407,0.742460857918416,74.2460857918416,2.1133777991961433,2892.287860366164
14.32,3.0,286.6288032088024,8.205443963916327,0.25781719673350606,0.7421828032664939,74.21828032664939,2.1155045607307756,2894.6000538103895
14.33,3.0,286.40125987638027,8.204836035256363,0.25809477842237954,0.7419052215776205,74.19052215776205,2.1176253385114463,2896.911510008967
14.34,3.0,286.1743548610366,8.204221268185712,0.2583718790284706,0.7416281209715294,74.16281209715294,2.1197400650264844,2899.222247147919
14.35,3.0,285.9480929208699,8.203599677650274,0.25864849054139577,0.7413515094586043,74.13515094586043,2.1218486736301245,2901.53228320149
14.36,3.0,285.72247870534306,8.2029712782595,0.2589246050609726,0.7410753949390274,74.10753949390273,2.123951098549843,2903.841635932143
14.370000000000001,3.0,285.49751675528324,8.202336084289023,0.2592002147980671,0.7407997852019329,74.0799785201933,2.126047274893651,2906.150322890563
14.38,3.0,285.2732115028821,8.201694109683256,0.2594753120754413,0.7405246879245587,74.05246879245587,2.1281371386573715,2908.4583614156522
14.39,3.0,285.0495672716955,8.201045368058,0.25974988932859727,0.7402501106714028,74.02501106714028,2.130220626731871,2910.7657686345347
14.4,3.0,284.8265882766438,8.200389872703,0.26002393910662075,0.7399760608933792,73.99760608933792,2.132297676910274,2913.0725614625553
14.41,3.0,284.6042786240117,8.199727636584505,0.2602974540730215,0.7397025459269785,73.97025459269784,2.1343682278951404,2915.378756603277
14.42,3.0,284.3826423114483,8.199058672347787,0.2605704270065727,0.7394295729934273,73.94295729934272,2.136432219305606,2917.6843705484844
14.43,3.0,284.1616832863257,8.198382992319647,0.26084285073015767,0.7391571492698423,73.91571492698424,2.1384895910942974,2919.989419628462
14.44,3.0,283.9414056147606,8.197700608510917,0.26111471790251417,0.7388852820974858,73.88852820974859,2.1405402818405967,2922.2939202657626
14.450000000000001,3.0,283.72181313668597,8.197011532618898,0.2613860214439838,0.7386139785560162,73.86139785560162,2.142584232241706,2924.5978886948897
14.46,3.0,283.50290957496384,8.196315776029834,0.26165675440308434,0.7383432455969157,73.83432455969157,2.144621384018764,2926.9013409236045
14.47,3.0,283.2846985537968,8.195613349821318,0.261926909934588,0.738073090065412,73.8073090065412,2.1466516797373556,2929.204292742712
14.48,3.0,283.06718359872855,8.194904264764716,0.2621964813002849,0.7378035186997152,73.78035186997151,2.1486750628140068,2931.5067597260622
14.49,3.0,282.8503681366435,8.194188531327532,0.26246546186974545,0.7375345381302545,73.75345381302544,2.1506914775226518,2933.8087572305476
14.5,3.0,282.63425549576704,8.193466159675786,0.2627338451210788,0.7372661548789212,73.72661548789212,2.152700869001058,2936.1103003961057
14.51,3.0,282.41884890566536,8.192737159676366,0.2630016246416889,0.7369983753583111,73.69983753583111,2.15470318325722,2938.411404145716
14.52,3.0,282.20415149724556,8.192001540899346,0.26326879412902887,0.7367312058709712,73.67312058709712,2.1566983671757174,2940.712083185404
14.530000000000001,3.0,281.99016630275554,8.191259312620298,0.2635353473913504,0.7364646526086496,73.64646526086496,2.1586863685240245,2943.0123520042384
14.540000000000001,3.0,281.77689625578415,8.190510483822585,0.26380127834845213,0.7361987216515479,73.61987216515479,2.1606671359587972,2945.3122248743293
14.55,3.0,281.564344191261,8.18975506319962,0.2640665810324232,0.7359334189675768,73.59334189675768,2.1626406190321004,2947.6117158508337
14.56,3.0,281.3525128454567,8.188993059157134,0.2643312495883851,0.7356687504116148,73.56687504116148,2.1646067681976175,2949.910838771951
14.57,3.0,281.1414048559826,8.1882244798154,0.26459527827522894,0.735404721724771,73.5404721724771,2.1665655348167974,2952.209607258925
14.58,3.0,280.93102276179104,8.187449333011443,0.26485866146635006,0.7351413385336499,73.514133853365,2.1685168711649716,2954.508034716043
14.59,3.0,280.72136900317514,8.186667626301254,0.2651213936503785,0.7348786063496215,73.48786063496216,2.1704607304374246,2956.806134330635
14.6,3.0,280.51244592176886,8.185879366961945,0.26538346943190716,0.7346165305680928,73.46165305680928,2.172397066755425,2959.103919073076
14.61,3.0,280.30425576054705,8.185084561993932,0.26564488353221427,0.7343551164677857,73.43551164677858,2.174325835172203,2961.401401696786
14.620000000000001,3.0,280.0968006638255,8.184283218123062,0.2659056307899836,0.7340943692100164,73.40943692100164,2.1762469916788896,2963.698594738226
14.63,3.0,279.89008267726086,8.183475341802744,0.26616570616202034,0.7338342938379796,73.38342938379796,2.178160493210408,2965.9955105169024
14.64,3.0,279.6841037478505,8.182660939216063,0.26642510472396347,0.7335748952760366,73.35748952760366,2.180066297651325,2968.2921611353654
14.65,3.0,279.4788657239328,8.181840016277853,0.26668382167099275,0.7333161783290072,73.33161783290072,2.1819643638416353,2970.5885584792086
14.66,3.0,279.27437035518705,8.181012578636793,0.266941852318533,0.733058147681467,73.3058147681467,2.1838546515825237,2972.8847142170703
14.67,3.0,279.0706192926332,8.180178631677437,0.26719919210295395,0.732800807897046,73.2800807897046,2.1857371216420587,2975.1806398006306
14.68,3.0,278.86761408863214,8.179338180522283,0.267455836582265,0.732544163417735,73.25441634177349,2.1876117357608487,2977.4763464646157
14.69,3.0,278.66535619688585,8.178491230033766,0.26771178143680624,0.7322882185631938,73.22882185631939,2.189478456657636,2979.7718452267945
14.700000000000001,3.0,278.46384697243684,8.177637784816282,0.2679670224699354,0.7320329775300646,73.20329775300645,2.1913372480348574,2982.06714688798
14.71,3.0,278.2630876716687,8.176777849218173,0.26822155560870925,0.7317784443912907,73.17784443912907,2.193188074584134,2984.3622620320275
14.72,3.0,278.0630794523059,8.175911427333697,0.26847537690456147,0.7315246230954385,73.15246230954385,2.1950309019917253,2986.6572010258387
14.73,3.0,277.8638234649812,8.17503852300499,0.2687284824176065,0.7312715175823935,73.12715175823935,2.196865695992602,2988.9519741196505
14.74,3.0,277.66532096794947,8.174159139823995,0.2689808680708405,0.7310191319291595,73.10191319291594,2.198692421179053,2991.2465916599053
14.75,3.0,277.46757295014345,8.173273281134414,0.26923253012951853,0.7307674698704815,73.07674698704815,2.2005110449198098,2993.54106366879
14.76,3.0,277.27058030198174,8.172380950033578,0.2694834649851548,0.7305165350148453,73.05165350148452,2.2023215355937196,2995.8353999426995
14.77,3.0,277.07434382738194,8.171482149374373,0.2697336691408558,0.7302663308591442,73.02663308591441,2.204123862469756,2998.12961006309
14.780000000000001,3.0,276.8788642437607,8.170576881767106,0.2699831392119016,0.7300168607880984,73.00168607880984,2.2059179957116735,3000.4237033964764
14.790000000000001,3.0,276.684142182034,8.169665149581363,0.2702318719263227,0.7297681280736773,72.97681280736774,2.207703906382613,3002.7176890944343
14.8,3.0,276.4901781866167,8.168746954947864,0.2704798641254732,0.7295201358745268,72.95201358745268,2.209481566449671,3005.011576093599
14.81,3.0,276.2969727154227,8.1678222997603,0.270727112764599,0.7292728872354011,72.9272887235401,2.211250948788413,3007.305373115667
14.82,3.0,276.10452613986524,8.166891185677137,0.2709736149134015,0.7290263850865986,72.90263850865986,2.2130120271873297,3009.5990886673935
14.83,3.0,275.9128387448564,8.165953614123428,0.2712193677565971,0.728780632243403,72.8780632243403,2.214764776352255,3011.892731040595
14.84,3.0,275.72191072880753,8.165009586292603,0.2714643685944715,0.7285356314055285,72.85356314055285,2.2165091719107286,3014.186308312148
14.85,3.0,275.53174220362894,8.164059103148238,0.27170861484343045,0.7282913851565695,72.82913851565695,2.2182451904163067,3016.4798283439873
14.86,3.0,275.34233319473014,8.163102165425823,0.27195210403654474,0.7280478959634553,72.80478959634553,2.219972809352827,3018.7732987831105
14.870000000000001,3.0,275.15368364101954,8.16213877363449,0.2721948338240915,0.7278051661759085,72.78051661759085,2.221692007138614,3021.066727061573
14.88,3.0,274.965793394905,8.161168928058768,0.27243680197408954,0.7275631980259105,72.75631980259105,2.2234027631306392,3023.360120396492
14.89,3.0,274.7786622222931,8.160192628760289,0.2726780063728315,0.7273219936271684,72.73219936271684,2.225105057628631,3025.6534857900433
14.9,3.0,274.5922898025897,8.159209875579482,0.27291844502541013,0.7270815549745899,72.70815549745899,2.2267988718791223,3027.946830029464
14.91,3.0,274.4066757286997,8.15822066813729,0.2731581160562394,0.7268418839437606,72.68418839437606,2.228484188079457,3030.2401596870504
14.92,3.0,274.22181950702713,8.157225005836821,0.27339701770957237,0.7266029822904276,72.66029822904277,2.230160989381736,3032.53348112016
14.93,3.0,274.0377205574751,8.156222887865024,0.2736351483500124,0.7263648516499877,72.63648516499876,2.2318292598967124,3034.826800471209
14.94,3.0,273.8543782134458,8.155214313194342,0.2738725064630209,0.726127493536979,72.61274935369791,2.233488984697638,3037.1201236676748
14.950000000000001,3.0,273.67179172184035,8.154199280584336,0.27410909065541894,0.7258909093445811,72.58909093445811,2.2351401498240437,3039.413456422095
14.96,3.0,273.48996024305933,8.153177788583335,0.2743448996558847,0.7256551003441153,72.56551003441153,2.236782742285483,3041.7068042320657
14.97,3.0,273.30888285100207,8.152149835530016,0.27457993231544586,0.7254200676845541,72.54200676845541,2.238416750065205,3044.0001723802443
14.98,3.0,273.12855853306723,8.15111541955503,0.2748141876079668,0.7251858123920332,72.51858123920331,2.2400421621237867,3046.293565934349
14.99,3.0,272.9489861901523,8.150074538582576,0.27504766463063074,0.7249523353693692,72.49523353693692,2.241658968402703,3048.5869897471566
15.0,3.0,272.77016463665416,8.149027190331978,0.27528036260441735,0.7247196373955826,72.47196373955826,2.2432671598278433,3050.8804484565053
15.01,3.0,272.59209260046856,8.147973372319242,0.2755122808745745,0.7244877191254255,72.44877191254255,2.2448667283129735,3053.1739464852917
15.02,3.0,272.4147687229904,8.146913081858626,0.27574341891108606,0.7242565810889139,72.42565810889138,2.2464576667631504,3055.467488041475
15.030000000000001,3.0,272.2381915591137,8.14584631606415,0.2759737763091335,0.7240262236908666,72.40262236908666,2.248039969078067,3057.761077118072
15.040000000000001,3.0,272.06235962931584,8.14477307185114,0.27620335272152097,0.723796647278479,72.37966472784791,2.2496136296012463,3060.054717566439
15.05,3.0,271.88727165644497,8.143693345937745,0.2764321475492969,0.7235678524507031,72.35678524507031,2.25117864060049,3062.3484134712403
15.06,3.0,271.71292606433616,8.142607134846429,0.2766601605966371,0.7233398394033629,72.33398394033628,2.2527349976019364,3064.6421684642455
15.07,3.0,271.53932115600225,8.141514434905467,0.2768873918391116,0.7231126081608884,72.31126081608885,2.2542826975014534,3066.935985910713
15.08,3.0,271.3664551638101,8.140415242250436,0.27711384135855355,0.7228861586414465,72.28861586414465,2.2558217380337386,3069.2298689751237
15.09,3.0,271.19432624948047,8.139309552825662,0.27733950934341034,0.7226604906565897,72.26604906565896,2.2573521177748015,3071.5238206211816
15.1,3.0,271.0229325040882,8.138197362385707,0.2775643960890896,0.7224356039109103,72.24356039109104,2.258873836144411,3073.8178436118114
15.11,3.0,270.852271948062,8.137078666496784,0.27778850199830196,0.722211498001698,72.2211498001698,2.2603868934084823,3076.1119405091627
15.120000000000001,3.0,270.68234253118464,8.135953460538229,0.2780118275813992,0.7219881724186008,72.19881724186008,2.2618912906814423,3078.406113674606
15.13,3.0,270.51314213259286,8.134821739703897,0.2782343734567079,0.7217656265432921,72.17656265432922,2.26338702992852,3080.700365268734
15.14,3.0,270.3446685607772,8.133683499003592,0.27845614035085975,0.7215438596491403,72.15438596491403,2.264874113968016,3082.9946972513626
15.15,3.0,270.1769195535825,8.132538733264468,0.2786771290991172,0.7213228709008828,72.13228709008828,2.266352546473513,3085.28911138153
15.16,3.0,270.00989277820725,8.13138743713243,0.2788973406456947,0.7211026593543053,72.11026593543053,2.267822331976046,3087.5836092174973
15.17,3.0,269.84358583120417,8.130229605073511,0.27911677604407664,0.7208832239559233,72.08832239559233,2.269283475866225,3089.878192116747
15.18,3.0,269.67799623847975,8.12906523137525,0.27933543645733067,0.7206645635426694,72.06645635426693,2.270735984396317,3092.172861235985
15.19,3.0,269.51312145529465,8.127894310148061,0.2795533231584166,0.7204466768415834,72.04466768415834,2.2721798646822764,3094.467617531139
15.200000000000001,3.0,269.34895886626333,8.126716835326576,0.27977043753049213,0.7202295624695079,72.02295624695078,2.2736151247057323,3096.76246175736
15.21,3.0,269.1855057853544,8.125532800671,0.2799867810672137,0.7200132189327864,72.00132189327863,2.2750417733159347,3099.0573944690204
15.22,3.0,269.0227594558903,8.12434219976845,0.2802023553730339,0.719797644626966,71.97976446269661,2.276459820231655,3101.3524160197157
15.23,3.0,268.8607170505475,8.123145026034274,0.2804171621634945,0.7195828378365055,71.95828378365054,2.277869276043037,3103.647526562264
15.24,3.0,268.6993756713565,8.121941272713364,0.28063120326551555,0.7193687967344844,71.93687967344844,2.279270152213404,3105.9427260487055
15.25,3.0,268.53873234970166,8.120730932881484,0.28084448061768075,0.7191555193823193,71.91555193823193,2.2806624610810347,3108.238014230303
15.26,3.0,268.3787840463214,8.11951399944654,0.28105699627051856,0.7189430037294815,71.89430037294815,2.282046215860869,3110.5333906575415
15.27,3.0,268.21952765130817,8.118290465149894,0.28126875238677973,0.7187312476132203,71.87312476132203,2.2834214306462,3112.828854680129
15.280000000000001,3.0,268.06095998410814,8.117060322567635,0.2814797512417108,0.7185202487582891,71.85202487582892,2.284788120410299,3115.124405446996
15.290000000000001,3.0,267.90307779352185,8.115823564111857,0.28168999522332366,0.7183100047766764,71.83100047766764,2.2861463010080065,3117.4200419062945
15.3,3.0,267.7458777577035,8.114580182031911,0.2818994868326613,0.7181005131673387,71.81005131673388,2.287495989177279,3119.7157628053997
15.31,3.0,267.5893564841614,8.113330168415676,0.2821082286840604,0.7178917713159396,71.78917713159396,2.2888372025406953,3122.011566690909
15.32,3.0,267.43351050975775,8.11207351519079,0.282316223505409,0.7176837764945909,71.7683776494591,2.2901699596069123,3124.3074519086426
15.33,3.0,267.2783363007089,8.110810214125907,0.28252347413840156,0.7174765258615985,71.74765258615984,2.291494279772084,3126.6034166036434
15.34,3.0,267.123830252585,8.109540256831913,0.2827299835387897,0.7172700164612102,71.72700164612102,2.2928101833212393,3128.8994587201755
15.35,3.0,266.9699886903102,8.108263634763155,0.28293575477662997,0.71706424522337,71.706424522337,2.2941176914296144,3131.1955760017267
15.36,3.0,266.81680786848887,8.106980339218655,0.28314079103609013,0.7168592089639099,71.68592089639098,2.2954168261604004,3133.4917659915836
15.370000000000001,3.0,266.66428424704264,8.105690361343317,0.28334509524634144,0.7166549047536586,71.66549047536586,2.296707607472174,3135.7880265312133
15.38,3.0,266.5124142112754,8.104393692129124,0.2835486704558422,0.7164513295441578,71.64513295441579,2.2979900562539273,3138.0843552932743
15.39,3.0,266.3611938658579,8.103090322416339,0.28375152010905147,0.7162484798909485,71.62484798909486,2.2992641965665803,3140.3807493826303
15.4,3.0,266.2106192652234,8.101780242894677,0.28395364773828363,0.7160463522617164,71.60463522617164,2.300530053143901,3142.6772057337794
15.41,3.0,266.0606864135678,8.10046344410449,0.28415505696384014,0.7158449430361599,71.58449430361598,2.301787651393016,3144.973721110853
15.42,3.0,265.91139126484927,8.099139916437933,0.28435575149413866,0.7156442485058614,71.56442485058614,2.303037017394884,3147.2702921076184
15.43,3.0,265.76272972278866,8.097809650140132,0.28455573512583976,0.7154442648741602,71.54442648741602,2.3042781779047443,3149.566915147474
15.44,3.0,265.6146976408692,8.096472635310334,0.2847550117439714,0.7152449882560286,71.52449882560286,2.305511160352537,3151.863586483454
15.450000000000001,3.0,265.4672908223367,8.095128861903062,0.28495358532205134,0.7150464146779487,71.50464146779487,2.3067359928432944,3154.1603021982264
15.46,3.0,265.32050502019933,8.093778319729248,0.28515145992220753,0.7148485400777924,71.48485400777925,2.3079527041575068,3156.4570582040924
15.47,3.0,265.17433593722785,8.092420998457378,0.28534863969529617,0.7146513603047038,71.46513603047038,2.309161323751463,3158.753850242987
15.48,3.0,265.0287792259555,8.091056887614616,0.28554512888101796,0.714454871118982,71.4454871118982,2.3103618817575637,3161.0506738864806
15.49,3.0,264.8838304886779,8.08968597658793,0.28574093180803195,0.714259068191968,71.42590681919681,2.311554408984604,3163.3475245357763
15.5,3.0,264.73948527745335,8.088308254625197,0.28593605289406804,0.714063947105932,71.4063947105932,2.3127389369180373,3165.6443974217113
15.51,3.0,264.59573909410244,8.086923710836329,0.28613049664603685,0.7138695033539632,71.38695033539632,2.31391549772021,3167.9412876047572
15.52,3.0,264.45258739020835,8.085532334194369,0.2863242676601382,0.7136757323398618,71.36757323398618,2.3150841242305704,3170.2381899750194
15.530000000000001,3.0,264.3100255671167,8.08413411353658,0.28651737062196775,0.7134826293780323,71.34826293780323,2.316244849965853,3172.5350992522367
15.540000000000001,3.0,264.1680489759358,8.082729037565556,0.2867098103066214,0.7132901896933785,71.32901896933785,2.3173977091202413,3174.8320099857824
15.55,3.0,264.0266529175361,8.081317094850291,0.2869015915787989,0.7130984084212011,71.30984084212011,2.318542736565504,3177.128916554663
15.56,3.0,263.88583264255084,8.079898273827261,0.2870927193929046,0.7129072806070954,71.29072806070954,2.319679967851104,3179.4258131675206
15.57,3.0,263.7455833513755,8.078472562801512,0.28728319879314734,0.7127168012068527,71.27168012068526,2.320809439204293,3181.7226938626295
15.58,3.0,263.6059001941683,8.077039949947704,0.2874730349136385,0.7125269650863615,71.25269650863615,2.3219311875301694,3184.019552507899
15.59,3.0,263.4667782708498,8.07560042331121,0.28766223297848914,0.7123377670215109,71.23377670215109,2.323045250411735,3186.316382800871
15.6,3.0,263.328212631103,8.074153970809133,0.2878507983019041,0.7121492016980959,71.21492016980959,2.3241516661098975,3188.6131782687235
15.610000000000001,3.0,263.1901982743735,8.072700580231393,0.2880387362882765,0.7119612637117235,71.19612637117235,2.3252504735634867,3190.909932268267
15.620000000000001,3.0,263.0527301498693,8.071240239241753,0.2882260524322798,0.7117739475677203,71.17739475677203,2.32634171238922,3193.206637985945
15.63,3.0,262.9158031565611,8.069772935378875,0.2884127523189587,0.7115872476810413,71.15872476810414,2.3274254228816638,3195.503288437837
15.64,3.0,262.77941214318173,8.06829865605735,0.28859884162381927,0.7114011583761808,71.14011583761808,2.328501646013169,3197.799876469656
15.65,3.0,262.6435519082268,8.06681738856873,0.28878432611291704,0.711215673887083,71.1215673887083,2.3295704234337817,3200.096394756748
15.66,3.0,262.50821719995434,8.065329120082563,0.28896921164294465,0.7110307883570554,71.10307883570553,2.330631797471143,3202.392835804093
15.67,3.0,262.37340271638476,8.06383383764741,0.2891535041613183,0.7108464958386818,71.08464958386817,2.3316858111303596,3204.689191946306
15.68,3.0,262.23910310530107,8.06233152819187,0.28933720970626275,0.7106627902937372,71.06627902937373,2.332732508093865,3206.9854553476353
15.69,3.0,262.1053129642487,8.060822178525584,0.2895203344068961,0.7104796655931038,71.04796655931038,2.333771932721252,3209.281618001963
15.700000000000001,3.0,261.97202700041566,8.059305775340256,0.2897028842642703,0.7102971157357296,71.02971157357297,2.3348041282837637,3211.5776720738963
15.71,3.0,261.8392401107452,8.057782305210656,0.2898848650409395,0.7101151349590604,71.01151349590604,2.3358291360752617,3213.873610081147
15.72,3.0,261.70694680205526,8.056251754595614,0.29006628305547394,0.7099337169445261,70.9933716944526,2.33684700181469,3216.169423653564
15.73,3.0,261.57514153801577,8.054714109839026,0.290247144707738,0.7097528552922621,70.97528552922621,2.3378577718179065,3218.4651042611845
15.74,3.0,261.4438187559895,8.053169357170841,0.29042745645581225,0.7095725435441878,70.95725435441878,2.338861492811016,3220.7606432499124
15.75,3.0,261.31297286703193,8.051617482708059,0.29060722481597284,0.7093927751840272,70.93927751840272,2.3398582119295583,3223.056031841518
15.76,3.0,261.182598255891,8.050058472455706,0.290786456362672,0.709213543637328,70.9213543637328,2.3408479767176993,3225.3512611336387
15.77,3.0,261.05268928100764,8.048492312307825,0.2909651577285175,0.7090348422714825,70.90348422714825,2.341830835127407,3227.64632209978
15.780000000000001,3.0,260.92324027451536,8.046918988048448,0.2911433356042546,0.7088566643957455,70.88566643957455,2.342806835517638,3229.9412055893126
15.790000000000001,3.0,260.7942455422405,8.045338485352573,0.2913209967387469,0.7086790032612531,70.86790032612531,2.343776026653512,3232.2359023274744
15.8,3.0,260.6656993637019,8.043750789787131,0.2914981479389581,0.7085018520610419,70.85018520610419,2.34473845770548,3234.530402915371
15.81,3.0,260.53759599211133,8.042155886811964,0.29167479606993457,0.7083252039300654,70.83252039300653,2.3456941782485035,3236.824697829974
15.82,3.0,260.4099296543731,8.04055376178078,0.29185094805478856,0.7081490519452114,70.81490519452115,2.3466432382612172,3239.1187774241225
15.83,3.0,260.28269455108443,8.038944399942118,0.2920266108746812,0.7079733891253188,70.79733891253188,2.3475856881250943,3241.4126319265224
15.84,3.0,260.15588485653507,8.0373277864403,0.2922017915688074,0.7077982084311927,70.77982084311927,2.348521578623613,3243.7062514417457
15.85,3.0,260.0294947187075,8.035703906316403,0.29237649723438086,0.7076235027656191,70.76235027656192,2.349450960941421,3245.9996259502323
15.860000000000001,3.0,259.903518259277,8.034072744509189,0.2925507350266194,0.7074492649733806,70.74492649733806,2.3503738866634922,3248.2927453082893
15.870000000000001,3.0,259.7779495736115,8.032434285856063,0.29272451215873185,0.7072754878412681,70.72754878412681,2.3512904077742878,3250.5855992480883
15.88,3.0,259.6527827307718,8.030788515094033,0.29289783590190543,0.7071021640980946,70.71021640980946,2.352200576656919,3252.878177377671
15.89,3.0,259.5280117735111,8.02913541686063,0.2930707135852944,0.7069292864147056,70.69292864147056,2.353104446092305,3255.170469180943
15.9,3.0,259.40363071827556,8.027474975694865,0.2932431525960086,0.7067568474039914,70.67568474039913,2.3540020692583297,3257.4624640176794
15.91,3.0,259.279633555204,8.025807176038168,0.2934151603791042,0.7065848396208958,70.65848396208958,2.354893499729004,3259.75415112352
15.92,3.0,259.15601424812786,8.024132002235309,0.29358674443757493,0.7064132555624251,70.6413255562425,2.355778791473624,3262.0455196099733
15.93,3.0,259.03276673457145,8.022449438535348,0.29375791233234416,0.7062420876676558,70.62420876676558,2.3566579988559306,3264.336558464413
15.94,3.0,258.90988492575167,8.020759469092564,0.2939286716822585,0.7060713283177416,70.60713283177415,2.357531176633274,3266.6272565500813
15.950000000000001,3.0,258.78736270657816,8.019062077967373,0.294099030164082,0.705900969835918,70.59009698359179,2.3583983799557724,3268.9176026060863
15.96,3.0,258.6651939356533,8.017357249127265,0.2942689955124926,0.7057310044875074,70.57310044875074,2.359259664365481,3271.2075852474027
15.97,3.0,258.54337244527215,8.015644966447734,0.29443857552007835,0.7055614244799217,70.55614244799216,2.3601150857955573,3273.4971929648727
15.98,3.0,258.42189204142255,8.013925213713183,0.2946077780373362,0.7053922219626638,70.53922219626638,2.360964700569425,3275.7864141252053
15.99,3.0,258.3007465037849,8.01219797461786,0.2947766109726714,0.7052233890273286,70.52233890273286,2.3618085653999548,3278.075236970976
16.0,3.0,258.1799295857325,8.010463232766774,0.2949450822923986,0.7050549177076014,70.50549177076014,2.3626467373886295,3280.363649620628
16.01,3.0,258.0594350143312,8.008720971676606,0.2951132000207441,0.7048867999792559,70.48867999792559,2.3634792740247264,3282.6516400684714
16.02,3.0,257.93925649033974,8.006971174776641,0.2952809722398499,0.70471902776015,70.471902776015,2.3643062331844997,3284.9391961846804
16.03,3.0,257.81938770729266,8.005213825409662,0.29544840706311565,0.7045515929368844,70.45515929368844,2.365127672916915,3287.2263057617743
16.04,3.0,257.6998226883917,8.003448906832872,0.29561551216415494,0.7043844878358451,70.4384487835845,2.3659436476730455,3289.512957333178
16.05,3.0,257.58055522584186,8.001676402218816,0.29578229555965296,0.704217704440347,70.4217704440347,2.3667542145737865,3291.7991388036407
16.06,3.0,257.4615789682384,7.999896294656268,0.29594876548788274,0.7040512345121173,70.40512345121172,2.36755943243461,3294.0848376638837
16.07,3.0,257.34288756226545,7.998108567151157,0.2961149302107507,0.7038850697892494,70.38850697892494,2.3683593601799724,3296.3700413361335
16.080000000000002,3.0,257.2244746526961,7.996313202627471,0.2962807980137144,0.7037192019862857,70.37192019862857,2.369154056842067,3298.654737174116
16.09,3.0,257.10633388239256,7.9945101839281625,0.2964463772057036,0.7035536227942965,70.35536227942964,2.369943581559607,3300.9389124630598
16.1,3.0,256.98845889230614,7.992699493816047,0.2966116761190436,0.7033883238809564,70.33883238809564,2.370727993576609,3303.2225544196995
16.11,3.0,256.87084332147714,7.990881114974719,0.2967767031093799,0.70322329689062,70.322329689062,2.371507352241203,3305.5056501922672
16.12,3.0,256.75348080703475,7.989055030009447,0.2969414665556065,0.7030585334443935,70.30585334443936,2.37228171700445,3307.7881868605014
16.13,3.0,256.6363649841975,7.9872212214480784,0.2971059748597952,0.7028940251402048,70.28940251402048,2.3730511474191753,3310.0701514356397
16.14,3.0,256.51948948627256,7.98537967174194,0.2972702364471285,0.7027297635528715,70.27297635528716,2.37381570313882,3312.3515308604256
16.15,3.0,256.40284794465657,7.983530363266742,0.29743425976583354,0.7025657402341665,70.25657402341665,2.3745754439162994,3314.6323120091015
16.16,3.0,256.28643398883486,7.981673278323473,0.2975980532871196,0.7024019467128804,70.24019467128804,2.3753304296028874,3316.912481687415
16.17,3.0,256.170241246382,7.979808399139306,0.297761625505117,0.702238374494883,70.2238374494883,2.376080720147105,3319.192026632614
16.18,3.0,256.0542633429614,7.97793570786849,0.2979249849368189,0.7020750150631812,70.20750150631811,2.3768263755936294,3321.47093351345
16.19,3.0,255.93849390232575,7.976055186593259,0.2980881401220256,0.7019118598779743,70.19118598779744,2.3775674560822204,3323.7491889301773
16.2,3.0,255.82292654631664,7.9741668173247175,0.29825109962329077,0.7017489003767092,70.17489003767092,2.378304021846654,3326.02677941455
16.21,3.0,255.70755489486461,7.972270582003748,0.2984138720258705,0.7015861279741296,70.15861279741296,2.3790361332136785,3328.3036914298295
16.22,3.0,255.59237256598945,7.970366462501911,0.29857646593767423,0.7014235340623258,70.14235340623259,2.3797638506019827,3330.5799113707735
16.23,3.0,255.47737317579978,7.9684544406223266,0.2987388899892195,0.7012611100107805,70.12611100107804,2.3804872345211807,3332.8554255636477
16.240000000000002,3.0,255.36255033849338,7.966534498100593,0.29890115283358687,0.7010988471664131,70.10988471664132,2.3812063455708077,3335.130220266217
16.25,3.0,255.2478976663571,7.96460661660567,0.2990632631463798,0.7009367368536201,70.093673685362,2.3819212444393396,3337.404281667748
16.26,3.0,255.1334087697666,7.962670777740779,0.2992252296256853,0.7007747703743147,70.07747703743146,2.3826319919032186,3339.6775958890125
16.27,3.0,255.0190772571869,7.960726963044306,0.2993870609920376,0.7006129390079624,70.06129390079624,2.383338648825904,3341.950148982283
16.28,3.0,254.90489673517172,7.95877515399069,0.29954876598838465,0.7004512340116154,70.04512340116153,2.384041276156927,3344.2219269313355
16.29,3.0,254.79086080836416,7.95681533199133,0.2997103533800564,0.7002896466199435,70.02896466199435,2.3847399349309724,3346.492915651446
16.3,3.0,254.676963079496,7.954847478395482,0.2998718319547369,0.7001281680452631,70.01281680452631,2.3854346862669726,3348.763100989396
16.31,3.0,254.5631971493884,7.952871574491149,0.300033210522437,0.699966789477563,69.9966789477563,2.386125591367208,3351.032468723467
16.32,3.0,254.44955661695127,7.950887601505985,0.30019449791547187,0.6998055020845282,69.98055020845283,2.3868127115164395,3353.3010045634446
16.330000000000002,3.0,254.3360350791837,7.948895540608202,0.3003557029884393,0.6996442970115607,69.96442970115608,2.3874961080810464,3355.5686941506156
16.34,3.0,254.22262613117385,7.94689537290746,0.3005168346182013,0.6994831653817988,69.94831653817988,2.38817584250818,3357.835523057769
16.35,3.0,254.1093233660988,7.94488707945577,0.3006779017038687,0.6993220982961312,69.93220982961313,2.3888519763249385,3360.101476789198
16.36,3.0,253.99612037531602,7.942870641248397,0.3008389131666577,0.6991610868333423,69.91610868333423,2.389524571136521,3362.366540780948
16.37,3.0,253.8830109754696,7.940846039224759,0.30099987762660063,0.6990001223733994,69.90001223733994,2.390193686058329,3364.6307010223145
16.38,3.0,253.76998898568112,7.938813254269335,0.3011608037190047,0.6988391962809952,69.88391962809952,2.3908593802308404,3366.89394341914
16.39,3.0,253.65704804007262,7.93677226721256,0.30132170036158296,0.6986782996384171,69.86782996384171,2.3915217149391443,3369.1562532932057
16.4,3.0,253.5441817919863,7.934723058831737,0.3014825764639821,0.6985174235360179,69.8517423536018,2.392180751304761,3371.4176159531808
16.41,3.0,253.43138391398398,7.932665609851938,0.3016434409277028,0.6983565590722972,69.83565590722972,2.3928365502845925,3373.678016694635
16.42,3.0,253.31864809784767,7.930599900946914,0.30180430264602104,0.6981956973539789,69.81956973539789,2.393489172669887,3375.93744080003
16.43,3.0,253.20596805457922,7.9285259127400005,0.3019651705039137,0.6980348294960863,69.80348294960864,2.3941386790852324,3378.1958735387207
16.44,3.0,253.09333751440025,7.926443625805018,0.3021260533779857,0.6978739466220143,69.78739466220144,2.3947851299875613,3380.4533001669606
16.45,3.0,252.98075022675252,7.924353020667199,0.30228696013639983,0.6977130398636002,69.77130398636002,2.395428585665185,3382.709705927895
16.46,3.0,252.86819996029757,7.922254077804079,0.30244789963881,0.69755210036119,69.755210036119,2.3960691062368418,3384.965076051566
16.47,3.0,252.75568050291696,7.92014677764643,0.3026088807362959,0.6973911192637041,69.73911192637041,2.3967067516507665,3387.219395754908
16.48,3.0,252.64318566171207,7.9180311005791495,0.30276991227130107,0.697230087728699,69.7230087728699,2.3973415816837824,3389.4726502417534
16.490000000000002,3.0,252.53070926300424,7.915907026942194,0.3029310030775733,0.6970689969224266,69.70689969224266,2.39797365594041,3391.724824702827
16.5,3.0,252.41824515233483,7.913774537031493,0.3030921619801071,0.696907838019893,69.6907838019893,2.3986030338519964,3393.9759043157474
16.51,3.0,252.30578719446495,7.911633611099854,0.30325339779508925,0.6967466022049107,69.67466022049106,2.3992297746758626,3396.2258742450317
16.52,3.0,252.19332927337575,7.909484229357898,0.3034147193298466,0.6965852806701534,69.65852806701534,2.3998539374944747,3398.4747196420876
16.53,3.0,252.08086529226827,7.907326371974967,0.30357613538279643,0.6964238646172036,69.64238646172036,2.400475581214629,3400.722425645222
16.54,3.0,251.96838917356348,7.905160019080057,0.30373765474339864,0.6962623452566014,69.62623452566014,2.401094764566657,3402.9689773796313
16.55,3.0,251.8558948589022,7.902985150762736,0.3038992861921115,0.6961007138078885,69.61007138078885,2.401711546103652,3405.214359957412
16.56,3.0,251.7433763091453,7.900801747074069,0.30406103850034855,0.6959389614996514,69.59389614996513,2.4023259842007096,3407.4585584775505
16.57,3.0,251.63082750437349,7.898609788027548,0.3042229204304391,0.6957770795695609,69.57770795695609,2.402938137054192,3409.7015580259326
16.580000000000002,3.0,251.51824244388737,7.896409253600024,0.3043849407355899,0.6956150592644101,69.56150592644101,2.403548062681007,3411.943343675335
16.59,3.0,251.40561514620762,7.894200123732636,0.30454710815985025,0.6954528918401497,69.54528918401496,2.4041558189179066,3414.183900485431
16.6,3.0,251.29293964907458,7.891982378331741,0.3047094314380785,0.6952905685619215,69.52905685619216,2.404761463420799,3416.423213502789
16.61,3.0,251.1802100094488,7.889755997269853,0.3048719192959114,0.6951280807040886,69.51280807040887,2.4053650536640876,3418.661267760871
16.62,3.0,251.06742030351052,7.887520960386582,0.305034580449736,0.6949654195502639,69.49654195502639,2.40596664694002,3420.898048280035
16.63,3.0,250.95456462666007,7.8852772474895705,0.3051974236066628,0.6948025763933372,69.48025763933371,2.4065663003580546,3423.1335400675316
16.64,3.0,250.84163709351753,7.883024838355432,0.30536045746450236,0.6946395425354976,69.46395425354976,2.4071640708442494,3425.3677281175096
16.65,3.0,250.72863183792307,7.880763712730701,0.30552369071174323,0.6944763092882568,69.44763092882567,2.407760015140664,3427.600597411009
16.66,3.0,250.61554301293668,7.878493850332778,0.30568713202753256,0.6943128679724675,69.43128679724676,2.408354189804779,3429.8321329159676
16.67,3.0,250.5023647908383,7.876215230850873,0.3058507900816589,0.6941492099183411,69.41492099183411,2.4089466512089346,3432.062319587216
16.68,3.0,250.38909136312785,7.87392783394696,0.30601467353453676,0.6939853264654632,69.39853264654631,2.409537455539781,3434.2911423664787
16.69,3.0,250.27571694182365,7.871631639256727,0.3061787910353138,0.6938212089646862,69.38212089646862,2.4101266587829504,3436.5185861865953
16.7,3.0,250.16223593301243,7.869326626390536,0.3063431509704267,0.6936568490295734,69.36568490295734,2.4107143147439545,3438.744636518921
16.71,3.0,250.04864273798384,7.8670127749343735,0.30650776175117006,0.69349223824883,69.349223824883,2.411300477312996,3440.9692786894234
16.72,3.0,249.93493167691122,7.864690064450817,0.30667263192446725,0.6933273680755327,69.33273680755327,2.41188520133534,3443.1924976720497
16.73,3.0,249.82109710417808,7.862358474479995,0.3068377700059075,0.6931622299940925,69.31622299940925,2.412468541296491,3445.4142784740443
16.740000000000002,3.0,249.70713340837833,7.8600179845405505,0.3070031844796844,0.6929968155203157,69.29968155203157,2.4130505513215397,3447.634606135941
16.75,3.0,249.59303501231622,7.857668574130611,0.30716888379853513,0.6928311162014649,69.28311162014649,2.4136312851745267,3449.853465731567
16.76,3.0,249.47879637300625,7.85531022272876,0.3073348763836825,0.6926651236163175,69.26651236163175,2.414210796257821,3452.070842368045
16.77,3.0,249.36441198167336,7.8529429097950025,0.3075011706247779,0.6924988293752221,69.24988293752222,2.4147891376115127,3454.286721185785
16.78,3.0,249.24987636375263,7.850566614771755,0.307667774879846,0.692332225120154,69.2332225120154,2.415366361912831,3456.501087358495
16.79,3.0,249.13518407888967,7.848181317084812,0.30783469747523057,0.6921653025247694,69.21653025247694,2.41594252147556,3458.7139260931717
16.8,3.0,249.02032972094025,7.845786996144324,0.30800194670554293,0.6919980532944571,69.19980532944571,2.4165176682494858,3460.925222630108
16.81,3.0,248.90530791797056,7.843383631345801,0.30816953083361065,0.6918304691663894,69.18304691663893,2.4170918538198567,3463.1349622428847
16.82,3.0,248.79011333225705,7.840971202071075,0.3083374580904287,0.6916625419095713,69.16625419095713,2.4176651294068483,3465.34313023838
16.830000000000002,3.0,248.67474066028655,7.838549687689307,0.30850573667511066,0.6914942633248893,69.14942633248893,2.4182375458650482,3467.5497119567626
16.84,3.0,248.55918463275617,7.836119067557975,0.30867437475484316,0.6913256252451568,69.13256252451568,2.418809153682963,3469.754692771493
16.85,3.0,248.44344001457335,7.833679321023867,0.3088433804648397,0.6911566195351603,69.11566195351602,2.4193800029825216,3471.958058089326
16.86,3.0,248.32750160485588,7.831230427424081,0.30901276190829746,0.6909872380917026,69.09872380917025,2.419950143518612,3474.159793350308
16.87,3.0,248.21136423693181,7.828772366087031,0.3091825271563537,0.6908174728436463,69.08174728436462,2.4205196246786147,3476.359884027779
16.88,3.0,248.09502277833963,7.826305116333443,0.30935268424804474,0.6906473157519553,69.06473157519552,2.4210884954819565,3478.5583156283706
16.89,3.0,247.97847213082798,7.823828657477372,0.30952324119026575,0.6904767588097342,69.04767588097343,2.4216568045796816,3480.7550736920075
16.9,3.0,247.86170723035602,7.821342968827208,0.3096942059577309,0.6903057940422691,69.03057940422691,2.4222246002540238,3482.9501437919066
16.91,3.0,247.74472304709303,7.818848029686691,0.3098655864929357,0.6901344135070643,69.01344135070643,2.4227919304180014,3485.1435115345794
16.92,3.0,247.62751458541874,7.816343819355927,0.3100373907061197,0.6899626092938803,68.99626092938803,2.423358842615017,3487.335162559827
16.93,3.0,247.51007688392326,7.813830317132415,0.3102096264752302,0.6897903735247698,68.97903735247698,2.423925384018476,3489.5250825407447
16.94,3.0,247.39240501540684,7.811307502312059,0.31038230164588765,0.6896176983541124,68.96176983541123,2.4244916014314066,3491.713257183721
16.95,3.0,247.27449408688022,7.808775354190208,0.31055542403135106,0.6894445759686489,68.9444575968649,2.4250575412861033,3493.899672228436
16.96,3.0,247.15633923956435,7.806233852062675,0.310729001412485,0.689270998587515,68.92709985875149,2.4256232496437713,3496.0843134478637
16.97,3.0,247.03793564889057,7.803682975226783,0.31090304153772697,0.689096958462273,68.90969584622731,2.4261887721941853,3498.2671666482684
16.98,3.0,246.9192785245005,7.801122702982387,0.311077552123056,0.688922447876944,68.8922447876944,2.426754154255359,3500.4482176692104
16.990000000000002,3.0,246.80036311024608,7.798553014632929,0.31125254085196213,0.6887474591480378,68.87474591480378,2.427319440773228,3502.62745238354
17.0,3.0,246.6811846841897,7.795973889486471,0.31142801537541603,0.6885719846245839,68.85719846245838,2.4278846763213346,3504.8048566974
17.01,3.0,246.56173855860382,7.793385306856749,0.3116039833118401,0.68839601668816,68.839601668816,2.42844990510053,3506.9804165502283
17.02,3.0,246.44202008784148,7.7907872460642205,0.3117804522354757,0.6882195477645243,68.82195477645243,2.429015170848279,3509.154117949132
17.03,3.0,246.3220247692177,7.788179686437119,0.3119574295274929,0.688042570472507,68.8042570472507,2.4295805156791594,3511.3259473632475
17.04,3.0,246.20174809419586,7.785562607312514,0.3121349225951748,0.6878650774048252,68.78650774048252,2.4301459817933786,3513.4958910206306
17.05,3.0,246.08118556694646,7.782935988037368,0.31231293884464517,0.6876870611553548,68.76870611553548,2.4307116112637024,3515.6639350759738
17.06,3.0,245.96033273340976,7.780299807969607,0.3124914856379828,0.6875085143620172,68.75085143620171,2.4312774457013346,3517.8300657492164
17.07,3.0,245.8391851812954,7.777654046479181,0.31267057029316236,0.6873294297068376,68.73294297068377,2.4318435262555673,3519.994269325549
17.080000000000002,3.0,245.7177385400828,7.774998682949143,0.31285020008399517,0.6871497999160048,68.71497999160047,2.432409893613438,3522.1565321554094
17.09,3.0,245.59598848102095,7.772333696776725,0.31303038224007074,0.6869696177599293,68.69696177599293,2.4329765879994003,3524.316840654486
17.1,3.0,245.4739307171283,7.769659067374407,0.3132111239466979,0.6867888760533021,68.6788876053302,2.433543649174991,3526.475181303718
17.11,3.0,245.35156100319307,7.766974774171016,0.313392432344846,0.686607567655154,68.6607567655154,2.4341111164385154,3528.6315406492895
17.12,3.0,245.22887513577285,7.764280796612791,0.31357431453108625,0.6864256854689137,68.64256854689137,2.4346790286247324,3530.7859053026395
17.13,3.0,245.1058689531951,7.7615771141645,0.3137567775575328,0.6862432224424673,68.62432224424673,2.4352474241045483,3532.9382619404514
17.14,3.0,244.98253833555657,7.7588637063105095,0.31393982843178414,0.6860601715682159,68.60601715682158,2.435816340784718,3535.0885973046616
17.150000000000002,3.0,244.85887920472382,7.756140552555895,0.3141234741168637,0.6858765258831363,68.58765258831363,2.4363858161075487,3537.2368982024536
17.16,3.0,244.73488752433298,7.753407632427541,0.3143077215311607,0.6856922784688393,68.56922784688393,2.4369558870506114,3539.3831515062598
17.17,3.0,244.6105592997896,7.750664925475238,0.3144925775483709,0.6855074224516291,68.55074224516291,2.43752659012646,3541.5273441537647
17.18,3.0,244.48589057826905,7.747912411272805,0.31467804899743657,0.6853219510025634,68.53219510025635,2.4380979613823506,3543.6694631478995
17.19,3.0,244.36087744871605,7.745150069419192,0.31486414266248697,0.685135857337513,68.5135857337513,2.438670036399975,3545.809495556846
17.2,3.0,244.2355160418452,7.742377879539597,0.3150508652827772,0.6849491347172227,68.49491347172227,2.4392428502951837,3547.947428514034
17.21,3.0,244.10980253014037,7.73959582128659,0.31523822355262837,0.6847617764473717,68.47617764473716,2.4398164377177305,3550.083249218145
17.22,3.0,243.9837331278553,7.736803874341235,0.31542622412136545,0.6845737758786345,68.45737758786345,2.440390832851007,3552.216944933107
17.23,3.0,243.8573040910131,7.734002018414215,0.3156148735932566,0.6843851264067434,68.43851264067435,2.4409660694117936,3554.3485029881
17.240000000000002,3.0,243.7305117174066,7.731190233246972,0.31580417852745013,0.6841958214725499,68.41958214725499,2.4415421806500053,3556.4779107775507
17.25,3.0,243.6033523465983,7.728368498612829,0.3159941454379124,0.6840058545620876,68.40058545620876,2.4421191993484426,3558.6051557611368
17.26,3.0,243.47582235992004,7.725536794318143,0.3161847807933643,0.6838152192066357,68.38152192066357,2.4426971578225523,3560.7302254637857
17.27,3.0,243.34791818047347,7.722695100203441,0.3163760910172175,0.6836239089827825,68.36239089827825,2.443276087920183,3562.8531074756715
17.28,3.0,243.21963627312968,7.719843396144564,0.31656808248750967,0.6834319175124903,68.34319175124904,2.4438560210213494,3564.973789452222
17.29,3.0,243.09097314452953,7.716981662053828,0.31676076153683924,0.6832392384631607,68.32392384631606,2.444436988037994,3567.092259114109
17.3,3.0,242.9619253430832,7.71410987788117,0.3169541344522998,0.6830458655477002,68.30458655477003,2.4450190194137624,3569.2085042472586
17.31,3.0,242.83248945897083,7.711228023615304,0.31714820747541267,0.6828517925245874,68.28517925245873,2.445602145123763,3571.3225127028427
17.32,3.0,242.70266212414174,7.708336079284894,0.3173429868020601,0.6826570131979399,68.26570131979399,2.4461863946743496,3573.4342723972845
17.330000000000002,3.0,242.57244001231516,7.7054340249597155,0.3175384785824161,0.682461521417584,68.2461521417584,2.446771797102891,3575.543771312256
17.34,3.0,242.44181983897982,7.702521840751822,0.31773468892087753,0.6822653110791225,68.22653110791225,2.447358380977545,3577.6509974946766
17.35,3.0,242.3107983628776,7.699599506816721,0.3179316238737634,0.6820683761262366,68.20683761262366,2.447946174379868,3579.7559390952592
17.36,3.0,242.17937241244465,7.69666700335456,0.3181292894094564,0.6818707105905436,68.18707105905436,2.448535204598396,3581.8585845406856
17.37,3.0,242.04753888261234,7.693724310611289,0.31832769141301587,0.6816723085869841,68.16723085869842,2.4491254981650887,3583.9589221683605
17.38,3.0,241.9152947113096,7.690771408879871,0.3185268357213829,0.6814731642786171,68.14731642786171,2.449717081126987,3586.056940360346
17.39,3.0,241.7826368786734,7.687808278501452,0.3187267281244882,0.6812732718755118,68.12732718755117,2.450309979055122,3588.152627579867
17.400000000000002,3.0,241.64956240704936,7.684834899866564,0.31892737436517204,0.681072625634828,68.10726256348279,2.450904217044283,3590.2459723713064
17.41,3.0,241.51606836099128,7.681851253416318,0.3191287801391039,0.6808712198608962,68.08712198608961,2.451499819712796,3592.336963360207
17.42,3.0,241.38215184726133,7.67885731964361,0.31933095109470083,0.6806690489052991,68.06690489052991,2.452096811202299,3594.4255892532733
17.43,3.0,241.24781001483007,7.675853079094324,0.319533892833044,0.680466107166956,68.0466107166956,2.4526952151775165,3596.511838838368
17.44,3.0,241.11304005487625,7.672838512368536,0.3197376109077947,0.6802623890922053,68.02623890922052,2.453295054826033,3598.595700984515
17.45,3.0,240.97783920078723,7.669813600121733,0.31994211082510804,0.680057889174892,68.0057889174892,2.4538963528580684,3600.677164641897
17.46,3.0,240.84220472815844,7.66677832306603,0.3201473980435466,0.6798526019564535,67.98526019564535,2.454499131506255,3602.756218841858
17.47,3.0,240.7061339547939,7.663732661971387,0.32035347797399116,0.6796465220260088,67.96465220260089,2.4551034125254074,3604.8328526969
17.48,3.0,240.56962424070568,7.660676597666833,0.320560355979552,0.679439644020448,67.9439644020448,2.4557092171923034,3606.9070554006876
17.490000000000002,3.0,240.4326729881145,7.6576101110417,0.3207680373754761,0.6792319626245239,67.9231962624524,2.456316566305448,3608.9788162280433
17.5,3.0,240.29527764144927,7.6545331830468495,0.32097652742905525,0.6790234725709448,67.90234725709448,2.4569254801848506,3611.0481245349497
17.51,3.0,240.1574356873472,7.651445794695906,0.3211858313595318,0.6788141686404682,67.88141686404681,2.4575359786717983,3613.114969758551
17.52,3.0,240.019144654654,7.648347927066505,0.3213959543380021,0.678604045661998,67.86040456619979,2.4581480811286194,3615.179341417149
17.53,3.0,239.88040211442353,7.64523956130153,0.3216069014873197,0.6783930985126803,67.83930985126803,2.4587618064384604,3617.2412291102078
17.54,3.0,239.74120567991818,7.642120678610362,0.3218186778819956,0.6781813221180044,67.81813221180045,2.4593771730050458,3619.3006225183494
17.55,3.0,239.6015530066085,7.638991260270128,0.32203128854809815,0.6779687114519019,67.79687114519018,2.4599941987524496,3621.357511403358
17.56,3.0,239.4614417921736,7.635851287626963,0.32224473846315016,0.6777552615368498,67.77552615368498,2.460612901124859,3623.4118856081745
17.57,3.0,239.32086977650067,7.6327007420972555,0.322459032556025,0.677540967443975,67.7540967443975,2.461233297086335,3625.463735056904
17.580000000000002,3.0,239.17983474168548,7.6295396051689215,0.3226741757068408,0.6773258242931592,67.73258242931593,2.4618554031205773,3627.513049754809
17.59,3.0,239.03833451203207,7.626367858402666,0.3228901727468525,0.6771098272531475,67.71098272531475,2.4624792352306804,3629.55981978831
17.6,3.0,238.89636695405272,7.623185483433252,0.3231070284583427,0.6768929715416573,67.68929715416573,2.4631048089388927,3631.6040353249923
17.61,3.0,238.75392997646827,7.619992461970771,0.3233247475745104,0.6766752524254895,67.66752524254895,2.4637321392863716,3633.6456866135973
17.62,3.0,238.6110215302076,7.616788775801926,0.323543334779358,0.6764566652206421,67.6456665220642,2.4643612408329387,3635.6847639840285
17.63,3.0,238.4676396084083,7.61357440679131,0.32376279470757546,0.6762372052924246,67.62372052924246,2.4649921276568256,3637.7212578473473
17.64,3.0,238.32378224641593,7.610349336882679,0.3239831319444248,0.6760168680555751,67.60168680555752,2.465624813354427,3639.7551586957775
17.650000000000002,3.0,238.17944752178465,7.60711354810026,0.32420435102562023,0.6757956489743797,67.57956489743798,2.4662593110400484,3641.7864571027017
17.66,3.0,238.03463355427695,7.6038670225500296,0.3244264564372074,0.6755735435627925,67.55735435627925,2.4668956333456453,3643.815143722661
17.67,3.0,237.8893385058635,7.600609742421,0.3246494526154412,0.6753505473845588,67.53505473845588,2.467533792420567,3645.84120929136
17.68,3.0,237.7435605730871,7.597341689986539,0.32487334395839224,0.6751266560416078,67.51266560416079,2.46817380002043,3647.864644627724
17.69,3.0,237.59729795470363,7.5940628476056515,0.325098134875611,0.674901865124389,67.4901865124389,2.4688156678847686,3649.8854406696946
17.7,3.0,237.45054898071285,7.5907731977243,0.32532382958969835,0.6746761704103017,67.46761704103017,2.4694594062305097,3651.9035884625764
17.71,3.0,237.30331203846248,7.587472722876694,0.32555043224946767,0.6744495677505323,67.44495677505323,2.470105024613553,3653.9190791337205
17.72,3.0,237.15558555236504,7.5841614056866264,0.32577794696097756,0.6742220530390224,67.42220530390225,2.470752532165271,3655.931903893182
17.73,3.0,237.00736798389752,7.580839228868765,0.32600637778742214,0.6739936222125779,67.39936222125779,2.4714019375923004,3657.9420540337233
17.740000000000002,3.0,236.85865783160173,7.577506175229989,0.32623572874901885,0.6737642712509812,67.37642712509812,2.472053249176346,3659.949520930809
17.75,3.0,236.70945363108405,7.574162227670699,0.32646600382289487,0.6735339961771052,67.35339961771052,2.472706474773968,3661.9542960426097
17.76,3.0,236.55975395501542,7.570807369186146,0.3266972069429714,0.6733027930570286,67.33027930570286,2.473361621816379,3663.956370910005
17.77,3.0,236.40955741313158,7.567441582867765,0.3269293419998456,0.6730706580001544,67.30706580001544,2.474018697309228,3665.955737156574
17.78,3.0,236.25886265223272,7.564064851904492,0.32716241284067177,0.6728375871593282,67.28375871593282,2.474677707832392,3667.9523864886055
17.79,3.0,236.10766835618386,7.560677159584117,0.3273964232690386,0.6726035767309614,67.26035767309614,2.475338659539754,3669.946310695091
17.8,3.0,235.95597324591452,7.557278489294608,0.32763137704484707,0.6723686229551529,67.2368622955153,2.476001558158994,3671.9375016477297
17.81,3.0,235.80377607941898,7.5538688245254555,0.32786727788418313,0.6721327221158169,67.21327221158168,2.4766664089913553,3673.925951300923
17.82,3.0,235.651075651756,7.5504481488690205,0.32810412945919176,0.6718958705408082,67.18958705408082,2.4773332169114357,3675.9116516917807
17.830000000000002,3.0,235.49787079504915,7.547016446021876,0.3283419353979457,0.6716580646020542,67.16580646020543,2.4780019863669485,3677.8945949401154
17.84,3.0,235.3441603784866,7.543573699786162,0.3285806992843147,0.6714193007156852,67.14193007156852,2.4786727213785023,3679.8747732484458
17.85,3.0,235.18994330832103,7.540119894070927,0.32882042465783146,0.6711795753421685,67.11795753421686,2.4793454255393654,3681.852178901997
17.86,3.0,235.03521852787,7.536655012893503,0.3290611150135551,0.6709388849864448,67.09388849864449,2.4800201020152355,3683.8268042686964
17.87,3.0,234.87998501751542,7.533179040380844,0.3293027738019336,0.6706972261980664,67.06972261980664,2.4806967535440005,3685.798641799181
17.88,3.0,234.7242417947041,7.5296919607709,0.3295454044286631,0.6704545955713369,67.0454595571337,2.4813753824354996,3687.7676840267886
17.89,3.0,234.56798791394735,7.526193758413976,0.32978901025454566,0.6702109897454543,67.02109897454544,2.4820559905712845,3689.733923567566
17.900000000000002,3.0,234.41122246682113,7.5226844177741,0.33003359459534437,0.6699664054046557,66.99664054046556,2.4827385794043715,3691.697353120263
17.91,3.0,234.25394458196618,7.519163923430396,0.33027916072163654,0.6697208392783635,66.97208392783635,2.483423149958999,3693.657965466334
17.92,3.0,234.0961534250876,7.5156322600784415,0.3305257118586648,0.6694742881413351,66.94742881413352,2.4841097028303727,3695.6157534699423
17.93,3.0,233.9378481989555,7.512089412531667,0.33077325118618506,0.6692267488138149,66.9226748813815,2.4847982381844185,3697.570710077952
17.94,3.0,233.77902814340422,7.50853536572271,0.3310217818383138,0.6689782181616861,66.89782181616862,2.485488755757527,3699.522828319936
17.95,3.0,233.61969253533314,7.504970104704805,0.3312713069033712,0.6687286930966287,66.87286930966287,2.4861812548562914,3701.47210130817
17.96,3.0,233.45984068870595,7.501393614653165,0.3315218294237236,0.6684781705762763,66.84781705762764,2.486875734357256,3703.418522237637
17.97,3.0,233.29947195455125,7.497805880866369,0.3317733523956224,0.6682266476043777,66.82266476043776,2.4875721927066476,3705.3620843860226
17.98,3.0,233.13858572096206,7.494206888767737,0.3320258787690416,0.6679741212309585,66.79741212309584,2.488270627920113,3707.3027811137217
17.990000000000002,3.0,232.97718141309613,7.490596623906731,0.33227941144751244,0.6677205885524875,66.77205885524874,2.488971037582452,3709.2406058638308
18.0,3.0,232.815258493176,7.4869750719603445,0.3325339532879554,0.6674660467120446,66.74660467120445,2.4896734188473477,3711.1755521621526
18.01,3.0,232.65281646048854,7.48334221873449,0.33278950710051064,0.6672104928994893,66.72104928994894,2.4903777684370922,3713.107613617196
18.02,3.0,232.4898547908455,7.479698050165397,0.3330460757437171,0.666953924256283,66.6953924256283,2.491084083355518,3715.036783849456
18.03,3.0,232.32637302364134,7.476042552321012,0.3333036619874819,0.6666963380125182,66.66963380125182,2.491792359862834,3716.9630565921434
18.04,3.0,232.1623708325837,7.472375711402397,0.3335622684011699,0.6664377315988301,66.64377315988301,2.4925025926411895,3718.8864257749005
18.05,3.0,231.99784792026165,7.468697513745127,0.33382189751927216,0.6661781024807278,66.61781024807279,2.4932147760358685,3720.806885401502
18.06,3.0,231.83280401780718,7.4650079458207,0.33408255184180596,0.665917448158194,66.5917448158194,2.4939289040591373,3722.7244295494556
18.07,3.0,231.66723888489443,7.461306994237933,0.3343442338341814,0.6656557661658187,66.56557661658186,2.494644970390101,3724.63905237001
18.080000000000002,3.0,231.50115230974038,7.457594645744378,0.3346069459270637,0.6653930540729363,66.53930540729363,2.495362968374549,3726.5507480881465
18.09,3.0,231.33454410910448,7.453870887227727,0.3348706905162356,0.6651293094837645,66.51293094837645,2.4960828910248147,3728.4595110025825
18.1,3.0,231.1674141282886,7.4501357057172175,0.3351354699624571,0.6648645300375429,66.48645300375429,2.4968047310196213,3730.3653354857743
18.11,3.0,230.9997622411374,7.446389088385053,0.33540128659132257,0.6645987134086775,66.45987134086775,2.497528480703932,3732.268215983912
18.12,3.0,230.83158835003778,7.442631022547806,0.33566814269311745,0.6643318573068826,66.43318573068827,2.4982541320887997,3734.1681470169237
18.13,3.0,230.66289238591946,7.438861495667842,0.33593604052267123,0.6640639594773288,66.40639594773288,2.4989816768512108,3736.065123178472
18.14,3.0,230.4936743082545,7.435080495354724,0.33620498229921053,0.6637950177007894,66.37950177007895,2.4997111063339403,3737.9591391359577
18.150000000000002,3.0,230.3239341050576,7.431288009366644,0.336474970206208,0.663525029793792,66.3525029793792,2.500442411545392,3739.850189630516
18.16,3.0,230.1536717928861,7.427484025611831,0.33674600639123087,0.6632539936087691,66.32539936087692,2.501175583159447,3741.738269477019
18.17,3.0,229.98288741683962,7.423668532149969,0.3370180929657874,0.6629819070342127,66.29819070342127,2.5019106115153087,3743.6233735640767
18.18,3.0,229.81158105056065,7.41984151719363,0.33729123200516997,0.66270876799483,66.270876799483,2.502647486617349,3745.5054968540317
18.19,3.0,229.6397527962339,7.416002969109674,0.3375654255482984,0.6624345744517016,66.24345744517016,2.5033861981349514,3747.3846343829664
18.2,3.0,229.4674027845869,7.412152876420698,0.3378406755975587,0.6621593244024413,66.21593244024413,2.5041267354023566,3749.2607812606975
18.21,3.0,229.29453117488956,7.4082912278064335,0.33811698411864227,0.6618830158813578,66.18830158813577,2.5048690874185047,3751.133932670779
18.22,3.0,229.12113815495442,7.404418012105192,0.3383943530403811,0.6616056469596189,66.16056469596188,2.5056132428468816,3753.0040838705
18.23,3.0,228.94722394113643,7.400533218315272,0.33867278425458247,0.6613272157454175,66.13272157454175,2.506359190015359,3754.8712301908868
18.240000000000002,3.0,228.77278877833325,7.396636835596395,0.33895227961586,0.6610477203841401,66.10477203841401,2.507106916916039,3756.7353670367015
18.25,3.0,228.5978329399851,7.392728853271133,0.3392328409414644,0.6607671590585356,66.07671590585356,2.5078564112051005,3758.5964898864418
18.26,3.0,228.4223567280745,7.388809260826319,0.33951447001111107,0.660485529988889,66.0485529988889,2.508607660202637,3760.4545942923437
18.27,3.0,228.24636047312683,7.384878047914494,0.33979716856680553,0.6602028314331945,66.02028314331945,2.509360650892503,3762.309675880377
18.28,3.0,228.06984453420972,7.380935204355319,0.34008093831266767,0.6599190616873323,65.99190616873322,2.5101153699221586,3764.16173035025
18.29,3.0,227.8928092989336,7.376980720137013,0.3403657809147527,0.6596342190852473,65.96342190852474,2.5108718036025093,3766.0107534754047
18.3,3.0,227.71525518345123,7.373014585417765,0.3406516980008715,0.6593483019991285,65.93483019991285,2.5116299379077534,3767.856741103022
18.31,3.0,227.53718263245815,7.36903679052718,0.3409386911604068,0.6590613088395931,65.9061308839593,2.5123897584752215,3769.6996891540166
18.32,3.0,227.35859211919214,7.36504732596769,0.3412267619441303,0.6587732380558697,65.87732380558697,2.5131512506052305,3771.539593623042
18.330000000000002,3.0,227.17948414543378,7.36104618241599,0.3415159118640139,0.6584840881359861,65.84840881359861,2.513914399260915,3773.3764505784857
18.34,3.0,226.99985924150616,7.357033350724464,0.341806142393042,0.6581938576069579,65.8193857606958,2.5146791890680853,3775.210256162472
18.35,3.0,226.81971796542965,7.353008821922605,0.34209745496638755,0.6579025450336125,65.79025450336124,2.5154456043251185,3777.041006589434
18.36,3.0,226.6390608205252,7.34897258721845,0.3423898511146418,0.6576101488853582,65.76101488853581,2.516213629983309,3778.8686980003763
18.37,3.0,226.45788841899923,7.344924637999999,0.3426833321990925,0.6573166678009075,65.73166678009075,2.5169832497010534,3780.6933267252475
18.38,3.0,226.2762014720455,7.3408649658366425,0.3429778994270252,0.6570221005729748,65.70221005729748,2.517754445960093,3782.5148892839106
18.39,3.0,226.0940007097663,7.336793562480586,0.3432735539810303,0.6567264460189697,65.67264460189696,2.518527201017855,3784.333382255184
18.400000000000002,3.0,225.91128688117294,7.332710419868269,0.34357029701886455,0.6564297029811355,65.64297029811354,2.519301496907464,3786.1488022768362
18.41,3.0,225.72806075418552,7.328615530121796,0.3438681296733125,0.6561318703266875,65.61318703266875,2.5200773154377734,3787.961146045586
18.42,3.0,225.54432311563272,7.32450888555035,0.34416705305204603,0.655832946947954,65.5832946947954,2.52085463819339,3789.7704103171072
18.43,3.0,225.36007477125227,7.32039047865162,0.34446706823748185,0.6555329317625181,65.55329317625181,2.5216334465347003,3791.576591906022
18.44,3.0,225.1753165456905,7.3162603021132115,0.3447681762866388,0.6552318237133612,65.52318237133612,2.5224137215979052,3793.379687685908
18.45,3.0,224.99004928250275,7.312118348814074,0.34507037823099207,0.6549296217690079,65.49296217690079,2.52319544429505,3795.17969458929
18.46,3.0,224.80427384415287,7.307964611825911,0.345373675076328,0.654626324923672,65.4626324923672,2.5239785953140657,3796.97660960765
18.47,3.0,224.61799111201387,7.303799084414601,0.34567806780259525,0.6543219321974048,65.43219321974047,2.5247631551188037,3798.770429791417
18.48,3.0,224.43120198636714,7.299621760041604,0.3459835573637565,0.6540164426362435,65.40164426362435,2.52554910394908,3800.5611522499744
18.490000000000002,3.0,224.2439073864032,7.295432632365381,0.34629014468763697,0.653709855312363,65.3709855312363,2.5263364218207163,3802.3487741516565
18.5,3.0,224.05610825022134,7.291231695242804,0.3465978306757725,0.6534021693242276,65.34021693242276,2.5271250885255907,3804.133292723749
18.51,3.0,223.86780553482942,7.287018942730551,0.34690661620325625,0.6530933837967438,65.30933837967437,2.5279150836316853,3805.914705252491
18.52,3.0,223.67900021614432,7.282794369086536,0.3472165021185833,0.6527834978814167,65.27834978814167,2.528706386483142,3807.693009083071
18.53,3.0,223.48969328899153,7.278557968771292,0.347527489243494,0.6524725107565059,65.2472510756506,2.529498976200313,3809.4682016196316
18.54,3.0,223.29988576710562,7.274309736449386,0.34783957837281587,0.6521604216271841,65.21604216271841,2.5302928316798234,3811.240280325265
18.55,3.0,223.10957868312957,7.270049666990811,0.34815277027430463,0.6518472297256954,65.18472297256955,2.531087931594637,3813.009242722017
18.56,3.0,222.91877308861555,7.265777755472392,0.3484670656884821,0.6515329343115179,65.1532934311518,2.5318842543941105,3814.775086390884
18.57,3.0,222.7274700540242,7.261493997179174,0.34878246532847473,0.6512175346715252,65.12175346715252,2.5326817783040725,3816.5378089718156
18.580000000000002,3.0,222.53567066872517,7.257198387605819,0.34909896987984895,0.650901030120151,65.0901030120151,2.533480481326892,3818.297408163711
18.59,3.0,222.34337604099687,7.252890922457992,0.34941658000044556,0.6505834199995544,65.05834199995545,2.534280341241548,3820.0538817244224
18.6,3.0,222.1505872980264,7.24857159765375,0.3497352963202134,0.6502647036797866,65.02647036797866,2.5350813356037167,3821.8072274707547
18.61,3.0,221.95730558590984,7.244240409324926,0.35005511944104,0.64994488055896,64.994488055896,2.535883441745846,3823.5574432784615
18.62,3.0,221.7635320696518,7.239897353818511,0.3503760499365823,0.6496239500634178,64.96239500634178,2.5366866367772447,3825.3045270822527
18.63,3.0,221.56926793316603,7.2355424276980305,0.35069808835209426,0.6493019116479057,64.93019116479057,2.5374908975841706,3827.0484768757856
18.64,3.0,221.3745143792747,7.231175627744918,0.35102123520425493,0.648978764795745,64.8978764795745,2.5382962008299246,3828.789290711672
18.650000000000002,3.0,221.1792726297091,7.226796950959886,0.35134549098099277,0.6486545090190072,64.86545090190073,2.5391025229549427,3830.526966701475
18.66,3.0,220.98354392510922,7.2224063945643,0.3516708561413101,0.6483291438586899,64.83291438586899,2.5399098401769002,3832.261503015707
18.67,3.0,220.78732952502367,7.218003956001532,0.35199733111510595,0.6480026688848941,64.8002668884894,2.540718128490816,3833.9928978838375
18.68,3.0,220.59063070791018,7.21358963293833,0.3523249163029959,0.6476750836970041,64.76750836970041,2.541527363669156,3835.7211495942815
18.69,3.0,220.39344877108223,7.209163423266166,0.3526536120762206,0.6473463879237794,64.73463879237794,2.542337521262585,3837.4462564943024
18.7,3.0,220.1957849704727,7.2047253251026016,0.3529834188770167,0.6470165811229833,64.70165811229833,2.543148577324542,3839.1682168566076
18.71,3.0,219.99764064047764,7.200275336792617,0.3533143370186616,0.6466856629813384,64.66856629813384,2.543960506970704,3840.88702910149
18.72,3.0,219.79901720648215,7.195813456909976,0.35364636666387556,0.6463536333361244,64.63536333361245,2.5447732842272353,3842.60269185049
18.73,3.0,219.59991610385615,7.191339684258547,0.3539795079596689,0.6460204920403311,64.60204920403311,2.5455868830046815,3844.315203767821
18.740000000000002,3.0,219.40033877795506,7.1868540178736495,0.3543137610372198,0.6456862389627802,64.56862389627803,2.5464012770982674,3846.024563560364
18.75,3.0,219.20028668411945,7.182356457023391,0.3546491260117523,0.6453508739882476,64.53508739882477,2.5472164401882114,3847.730769977669
18.76,3.0,218.99976128767486,7.177847001209971,0.35498560298241383,0.6450143970175861,64.50143970175861,2.5480323458400322,3849.433821811957
18.77,3.0,218.79876406393242,7.173325650171023,0.3553231920321498,0.6446768079678502,64.46768079678502,2.5488489675048642,3851.1337178981166
18.78,3.0,218.59729649818806,7.168792403880921,0.35566189322758046,0.6443381067724195,64.43381067724195,2.549666278519786,3852.8304571137073
18.79,3.0,218.3953600857233,7.164247262552098,0.35600170661887365,0.6439982933811264,64.39982933811264,2.5504842521081406,3854.5240383789574
18.8,3.0,218.19295633180445,7.159690226636338,0.35634263223962,0.6436573677603801,64.365736776038,2.551302861379874,3856.2144606567645
18.81,3.0,217.99008675168346,7.1551212968260955,0.3566846701067042,0.6433153298932959,64.33153298932959,2.5521220793318693,3857.9017229526953
18.82,3.0,217.7867528705971,7.150540474055771,0.35702782022017787,0.6429721797798221,64.29721797798221,2.5529418788482894,3859.585824314987
18.830000000000002,3.0,217.58295622376755,7.145947759503018,0.3573720825631302,0.6426279174368699,64.26279174368699,2.5537622327009277,3861.2667638345447
18.84,3.0,217.37869835640228,7.141343154590023,0.3577174571015578,0.6422825428984422,64.22825428984422,2.5545831135495596,3862.944540644943
18.85,3.0,217.17398082369363,7.136726660984762,0.35806394378423506,0.641936056215765,64.1936056215765,2.5554044939422997,3864.6191539224283
18.86,3.0,216.96880519081952,7.132098280602315,0.3584115425425816,0.6415884574574184,64.15884574574184,2.55622634631597,3866.2906028859124
18.87,3.0,216.76317303294277,7.127458015606088,0.3587602532905311,0.6412397467094689,64.1239746709469,2.557048642996466,3867.9588867969806
18.88,3.0,216.55708593521166,7.122805868409103,0.35911007592439664,0.6408899240756034,64.08899240756034,2.557871356199131,3869.624004959884
18.89,3.0,216.35054549275938,7.118141841675238,0.3594610103227386,0.6405389896772614,64.05389896772614,2.55869445802914,3871.285956721546
18.900000000000002,3.0,216.14355331070462,7.113465938320475,0.3598130563462282,0.6401869436537718,64.01869436537719,2.55951792048188,3872.9447414715573
18.91,3.0,215.93611100415114,7.108778161514148,0.36016621383751257,0.6398337861624874,63.98337861624874,2.560341715443344,3874.600358642179
18.92,3.0,215.72822019818784,7.104078514680164,0.3605204826210788,0.6394795173789212,63.94795173789212,2.561165814690529,3876.252807708341
18.93,3.0,215.51988252788897,7.0993670014982415,0.3608758625031152,0.6391241374968848,63.91241374968848,2.5619901898918327,3877.9020881876436
18.94,3.0,215.31109963831378,7.094643625905124,0.3612323532713748,0.6387676467286252,63.87676467286252,2.562814812607467,3879.5481996403555
18.95,3.0,215.10187318450699,7.089908392095792,0.36158995469503485,0.6384100453049651,63.84100453049651,2.5636396542898647,3881.191141669415
18.96,3.0,214.89220483149822,7.085161304524673,0.36194866652455804,0.638051333475442,63.8051333475442,2.5644646862841034,3882.8309139204302
18.97,3.0,214.68209625430262,7.080402367906838,0.36230848849155095,0.637691511508449,63.769151150844905,2.565289879828325,3884.467516081678
18.98,3.0,214.4715491379202,7.075631587219186,0.3626694203086237,0.6373305796913763,63.73305796913763,2.566115206054169,3886.100947884105
18.990000000000002,3.0,214.2605651773364,7.07084896770163,0.3630314616692461,0.636968538330754,63.696853833075394,2.5669406359872027,3887.7312091013277
19.0,3.0,214.04914607752193,7.066054514858282,0.36339461224760533,0.6366053877523947,63.66053877523947,2.5677661405473664,3889.3582995496304
19.01,3.0,213.8372935534324,7.061248234458601,0.36375887169846227,0.6362411283015377,63.62411283015377,2.5685916905494195,3890.9822190879686
19.02,3.0,213.625009330009,7.0564301325385665,0.36412423965700536,0.6358757603429946,63.58757603429947,2.569417256703387,3892.602967617966
19.03,3.0,213.4122951421777,7.051600215401822,0.36449071573870623,0.6355092842612937,63.550928426129374,2.570242809615025,3894.2205450839165
19.04,3.0,213.1991527073261,7.0467584896208235,0.3648582995866635,0.6351417004133365,63.51417004133365,2.5710683201209386,3895.834951394071
19.05,3.0,212.9855837892415,7.041904962037961,0.36522699076126086,0.6347730092387391,63.47730092387391,2.5718937585119153,3897.446186539718
19.06,3.0,212.7715902266659,7.037039639766702,0.36559678869033174,0.6344032113096683,63.44032113096682,2.572719094185275,3899.0542507032746
19.07,3.0,212.55717386162354,7.032162530192685,0.36596769279248414,0.6340323072075158,63.40323072075158,2.5735442965163746,3900.6591440961756
19.080000000000002,3.0,212.34233653900972,7.027273640974851,0.3663397024777178,0.6336602975222823,63.36602975222823,2.574369334864236,3902.260866957846
19.09,3.0,212.12708010659068,7.022372980046524,0.3667128171473332,0.6332871828526667,63.328718285266675,2.5751941785721746,3903.859419555704
19.1,3.0,211.91140641500328,7.017460555616506,0.3670870361938402,0.6329129638061598,63.29129638061598,2.5760187969684423,3905.4548021851638
19.11,3.0,211.69531731775564,7.01253637617016,0.3674623590008651,0.6325376409991349,63.25376409991349,2.576843159366865,3907.0470151696295
19.12,3.0,211.47881467122636,7.007600450470471,0.36783878494305905,0.6321612150569409,63.21612150569409,2.577667235067491,3908.636058860502
19.13,3.0,211.26190033466534,7.002652787559121,0.3682163133860047,0.6317836866139953,63.17836866139953,2.578490993357249,3910.2219336371727
19.14,3.0,211.044576170193,6.997693396757525,0.3685949436861241,0.6314050563138759,63.14050563138759,2.579314403510603,3911.8046399070276
19.150000000000002,3.0,210.82684404280093,6.992722287667886,0.3689746751905849,0.6310253248094151,63.102532480941505,2.580137434790222,3913.3841781054457
19.16,3.0,210.6087058203516,6.987739470174214,0.3693555072372069,0.6306444927627931,63.06444927627931,2.580960056447648,3914.9605486957985
19.17,3.0,210.3901633735781,6.982744954443351,0.36973743915436885,0.6302625608456311,63.026256084563116,2.5817822377239747,3916.533752169453
19.18,3.0,210.17121857608478,6.9777387509259885,0.3701204702609137,0.6298795297390862,62.98795297390862,2.5826039478505276,3918.1037890457665
19.19,3.0,209.95187330434655,6.972720870357654,0.37050459986605516,0.6294954001339448,62.949540013394476,2.5834251560495547,3919.6706598720925
19.2,3.0,209.7321294377095,6.967691323759719,0.37088982726928205,0.629110172730718,62.9110172730718,2.5842458315349175,3921.2343652237755
19.21,3.0,209.5119888583903,6.9626501224403565,0.3712761517602646,0.6287238482397354,62.87238482397354,2.5850659435127907,3922.794905704155
19.22,3.0,209.2914534514769,6.957597277995525,0.3716635726187583,0.6283364273812417,62.833642738124176,2.585885461182365,3924.3522819445625
19.23,3.0,209.07052510492773,6.9525328023099195,0.37205208911450954,0.6279479108854904,62.79479108854904,2.586704353736561,3925.9064946043236
19.240000000000002,3.0,208.8492057095724,6.94745670755792,0.3724417005071587,0.6275582994928413,62.75582994928413,2.5875225903627377,3927.457544370757
19.25,3.0,208.62749715911139,6.942369006204523,0.37283240604614504,0.627167593953855,62.7167593953855,2.5883401402434174,3929.005431959174
19.26,3.0,208.40540135011588,6.937269711006267,0.37322420497061054,0.6267757950293895,62.677579502938954,2.589156972557011,3930.550158112881
19.27,3.0,208.18292018202817,6.932158835012141,0.3736170965093028,0.6263829034906971,62.63829034906971,2.589973056478547,3932.091723603175
19.28,3.0,207.96005555716127,6.927036391564488,0.3740110798804787,0.6259889201195212,62.598892011952124,2.5907883611804086,3933.630129229349
19.29,3.0,207.73680938069924,6.9219023942998925,0.37440615429180696,0.6255938457081931,62.55938457081931,2.5916028558330737,3935.165375818687
19.3,3.0,207.51318356069683,6.91675685715005,0.3748023189402716,0.6251976810597284,62.51976810597284,2.592416509605864,3936.697464226469
19.31,3.0,207.28918000808,6.911599794342653,0.3751995730120729,0.624800426987927,62.4800426987927,2.5932292916676944,3938.226395335965
19.32,3.0,207.06480063664517,6.906431220402208,0.3755979156825312,0.6244020843174688,62.44020843174688,2.5940411711878295,3939.7521700584416
19.330000000000002,3.0,206.84004736306002,6.901251150150904,0.3759973461159873,0.6240026538840127,62.400265388401266,2.594852117336645,3941.274789333156
19.34,3.0,206.61492210686308,6.896059598709429,0.3763978634657047,0.6236021365342953,62.36021365342953,2.595662099286394,3942.7942541273596
19.35,3.0,206.38942679046352,6.890856581497778,0.37679946687377114,0.6232005331262289,62.32005331262289,2.59647108621198,3944.3105654362976
19.36,3.0,206.1635633391417,6.885642114236072,0.3772021554709988,0.6227978445290012,62.279784452900124,2.5972790472917318,3945.823724283208
19.37,3.0,205.93733368104859,6.880416212945322,0.37760592837682594,0.6223940716231741,62.239407162317406,2.598085951708183,3947.3337317193227
19.38,3.0,205.7107397412443,6.875178893948229,0.37801078470987465,0.6219892152901254,62.19892152901254,2.598891768722138,3948.8405887839913
19.39,3.0,205.48378349087474,6.869930173869928,0.37841672349990246,0.6215832765000975,62.158327650009745,2.5996964670689735,3950.344296600701
19.400000000000002,3.0,205.25646694023717,6.8646700696387475,0.37882374369970967,0.6211762563002903,62.117625630029025,2.600500015043897,3951.844856422524
19.41,3.0,205.02879209781642,6.8593985984869414,0.3792318442581532,0.6207681557418467,62.07681557418467,2.6013023810059943,3953.342269519925
19.42,3.0,204.80076097004996,6.854115777951405,0.3796410241205092,0.6203589758794907,62.03589758794907,2.602103533382012,3954.836537179946
19.43,3.0,204.5723755613286,6.8488216258744,0.380051282228415,0.619948717771585,61.9948717771585,2.602903440667264,3956.327660706204
19.44,3.0,204.3436378739958,6.843516160404228,0.38046261751981403,0.619537382480186,61.953738248018595,2.60370207142654,3957.815641418895
19.45,3.0,204.1145499083483,6.838199399995922,0.3808750289288977,0.6191249710711023,61.912497107110234,2.6044993942950176,3959.3004806547924
19.46,3.0,203.88511366263552,6.83287136341191,0.38128851538605074,0.6187114846139492,61.871148461394924,2.605295377979188,3960.7821797672455
19.47,3.0,203.65533113306017,6.827532069722676,0.38170307581779367,0.6182969241822063,61.82969241822063,2.6060899912577726,3962.2607401261807
19.48,3.0,203.4252043137776,6.822181538307375,0.3821187091467276,0.6178812908532725,61.78812908532725,2.6068832029826505,3963.7361631181034
19.490000000000002,3.0,203.19473519689646,6.816819788854479,0.38253541429147725,0.6174645857085228,61.74645857085228,2.607674982079789,3965.2084501460936
19.5,3.0,202.96392577247826,6.811446841362375,0.38295319016663587,0.6170468098333641,61.70468098333642,2.608465297550177,3966.67760262981
19.51,3.0,202.73277802853733,6.806062716139952,0.38337203568270933,0.6166279643172907,61.66279643172907,2.609254118470763,3968.1436220054875
19.52,3.0,202.50129395104125,6.800667433807198,0.38379194974605985,0.6162080502539402,61.62080502539402,2.610041413995398,3969.6065097259393
19.53,3.0,202.26947552391024,6.795261015295737,0.3842129312588515,0.6157870687411485,61.57870687411485,2.6108271533557743,3971.066267260555
19.54,3.0,202.0373247290179,6.789843481849406,0.38463497911899336,0.6153650208810066,61.53650208810066,2.6116113058623793,3972.522896095301
19.55,3.0,201.80484354619045,6.784414855024762,0.38505809222008563,0.6149419077799143,61.494190777991435,2.612393840905444,3973.9763977327216
19.56,3.0,201.57203395320738,6.7789751566916205,0.38548226945136305,0.6145177305486369,61.45177305486369,2.6131747279558954,3975.4267736919373
19.57,3.0,201.33889792580086,6.7735244090335405,0.3859075096976411,0.6140924903023589,61.40924903023589,2.6139539365663196,3976.8740255086473
19.580000000000002,3.0,201.10543743765626,6.768062634548321,0.3863338118392599,0.6136661881607401,61.366618816074016,2.6147314363719167,3978.3181547351264
19.59,3.0,200.87165446041195,6.762589856048471,0.3867611747520297,0.6132388252479704,61.323882524797035,2.6155071970914663,3979.7591629402264
19.6,3.0,200.63755096365904,6.757106096661656,0.38718959730717656,0.6128104026928234,61.281040269282336,2.616281188528294,3981.197051709378
19.61,3.0,200.4031289149419,6.751611379831143,0.3876190783712868,0.6123809216287133,61.238092162871325,2.6170533805712397,3982.631822644586
19.62,3.0,200.16839027975757,6.746105729316219,0.38804961680625355,0.6119503831937465,61.19503831937465,2.6178237431956304,3984.0634773644365
19.63,3.0,199.93333702155647,6.740589169192607,0.3884812114692208,0.6115187885307791,61.15187885307791,2.6185922464642526,3985.492017504089
19.64,3.0,199.69797110174156,6.735061723852835,0.38891386121253096,0.6110861387874691,61.10861387874691,2.6193588605283313,3986.917444715282
19.650000000000002,3.0,199.46229447966905,6.72952341800663,0.38934756488366895,0.610652435116331,61.065243511633106,2.620123555628506,3988.33976066633
19.66,3.0,199.22630911264818,6.723974276681263,0.3897823213252087,0.6102176786747913,61.02176786747913,2.6208863020958137,3989.7589670421266
19.67,3.0,198.99001695594086,6.718414325221888,0.3902181293747599,0.60978187062524,60.978187062524,2.621647070352675,3991.17506554414
19.68,3.0,198.75341996276237,6.712843589291868,0.3906549878649128,0.6093450121350872,60.93450121350872,2.6224058309138725,3992.5880578904175
19.69,3.0,198.51652008428056,6.707262094873081,0.39109289562318555,0.6089071043768144,60.89071043768144,2.6231625543875468,3993.9979458155826
19.7,3.0,198.27931926961662,6.701669868266206,0.39153185147196984,0.6084681485280301,60.84681485280301,2.62391721147618,3995.4047310708356
19.71,3.0,198.04181946584947,6.6960669360909915,0.3919718542284685,0.6080281457715315,60.80281457715315,2.6246697729775255,3996.808415423917
19.72,3.0,197.80402263480025,6.690453325286519,0.39241290267349427,0.6075870973265057,60.75870973265057,2.625420209577215,3998.2090006557723
19.73,3.0,197.5659307839661,6.684829063111428,0.39285499549377023,0.6071450045062298,60.71450045062298,2.6261684914652643,3999.6064886509785
19.740000000000002,3.0,197.32754592453827,6.67919417714414,0.39329813135946023,0.6067018686405398,60.670186864053974,2.626914588857778,4001.0008813462923
19.75,3.0,197.08887006282328,6.6735486952830625,0.39374230894002643,0.6062576910599735,60.62576910599735,2.627658472104454,4002.3921806873536
19.76,3.0,196.84990520024277,6.667892645746765,0.3941875269042033,0.6058124730957968,60.58124730957968,2.628400111689642,4003.780388628689
19.77,3.0,196.61065333333408,6.66222605707415,0.3946337839199702,0.6053662160800297,60.536621608002974,2.6291394782333954,4005.1655071337073
19.78,3.0,196.37111645374952,6.656548958124598,0.39508107865452713,0.6049189213454729,60.491892134547285,2.629876542492535,4006.547538174704
19.79,3.0,196.13129654825715,6.6508613780781,0.395529409774267,0.604470590225733,60.4470590225733,2.630611275361699,4007.926483732857
19.8,3.0,195.89119559873998,6.645163346435361,0.39597877594475267,0.6040212240552474,60.402122405524736,2.6313436478744108,4009.3023457982304
19.81,3.0,195.6508155821967,6.639454893017905,0.3964291758306903,0.6035708241693096,60.357082416930965,2.632073631204132,4010.6751263697706
19.82,3.0,195.41015847074107,6.633736047968134,0.39688060809590614,0.6031193919040938,60.31193919040938,2.6328011966653264,4012.0448274553114
19.830000000000002,3.0,195.16922623160235,6.628006841749397,0.39733307140332114,0.6026669285966788,60.266692859667884,2.6335263157145143,4013.4114510715676
19.84,3.0,194.92802082712524,6.622267305146023,0.3977865644149275,0.6022134355850726,60.22134355850726,2.6342489599513366,4014.774999244141
19.85,3.0,194.68654421476947,6.616517469263336,0.3982410857917657,0.6017589142082342,60.175891420823426,2.6349691011196166,4016.135474007517
19.86,3.0,194.44479834711052,6.61075736552766,0.3986966341939,0.6013033658061,60.13033658061,2.6356867111084115,4017.492877405065
19.87,3.0,194.2027851718388,6.604987025686296,0.399153208280397,0.600846791719603,60.084679171960296,2.636401761953082,4018.8472114890405
19.88,3.0,193.96050663176047,6.599206481807489,0.3996108067093016,0.6003891932906984,60.03891932906984,2.6371142258363425,4020.1984783205803
19.89,3.0,193.71796466479665,6.593415766280359,0.4000694281376159,0.5999305718623841,59.99305718623841,2.6378240750893243,4021.546679969709
19.900000000000002,3.0,193.47516120398413,6.587614911814845,0.40052907122127646,0.5994709287787235,59.94709287787236,2.638531282192631,4022.8918185153343
19.91,3.0,193.2320981774749,6.581803951441591,0.4009897346151331,0.5990102653848669,59.90102653848669,2.639235819777398,4024.233896045247
19.92,3.0,192.98877750853626,6.575982918511838,0.40145141697292774,0.5985485830270723,59.85485830270723,2.6399376606263463,4025.5729146561252
19.93,3.0,192.74520111555097,6.570151846697296,0.40191411694727297,0.598085883052727,59.8085883052727,2.6406367776748385,4026.908876453528
19.94,3.0,192.50137091201694,6.564310769989974,0.4023778331896321,0.5976221668103678,59.76221668103678,2.641333144011931,4028.2417835519022
19.95,3.0,192.25728880654773,6.558459722702027,0.40284256435029786,0.5971574356497021,59.71574356497021,2.642026732881428,4029.571638074577
19.96,3.0,192.01295670287192,6.552598739465547,0.40330830907837373,0.5966916909216262,59.66916909216262,2.642717517682933,4030.8984421537666
19.97,3.0,191.76837649983372,6.546727855232364,0.4037750660217531,0.5962249339782468,59.622493397824684,2.6434054719728977,4032.2221979305696
19.98,3.0,191.52355009139242,6.540847105273796,0.4042428338271009,0.5957571661728991,59.575716617289906,2.644090569465669,4033.54290755497
19.990000000000002,3.0,191.27847936662286,6.534956525180416,0.4047116111398338,0.5952883888601662,59.52883888601662,2.6447727840345356,4034.8605731858343
20.0,3.0,191.03316620971523,6.529056150861773,0.40518139660410196,0.594818603395898,59.4818603395898,2.645452089712775,4036.175196990914
20.01,3.0,190.78761249997487,6.523146018546085,0.4056521888627709,0.5943478111372291,59.43478111372291,2.6461284606946887,4037.4867811468475
20.02,3.0,190.5418201118227,6.517226164779957,0.40612398655740295,0.5938760134425971,59.38760134425971,2.64680187133665,4038.7953278391537
20.03,3.0,190.29579091479474,6.5112966264280185,0.4065967883282401,0.5934032116717599,59.34032116717599,2.6474722961581367,4040.1008392622393
20.04,3.0,190.04952677354262,6.505357440672593,0.4070705928141861,0.5929294071858139,59.29294071858139,2.648139709842769,4041.403317619393
20.05,3.0,189.80302954947044,6.499408645013309,0.4075453986496343,0.5924546013503658,59.24546013503657,2.6488040872188288,4042.7027651239555
20.06,3.0,189.55630114582553,6.493450277266723,0.40802120437742617,0.5919787956225738,59.197879562257384,2.6494654026953,4043.9991840513258
20.07,3.0,189.30934348424915,6.487482375565887,0.40849800849360823,0.5915019915063917,59.15019915063917,2.650123630556047,4045.292576748004
20.080000000000002,3.0,189.06215847483637,6.4815049783599346,0.40897580950505813,0.5910241904949418,59.10241904949418,2.6507787453358187,4046.5829455677754
20.09,3.0,188.81474802166332,6.475518124413618,0.4094546059188377,0.5905453940811622,59.05453940811623,2.651430721752069,4047.8702928690554
20.1,3.0,188.56711402278702,6.46952185280682,0.40993439624218825,0.5900656037578118,59.00656037578118,2.6520795347060067,4049.154621014892
20.11,3.0,188.3192583702459,6.463516202934087,0.4104151789825239,0.5895848210174761,58.95848210174761,2.6527251592836363,4050.435932372963
20.12,3.0,188.0711829500592,6.457501214504081,0.4108969526474283,0.5891030473525717,58.91030473525717,2.653367570756794,4051.714229315577
20.13,3.0,187.82288964222764,6.451476927539074,0.41137971574464877,0.5886202842553512,58.862028425535115,2.6540067445841844,4052.9895142196738
20.14,3.0,187.5743803207326,6.445443382374363,0.4118634667820939,0.588136533217906,58.8136533217906,2.6546426564124106,4054.261789466824
20.150000000000002,3.0,187.32565685353686,6.439400619657711,0.4123482042678287,0.5876517957321713,58.76517957321713,2.6552752820770005,4055.53105744323
20.16,3.0,187.07672110258437,6.43334868034874,0.412833926710072,0.587166073289928,58.7166073289928,2.6559045976034303,4056.797320539723
20.17,3.0,186.8275749237999,6.4272876057183055,0.4133206326171942,0.5866793673828058,58.66793673828058,2.6565305792081415,4058.0605811517676
20.18,3.0,186.57822016708963,6.421217437347871,0.4138083204977138,0.5861916795022861,58.619167950228615,2.6571532032995564,4059.3208416794573
20.19,3.0,186.32865867634055,6.415138217128833,0.4142969888602969,0.585703011139703,58.5703011139703,2.6577724464790893,4060.5781045275185
20.2,3.0,186.07889228942108,6.409049987261843,0.4147866362137543,0.5852133637862458,58.521336378624575,2.6583882855421446,4061.8323721053057
20.21,3.0,185.82892283818038,6.402952790256099,0.4152772610670417,0.5847227389329583,58.472273893295835,2.659000697479125,4063.0836468268076
20.22,3.0,185.57875214844915,6.396846668928637,0.41576886192925766,0.5842311380707423,58.42311380707423,2.659609659476422,4064.331931110641
20.23,3.0,185.32838204003875,6.3907316664035605,0.41626143730964493,0.5837385626903551,58.37385626903551,2.660215148917408,4065.577227380056
20.240000000000002,3.0,185.07781432674193,6.384607826111296,0.4167549857175892,0.5832450142824108,58.324501428241085,2.6608171433834213,4066.819538062931
20.25,3.0,184.82705081633264,6.378475191787795,0.41724950566261987,0.5827504943373801,58.27504943373801,2.661415620654742,4068.0588655917772
20.26,3.0,184.57609331056554,6.37233380747372,0.41774499565441214,0.5822550043455879,58.22550043455878,2.662010558711573,4069.295212403737
20.27,3.0,184.3249436051768,6.36618371751363,0.4182414542027867,0.5817585457972133,58.17585457972133,2.6626019357350033,4070.528580940582
20.28,3.0,184.07360348988342,6.36002496655511,0.41873887981771285,0.5812611201822871,58.12611201822872,2.663189730107973,4071.758973648716
20.29,3.0,183.82207474838373,6.353857599547917,0.41923727100930974,0.5807627289906903,58.076272899069025,2.663773920416232,4072.986392979173
20.3,3.0,183.57035915835692,6.347681661743074,0.41973662628784963,0.5802633737121503,58.02633737121503,2.664354485449289,4074.2108413876194
20.31,3.0,183.31845849146362,6.341497198691965,0.42023694416376006,0.5797630558362399,57.97630558362399,2.664931404201356,4075.43232133435
20.32,3.0,183.06637451334512,6.335304256245383,0.4207382231476284,0.5792617768523716,57.92617768523716,2.6655046558722897,4076.650835284293
20.330000000000002,3.0,182.81410898362424,6.329102880552595,0.4212404617502041,0.5787595382497959,57.87595382497959,2.6660742198685217,4077.8663857070055
20.34,3.0,182.56166365590477,6.322893118060355,0.4217436584824042,0.5782563415175959,57.82563415175959,2.6666400758039903,4079.0789750766767
20.35,3.0,182.3090402777714,6.316675015511889,0.42224781185531757,0.5777521881446824,57.775218814468246,2.667202203501049,4080.288605872127
20.36,3.0,182.0562405907903,6.310448619945902,0.42275292038020906,0.5772470796197909,57.72470796197909,2.66776058299139,4081.495280576806
20.37,3.0,181.8032663305084,6.304213978695515,0.42325898256852645,0.5767410174314735,57.674101743147354,2.668315194516946,4082.699001678797
20.38,3.0,181.550119226454,6.297971139387215,0.4237659969319044,0.5762340030680956,57.62340030680956,2.6688660185307853,4083.89977167081
20.39,3.0,181.29680100810376,6.291720149939767,0.4242739619701991,0.5757260380298008,57.57260380298008,2.6694130356226804,4085.097593058016
20.400000000000002,3.0,181.04331346180717,6.2854610585631026,0.42478287605706944,0.5752171239429306,57.521712394293054,2.6699562258011467,4086.292468443857
20.41,3.0,180.78965836506472,6.27919391375721,0.42529273757140973,0.5747072624285903,57.47072624285903,2.6704955693235384,4087.484400451915
20.42,3.0,180.53583748177095,6.272918764310965,0.4258035449069672,0.5741964550930327,57.41964550930327,2.6710310467570415,4088.6733917007027
20.43,3.0,180.28185256990815,6.26663565930099,0.42631529645692734,0.5736847035430727,57.36847035430726,2.671562638882454,4089.8594448118915
20.44,3.0,180.02770538154562,6.260344648090435,0.4268279906139198,0.5731720093860802,57.31720093860802,2.672090326695047,4091.0425624103123
20.45,3.0,179.7733976628405,6.25404578032779,0.4273416257700212,0.5726583742299788,57.265837422997876,2.6726140914054186,4092.222747123951
20.46,3.0,179.51893115403692,6.247739105945644,0.4278562003167621,0.5721437996832379,57.21437996832379,2.673133914440348,4093.400001583956
20.47,3.0,179.26430758946682,6.2414246751594415,0.42837171264513096,0.571628287354869,57.162828735486904,2.67364977744363,4094.57432842463
20.48,3.0,179.00952869754917,6.235102538466191,0.42888816114558154,0.5711118388544185,57.111183885441854,2.674161662276912,4095.745730283437
20.490000000000002,3.0,178.7545962007906,6.228772746643193,0.42940554420803767,0.5705944557919623,57.059445579196236,2.674669551020514,4096.914209800997
20.5,3.0,178.49951181578516,6.222435350746714,0.4299238602219008,0.5700761397780991,57.00761397780991,2.675173425974245,4098.07976962109
20.51,3.0,178.24427725321408,6.2160904021106465,0.43044310757605764,0.5695568924239424,56.955689242394236,2.6756732696582124,4099.242412390653
20.52,3.0,177.98889421784628,6.20973795234517,0.4309632846588862,0.5690367153411138,56.903671534111375,2.676169064813621,4100.402140759782
20.53,3.0,177.7333644085378,6.203378053335348,0.4314843898582653,0.5685156101417347,56.85156101417347,2.6766607944035563,4101.5589573817315
20.54,3.0,177.4776895182324,6.197010757239761,0.43200642156158126,0.5679935784384187,56.79935784384187,2.6771484416137743,4102.712864912913
20.55,3.0,177.22187123396094,6.190636116489058,0.4325293781557384,0.5674706218442616,56.747062184426156,2.6776319898534675,4103.863866012897
20.56,3.0,176.96591123684198,6.184254183784544,0.43305325802716615,0.5669467419728338,56.694674197283376,2.67811142275603,4105.011963344413
20.57,3.0,176.70981120208117,6.177865012096698,0.4335780595618305,0.5664219404381695,56.64219404381695,2.6785867241798105,4106.157159573348
20.580000000000002,3.0,176.45357279897183,6.171468654663714,0.43410378114524234,0.5658962188547576,56.58962188547576,2.67905787820886,4107.2994573687465
20.59,3.0,176.19719769089468,6.165065164989986,0.43463042116246836,0.5653695788375317,56.53695788375317,2.6795248691536604,4108.438859402812
20.6,3.0,175.94068753531764,6.158654596844592,0.4351579779981421,0.564842022001858,56.4842022001858,2.6799876815518555,4109.575368350908
20.61,3.0,175.68404398379627,6.152237004259758,0.4356864500364742,0.5643135499635258,56.43135499635258,2.680446300168967,4110.708986891553
20.62,3.0,175.42726868197332,6.1458124415292845,0.436215835661265,0.563784164338735,56.378416433873504,2.6809007099990962,4111.839717706426
20.63,3.0,175.17036326957918,6.139380963206986,0.43674613325591466,0.5632538667440854,56.32538667440854,2.681350896265624,4112.967563480364
20.64,3.0,174.9133293804314,6.132942624105066,0.43727734120343764,0.5627226587965624,56.27226587965624,2.681796844421897,4114.092526901361
20.650000000000002,3.0,174.65616864243515,6.1264974792925155,0.4378094578864734,0.5621905421135266,56.219054211352656,2.682238540151902,4115.214610660571
20.66,3.0,174.398882677583,6.1200455840934636,0.4383424816873002,0.5616575183126997,56.16575183126997,2.6826759693709317,4116.333817452305
20.67,3.0,174.1414731019547,6.113586994085516,0.43887641098784946,0.5611235890121505,56.11235890121505,2.683109118226246,4117.450149974033
20.68,3.0,173.8839415257177,6.107121765098076,0.4394112441697176,0.5605887558302824,56.05887558302825,2.6835379730977076,4118.563610926381
20.69,3.0,173.62628955312658,6.100649953210648,0.43994697961418217,0.5600530203858178,56.00530203858178,2.6839625205984263,4119.674203013139
20.7,3.0,173.36851878252364,6.094171614751113,0.4404836157022153,0.5595163842977847,55.95163842977847,2.6843827475753783,4120.781928941247
20.71,3.0,173.1106308063382,6.0876868062939895,0.44102115081449944,0.5589788491855006,55.897884918550055,2.68479864111002,4121.886791420812
20.72,3.0,172.85262721108745,6.081195584658682,0.44155958333144174,0.5584404166685583,55.84404166685582,2.685210188518891,4122.988793165092
20.73,3.0,172.5945095790258,6.07469800690769,0.44209891162974113,0.5579010883702589,55.79010883702588,2.6856173773332475,4124.087936893024
20.740000000000002,3.0,172.33627954549792,6.068194130344831,0.44263913396232646,0.5573608660376735,55.736086603767355,2.6860201945711086,4125.184225421667
20.75,3.0,172.07793874606156,6.061684012513409,0.4431802485684412,0.5568197514315588,55.68197514315588,2.6864186274090383,4126.277661593538
20.76,3.0,171.81948879365953,6.055167711194374,0.4437222537214819,0.5562777462785181,55.627774627851814,2.6868126634727147,4127.3682482301465
20.77,3.0,171.56093129621684,6.048645284404491,0.4442651476922559,0.5557348523077441,55.57348523077441,2.687202290614028,4128.455988156671
20.78,3.0,171.30226785664013,6.042116790394449,0.4448089287489867,0.5551910712510133,55.51910712510133,2.6875874969116205,4129.540884201963
20.79,3.0,171.0435000728184,6.03558228764698,0.4453535951573169,0.5546464048426831,55.464640484268315,2.6879682706714054,4130.622939198544
20.8,3.0,170.78462953762218,6.029041834874937,0.4458991451803148,0.5541008548196852,55.410085481968515,2.688344600427091,4131.702155982607
20.81,3.0,170.52565783890438,6.022495491019382,0.44644557707847776,0.5535544229215222,55.355442292152226,2.6887164749406782,4132.778537394011
20.82,3.0,170.2665865594995,6.015943315247629,0.4469928891097393,0.5530071108902608,55.30071108902608,2.6890838832029607,4133.852086276293
20.830000000000002,3.0,170.00741727722422,6.00938536695128,0.44754107952947375,0.5524589204705262,55.24589204705263,2.6894468144339987,4134.922805476655
20.84,3.0,169.74815156487725,6.0028217057442514,0.448090146590503,0.551909853409497,55.19098534094971,2.6898052580835947,4135.990697845972
20.85,3.0,169.48879099023895,5.996252391460757,0.44864008854310344,0.5513599114568966,55.13599114568966,2.69015920383175,4137.055766238788
20.86,3.0,169.22933711607197,5.989677484153312,0.44919090363501185,0.5508090963649881,55.08090963649881,2.6905086415891106,4138.118013513319
20.87,3.0,168.96979150012066,5.983097044090673,0.4497425901114335,0.5502574098885664,55.02574098885664,2.690853561497401,4139.1774425314525
20.88,3.0,168.71015569511155,5.976511131755807,0.4502951462150492,0.5497048537849508,54.970485378495084,2.69119395392985,4140.234056158744
20.89,3.0,168.45043124875292,5.969919807843802,0.4508485701860235,0.5491514298139766,54.91514298139766,2.691529809491598,4141.287857264423
20.900000000000002,3.0,168.19061970373514,5.963323133259792,0.45140286026201265,0.5485971397379874,54.85971397379874,2.691861119020097,4142.338848721386
20.91,3.0,167.93072259773064,5.9567211691168485,0.45195801467817304,0.548041985321827,54.8041985321827,2.6921878735854965,4143.387033406202
20.92,3.0,167.6707414633935,5.95011397673385,0.4525140316671711,0.5474859683328289,54.74859683328289,2.6925100644910187,4144.432414199112
20.93,3.0,167.41067782836012,5.943501617633359,0.45307090945919115,0.5469290905408088,54.692909054080886,2.6928276832733196,4145.474993984024
20.94,3.0,167.1505332152485,5.936884153539447,0.4536286462819464,0.5463713537180537,54.63713537180537,2.6931407217028385,4146.514775648521
20.95,3.0,166.89030914165895,5.930261646375545,0.4541872403606872,0.5458127596393128,54.581275963931276,2.6934491717841342,4147.551762083853
20.96,3.0,166.63000712017342,5.923634158262233,0.4547466899182133,0.5452533100817867,54.52533100817867,2.6937530257562123,4148.585956184942
20.97,3.0,166.36962865835613,5.91700175151505,0.4553069931748827,0.5446930068251172,54.46930068251172,2.694052276092832,4149.617360850382
20.98,3.0,166.10917525875294,5.910364488642262,0.455868148348624,0.544131851651376,54.4131851651376,2.69434691550281,4150.645978982436
20.990000000000002,3.0,165.8486484188919,5.90372243234264,0.4564301536549465,0.5435698463450536,54.35698463450536,2.694636936930306,4151.671813487037
21.0,3.0,165.58804963128307,5.897075645503194,0.4569930073069524,0.5430069926930476,54.300699269304765,2.6949223335550925,4152.69486727379
21.01,3.0,165.32738038341816,5.890424191196909,0.45755670751534927,0.5424432924846507,54.24432924846507,2.695203098792822,4153.71514325597
21.02,3.0,165.06664215777118,5.883768132680467,0.45812125248846114,0.5418787475115389,54.187874751153885,2.69547922629527,4154.732644350524
21.03,3.0,164.8058364317978,5.877107533391936,0.4586866404322426,0.5413133595677574,54.131335956775736,2.695750709950571,4155.747373478068
21.04,3.0,164.54496467793598,5.870442456948471,0.45925286955029,0.54074713044971,54.074713044971,2.69601754388344,4156.759333562889
21.05,3.0,164.28402836360527,5.863772967143969,0.4598199380438569,0.5401800619561431,54.01800619561431,2.6962797224553827,4157.768527532945
21.06,3.0,164.02302895120755,5.857099127946748,0.4603878441118656,0.5396121558881344,53.96121558881344,2.6965372402648917,4158.774958319864
21.07,3.0,163.7619678981263,5.850421003497161,0.4609565859509231,0.539043414049077,53.9043414049077,2.6967900921476247,4159.778628858946
21.080000000000002,3.0,163.50084665849275,5.843738658105245,0.4615261617514802,0.5384738382485198,53.84738382485198,2.697038273154059,4160.779542092084
21.09,3.0,163.23966674117017,5.837052156248329,0.4620965695711088,0.5379034304288912,53.79034304288912,2.6972817778099962,4161.77770106721
21.1,3.0,162.9784296474429,5.830361562568623,0.46266780747004704,0.537332192529953,53.7332192529953,2.697520600911262,4162.773108840546
21.11,3.0,162.71713685450055,5.8236669418708225,0.46323987354742857,0.5367601264525714,53.676012645257146,2.69775473773458,4163.7657684414025
21.12,3.0,162.45578983580174,5.816968359119656,0.4638127658968873,0.5361872341031126,53.61872341031126,2.6979841837779657,4164.75568290446
21.13,3.0,162.194390061075,5.810265879437471,0.4643864826065532,0.5356135173934469,53.56135173934469,2.6982089347608382,4165.742855269759
21.14,3.0,161.9329389963181,5.803559568101753,0.4649610217590507,0.5350389782409493,53.50389782409493,2.6984289866241062,4166.727288582714
21.150000000000002,3.0,161.67143810379844,5.796849490542674,0.465536381431495,0.534463618568505,53.4463618568505,2.6986443355302416,4167.708985894099
21.16,3.0,161.4098888420531,5.79013571234061,0.4661125596954905,0.5338874403045095,53.38874403045095,2.6988549778633537,4168.687950260058
21.17,3.0,161.1482926658883,5.783418299223634,0.46668955461712963,0.5333104453828703,53.33104453828703,2.699060910229235,4169.664184742098
21.18,3.0,160.88665102638018,5.776697317065029,0.4672673642569895,0.5327326357430104,53.27326357430104,2.699262129455399,4170.637692407095
21.19,3.0,160.62496537087407,5.769972831880752,0.46784598667013216,0.5321540133298679,53.21540133298679,2.699458632591107,4171.608476327289
21.2,3.0,160.36323714298507,5.763244909826918,0.46842541990610204,0.531574580093898,53.1574580093898,2.6996504169073794,4172.576539580288
21.21,3.0,160.10146778259755,5.756513617197245,0.46900566200892685,0.5309943379910731,53.09943379910731,2.699837479896996,4173.541885249066
21.22,3.0,159.8396587258657,5.74977902042051,0.46958671101711486,0.5304132889828852,53.04132889828852,2.7000198192744755,4174.50451642196
21.23,3.0,159.57781140521288,5.743041186057971,0.4701685649636566,0.5298314350363433,52.98314350363433,2.7001974329760525,4175.4644361926785
21.240000000000002,3.0,159.31592724933228,5.736300180800802,0.4707512218760235,0.5292487781239765,52.92487781239765,2.700370319159632,4176.42164766029
21.25,3.0,159.05400768318648,5.7295560714675045,0.4713346797761685,0.5286653202238315,52.86653202238315,2.700538476204738,4177.376153929234
21.26,3.0,158.79205412800746,5.722808925001293,0.47191893668052715,0.5280810633194728,52.80810633194728,2.700701902712441,4178.327958109314
21.27,3.0,158.53006800129702,5.716058808467506,0.4725039906000171,0.527496009399983,52.749600939998295,2.700860597505275,4179.277063315699
21.28,3.0,158.26805071682605,5.709305789050965,0.47308983954004075,0.5269101604599593,52.69101604599593,2.7010145596271466,4180.223472668927
21.29,3.0,158.00600368463543,5.702549934053366,0.4736764815004848,0.5263235184995152,52.63235184995152,2.70116378834322,4181.167189294897
21.3,3.0,157.74392831103512,5.69579131089062,0.47426391447572386,0.5257360855242761,52.57360855242761,2.7013082831398,4182.108216324881
21.31,3.0,157.48182599860496,5.689029987090215,0.47485213645462,0.52514786354538,52.514786354538,2.7014480437241875,4183.046556895511
21.32,3.0,157.219698146194,5.6822660302885435,0.4754411454205272,0.5245588545794728,52.45588545794728,2.701583070024537,4183.982214148788
21.330000000000002,3.0,156.957546148921,5.675499508228251,0.476030939351292,0.523969060648708,52.3969060648708,2.70171336218969,4184.915191232079
21.34,3.0,156.69537139817436,5.6687304887555445,0.4766215162192566,0.5233784837807434,52.337848378074334,2.701838920588995,4185.845491298117
21.35,3.0,156.4331752816116,5.661959039817501,0.4772128739912629,0.5227871260087371,52.27871260087371,2.701959745812121,4186.773117505
21.36,3.0,156.17095918316016,5.655185229459389,0.477805010628654,0.522194989371346,52.2194989371346,2.70207583866885,4187.698073016194
21.37,3.0,155.90872448301667,5.648409125821947,0.4783979240872792,0.5216020759127208,52.160207591272076,2.7021872001888627,4188.62036100053
21.38,3.0,155.6464725576476,5.641630797138681,0.47899161231749665,0.5210083876825033,52.100838768250334,2.702293831621501,4189.539984632204
21.39,3.0,155.3842047797886,5.6348503117331346,0.47958607326417807,0.5204139267358219,52.04139267358219,2.7023957344355236,4190.456947090781
21.400000000000002,3.0,155.12192251844507,5.6280677380161706,0.48018130486671295,0.519818695133287,51.981869513328704,2.7024929103188544,4191.37125156119
21.41,3.0,154.859627138892,5.62128314448323,0.4807773050590125,0.5192226949409875,51.92226949409875,2.702585361178299,4192.282901233725
21.42,3.0,154.5973200026735,5.6144965997115825,0.48137407176951597,0.518625928230484,51.8625928230484,2.7026730891392665,4193.19189930405
21.43,3.0,154.33500246760374,5.60770817235759,0.4819716029211937,0.5180283970788063,51.80283970788063,2.7027560965454653,4194.098248973191
21.44,3.0,154.0726758877659,5.600917931153933,0.48256989643155473,0.5174301035684452,51.74301035684452,2.7028343859585915,4195.001953447545
21.45,3.0,153.81034163470045,5.594125944906862,0.48316895016423816,0.5168310498357618,51.68310498357618,2.7029079598871752,4195.90301597534
21.46,3.0,153.54800112928638,5.587332282493408,0.4837687618557805,0.5162312381442196,51.62312381442196,2.702976820378668,4196.801439906971
21.47,3.0,153.28565574409942,5.580537012858633,0.4843693293385298,0.5156306706614702,51.56306706614701,2.7030409702671783,4197.697228527063
21.48,3.0,153.0233068457078,5.573740205012814,0.4849706504442791,0.5150293495557209,51.50293495557209,2.703100412632494,4198.590385121661
21.490000000000002,3.0,152.76095579832383,5.566941928028685,0.48557272299591875,0.5144272770040812,51.44272770040812,2.7031551507530387,4199.48091298433
21.5,3.0,152.49860396380353,5.560142251038627,0.4861755448074241,0.5138244551925759,51.382445519257594,2.703205188105482,4200.36881541616
21.51,3.0,152.23625270164626,5.553341243231868,0.4867791136838428,0.5132208863161571,51.32208863161571,2.703250528364338,4201.254095725765
21.52,3.0,151.9739033689956,5.546538973851692,0.48738342742128005,0.51261657257872,51.261657257871995,2.703291175401547,4202.136757229281
21.53,3.0,151.71155732063835,5.53973551219261,0.48798848380688753,0.5120115161931125,51.20115161931125,2.7033271332860433,4203.016803250368
21.54,3.0,151.4492159090055,5.532930927597574,0.488594280618849,0.511405719381151,51.1405719381151,2.703358406283318,4203.89423712021
21.55,3.0,151.18688048417127,5.526125289455129,0.4892008156263697,0.5107991843736304,51.079918437363034,2.703384998854957,4204.7690621775155
21.56,3.0,150.92455239385407,5.519318667196621,0.4898080865896621,0.5101919134103379,51.01919134103379,2.7034069156581806,4205.641281768513
21.57,3.0,150.6622329834156,5.512511130293346,0.49041609125993585,0.5095839087400642,50.95839087400642,2.7034241615453536,4206.510899246958
21.580000000000002,3.0,150.3999235958616,5.505702748253742,0.49102482737938435,0.5089751726206156,50.89751726206156,2.703436741563496,4207.377917974126
21.59,3.0,150.1376255718414,5.498893590620547,0.49163429268117387,0.5083657073188261,50.83657073188262,2.7034446609537732,4208.24234131882
21.6,3.0,149.8753402496479,5.492083726967961,0.4922444848894326,0.5077555151105674,50.77555151105674,2.7034479251509795,4209.104172657365
21.61,3.0,149.61306896521802,5.485273226898821,0.49285540171923836,0.5071445982807616,50.714459828076166,2.7034465397830014,4209.963415373606
21.62,3.0,149.35081305213208,5.478462160041744,0.4934670408766086,0.5065329591233914,50.65329591233913,2.7034405106702724,4210.820072858917
21.63,3.0,149.0885738416144,5.471650596048301,0.4940794000584888,0.5059205999415112,50.592059994151114,2.703429843825217,4211.674148512193
21.64,3.0,148.82635266253268,5.464838604590156,0.49469247695274327,0.5053075230472568,50.53075230472568,2.7034145454516776,4212.525645739851
21.650000000000002,3.0,148.56415084139866,5.458026255356241,0.4953062692381431,0.5046937307618569,50.46937307618569,2.7033946219443323,4213.374567955832
21.66,3.0,148.3019697023677,5.451213618049888,0.495920774584357,0.504079225415643,50.4079225415643,2.7033700798880957,4214.220918581604
21.67,3.0,148.03981056723867,5.444400762385987,0.49653599065194215,0.5034640093480578,50.34640093480578,2.7033409260575154,4215.064701046154
21.68,3.0,147.7776747554545,5.437587758088141,0.4971519150923326,0.5028480849076674,50.28480849076674,2.703307167416143,4215.905918785994
21.69,3.0,147.5155635841015,5.430774674885809,0.49776854554783184,0.5022314544521682,50.22314544521682,2.7032688111159087,4216.74457524516
21.7,3.0,147.25347836790996,5.423961582511454,0.49838587965160197,0.501614120348398,50.161412034839806,2.703225864496466,4217.580673875212
21.71,3.0,146.99142041925364,5.417148550697695,0.4990039150276561,0.5009960849723438,50.099608497234385,2.703178335084543,4218.414218135232
21.72,3.0,146.72939104815032,5.410335649174458,0.49962264929084793,0.500377350709152,50.037735070915204,2.7031262305932624,4219.245211491825
21.73,3.0,146.46739156226107,5.4035229476661115,0.5002420800468652,0.4997579199531348,49.97579199531348,2.703069558921464,4220.073657419122
21.740000000000002,3.0,146.20542326689107,5.396710515888633,0.5008622048922191,0.4991377951077809,49.91377951077809,2.7030083281530057,4220.899559398776
21.75,3.0,145.94348746498915,5.389898423546746,0.5014830214142377,0.49851697858576227,49.85169785857623,2.702942546556059,4221.722920919962
21.76,3.0,145.68158545714755,5.383086740331069,0.5021045271910582,0.49789547280894175,49.789547280894176,2.7028722225823865,4222.543745479381
21.77,3.0,145.41971854160266,5.376275535915282,0.5027267197916175,0.49727328020838246,49.72732802083824,2.70279736486661,4223.362036581257
21.78,3.0,145.15788801423415,5.369464879953261,0.5033495967756472,0.49665040322435283,49.66504032243528,2.7027179822254728,4224.177797737336
21.79,3.0,144.8960951685658,5.362654842076248,0.5039731556936639,0.49602684430633615,49.602684430633616,2.702634083657073,4224.991032466888
21.8,3.0,144.63434129576478,5.355845491889996,0.5045973940869641,0.49540260591303587,49.540260591303586,2.7025456783401065,4225.801744296708
21.81,3.0,144.37262768464225,5.349036898971939,0.5052223094876163,0.49477769051238374,49.477769051238376,2.70245277563308,4226.609936761112
21.82,3.0,144.1109556216528,5.3422291328683436,0.5058478994184551,0.4941521005815449,49.41521005815449,2.7023553850735262,4227.415613401942
21.830000000000002,3.0,143.84932639089493,5.335422263091477,0.5064741613930747,0.49352583860692534,49.35258386069253,2.7022535163771964,4228.218777768562
21.84,3.0,143.58774127413267,5.328616359116783,0.5071010929157697,0.49289890708423034,49.28989070842304,2.70214717943697,4229.019433417897
21.85,3.0,143.32620160488338,5.321811490380027,0.507728691351659,0.492271308648341,49.2271308648341,2.702036383630873,4229.817584011527
21.86,3.0,143.06470871425378,5.3150077262745015,0.5083569540560906,0.4916430459439094,49.16430459439094,2.701921138513493,4230.613233224724
21.87,3.0,142.8032638839831,5.308205136148176,0.5089858784876634,0.4910141215123366,49.10141215123366,2.7018014544151066,4231.406384658686
21.88,3.0,142.54186839468431,5.3014037893009025,0.509615462092657,0.49038453790734304,49.0384537907343,2.701677341824342,4232.197041924126
21.89,3.0,142.28052352584345,5.2946037549815745,0.5102457023050095,0.48975429769499046,48.975429769499044,2.701548811387314,4232.985208641277
21.900000000000002,3.0,142.0192305558203,5.28780510238534,0.5108765965462936,0.4891234034537064,48.912340345370644,2.7014158739067478,4233.770888439889
21.91,3.0,141.7579907618479,5.281007900650782,0.5115081422256931,0.4884918577743069,48.84918577743069,2.701278540341089,4234.554084959231
21.92,3.0,141.49680542003267,5.274212218857122,0.5121403367399808,0.48785966326001917,48.78596632600192,2.701136821803608,4235.33480184809
21.93,3.0,141.2356758053546,5.267418126021427,0.5127731774734952,0.48722682252650484,48.722682252650486,2.7009907295614908,4236.11304276477
21.94,3.0,140.97460319166683,5.260625691095809,0.513406661798118,0.486593338201882,48.6593338201882,2.700840275034917,4236.888811377096
21.95,3.0,140.71358885169624,5.253834982964657,0.5140407870732514,0.4859592129267486,48.59592129267486,2.7006854697961344,4237.662111362408
21.96,3.0,140.45263405704281,5.247046070441838,0.5146755506457968,0.48532444935420316,48.532444935420315,2.7005263255685175,4238.4329464075645
21.97,3.0,140.19174007818026,5.2402590222679475,0.5153109498501312,0.48468905014986885,48.46890501498689,2.7003628542256157,4239.201320208944
21.98,3.0,139.93090818445535,5.2334739071075145,0.515946982008087,0.484053017991913,48.4053017991913,2.7001950677901934,4239.96723647244
21.990000000000002,3.0,139.67013964408858,5.226690793546268,0.516583644428929,0.483416355571071,48.3416355571071,2.700022978433262,4240.730698913468
22.0,3.0,139.40943572417385,5.219909750088373,0.5172209344093335,0.4827790655906665,48.27790655906665,2.6998465984730986,4241.491711256957
22.01,3.0,139.14879769067812,5.213130845153675,0.5178588492333674,0.48214115076663255,48.214115076663255,2.699665940374254,4242.25027723736
22.02,3.0,138.88822680844225,5.206354147074979,0.518497386172466,0.481502613827534,48.1502613827534,2.6994810167465553,4243.006400598641
22.03,3.0,138.62772434118008,5.199579724095305,0.5191365424854131,0.4808634575145869,48.086345751458694,2.6992918403440944,4243.760085094289
22.04,3.0,138.36729155147924,5.192807644365166,0.5197763154183194,0.48022368458168063,48.02236845816806,2.6990984240642084,4244.511334487306
22.05,3.0,138.10692970080046,5.186037975939857,0.520416702204603,0.479583297795397,47.958329779539696,2.6989007809464547,4245.260152550214
22.06,3.0,137.84664004947817,5.179270786776746,0.5210577000649679,0.4789422999350321,47.89422999350321,2.698698924171568,4246.006543065054
22.07,3.0,137.58642385671988,5.172506144732566,0.5216993062073847,0.4783006937926153,47.83006937926153,2.6984928670604136,4246.750509823383
22.080000000000002,3.0,137.32628238060684,5.16574411756074,0.5223415178270701,0.47765848217292994,47.765848217293,2.6982826230729353,4247.492056626278
22.09,3.0,137.06621687809363,5.158984772908687,0.5229843321064672,0.4770156678935328,47.70156678935328,2.698068205807084,4248.231187284333
22.1,3.0,136.80622860500804,5.1522281783151485,0.5236277462152268,0.4763722537847732,47.637225378477325,2.6978496289977447,4248.967905617661
22.11,3.0,136.5463188160516,5.145474401207537,0.5242717573101864,0.4757282426898136,47.572824268981364,2.697626906515654,4249.702215455891
22.12,3.0,136.28648876479895,5.138723508899263,0.5249163625353526,0.47508363746464743,47.508363746464745,2.6974000523663046,4250.434120638173
22.13,3.0,136.02673970369838,5.131975568587114,0.525561559021881,0.47443844097811905,47.443844097811905,2.6971690806888478,4251.163625013172
22.14,3.0,135.7670728840714,5.125230647348598,0.5262073438880583,0.47379265611194166,47.379265611194164,2.6969340057549798,4251.890732439076
22.150000000000002,3.0,135.50748955611311,5.118488812139331,0.5268537142392832,0.4731462857607168,47.314628576071684,2.696694841967823,4252.615446783585
22.16,3.0,135.247990968892,5.111750129790429,0.5275006671680479,0.4724993328319521,47.24993328319521,2.6964516038608064,4253.33777192392
22.17,3.0,134.98857837034976,5.105014667005884,0.5281481997539208,0.4718518002460792,47.18518002460792,2.696204306096519,4254.057711746821
22.18,3.0,134.72925300730188,5.098282490359995,0.5287963090635273,0.47120369093647274,47.12036909364728,2.6959529634655732,4254.775270148544
22.19,3.0,134.4700161254368,5.091553666294766,0.5294449921505334,0.4705550078494666,47.05550078494666,2.695697590885452,4255.490451034866
22.2,3.0,134.21086896931686,5.084828261117358,0.5300942460556269,0.46990575394437306,46.99057539443731,2.6954382033993505,4256.203258321079
22.21,3.0,133.95181278237735,5.078106340997502,0.5307440678065015,0.4692559321934985,46.92559321934985,2.6951748161750038,4256.913695931995
22.22,3.0,133.69284880692743,5.071387971964985,0.5313944544178378,0.46860554558216216,46.860554558216215,2.694907444503518,4257.621767801943
22.23,3.0,133.43397828414922,5.064673219907081,0.5320454028912888,0.46795459710871123,46.79545971087112,2.694636103798184,4258.32747787477
22.240000000000002,3.0,133.1752024540986,5.057962150566054,0.5326969102154605,0.4673030897845395,46.73030897845395,2.6943608095932827,4259.030830103842
22.25,3.0,132.91652255570838,5.051254829536633,0.5333489733658888,0.4666510266341112,46.66510266341112,2.694081577542851,4259.73182845205
22.26,3.0,132.65793983315564,5.044551322263516,0.5340015892889419,0.4659984107110581,46.59984107110581,2.6937984233383507,4260.430476902877
22.27,3.0,132.3994555198847,5.0378516940388876,0.5346547549421041,0.4653452450578959,46.53452450578959,2.6935113629110257,4261.1267794364185
22.28,3.0,132.1410708383883,5.031156009999938,0.5353084672946613,0.4646915327053387,46.469153270533866,2.6932204124333903,4261.820740026722
22.29,3.0,131.8827870104865,5.0244643351264155,0.5359627233017851,0.46403727669821493,46.40372766982149,2.6929255881870464,4262.512362657783
22.3,3.0,131.6246052573261,5.01777673423816,0.5366175199045118,0.4633824800954882,46.33824800954882,2.6926269065614417,4263.201651323548
22.31,3.0,131.36652679938103,5.011093271992693,0.5372728540297192,0.46272714597028075,46.27271459702808,2.6923243840526383,4263.88861002791
22.32,3.0,131.10855285645198,5.004414012882777,0.5379287225901068,0.4620712774098932,46.20712774098932,2.692018037262063,4264.573242784713
22.330000000000002,3.0,130.8506846476668,4.997739021234021,0.5385851224841723,0.46141487751582766,46.141487751582765,2.6917078828952525,4265.255553617752
22.34,3.0,130.59292339148035,4.991068361202488,0.5392420505961915,0.46075794940380854,46.07579494038085,2.691393937760602,4265.9355465607705
22.35,3.0,130.33527030567416,4.984402096772305,0.5398995037961976,0.46010049620380244,46.010049620380244,2.691076218768094,4266.61322565746
22.36,3.0,130.07772660735708,4.9777402917533164,0.540557478939959,0.459442521060041,45.9442521060041,2.6907547429280285,4267.288594961462
22.37,3.0,129.8202935129646,4.971083009778718,0.5412159728689601,0.45878402713103994,45.878402713103995,2.6904295273497474,4267.961658536369
22.38,3.0,129.56297223825948,4.96443031430274,0.54187498241038,0.45812501758962,45.812501758962,2.690100589240355,4268.632420455722
22.39,3.0,129.30576399833117,4.957782268598304,0.5425345043770728,0.45746549562292715,45.746549562292714,2.6897679459034207,4269.300884803011
22.400000000000002,3.0,129.04867000759626,4.9511389357547415,0.5431945355675473,0.45680546443245273,45.68054644324528,2.689431614737697,4269.967055671676
22.41,3.0,128.7916914797984,4.944500378675494,0.5438550727659464,0.45614492723405364,45.61449272340536,2.68909161323581,4270.630937165104
22.42,3.0,128.53482962800786,4.93786666007583,0.5445161127420299,0.45548388725797007,45.548388725797004,2.6887479589829617,4271.292533396637
22.43,3.0,128.2780856646223,4.931237842480602,0.5451776522511523,0.45482234774884767,45.482234774884766,2.6884006696556124,4271.951848489561
22.44,3.0,128.02146080136592,4.92461398822199,0.5458396880342462,0.4541603119657538,45.41603119657538,2.6880497630201763,4272.6088865771135
22.45,3.0,127.7649562492903,4.917995159437289,0.5465022168178011,0.4534977831821989,45.34977831821989,2.6876952569316934,4273.263651802483
22.46,3.0,127.5085732187736,4.911381418066675,0.5471652353138465,0.45283476468615347,45.28347646861535,2.6873371693325057,4273.9161483188045
22.47,3.0,127.25231291952133,4.904772825851037,0.5478287402199323,0.45217125978006767,45.21712597800677,2.686975518250931,4274.566380289164
22.48,3.0,126.99617656056559,4.898169444329774,0.5484927282191117,0.45150727178088834,45.150727178088836,2.686610321799928,4275.214351886597
22.490000000000002,3.0,126.74016535026571,4.8915713348386465,0.5491571959799214,0.4508428040200786,45.084280402007856,2.6862415981757524,4275.8600672940875
22.5,3.0,126.48428049630802,4.884978558507631,0.5498221401563655,0.45017785984363445,45.01778598436344,2.685869365656623,4276.503530704571
22.51,3.0,126.22852320570549,4.878391176258775,0.5504875573878976,0.44951244261210244,44.95124426121024,2.6854936426013656,4277.144746320931
22.52,3.0,125.97289468479845,4.871809248804112,0.551153444299402,0.44884655570059795,44.88465557005979,2.685114447448069,4277.783718355998
22.53,3.0,125.71739613925386,4.865232836643532,0.5518197975011794,0.4481802024988206,44.81802024988206,2.6847317987127224,4278.420451032558
22.54,3.0,125.46202877406597,4.858662000062742,0.5524866135889267,0.4475133864110733,44.75133864110733,2.684345714987866,4279.05494858334
22.55,3.0,125.20679379355565,4.852096799131165,0.5531538891437232,0.4468461108562768,44.68461108562768,2.683956214941215,4279.687215251028
22.56,3.0,124.95169240137109,4.845537293699936,0.5538216207320122,0.44617837926798776,44.61783792679878,2.6835633173143068,4280.31725528825
22.57,3.0,124.69672580048709,4.8389835433998405,0.5544898049055864,0.4455101950944136,44.55101950944136,2.683167040921121,4280.945072957588
22.580000000000002,3.0,124.44189519320571,4.832435607639332,0.5551584382015706,0.4448415617984294,44.48415617984294,2.6827674046467096,4281.570672531571
22.59,3.0,124.18720178115593,4.8258935456025345,0.5558275171424064,0.4441724828575936,44.41724828575936,2.682364427445821,4282.194058292679
22.6,3.0,123.93264676529849,4.819357416247261,0.5564970382358246,0.44350296176417536,44.35029617641754,2.681958128341457,4282.815234533336
22.61,3.0,123.67823134481117,4.8128272783030726,0.5571669979777668,0.4428330020222332,44.283300202223316,2.681548526437629,4283.4342055457555
22.62,3.0,123.42395670045461,4.8063031902693325,0.55783739289627,0.44216260710373,44.216260710373,2.6811356411288694,4284.050975604668
22.63,3.0,123.16982400528232,4.799785210413297,0.5585082195234465,0.44149178047655346,44.14917804765535,2.680719491962902,4284.66554899009
22.64,3.0,122.91583443167713,4.79327339676821,0.5591794743769729,0.4408205256230271,44.08205256230271,2.680300098549975,4285.2779299913245
22.650000000000002,3.0,122.6619891513518,4.786767807131424,0.5598511539600755,0.44014884603992455,44.014884603992456,2.679877480561468,4285.888122906949
22.66,3.0,122.40828933534887,4.780268499062539,0.5605232547615167,0.43947674523848335,43.947674523848335,2.6794516577284844,4286.496132044826
22.67,3.0,122.15473615404021,4.773775529881557,0.5611957732555831,0.4388042267444169,43.88042267444169,2.6790226498404612,4287.101961722096
22.68,3.0,121.9013307771278,4.7672889566670635,0.5618687059020706,0.4381312940979294,43.813129409792936,2.6785904767437554,4287.705616265184
22.69,3.0,121.64807437364294,4.760808836254412,0.5625420491462733,0.43745795085372674,43.74579508537268,2.6781551583402416,4288.3071000097925
22.7,3.0,121.39496811194697,4.754335225233952,0.5632157994189692,0.43678420058103085,43.678420058103086,2.677716714585905,4288.9064173009065
22.71,3.0,121.14201315973057,4.7478681799492435,0.5638899531364097,0.43611004686359034,43.61100468635903,2.6772751654894296,4289.50357249279
22.72,3.0,120.88921068401449,4.741407756495329,0.564564506700306,0.435435493299694,43.5435493299694,2.6768305311107903,4290.09856994899
22.73,3.0,120.63656185114878,4.73495401071699,0.5652394564978187,0.4347605435021813,43.47605435021813,2.676382831559838,4290.691414042333
22.740000000000002,3.0,120.3840678268135,4.728506998207044,0.5659147989015445,0.4340852010984555,43.40852010984555,2.675932086994885,4291.282109154927
22.75,3.0,120.13172977601837,4.722066774304661,0.5665905302695066,0.43340946973049344,43.34094697304934,2.6754783176212964,4291.87065967816
22.76,3.0,119.87954886310253,4.715633394093675,0.5672666469451428,0.43273335305485716,43.273335305485716,2.6750215436900624,4292.457070012702
22.77,3.0,119.62752625173518,4.709206912400963,0.5679431452572945,0.4320568547427055,43.20568547427055,2.6745617854963952,4293.041344568503
22.78,3.0,119.37566310491485,4.702787383794781,0.5686200215201971,0.4313799784798029,43.137997847980294,2.6740990633782995,4293.623487764793
22.79,3.0,119.12396058497015,4.696374862583184,0.569297272033468,0.430702727966532,43.0702727966532,2.67363339771516,4294.203504030084
22.8,3.0,118.872419853559,4.689969402812415,0.5699748930820991,0.43002510691790086,43.002510691790086,2.6731648089263227,4294.78139780217
22.81,3.0,118.62104207166934,4.683571058265349,0.5706528809364441,0.42934711906355594,42.934711906355595,2.672693317469671,4295.357173528123
22.82,3.0,118.36982839961853,4.677179882459924,0.5713312318522115,0.42866876814778854,42.866876814778855,2.6722189438402104,4295.930835664297
22.830000000000002,3.0,118.11877999705379,4.670795928647638,0.5720099420704539,0.42799005792954614,42.79900579295462,2.6717417085686472,4296.502388676327
22.84,3.0,117.86789802295213,4.664419249812017,0.5726890078175588,0.4273109921824412,42.73109921824412,2.671261632219966,4297.07183703913
22.85,3.0,117.61718363561992,4.658049898667127,0.5733684253052418,0.4266315746947582,42.66315746947582,2.6707787353920116,4297.639185236901
22.86,3.0,117.3666379926936,4.65168792765612,0.5740481907305357,0.4259518092694643,42.595180926946426,2.6702930387140706,4298.204437763117
22.87,3.0,117.11626225113893,4.645333388949769,0.5747283002757841,0.42527169972421586,42.52716997242159,2.669804562845449,4298.767599120539
22.88,3.0,116.86605756725177,4.638986334445053,0.5754087501086323,0.42459124989136765,42.45912498913677,2.669313328474054,4299.328673821203
22.89,3.0,116.61602509665725,4.632646815763733,0.5760895363820207,0.42391046361797935,42.39104636179793,2.668819356314973,4299.88766638643
22.900000000000002,3.0,116.36616599431052,4.626314884250983,0.5767706552341763,0.42322934476582375,42.322934476582375,2.668322667109062,4300.444581346822
22.91,3.0,116.11648141449638,4.619990590974014,0.5774521027886063,0.42254789721139374,42.254789721139375,2.66782328162152,4300.999423242258
22.92,3.0,115.86697251082907,4.613673986720723,0.5781338751540918,0.42186612484590824,42.186612484590825,2.6673212206404795,4301.552196621901
22.93,3.0,115.6176404362529,4.607365121998383,0.5788159684246793,0.4211840315753207,42.11840315753207,2.6668165049755848,4302.102906044195
22.94,3.0,115.36848634304148,4.60106404703232,0.5794983786796774,0.42050162132032265,42.05016213203226,2.6663091554565845,4302.651556076863
22.95,3.0,115.11951138273675,4.59477081176465,0.5801811019838164,0.41981889801618355,41.98188980161836,2.665799192932689,4303.198151296761
22.96,3.0,114.87071667931214,4.588485465852994,0.5808641344609662,0.4191358655390338,41.91358655390338,2.6652866386094227,4303.7426962299405
22.97,3.0,114.62210333781695,4.5822080586692575,0.5815474722707891,0.41845252772921093,41.84525277292109,2.6647715139379464,4304.285195383456
22.98,3.0,114.37367247388087,4.575938639298391,0.582231111527793,0.41776888847220695,41.7768888472207,2.664253840241679,4304.825653303473
22.990000000000002,3.0,114.12542520199156,4.569677256537206,0.5829150483334591,0.4170849516665409,41.70849516665409,2.6637336388626944,4305.36407454359
23.0,3.0,113.87736263549425,4.563423958893189,0.5835992787762467,0.41640072122375327,41.64007212237533,2.6632109311603096,4305.900463664844
23.01,3.0,113.62948588659161,4.557178794583333,0.5842837989315977,0.41571620106840235,41.571620106840236,2.6626857385096687,4306.434825235711
23.02,3.0,113.38179606634431,4.55094181153302,0.5849686048619381,0.41503139513806186,41.50313951380619,2.662158082300332,4306.9671638321
23.03,3.0,113.1342942846703,4.54471305737489,0.5856536926166861,0.4143463073833139,41.43463073833139,2.6616279839348738,4307.497484037361
23.04,3.0,112.88698165034553,4.538492579447759,0.5863390582322529,0.41366094176774715,41.366094176774716,2.6610954648274667,4308.025790442277
23.05,3.0,112.63985927100329,4.532280424795523,0.5870246977320506,0.41297530226794943,41.29753022679494,2.6605605464024817,4308.552087645073
23.06,3.0,112.3929282531348,4.526076640166137,0.5877106071264953,0.41228939287350475,41.22893928735047,2.660023250093088,4309.076380251405
23.07,3.0,112.14618970208863,4.519881272010547,0.5883967824130145,0.4116032175869855,41.16032175869855,2.6594835973398494,4309.598672874372
23.080000000000002,3.0,111.89964472207126,4.513694366481713,0.5890832195760509,0.4109167804239491,41.09167804239491,2.6589416095893306,4310.1189701345065
23.09,3.0,111.6532944161468,4.507515969433598,0.58976991458707,0.41023008541293005,41.023008541293,2.658397308292707,4310.637276659779
23.1,3.0,111.40713988623678,4.5013461264201995,0.5904568634045658,0.4095431365954342,40.954313659543416,2.657850714904363,4311.153597085596
23.11,3.0,111.16118223312068,4.495184882694621,0.5911440619740675,0.40885593802593245,40.88559380259325,2.65730185088052,4311.667936054801
23.12,3.0,110.91542255643532,4.489032283208117,0.5918315062281471,0.40816849377185294,40.81684937718529,2.656750737677838,4312.180298217679
23.13,3.0,110.66986195467551,4.482888372609217,0.5925191920864249,0.4074808079135751,40.74808079135751,2.6561973967520416,4312.690688231945
23.14,3.0,110.42450152519336,4.476753195242814,0.5932071154555795,0.40679288454442053,40.67928845444205,2.6556418495565386,4313.199110762756
23.150000000000002,3.0,110.17934236419889,4.4706267951493235,0.5938952722293537,0.4061047277706463,40.61047277706463,2.6550841175410502,4313.705570482704
23.16,3.0,109.93438556675976,4.464509216063831,0.594583658288563,0.40541634171143703,40.541634171143706,2.654524222150237,4314.210072071819
23.17,3.0,109.68963222680105,4.458400501415264,0.595272269501105,0.404727730498895,40.4727730498895,2.653962184822329,4314.712620217567
23.18,3.0,109.4450834371058,4.452300694325611,0.5959611017219668,0.4040388982780332,40.40388982780332,2.653398026987769,4315.213219614851
23.19,3.0,109.20074028931437,4.446209837609121,0.5966501507932352,0.40334984920676475,40.334984920676476,2.652831770067848,4315.711874966013
23.2,3.0,108.95660387392512,4.440127973771561,0.5973394125441049,0.40266058745589506,40.266058745589504,2.652263435473351,4316.20859098083
23.21,3.0,108.71267528029371,4.4340551450094665,0.5980288827908895,0.4019711172091105,40.19711172091105,2.6516930446032068,4316.703372376516
23.22,3.0,108.4689555966338,4.427991393209439,0.5987185573370294,0.4012814426629706,40.12814426629706,2.651120618843138,4317.196223877723
23.23,3.0,108.22544591001635,4.421936759947438,0.5994084319731043,0.40059156802689566,40.059156802689564,2.6505461795643233,4317.68715021654
23.240000000000002,3.0,107.98214730637022,4.415891286488113,0.6000985024768424,0.3999014975231576,39.99014975231576,2.649969748122053,4318.176156132494
23.25,3.0,107.73906087048195,4.4098550137841475,0.6007887646131308,0.3992112353868692,39.92112353868692,2.649391345854399,4318.663246372545
23.26,3.0,107.49618768599542,4.403827982475626,0.6014792141340285,0.3985207858659715,39.85207858659715,2.6488109940808835,4319.1484256910935
23.27,3.0,107.25352883541257,4.397810232889424,0.6021698467787755,0.3978301532212245,39.78301532212245,2.6482287141011556,4319.6316988499775
23.28,3.0,107.01108539562476,4.391801805038609,0.6028606582865447,0.39713934171345533,39.713934171345535,2.647644527249611,4320.113070607968
23.29,3.0,106.76885840261994,4.385802738621885,0.6035516444972621,0.39644835550273794,39.6448355502738,2.6470584553358347,4320.592545645485
23.3,3.0,106.52684889616415,4.3798130730230245,0.6042428012245901,0.39575719877540994,39.57571987754099,2.646470520083512,4321.070128674447
23.31,3.0,106.28505791890322,4.373832847310353,0.6049341242584297,0.39506587574157026,39.506587574157024,2.6458807431404425,4321.545824423876
23.32,3.0,106.04348651170054,4.367862100236225,0.6056256093782213,0.3943743906217787,39.43743906217787,2.6452891461356014,4322.019637627854
23.330000000000002,3.0,105.80213571363755,4.361900870236557,0.6063172523529669,0.39368274764703315,39.368274764703315,2.6446957506778443,4322.491573025516
23.34,3.0,105.56100656201363,4.355949195430339,0.6070090489412548,0.39299095105874515,39.299095105874514,2.6441005783545943,4322.961635361058
23.35,3.0,105.3201000923457,4.350007113619195,0.6077009948912859,0.39229900510871407,39.22990051087141,2.6435036507305556,4323.429829383731
23.36,3.0,105.07941733836891,4.344074662286959,0.6083930859408958,0.3916069140591042,39.16069140591042,2.6429049893464174,4323.896159847844
23.37,3.0,104.83895933203591,4.338151878599259,0.6090853178175826,0.39091468218241743,39.091468218241744,2.6423046157175727,4324.360631512763
23.38,3.0,104.59872710351759,4.332238799403143,0.6097776862385302,0.39022231376146976,39.022231376146976,2.6417025513328367,4324.823249142912
23.39,3.0,104.3587216812023,4.326335461226696,0.6104701869106364,0.38952981308936363,38.952981308936366,2.6410988176531753,4325.284017507772
23.400000000000002,3.0,104.11894409169653,4.320441900278709,0.6111628155305369,0.38883718446946314,38.88371844694631,2.6404934361104386,4325.74294138188
23.41,3.0,103.87939535982467,4.314558152448345,0.6118555677846326,0.38814443221536743,38.81444322153674,2.639886428106098,4326.200025544834
23.42,3.0,103.64007650862865,4.308684253304829,0.6125484393491173,0.3874515606508827,38.745156065088274,2.6392778150099896,4326.655274781284
23.43,3.0,103.40098855936864,4.30282023809717,0.6132414258900027,0.38675857410999726,38.675857410999726,2.6386676181590696,4327.108693880941
23.44,3.0,103.1621325315223,4.2969661417538845,0.6139345230631481,0.3860654769368519,38.60654769368519,2.6380558588561667,4327.560287638573
23.45,3.0,102.92350944278553,4.291121998882762,0.6146277265142854,0.38537227348571457,38.537227348571456,2.6374425583687477,4328.010060854003
23.46,3.0,102.6851203090717,4.28528784377062,0.61532103187905,0.38467896812095004,38.467896812095006,2.6368277379276868,4328.458018332115
23.47,3.0,102.44696614451242,4.279463710383117,0.616014434783006,0.383985565216994,38.3985565216994,2.6362114187260413,4328.904164882847
23.48,3.0,102.2090479614568,4.2736496323645445,0.6167079308416775,0.3832920691583225,38.329206915832245,2.635593621917834,4329.348505321194
23.490000000000002,3.0,101.97136677047207,4.267845643037675,0.6174015156605759,0.3825984843394241,38.25984843394241,2.6349743686168456,4329.7910444672125
23.5,3.0,101.73392358034332,4.262051775403602,0.6180951848352289,0.38190481516477115,38.190481516477114,2.634353679895405,4330.231787146012
23.51,3.0,101.49671939807322,4.25626806214161,0.6187889339512117,0.3812110660487883,38.12110660487883,2.6337315767831964,4330.6707381877595
23.52,3.0,101.2597552288827,4.2504945356090715,0.6194827585841743,0.38051724141582566,38.05172414158257,2.6331080802660667,4331.107902427683
23.53,3.0,101.02303207621013,4.244731227841344,0.6201766542998743,0.37982334570012566,37.98233457001257,2.632483211284842,4331.543284706064
23.54,3.0,100.78655094171214,4.238978170551713,0.6208706166542048,0.37912938334579516,37.912938334579515,2.631856990734155,4331.976889868243
23.55,3.0,100.55031282526286,4.233235395131317,0.6215646411932271,0.3784353588067729,37.843535880677294,2.631229439461266,4332.408722764617
23.56,3.0,100.3143187249546,4.227502932649134,0.6222587234532002,0.3777412765467998,37.77412765467998,2.6306005782649104,4332.838788250641
23.57,3.0,100.07856963709723,4.221780813851949,0.6229528589606135,0.3770471410393865,37.704714103938656,2.629970427894137,4333.267091186828
23.580000000000002,3.0,99.8430665562187,4.2160690691643685,0.6236470432322171,0.3763529567677829,37.63529567677829,2.629339009047164,4333.693636438746
23.59,3.0,99.60781046849131,4.210367728688836,0.6243412717944634,0.3756587282055366,37.56587282055366,2.628706342451954,4334.118428861213
23.6,3.0,99.37280232144282,4.204676822205666,0.6250355402731773,0.3749644597268227,37.49644597268227,2.628072449241425,4334.5414732348745
23.61,3.0,99.13804306754449,4.198996379173117,0.62572984426521,0.37427015573479006,37.427015573479004,2.627437350410175,4334.962774373666
23.62,3.0,98.90353365936924,4.193326428727449,0.6264241793527048,0.3735758206472952,37.35758206472952,2.6268010668736004,4335.382337100814
23.63,3.0,98.66927504704744,4.187666999683037,0.627118541110646,0.372881458889354,37.2881458889354,2.6261636194984224,4335.800166242013
23.64,3.0,98.4352681782661,4.182018120532466,0.6278129251069042,0.37218707489309577,37.21870748930958,2.6255250291015653,4336.216266625437
23.650000000000002,3.0,98.20151399826953,4.176379819446676,0.6285073269022803,0.3714926730977197,37.14926730977197,2.624885316449058,4336.630643081729
23.66,3.0,97.96801344985914,4.170752124275104,0.6292017420505496,0.3707982579494504,37.079825794945044,2.6242445022549257,4337.043300444007
23.67,3.0,97.73476747339306,4.165135062545847,0.6298961660985095,0.3701038339014905,37.01038339014905,2.623602607180105,4337.454243547863
23.68,3.0,97.50177700678682,4.159528661465853,0.6305905945860224,0.3694094054139776,36.94094054139776,2.622959651831354,4337.863477231362
23.69,3.0,97.2690429855127,4.153932947921115,0.6312850230460633,0.36871497695393673,36.87149769539367,2.6223156567601826,4338.271006335041
23.7,3.0,97.0365663426003,4.1483479484769,0.6319794470047643,0.36802055299523573,36.80205529952357,2.6216706424617797,4338.676835701913
23.71,3.0,96.80434800863593,4.142773689377972,0.6326738619814631,0.36732613801853686,36.73261380185369,2.621024629373956,4339.0809701774615
23.72,3.0,96.57238891176331,4.137210196548859,0.6333682634887472,0.3666317365112528,36.66317365112528,2.6203776378760892,4339.483414609646
23.73,3.0,96.34068997768287,4.131657495594109,0.6340626470325034,0.36593735296749663,36.593735296749664,2.6197296882880847,4339.884173848898
23.740000000000002,3.0,96.10925212965229,4.126115611798596,0.6347570081119628,0.3652429918880372,36.524299188803724,2.619080800869338,4340.283252748123
23.75,3.0,95.87807628848633,4.120584570127811,0.6354513422197493,0.3645486577802507,36.45486577802507,2.618430995817706,4340.680656162699
23.76,3.0,95.64716337255652,4.115064395228179,0.6361456448419286,0.3638543551580714,36.38543551580714,2.617780293268491,4341.076388950479
23.77,3.0,95.41651429779178,4.109555111427417,0.6368399114580537,0.36316008854194626,36.31600885419463,2.6171287132934284,4341.4704559717875
23.78,3.0,95.18612997767772,4.104056742734863,0.6375341375412161,0.36246586245878387,36.24658624587839,2.6164762758996836,4341.862862089424
23.79,3.0,94.95601132325737,4.098569312841871,0.638228318558092,0.36177168144190797,36.177168144190794,2.615823001028862,4342.253612168661
23.8,3.0,94.72615924313041,4.09309284512218,0.6389224499689934,0.3610775500310066,36.107755003100664,2.615168908556021,4342.642711077243
23.81,3.0,94.49657464345393,4.087627362632329,0.6396165272279156,0.3603834727720844,36.03834727720844,2.614514018288694,4343.03016368539
23.82,3.0,94.26725842794173,4.0821728881120665,0.6403105457825883,0.3596894542174117,35.968945421741175,2.613858349965922,4343.415974865795
23.830000000000002,3.0,94.03821149786486,4.076729443984796,0.6410045010745239,0.3589954989254761,35.89954989254761,2.613201923257295,4343.800149493623
23.84,3.0,93.80943475205149,4.071297052358023,0.6416983885390685,0.35830161146093154,35.830161146093154,2.612544757762003,4344.182692446513
23.85,3.0,93.58092908688651,4.065875735023814,0.6423922036054526,0.35760779639454743,35.76077963945474,2.6118868730078875,4344.56360860458
23.86,3.0,93.35269539631221,4.060465513459295,0.6430859416968405,0.3569140583031595,35.69140583031595,2.611228288450516,4344.942902850407
23.87,3.0,93.12473457182762,4.055066408827135,0.643779598230383,0.356220401769617,35.6220401769617,2.6105690234722547,4345.320580069056
23.88,3.0,92.89704750248909,4.049678441976066,0.6444731686172666,0.35552683138273344,35.552683138273345,2.60990909738135,4345.696645148058
23.89,3.0,92.66963506218781,4.044301633441407,0.6451666483015822,0.3548333516984178,35.48333516984178,2.609248529568007,4346.07110294667
23.900000000000002,3.0,92.44249809234933,4.038936003445613,0.6458600328134281,0.3541399671865719,35.413996718657195,2.6085873397167196,4346.443958266151
23.91,3.0,92.21563744107317,4.033581571898837,0.6465533176497784,0.3534466823502216,35.344668235022155,2.607925547322201,4346.815215941287
23.92,3.0,91.98905395386488,4.028238358399481,0.6472464983027548,0.3527535016972452,35.27535016972452,2.6072631718029013,4347.184880807969
23.93,3.0,91.76274847318456,4.0229063822348134,0.6479395702610649,0.35206042973893514,35.20604297389352,2.6066002325057203,4347.552957701986
23.94,3.0,91.53672183844633,4.017585662381548,0.6486325290100655,0.3513674709899345,35.136747098993446,2.605936748705123,4347.919451459013
23.95,3.0,91.31097488601887,4.012276217506478,0.6493253700318252,0.3506746299681748,35.067462996817476,2.605272739602286,4348.284366914619
23.96,3.0,91.08550844922489,4.006978065967087,0.6500180888051876,0.34998191119481237,34.998191119481234,2.604608224324233,4348.647708904266
23.97,3.0,90.86032335834166,4.001691225812219,0.6507106808058342,0.34928931919416584,34.928931919416584,2.603943221923002,4349.009482263309
23.98,3.0,90.63542044060043,3.9964157147827124,0.6514031415063487,0.3485968584936513,34.85968584936513,2.603277751374799,4349.369691826992
23.990000000000002,3.0,90.41080052018701,3.9911515503120905,0.6520954663762798,0.3479045336237202,34.79045336237202,2.602611831579175,4349.728342430452
24.0,3.0,90.18646441824146,3.9858987495272435,0.6527876508822057,0.3472123491177943,34.72123491177943,2.6019454813582104,4350.08543890872
24.01,3.0,89.96241295285789,3.9806573292491203,0.6534796904877993,0.3465203095122007,34.65203095122007,2.601278719455705,4350.440986096715
24.02,3.0,89.73864693908507,3.975427305993457,0.6541715806538906,0.3458284193461094,34.58284193461094,2.600611564536378,4350.794988829254
24.03,3.0,89.51516718892569,3.9702086959714875,0.6548633168385343,0.34513668316146573,34.51366831614657,2.59994403518508,4351.147451941039
24.04,3.0,89.29197451133706,3.9650015150907008,0.6555548944970715,0.3444451055029285,34.44451055029285,2.599276149906013,4351.49838026667
24.05,3.0,89.06906971223046,3.959805778955576,0.6562463090821985,0.3437536909178015,34.37536909178015,2.5986079271219564,4351.847778640636
24.060000000000002,3.0,88.84645359447171,3.9546215028683642,0.6569375560440294,0.34306244395597063,34.30624439559706,2.5979393851735098,4352.195651897317
24.07,3.0,88.62412695788092,3.94944870182986,0.6576286308301628,0.34237136916983724,34.23713691698372,2.5972705423183347,4352.5420048709875
24.080000000000002,3.0,88.40209059923224,3.9442873905401883,0.6583195288857487,0.34168047111425126,34.168047111425125,2.596601416730416,4352.886842395814
24.09,3.0,88.18034531225442,3.939137583399621,0.6590102456535534,0.3409897543464466,34.098975434644665,2.595932026499329,4353.230169305852
24.1,3.0,87.9588918876302,3.9339992945093774,0.6597007765740267,0.3402992234259733,34.02992234259733,2.5952623896295095,4353.571990435053
24.11,3.0,87.73773111299694,3.9288725376724694,0.6603911170853678,0.3396088829146322,33.96088829146322,2.594592524039546,4353.9123106172565
24.12,3.0,87.51686377294591,3.923757326394524,0.6610812626235935,0.33891873737640654,33.89187373764065,2.593922447561467,4354.251134686198
24.13,3.0,87.29629064902306,3.9186536738846556,0.6617712086226034,0.3382287913773966,33.82287913773966,2.593252177940054,4354.5884674755025
24.14,3.0,87.0760125197283,3.9135615930563104,0.6624609505142494,0.33753904948575064,33.75390494857506,2.5925817328321434,4354.924313818688
24.150000000000002,3.0,86.856030160516,3.908481096528157,0.6631504837284015,0.33684951627159854,33.684951627159855,2.5919111298059603,4355.258678549162
24.16,3.0,86.63634434379489,3.9034121966249695,0.6638398036930162,0.3361601963069838,33.61601963069838,2.591240386340445,4355.591566500228
24.17,3.0,86.41695583892775,3.8983549053785183,0.6645289058342053,0.3354710941657947,33.54710941657947,2.590569519824594,4355.922982505079
24.18,3.0,86.19786539986268,3.893309234528495,0.665217785615215,0.33478221438478495,33.47822143847849,2.5898985477083136,4356.252931366315
24.19,3.0,85.97907375069921,3.888275195523419,0.6659064385821504,0.3340935614178496,33.40935614178496,2.5892274876783143,4356.581417833076
24.2,3.0,85.76058161985569,3.88325279952158,0.6665948602567702,0.33340513974322983,33.34051397432298,2.5885563572387995,4356.90844668115
24.21,3.0,85.54238973247338,3.8782420573919714,0.667283046160406,0.332716953839594,33.2716953839594,2.587885173803915,4357.2340226845245
24.22,3.0,85.32449881015775,3.873242979715256,0.6679709918148518,0.33202900818514824,33.20290081851483,2.587213954700311,4357.558150614657
24.23,3.0,85.10690957097785,3.868255576784713,0.6686586927424429,0.33134130725755706,33.1341307257557,2.5865427171665307,4357.880835240484
24.240000000000002,3.0,84.88962272946682,3.8632798586072297,0.6693461444661312,0.33065385553386883,33.06538555338688,2.5858714783524097,4358.202081328411
24.25,3.0,84.67263899662176,3.8583158349042774,0.670033342509563,0.32996665749043697,32.9966657490437,2.5852002553184885,4358.521893642319
24.26,3.0,84.45595907990332,3.8533635151129007,0.670720282397158,0.329279717602842,32.9279717602842,2.5845290650354302,4358.840276943563
24.27,3.0,84.23958368323645,3.8484229083867363,0.6714069596541838,0.32859304034581616,32.85930403458161,2.5838579243834503,4359.157235990973
24.28,3.0,84.02351350700961,3.843494023597011,0.6720933698068372,0.3279066301931628,32.79066301931628,2.5831868501517548,4359.47277554085
24.29,3.0,83.8077492480755,3.83857686933358,0.672779508382319,0.32722049161768096,32.7220491617681,2.5825158590379873,4359.786900346971
24.3,3.0,83.59229159975037,3.83367145390595,0.6734653709089151,0.3265346290910849,32.65346290910849,2.5818449676476907,4360.099615160587
24.310000000000002,3.0,83.3771412518146,3.8287777853443283,0.6741509529160722,0.3258490470839278,32.584904708392784,2.5811741924937674,4360.41092473042
24.32,3.0,83.16229889051247,3.8238958714006737,0.6748362499344779,0.3251637500655221,32.51637500655221,2.580503549995963,4360.7208338026685
24.330000000000002,3.0,82.94776519855192,3.819025719549753,0.6755212574961394,0.32447874250386055,32.44787425038606,2.5798330564803478,4361.029347121003
24.34,3.0,82.73354085510503,3.814167336990221,0.6762059711344611,0.3237940288655389,32.37940288655389,2.579162728178814,4361.336469426569
24.35,3.0,82.51962653580755,3.8093207306456858,0.6768903863843254,0.3231096136156746,32.31096136156746,2.578492581228579,4361.642205457987
24.36,3.0,82.30602291275935,3.8044859071658115,0.6775744987821699,0.3224255012178301,32.24255012178301,2.5778226316717037,4361.946559951348
24.37,3.0,82.0927306545239,3.7996628729274007,0.6782583038660686,0.32174169613393144,32.17416961339315,2.577152895454612,4362.2495376402185
24.38,3.0,81.87975042612891,3.794851634035512,0.6789417971758096,0.3210582028241904,32.10582028241904,2.5764833884276284,4362.551143255639
24.39,3.0,81.66708288906563,3.7900521963245595,0.6796249742529769,0.32037502574702315,32.037502574702316,2.575814126344517,4362.851381526124
24.400000000000002,3.0,81.45472870128941,3.785264565359444,0.6803078306410277,0.31969216935897227,31.969216935897226,2.575145124862036,4363.15025717766
24.41,3.0,81.24268851721953,3.780488746436682,0.6809903618853743,0.3190096381146257,31.900963811462567,2.5744763995395012,4363.44777493371
24.42,3.0,81.03096298773892,3.7757247445855286,0.6816725635334638,0.31832743646653616,31.832743646653615,2.57380796583835,4363.74393951521
24.43,3.0,80.81955276019468,3.770972564569143,0.6823544311348574,0.3176455688651426,31.76455688651426,2.573139839121732,4364.038755640566
24.44,3.0,80.60845847839752,3.766232210885722,0.6830359602413121,0.3169640397586879,31.69640397586879,2.572472034654089,4364.332228025663
24.45,3.0,80.39768078262233,3.7615036877696717,0.68371714640686,0.31628285359314,31.628285359314003,2.5718045676007604,4364.624361383859
24.46,3.0,80.18722030687536,3.756786999192766,0.6843979851967339,0.3156020148032661,31.56020148032661,2.571137453060813,4364.915160418785
24.47,3.0,79.97707765462049,3.752082148865328,0.6850784722661339,0.31492152773386606,31.492152773386607,2.570470706361692,4365.204629769623
24.48,3.0,79.76725342374867,3.7473891402374013,0.6857586032797672,0.31424139672023277,31.424139672023276,2.569804342754968,4365.492774082532
24.490000000000002,3.0,79.55774821062816,3.7427079764999487,0.6864383738988121,0.3135616261011879,31.356162610118787,2.5691383773667384,4365.779598006509
24.5,3.0,79.3485626077445,3.7380386605860396,0.6871177797886355,0.31288222021136447,31.28822202113645,2.5684728252259643,4366.0651061858825
24.51,3.0,79.13969720370031,3.733381195172048,0.6877968166188804,0.31220318338111963,31.220318338111962,2.5678077012641256,4366.349303260314
24.52,3.0,78.93115258321583,3.7287355826788717,0.6884754800635499,0.31152451993645014,31.152451993645013,2.5671430203148766,4366.632193864796
24.53,3.0,78.72292932712831,3.724101825273132,0.6891537658010964,0.31084623419890356,31.084623419890356,2.566478797113716,4366.913782629655
24.54,3.0,78.51502801239259,3.719479924868408,0.6898316695145063,0.31016833048549375,31.016833048549376,2.565815046297664,4367.194074180547
24.55,3.0,78.30744921208054,3.714869883126446,0.6905091868913881,0.30949081310861193,30.949081310861192,2.565151782404948,4367.4730731384625
24.560000000000002,3.0,78.10019349538153,3.7102717014584092,0.6911863136240588,0.3088136863759412,30.88136863759412,2.5644890198747023,4367.75078411972
24.57,3.0,77.89326142760227,3.705685381026104,0.6918630454096306,0.3081369545903694,30.81369545903694,2.5638267730466677,4368.027211735975
24.580000000000002,3.0,77.68665357016653,3.701110922743223,0.6925393779500989,0.3074606220499011,30.74606220499011,2.563165056160908,4368.30236059421
24.59,3.0,77.48037048061569,3.696548327276603,0.6932153069524285,0.3067846930475715,30.67846930475715,2.5625038833575364,4368.576235296743
24.6,3.0,77.27441271260815,3.6919975950474697,0.6938908281286417,0.30610917187135833,30.610917187135833,2.561843268676442,4368.848840441222
24.61,3.0,77.06878081591992,3.687458726232702,0.6945659371959046,0.30543406280409535,30.543406280409535,2.5611832260570333,4369.120180620627
24.62,3.0,76.86347533644401,3.6829317207660957,0.6952406298766162,0.30475937012338383,30.475937012338385,2.56052376933799,4369.390260423272
24.63,3.0,76.658496816191,3.6784165783396348,0.6959149018984939,0.3040850981015061,30.40850981015061,2.5598649122570207,4369.6590844328
24.64,3.0,76.45384579328854,3.673913298404762,0.6965887489946632,0.30341125100533684,30.341125100533684,2.5592066684506296,4369.926657228188
24.650000000000002,3.0,76.24952280198178,3.669421880173663,0.6972621669037432,0.3027378330962568,30.273783309625678,2.558549051453896,4370.192983383742
24.66,3.0,76.04552837263317,3.6649423226205493,0.697935151369936,0.302064848630064,30.2064848630064,2.557892074700258,4370.458067469105
24.67,3.0,75.84186303172226,3.66047462448294,0.6986076981431145,0.3013923018568855,30.139230185688547,2.557235751521308,4370.721914049248
24.68,3.0,75.6385273018462,3.656018784262966,0.6992798029789086,0.30072019702109143,30.07201970210914,2.556580095146596,4370.984527684474
24.69,3.0,75.43552170171914,3.651574800228656,0.6999514616387953,0.3000485383612047,30.00485383612047,2.5559251187034397,4371.24591293042
24.7,3.0,75.23284674617285,3.6471426704152465,0.7006226698901852,0.2993773301098148,29.937733010981482,2.5552708352167497,4371.506074338053
24.71,3.0,75.0305029461561,3.642722392626478,0.7012934235065115,0.29870657649348853,29.870657649348853,2.5546172576088533,4371.765016453672
24.72,3.0,74.82849080873528,3.6383139644359157,0.701963718267317,0.29803628173268304,29.803628173268304,2.553964398699338,4372.0227438189095
24.73,3.0,74.62681083709377,3.6339173831882476,0.702633549958344,0.29736645004165596,29.736645004165595,2.5533122712048946,4372.279260970729
24.740000000000002,3.0,74.42546352801078,3.6295326460006123,0.7033029143800079,0.2966970856199921,29.669708561999208,2.5526608877696124,4372.534572434609
24.75,3.0,74.22444935050143,3.6251597497639176,0.7039718074186365,0.2960281925813635,29.60281925813635,2.552010261222597,4372.788682676243
24.76,3.0,74.02376876707268,3.620798691144153,0.7046402249761037,0.2953597750238963,29.53597750238963,2.551360404320998,4373.041596164205
24.77,3.0,73.82342223792529,3.616449466583733,0.7053081629559429,0.2946918370440571,29.46918370440571,2.550711329699172,4373.293317366579
24.78,3.0,73.62341021918702,3.612112072302808,0.705975617269309,0.294024382730691,29.402438273069098,2.5500630498898977,4373.54385074499
24.79,3.0,73.42373316291336,3.6077865043006145,0.7066425838350668,0.29335741616493316,29.335741616493316,2.54941557732427,4373.7932007546
24.8,3.0,73.22439151708681,3.603472758356795,0.7073090585798837,0.2926909414201163,29.26909414201163,2.5487689243316014,4374.041371844105
24.810000000000002,3.0,73.0253857256175,3.599170830032749,0.7079750374383189,0.2920249625616811,29.20249625616811,2.548123103139341,4374.288368455742
24.82,3.0,72.8267162283429,3.5948807146729655,0.7086405163529153,0.29135948364708475,29.135948364708476,2.5474781258729875,4374.534195025283
24.830000000000002,3.0,72.62838346102762,3.590602407406366,0.7093054912742907,0.29069450872570934,29.069450872570933,2.546834004556023,4374.778855982038
24.84,3.0,72.43038785536396,3.5863359031476576,0.7099699581612272,0.2900300418387728,29.00300418387728,2.5461907511098496,4375.022355748854
24.85,3.0,72.23272983897127,3.5820811965986716,0.710633912980764,0.28936608701923605,28.936608701923603,2.545548377353731,4375.264698742116
24.86,3.0,72.03540983539654,3.577838282249723,0.7112973517082862,0.28870264829171377,28.870264829171376,2.5449068950047518,4375.505889371742
24.87,3.0,71.83842826411386,3.5736071543809524,0.7119602703276179,0.2880397296723821,28.803972967238213,2.5442663156777723,4375.7459320411945
24.88,3.0,71.64178554052496,3.5693878070636917,0.7126226648311108,0.2873773351688892,28.73773351688892,2.5436266508854026,4375.984831147467
24.89,3.0,71.44548207595867,3.565180234161808,0.7132845312197374,0.28671546878026255,28.671546878026255,2.542987912037979,4376.222591081093
24.900000000000002,3.0,71.24951827767138,3.560984429333073,0.7139458655031801,0.28605413449681993,28.605413449681993,2.5423501104435484,4376.4592162261415
24.91,3.0,71.05389454884684,3.556800386030515,0.7146066636999224,0.28539333630007757,28.539333630007757,2.5417132573078627,4376.6947109602215
24.92,3.0,70.85861128859595,3.5526280975037787,0.7152669218373411,0.2847330781626589,28.47330781626589,2.541077363734377,4376.9290796544765
24.93,3.0,70.66366889195729,3.5484675568004964,0.7159266359517947,0.28407336404820527,28.407336404820526,2.5404424407242634,4377.162326673588
24.94,3.0,70.4690677498965,3.5443187567676384,0.716585802088717,0.283414197911283,28.341419791128295,2.5398084991764227,4377.394456375774
24.95,3.0,70.27480824930683,3.5401816900528926,0.7172444163027055,0.2827555836972945,28.27555836972945,2.5391755498875126,4377.625473112792
24.96,3.0,70.08089077300869,3.5360563491060155,0.717902474657614,0.28209752534238597,28.209752534238596,2.5385436035519766,4377.855381229935
24.97,3.0,69.88731569975008,3.5319427261802137,0.7185599732266417,0.28144002677335833,28.144002677335834,2.5379126707620863,4378.084185066033
24.98,3.0,69.6940834042061,3.527840813333495,0.7192169080924257,0.28078309190757433,28.078309190757434,2.5372827620079845,4378.311888953453
24.990000000000002,3.0,69.50119425697942,3.523750602430055,0.7198732753471299,0.28012672465287014,28.012672465287014,2.536653887677746,4378.5384972181
25.0,3.0,69.30864862460008,3.519672085141634,0.7205290710925367,0.2794709289074633,27.947092890746326,2.5360260580574336,4378.764014179416
25.01,3.0,69.11644686952529,3.515605252948886,0.7211842914401384,0.2788157085598616,27.88157085598616,2.535399283331171,4378.988444150381
25.02,3.0,68.92458934379242,3.5115500971427602,0.7218389325328936,0.27816106746710645,27.816106746710645,2.5347735736573087,4379.211791420633
25.03,3.0,68.73307637458012,3.5075066088258566,0.7224929905947506,0.2775070094052494,27.750700940524943,2.534148939341445,4379.434060229971
25.04,3.0,68.54190828683738,3.5034747789138097,0.7231464618536714,0.2768535381463286,27.68535381463286,2.533525390565095,4379.655254826169
25.05,3.0,68.35108540170056,3.4994545981366496,0.7237993425471103,0.2762006574528897,27.62006574528897,2.532902937404769,4379.875379450093
25.060000000000002,3.0,68.16060803619843,3.4954460570401813,0.7244516289231108,0.27554837107688923,27.554837107688922,2.532281589835624,4380.094438334734
25.07,3.0,67.97047650325206,3.4914491459873505,0.7251033172403961,0.2748966827596039,27.489668275960387,2.531661357731576,4380.312435705207
25.080000000000002,3.0,67.78069111167459,3.4874638551596124,0.7257544037684598,0.2742455962315402,27.42455962315402,2.531042250865419,4380.52937577875
25.09,3.0,67.59125216617164,3.4834901745583107,0.7264048847876543,0.2735951152123457,27.35951152123457,2.5304242789089555,4380.745262764728
25.1,3.0,67.40215996734088,3.479528094006037,0.7270547565892831,0.2729452434107169,27.294524341071693,2.5298074514331312,4380.960100864627
25.11,3.0,67.21341481167246,3.475577603148011,0.7277040154756882,0.2722959845243118,27.22959845243118,2.5291917779081756,4381.173894272058
25.12,3.0,67.02501699154858,3.471638691453442,0.728352657760342,0.27164734223965803,27.1647342239658,2.52857726770375,4381.386647172756
25.13,3.0,66.83696679524392,3.467711348216903,0.7290006797679355,0.2709993202320645,27.099932023206453,2.5279639300891064,4381.5983637445825
25.14,3.0,66.64926450692516,3.4637955625596932,0.7296480778344693,0.2703519221655307,27.03519221655307,2.5273517742332445,4381.80904815752
25.150000000000002,3.0,66.46191040665148,3.4598913234312114,0.7302948483073417,0.2697051516926583,26.97051516926583,2.5267408092050845,4382.018704573677
25.16,3.0,66.27490477037428,3.4559986196103205,0.7309409875454393,0.26905901245456065,26.905901245456064,2.526131043973643,4382.227337147285
25.17,3.0,66.08824786993705,3.4521174397067074,0.7315864919192265,0.26841350808077347,26.841350808077348,2.525522487408212,4382.434950024699
25.18,3.0,65.90193997307577,3.448247772162257,0.7322313578108336,0.2677686421891664,26.77686421891664,2.5249151482785517,4382.641547344401
25.19,3.0,65.71598134341846,3.4443896052524057,0.7328755816141473,0.26712441838585266,26.712441838585267,2.5243090352550803,4382.847133236995
25.2,3.0,65.53037224048566,3.440542927087513,0.7335191597348989,0.2664808402651011,26.648084026510112,2.523704156909082,4383.05171182521
25.21,3.0,65.34511291968987,3.4367077256142124,0.7341620885907543,0.26583791140924573,26.583791140924575,2.523100521712911,4383.2552872238975
25.22,3.0,65.16020363233616,3.432883988616781,0.7348043646114012,0.2651956353885988,26.51956353885988,2.522498138040206,4383.457863540035
25.23,3.0,64.97564462562157,3.4290717037184866,0.7354459842386404,0.2645540157613596,26.455401576135962,2.5218970141661137,4383.659444872722
25.240000000000002,3.0,64.79143614263562,3.4252708583829534,0.736086943926472,0.263913056073528,26.3913056073528,2.5212971582675117,4383.860035313186
25.25,3.0,64.60757842236008,3.421481439915514,0.7367272401411853,0.2632727598588147,26.32727598588147,2.520698578423245,4384.059638944774
25.26,3.0,64.42407169966877,3.4177034354645555,0.7373668693614478,0.2626331306385522,26.26331306385522,2.5201012826143643,4384.25825984296
25.27,3.0,64.24091620532806,3.413936832022884,0.7380058280783917,0.26199417192160834,26.199417192160833,2.5195052787243695,4384.455902075341
25.28,3.0,64.0581121659963,3.4101816164290595,0.7386441127957043,0.2613558872042957,26.13558872042957,2.5189105745394635,4384.65256970164
25.29,3.0,63.87565980376108,3.4064377753687554,0.7392817200313339,0.26071827996866614,26.071827996866613,2.518317177754324,4384.848266772303
25.3,3.0,63.69355932186276,3.4027052953760943,0.7399186463675406,0.26008135363245943,26.008135363245945,2.517725096142342,4385.0429972931315
25.310000000000002,3.0,63.511810910448325,3.3989841628349997,0.7405548884310548,0.25944511156894523,25.944511156894524,2.5171343374871955,4385.236765252928
25.32,3.0,63.33041475716037,3.3952743639805325,0.7411904428561832,0.2588095571438168,25.88095571438168,2.5165449094569765,4385.429574638763
25.330000000000002,3.0,63.1493710456407,3.391575884900226,0.741825306290121,0.258174693709879,25.8174693709879,2.515956819622298,4385.621429428806
25.34,3.0,62.96867995553081,3.387888711535433,0.7424594753930358,0.2575405246069642,25.75405246069642,2.5153700754565858,4385.812333592323
25.35,3.0,62.78834166247134,3.384212829682648,0.743092946838154,0.25690705316184603,25.690705316184605,2.514784684336367,4386.002291089679
25.36,3.0,62.608356338102624,3.38054822499485,0.7437257173118441,0.2562742826881559,25.62742826881559,2.514200653541576,4386.191305872337
25.37,3.0,62.42872415006415,3.376894882982821,0.7443577835137031,0.2556422164862969,25.564221648629694,2.5136179902558586,4386.379381882857
25.38,3.0,62.24944526199507,3.373252789016483,0.7449891421566393,0.25501085784336075,25.501085784336077,2.5130367015668806,4386.5665230548975
25.39,3.0,62.07051983353373,3.3696219283262114,0.7456197899669584,0.25438021003304156,25.438021003304158,2.5124567944666474,4386.752733313216
25.400000000000002,3.0,61.89194802031806,3.366002286004166,0.7462497236844464,0.2537502763155536,25.37502763155536,2.511878275851824,4386.938016573665
25.41,3.0,61.71372997398542,3.3623938470056025,0.7468789400624544,0.25312105993754563,25.312105993754564,2.5113011525240627,4387.1223767431975
25.42,3.0,61.53586584217239,3.3587965961501887,0.7475074358679829,0.25249256413201715,25.249256413201714,2.510725431190336,4387.305817719864
25.43,3.0,61.35835576851524,3.3552105181233225,0.7481352078817644,0.25186479211823565,25.186479211823563,2.5101511184632743,4387.488343392811
25.44,3.0,61.18119989264939,3.351635597477433,0.7487622528983485,0.2512377471016515,25.123774710165147,2.509578220861505,4387.669957642285
25.45,3.0,61.004398350209925,3.348071818633294,0.7493885677261843,0.25061143227381566,25.061143227381567,2.5090067448100055,4387.850664339631
25.46,3.0,60.82795127283113,3.344519165881323,0.7500141491877046,0.2499858508122954,24.998585081229542,2.5084366966404517,4388.030467347289
25.47,3.0,60.651858788146924,3.340977623382885,0.7506389941194078,0.24936100588059218,24.93610058805922,2.5078680825915787,4388.209370518799
25.48,3.0,60.476121019790426,3.337447175171584,0.7512630993719425,0.24873690062805753,24.873690062805753,2.507300908809538,4388.387377698799
25.490000000000002,3.0,60.300738087394336,3.3339278051545636,0.7518864618101888,0.2481135381898112,24.811353818981118,2.5067351813482732,4388.564492723023
25.5,3.0,60.12571010659079,3.330419497113792,0.7525090783133419,0.2474909216866581,24.74909216866581,2.506170906169883,4388.740719418306
25.51,3.0,59.95103718901114,3.326922234707349,0.7531309457749948,0.24686905422500516,24.686905422500516,2.5056080891450048,4388.916061602577
25.52,3.0,59.77671944228642,3.3234360014707125,0.7537520611032195,0.24624793889678054,24.624793889678052,2.505046736053192,4389.0905230848675
25.53,3.0,59.60275697004684,3.3199607808180343,0.75437242122065,0.24562757877935004,24.562757877935006,2.5044868525833,4389.264107665302
25.54,3.0,59.42914987192226,3.3164965560434214,0.7549920230645635,0.24500797693543652,24.500797693543653,2.50392844433388,4389.436819135107
25.55,3.0,59.255898243541736,3.3130433103222012,0.7556108635869637,0.24438913641303628,24.43891364130363,2.5033715168135715,4389.608661276604
25.560000000000002,3.0,59.08300217653389,3.3096010267121985,0.7562289397546603,0.24377106024533968,24.37710602453397,2.502816075441501,4389.779637863215
25.57,3.0,58.910461753555,3.3061696881549953,0.7568462485671468,0.24315375143285323,24.315375143285323,2.5022621256065216,4389.94975264571
25.580000000000002,3.0,58.73827703773766,3.302749277477192,0.7574627870945497,0.24253721290545027,24.253721290545027,2.501709672792384,4390.119009334569
25.59,3.0,58.56644808831769,3.299339777391668,0.7580785524219131,0.24192144757808687,24.192144757808688,2.501158722393113,4390.287411639624
25.6,3.0,58.39497496085352,3.295941170498832,0.7586935416484891,0.24130645835151088,24.13064583515109,2.5006092797108255,4390.454963261499
25.61,3.0,58.223857707132815,3.2925534392878752,0.7593077518881487,0.2406922481118513,24.06922481118513,2.5000613499572686,4390.621667891261
25.62,3.0,58.053096375171975,3.2891765661380106,0.7599211802694601,0.2400788197305399,24.00788197305399,2.4995149382542468,4390.787529210414
25.63,3.0,57.8826910092166,3.285810533319724,0.7605338239357627,0.23946617606423726,23.946617606423725,2.4989700496340577,4390.9525508909055
25.64,3.0,57.71264164974105,3.2824553229959994,0.7611456800452453,0.2388543199547547,23.88543199547547,2.4984266890399254,4391.116736595127
25.650000000000002,3.0,57.54294833344882,3.2791109172235635,0.7617567457710195,0.23824325422898052,23.824325422898053,2.4978848613264444,4391.280089975906
25.66,3.0,57.373611093272395,3.2757772979541095,0.7623670183011966,0.23763298169880342,23.763298169880343,2.497344571260025,4391.4426146765145
25.67,3.0,57.20462995837304,3.2724544470355195,0.7629764948389635,0.23702350516103654,23.702350516103653,2.496805823519339,4391.604314330664
25.68,3.0,57.03600495414126,3.2691423462130915,0.7635851726026559,0.2364148273973441,23.64148273973441,2.496268622695775,4391.76519256251
25.69,3.0,56.867736102196275,3.2658409771307477,0.7641930488258354,0.23580695117416461,23.58069511741646,2.4957329732938915,4391.9252529866435
25.7,3.0,56.69982342038652,3.2625503213322555,0.7648001207573625,0.23519987924263752,23.519987924263752,2.495198879731881,4392.084499208102
25.71,3.0,56.53226692278919,3.259270360262426,0.7654063856614721,0.23459361433852788,23.459361433852788,2.4946663463420276,4392.242934822363
25.72,3.0,56.365066619710674,3.256001075268324,0.7660118408178472,0.23398815918215277,23.398815918215277,2.4941353773711787,4392.400563415344
25.73,3.0,56.1982225176861,3.2527424476004603,0.766616483521694,0.23338351647830602,23.338351647830603,2.493605976981213,4392.557388563403
25.740000000000002,3.0,56.03173461947976,3.2494944584139924,0.7672203110838142,0.23277968891618583,23.277968891618585,2.4930781492495133,4392.713413833342
25.75,3.0,55.8656029240849,3.24625708876991,0.7678233208306795,0.2321766791693205,23.21766791693205,2.492551898169446,4392.868642782401
25.76,3.0,55.699827426723594,3.243030319636217,0.7684255101045059,0.23157448989549412,23.157448989549412,2.492027227650839,4393.023078958264
25.77,3.0,55.53440811884712,3.2398141318891196,0.769026876263325,0.230973123736675,23.0973123736675,2.4915041415204655,4393.176725899054
25.78,3.0,55.369344988135474,3.2366085063141927,0.769627416681059,0.23037258331894095,23.037258331894094,2.4909826435225333,4393.329587133335
25.79,3.0,55.20463801849789,3.2334134236075593,0.7702271287475916,0.22977287125240842,22.977287125240842,2.4904627373191706,4393.481666180114
25.8,3.0,55.04028719007233,3.2302288643770494,0.7708260098688421,0.2291739901311579,22.91739901311579,2.489944426490922,4393.632966548839
25.810000000000002,3.0,54.8762924792259,3.227054809143365,0.7714240574668366,0.22857594253316338,22.85759425331634,2.4894277145372428,4393.7834917393975
25.82,3.0,54.71265385855472,3.2238912383412393,0.7720212689797804,0.2279787310202196,22.79787310202196,2.488912604876999,4393.933245242119
25.830000000000002,3.0,54.549371296883656,3.2207381323205793,0.7726176418621307,0.22738235813786933,22.738235813786932,2.488399100848969,4394.082230537774
25.84,3.0,54.38644475565269,3.2175954713476225,0.773213173597882,0.226786826402118,22.6786826402118,2.487887205754868,4394.230451090617
25.85,3.0,54.22387416217296,3.214463235606072,0.773807861798556,0.22619213820144402,22.619213820144402,2.4873769231744025,4394.377910297038
25.86,3.0,54.0616594561242,3.211341405198239,0.7744017040334144,0.22559829596658565,22.559829596658567,2.4868682564185756,4394.524611574843
25.87,3.0,53.899800579380596,3.2082299601461672,0.7749946978665897,0.2250053021334103,22.50053021334103,2.48636120865002,4394.67055834309
25.88,3.0,53.73829746995385,3.2051288803927696,0.7755868408792891,0.22441315912071091,22.44131591207109,2.485855782954801,4394.815754010393
25.89,3.0,53.5771500619927,3.2020381458029403,0.776178130669866,0.22382186933013404,22.382186933013404,2.4853519823429298,4394.960201974914
25.900000000000002,3.0,53.41635828578331,3.1989577361646786,0.7767685648538903,0.22323143514610966,22.323143514610965,2.4848498097488876,4395.103905624368
25.91,3.0,53.25592206774913,3.1958876311902,0.77735814106422,0.22264185893578003,22.264185893578002,2.4843492680321475,4395.246868336024
25.92,3.0,53.0958413304507,3.1928278105170382,0.777946856951071,0.22205314304892898,22.205314304892898,2.4838503599776995,4395.3890934767
25.93,3.0,52.936115992586046,3.1897782537091537,0.7785347101820875,0.22146528981791247,22.146528981791246,2.4833530882965813,4395.530584402766
25.94,3.0,52.77674596899025,3.1867389402580213,0.7791216984424123,0.2208783015575877,22.08783015575877,2.4828574556264025,4395.671344460146
25.95,3.0,52.617731170635864,3.1837098495837335,0.7797078194347553,0.2202921805652447,22.02921805652447,2.4823634645318857,4395.811376984315
25.96,3.0,52.45907150463252,3.1806909610360736,0.7802930708794646,0.21970692912053535,21.970692912053536,2.4818711175053934,4395.950685300298
25.97,3.0,52.300766874227314,3.177682253895608,0.780877450514594,0.219122549485406,21.9122549485406,2.4813804169674714,4396.089272722672
25.98,3.0,52.142817178804385,3.1746837073747525,0.7814609560959733,0.21853904390402668,21.85390439040267,2.480891365267383,4396.227142555568
25.990000000000002,3.0,51.98522231388532,3.171695300618849,0.7820435853972758,0.2179564146027242,21.79564146027242,2.480403964683655,4396.364298092668
26.0,3.0,51.82798217112897,3.168717012707231,0.782625336210087,0.217374663789913,21.7374663789913,2.4799182174246193,4396.500742617204
