time_week,dispose_rate_fixed,P,beta_base,suppression_multiplier,reduction_fraction,reduction_percent,beta_eff,DDI_cumulative_deaths
0.0,5.0,0.0,2.6969969793734117,1.0,0.0,0.0,2.6969969793734117,0.0
0.01,5.0,0.023830911212524383,2.6969969793837465,0.9999407643788242,5.9235621175823816e-05,0.005923562117582382,2.6968372210923635,0.014042679627499496
0.02,5.0,0.04740863024084392,2.6969969793943855,0.9998821615613036,0.00011783843869639377,0.011783843869639377,2.6966791694811647,0.02817446215418324
0.03,5.0,0.07074675123563691,2.6969969794053372,0.9998241576510478,0.0001758423489521821,0.01758423489521821,2.6965227331213617,0.04240082582818763
0.04,5.0,0.09385832517085863,2.6969969794166104,0.9997667201105038,0.00023327988949617406,0.023327988949617406,2.696367824259281,0.05672706758902521
0.05,5.0,0.1167559197285617,2.696996979428215,0.9997098176115601,0.00029018238843991906,0.029018238843991906,2.6962143584031093,0.0711583269467992
0.06,5.0,0.13945163467568988,2.6969969794401605,0.9996534199968197,0.0003465800031803301,0.03465800031803301,2.696062254218449,0.08569959210819095
0.07,5.0,0.16195709890606397,2.696996979452457,0.9995974982864627,0.00040250171353728437,0.04025017135372844,2.695911433546822,0.10035569877819168
0.08,5.0,0.18428351334503687,2.6969969794651147,0.999542024571173,0.0004579754288269733,0.04579754288269733,2.695761821116899,0.11513134726298704
0.09,5.0,0.20644169696374182,2.6969969794781448,0.9994869718973912,0.0005130281026087813,0.05130281026087813,2.6956133442350216,0.13003112080432364
0.1,5.0,0.2284420910866907,2.696996979491557,0.9994323142562326,0.000567685743767421,0.0567685743767421,2.695465932755316,0.14505948729181511
0.11,5.0,0.25029475615770475,2.696996979505364,0.999378026591157,0.0006219734088429574,0.06219734088429574,2.695319519100382,0.16022079795475425
0.12,5.0,0.27200939180711764,2.6969969795195765,0.9993240847477658,0.0006759152522342049,0.06759152522342049,2.6951740381258897,0.17551929536588026
0.13,5.0,0.29359539688644154,2.6969969795342066,0.9992704653243505,0.0007295346756495125,0.07295346756495125,2.6950294267175146,0.19095913735156478
0.14,5.0,0.31506187289259446,2.6969969795492665,0.9992171456631075,0.0007828543368925134,0.07828543368925134,2.6948856237672403,0.20654439835474947
0.15,5.0,0.3364176294872746,2.6969969795647692,0.9991641038361619,0.0008358961638380569,0.08358961638380569,2.694742570135668,0.2222790716309367
0.16,5.0,0.35767117041455965,2.6969969795807276,0.999111318680284,0.0008886813197159782,0.08886813197159782,2.6946002087456438,0.2381670636358828
0.17,5.0,0.3788307317343291,2.6969969795971545,0.9990587697016824,0.000941230298317608,0.0941230298317608,2.6944584843254864,0.2542122092679884
0.18,5.0,0.399904323959931,2.696996979614064,0.9990064369711392,0.0009935630288607777,0.09935630288607777,2.6943173431261704,0.2704182886540206
0.19,5.0,0.4208997324680672,2.6969969796314706,0.998954301122799,0.0010456988772009623,0.10456988772009623,2.6941767329180557,0.28678902731234013
0.2,5.0,0.4418245205294451,2.6969969796493887,0.9989023433464579,0.0010976566535421117,0.10976566535421117,2.6940366029700935,0.30332809736729294
0.21,5.0,0.4626860224361885,2.6969969796678335,0.9988505454044477,0.0011494545955522684,0.11494545955522684,2.6938969040953635,0.3200391148386053
0.22,5.0,0.48349134841434094,2.69699697968682,0.9987988896192609,0.0012011103807391121,0.12011103807391121,2.693757588617696,0.3369256415933044
0.23,5.0,0.5042474397963873,2.6969969797063644,0.9987473587364067,0.0012526412635932571,0.1252641263593257,2.693618610001798,0.3539912073729894
0.24,5.0,0.5249610727328775,2.696996979726483,0.998695935915066,0.001304064084933998,0.1304064084933998,2.6934799228280464,0.37123931127698656
0.25,5.0,0.5456388581924262,2.696996979747193,0.9986446047279652,0.001355395272034765,0.1355395272034765,2.693341482792152,0.3886734217623497
0.26,5.0,0.5662872461370816,2.6969969797685116,0.9985933491508908,0.0014066508491091811,0.14066508491091811,2.6932032466768754,0.4062969783527506
0.27,5.0,0.586912510209513,2.6969969797904563,0.9985421536005805,0.0014578463994194824,0.14578463994194824,2.6930651724542236,0.4241133855858819
0.28,5.0,0.6075207655756257,2.696996979813046,0.9984910028903157,0.001508997109684329,0.1508997109684329,2.692927219165681,0.44212602009795837
0.29,5.0,0.6281180097312813,2.6969969798362996,0.9984398821285358,0.0015601178714641506,0.15601178714641506,2.6927893466487722,0.4603382470246468
0.3,5.0,0.6487101233881666,2.6969969798602365,0.9983887767165599,0.0016112232834400997,0.16112232834400997,2.692651515530918,0.4787534203585398
0.31,5.0,0.6693028704737933,2.6969969798848767,0.9983376723485082,0.0016623276514917684,0.16623276514917684,2.692513687229224,0.49737488294915505
0.32,5.0,0.6899018996454168,2.696996979910241,0.998286555007471,0.0017134449925290118,0.17134449925290118,2.692375823940148,0.51620596713652
0.33,5.0,0.7105127419699916,2.6969969799363507,0.9982354109711926,0.001764589028807384,0.1764589028807384,2.6922378886548284,0.5352499940415275
0.34,5.0,0.7311407958975178,2.6969969799632274,0.9981842268492837,0.0018157731507163488,0.18157731507163488,2.692099845259447,0.5545102673358917
0.35000000000000003,5.0,0.7517913746679513,2.696996979990894,0.9981329894655205,0.001867010534479463,0.1867010534479463,2.691961658217792,0.57399009247712
0.36,5.0,0.7724697129637588,2.6969969800193736,0.9980816858412923,0.0019183141587076902,0.19183141587076902,2.6918232925266103,0.5936927794360363
0.37,5.0,0.7931809669099174,2.6969969800486897,0.9980303031955587,0.0019696968044412566,0.19696968044412566,2.6916847137155,0.613621642696782
0.38,5.0,0.8139302140739149,2.6969969800788673,0.9979788289448092,0.00202117105519084,0.20211710551908402,2.691545887846795,0.6337800012568149
0.39,5.0,0.834722455009922,2.6969969801099323,0.9979272506991926,0.002072749300807364,0.20727493008073639,2.6914067815051297,0.6541711793124219
0.4,5.0,0.8555626099871708,2.6969969801419094,0.9978755562705961,0.002124443729403902,0.2124443729403902,2.6912673618192255,0.6747985053516508
0.41000000000000003,5.0,0.8764555038770361,2.6969969801748266,0.9978237337100915,0.002176266289908524,0.2176266289908524,2.691127596562887,0.695665305550163
0.42,5.0,0.8974059073451747,2.6969969802087106,0.9977717712057239,0.002228228794276088,0.2228228794276088,2.690987453879334,0.7167749208793845
0.43,5.0,0.9184185422151561,2.6969969802435907,0.9977196570691907,0.0022803429308092538,0.22803429308092538,2.690846902245278,0.7381307093857122
0.44,5.0,0.9394980814684618,2.6969969802794953,0.9976673797358272,0.002332620264172802,0.23326202641728022,2.6907059104708826,0.759736046190513
0.45,5.0,0.9606491492444857,2.696996980316455,0.9976149277645929,0.002385072235407071,0.23850722354070708,2.6905644476997255,0.7815943234901243
0.46,5.0,0.9818763208405344,2.696996980354501,0.9975622898380595,0.0024377101619404984,0.24377101619404984,2.690422483408768,0.8037089505558538
0.47000000000000003,5.0,1.0031841260224301,2.696996980393665,0.9975094547541905,0.0024905452458094945,0.24905452458094945,2.690279987386183,0.8260833554586638
0.48,5.0,1.024577034468762,2.6969969804339797,0.9974564114624227,0.0025435885375773015,0.25435885375773015,2.6901369298286673,0.8487209793616388
0.49,5.0,1.046059460616446,2.696996980475479,0.997403149051636,0.002596850948364038,0.2596850948364038,2.6899932813089964,0.8716252777718834
0.5,5.0,1.0676357923221729,2.6969969805181977,0.9973496566790838,0.002650343320916182,0.2650343320916182,2.68984901258435,0.8947997332270634
0.51,5.0,1.089310391508987,2.6969969805621714,0.9972959235687977,0.002704076431202296,0.2704076431202296,2.6897040945920097,0.9182478555937685
0.52,5.0,1.111087594166284,2.696996980607438,0.9972419390115952,0.002758060988404809,0.2758060988404809,2.689558498449379,0.941973182067511
0.53,5.0,1.1329717103498134,2.696996980654034,0.997187692365089,0.0028123076349110265,0.28123076349110265,2.6894121954540084,0.9659792771727265
0.54,5.0,1.1549670241816754,2.696996980701999,0.9971331730536969,0.002866826946303136,0.2866826946303136,2.6892651570836246,0.9902697327627732
0.55,5.0,1.1770777946435889,2.6969969807513743,0.9970783705666871,0.0029216294333128667,0.2921629433312867,2.689117354990855,1.0148481684626376
0.56,5.0,1.199308256627448,2.6969969808022,0.9970232744555865,0.0029767255444135277,0.29767255444135277,2.68896876099624,1.039718233509809
0.5700000000000001,5.0,1.2216625991948713,2.696996980854519,0.9969678743880718,0.003032125611928227,0.3032125611928227,2.6888193472335766,1.064883595626109
0.58,5.0,1.2441449961390219,2.696996980908376,0.9969121600722349,0.003087839927765068,0.3087839927765068,2.6886690859456652,1.0903479550468596
0.59,5.0,1.2667596130432717,2.6969969809638146,0.9968561212391143,0.003143878760885732,0.3143878760885732,2.6885179494371894,1.1161150480688822
0.6,5.0,1.2895106072811997,2.6969969810208827,0.9967997476427214,0.00320025235727861,0.320025235727861,2.6883659100747974,1.1421886470504945
0.61,5.0,1.3124021280165923,2.6969969810796277,0.9967430290600694,0.0032569709399306035,0.32569709399306035,2.688212940287171,1.1685725604115136
0.62,5.0,1.3354383162034442,2.6969969811400993,0.9966859552912025,0.003314044708797481,0.3314044708797481,2.6880590125651094,1.1952706326332543
0.63,5.0,1.3586233045859577,2.6969969812023473,0.9966285161592255,0.0033714838407744585,0.33714838407744585,2.687904099461606,1.222286744258529
0.64,5.0,1.381961217698543,2.6969969812664245,0.9965707015103357,0.003429298489664334,0.3429298489664334,2.687748173591938,1.249624811891649
0.65,5.0,1.4054561763810092,2.6969969813323846,0.9965125012026697,0.003487498797330346,0.3487498797330346,2.6875912076035844,1.2772887918079128
0.66,5.0,1.4291122803912644,2.6969969814002828,0.9964539051494068,0.0035460948505932066,0.35460948505932066,2.6874331742924737,1.305282671614192
0.67,5.0,1.4529336152682162,2.6969969814701766,0.9963949033017961,0.003605096698203858,0.3605096698203858,2.6872740465572127,1.3336104715020416
0.68,5.0,1.4769242722677831,2.6969969815421235,0.9963354855998118,0.0036645144001882235,0.36645144001882235,2.687113797265998,1.362276255656535
0.6900000000000001,5.0,1.5010883484539876,2.696996981616185,0.9962756419719739,0.0037243580280260646,0.37243580280260646,2.686952399256141,1.3912841323138005
0.7000000000000001,5.0,1.5254299466989563,2.696996981692423,0.9962153623353953,0.003784637664604684,0.3784637664604684,2.6867898253341846,1.4206382537610205
0.71,5.0,1.5499531756829201,2.6969969817709005,0.9961546365958295,0.003845363404170521,0.3845363404170521,2.6866260482760405,1.4503428163364311
0.72,5.0,1.5746621498942144,2.6969969818516843,0.9960934546477199,0.0039065453522800775,0.39065453522800775,2.686461040827118,1.4804020604293249
0.73,5.0,1.5995609896292784,2.696996981934842,0.9960318063742507,0.0039681936257492945,0.39681936257492945,2.686294775702463,1.5108202704800473
0.74,5.0,1.6246538209926558,2.696996982020443,0.9959696816473975,0.00403031835260248,0.403031835260248,2.6861272255868927,1.5416017749799988
0.75,5.0,1.6499447771432625,2.6969969821085598,0.9959070703248954,0.004092929675104551,0.4092929675104551,2.68595836312682,1.5727509475272061
0.76,5.0,1.675438001639442,2.6969969821992654,0.9958439622420128,0.00415603775798723,0.415603775798723,2.685788160908068,1.6042722125131268
0.77,5.0,1.7011376231897422,2.6969969822926365,0.9957803472741084,0.004219652725891643,0.4219652725891643,2.685616591624584,1.6361700257798066
0.78,5.0,1.7270477819623835,2.696996982388751,0.9957162152715522,0.004283784728447815,0.4283784728447815,2.6854436279029246,1.668448890880786
0.79,5.0,1.7531726355610318,2.6969969824876903,0.9956515560449977,0.004348443955002335,0.43484439550023346,2.685269242262532,1.7011133634580586
0.8,5.0,1.7795163590247987,2.6969969825895364,0.9955863593654494,0.004413640634550631,0.44136406345506307,2.685093407115919,1.7341680512420714
0.81,5.0,1.806083144828242,2.696996982694375,0.9955206149643314,0.004479385035668582,0.44793850356685816,2.684916094768851,1.7676176140517246
0.8200000000000001,5.0,1.8328772028813658,2.6969969828022946,0.9954543125335585,0.0045456874664414615,0.45456874664414615,2.6847372774205396,1.8014667637943722
0.8300000000000001,5.0,1.8599027605296192,2.6969969829133853,0.9953874417256074,0.004612558274392553,0.4612558274392553,2.6845569271638365,1.8357202644658208
0.84,5.0,1.887164062553898,2.6969969830277405,0.9953199921535902,0.004680007846409762,0.46800078464097616,2.6843750159854274,1.8703829321503307
0.85,5.0,1.9146653711705435,2.6969969831454557,0.995251953391329,0.004748046608671008,0.4748046608671008,2.684191515766036,1.905459635020616
0.86,5.0,1.9424109660313436,2.69699698326663,0.9951833149734319,0.004816685026568068,0.48166850265680683,2.6840063982806304,1.940955293337844
0.87,5.0,1.9704051462757903,2.6969969833913647,0.9951140663902946,0.004885933609705351,0.4885933609705351,2.683819635184939,1.9768748815915835
0.88,5.0,1.9986522364584811,2.696996983519765,0.99504419707352,0.004955802926480013,0.4955802926480013,2.6836311979761303,2.013223438434313
0.89,5.0,2.027156555034514,2.696996983651938,0.9949736964739488,0.005026303526051157,0.5026303526051157,2.683441058203259,2.050006036051796
0.9,5.0,2.055922442371277,2.696996983787995,0.9949025539924469,0.00509744600755313,0.509744600755313,2.683249187280602,2.087227802193066
0.91,5.0,2.0849542666674616,2.6969969839280497,0.9948307589653549,0.005169241034645111,0.5169241034645111,2.683055556448415,2.1248939256326516
0.92,5.0,2.1142564239530626,2.69699698407222,0.9947583006645828,0.005241699335417183,0.5241699335417183,2.682860136773187,2.163009656170579
0.93,5.0,2.143833338089379,2.6969969842206267,0.9946851682977066,0.00531483170229341,0.531483170229341,2.682662899147901,2.201580304632372
0.9400000000000001,5.0,2.173689460769012,2.6969969843733943,0.994611351008066,0.005388648991934031,0.5388648991934031,2.6824638142923014,2.240611242869051
0.9500000000000001,5.0,2.203829271515866,2.6969969845306507,0.9945368378748644,0.0054631621251356455,0.5463162125135645,2.682262852753158,2.2801079037571337
0.96,5.0,2.234257277685151,2.696996984692528,0.9944616179132709,0.005538382086729077,0.5538382086729077,2.6820599849045443,2.3200757811986334
0.97,5.0,2.2649780144633787,2.6969969848591617,0.9943856800745243,0.005614319925475675,0.5614319925475675,2.6818551809481193,2.3605204301210634
0.98,5.0,2.2959960448683643,2.696996985030692,0.9943090132460383,0.005690986753961735,0.5690986753961735,2.6816484109134078,2.401447466477431
0.99,5.0,2.3273159597492272,2.696996985207263,0.9942316062515096,0.005768393748490364,0.5768393748490364,2.681439644658096,2.4428625672462427
1.0,5.0,2.3589423777863896,2.696996985389022,0.9941534478510279,0.005846552148972117,0.5846552148972117,2.6812288518683243,2.4847714704315007
1.01,5.0,2.390879953407891,2.696996985576122,0.9940745267216253,0.005925473278374671,0.5925473278374671,2.6810160020062335,2.527179985144517
1.02,5.0,2.423133374078931,2.69699698576872,0.9939948314640963,0.0060051685359037155,0.6005168535903715,2.6808010643283544,2.570093994262987
1.03,5.0,2.455707327570681,2.696996985966977,0.9939143506839841,0.006085649316015851,0.6085649316015851,2.68058400810403,2.6135194118818483
1.04,5.0,2.488606537604264,2.69699698617106,0.9938330729036164,0.0061669270963835565,0.6166927096383557,2.6803648023781768,2.6574622215468318
1.05,5.0,2.521835765909172,2.6969969863811394,0.9937509865571481,0.006249013442851892,0.6249013442851892,2.6801434159579127,2.7019284786514692
1.06,5.0,2.555399812223266,2.696996986597392,0.9936680799906948,0.006331920009305159,0.6331920009305159,2.6799198174129204,2.746924310437094
1.07,5.0,2.5893035142927765,2.6969969868199994,0.9935843414624673,0.006415658537532676,0.6415658537532676,2.679693975075808,2.7924559159928424
1.08,5.0,2.623551747872303,2.6969969870491477,0.9934997591429094,0.006500240857090556,0.6500240857090556,2.6794658570424805,2.8385295662556516
1.09,5.0,2.6581494267248145,2.6969969872850297,0.9934143211148382,0.006585678885161816,0.6585678885161816,2.6792354311725215,2.8851516040102596
1.1,5.0,2.693101502621648,2.6969969875278426,0.9933280153735866,0.006671984626413385,0.6671984626413385,2.6790026650895737,2.932328443889208
1.11,5.0,2.72841296534251,2.69699698777779,0.9932408298271496,0.006759170172850437,0.6759170172850437,2.678767526181735,2.9800665723728392
1.12,5.0,2.764088842675477,2.6969969880350826,0.993152752296331,0.006847247703668957,0.6847247703668957,2.678529981601957,3.0283725477892967
1.1300000000000001,5.0,2.8001342004169936,2.6969969882999356,0.9930637705148958,0.006936229485104195,0.6936229485104195,2.6782899982684523,3.0772530003145264
1.1400000000000001,5.0,2.8365541423718743,2.696996988572571,0.9929738721297227,0.007026127870277343,0.7026127870277343,2.678047542865107,3.126714631972276
1.1500000000000001,5.0,2.873353810353302,2.6969969888532175,0.9928830447009611,0.007116955299038885,0.7116955299038885,2.6778025818419064,3.176764216634095
1.16,5.0,2.910538384182828,2.6969969891421104,0.9927912757021902,0.007208724297809832,0.7208724297809832,2.677555081415362,3.227408600019333
1.17,5.0,2.948113095301483,2.6969969894394925,0.992698552486994,0.0073014475130059875,0.7301447513005987,2.677305007478365,3.278654719903742
1.18,5.0,2.986083225208242,2.696996989745613,0.9926048622929964,0.007395137707003618,0.7395137707003618,2.67705232561107,3.3305096098236926
1.19,5.0,3.0244540540582303,2.6969969900607285,0.9925101923688562,0.007489807631143819,0.7489807631143819,2.6767970014233997,3.3829803214659404
1.2,5.0,3.0632309083495777,2.6969969903851037,0.9924145298567556,0.007585470143244399,0.7585470143244399,2.6765390002381175,3.436073988799325
1.21,5.0,3.1024191633487463,2.6969969907190103,0.9923178617866009,0.007682138213399137,0.7682138213399137,2.6762782870751853,3.4897978315022646
1.22,5.0,3.1420242430905305,2.6969969910627287,0.9922201750762123,0.007779824923787704,0.7779824923787704,2.6760148266522785,3.5441591549627516
1.23,5.0,3.1820516203780578,2.696996991416547,0.9921214565315178,0.007878543468482158,0.7878543468482158,2.6757485833853063,3.599165350278356
1.24,5.0,3.222506816782788,2.696996991780762,0.9920216928467505,0.007978307153249542,0.7978307153249542,2.675479521388945,3.6548238942562232
1.25,5.0,3.2633954026445138,2.696996992155679,0.9919208706046482,0.008079129395351825,0.8079129395351825,2.6752076044771784,3.711142349413076
1.26,5.0,3.304722997071361,2.696996992541613,0.9918189762766594,0.008181023723340619,0.8181023723340619,2.674932796163852,3.7681283639752126
1.27,5.0,3.346495267939787,2.696996992938887,0.9917159962231504,0.008284003776849569,0.8284003776849569,2.6746550596632295,3.825789671878508
1.28,5.0,3.388717931894582,2.696996993347835,0.9916119166936175,0.008388083306382521,0.8388083306382521,2.6743743578905703,3.884134092768414
1.29,5.0,3.43139675434887,2.6969969937687996,0.9915067238269027,0.008493276173097253,0.8493276173097253,2.674090653462708,3.9431695319999562
1.3,5.0,3.4745375494841064,2.696996994202134,0.9914004036514138,0.008599596348586203,0.8599596348586203,2.673803908698645,4.002903980637741
1.31,5.0,3.5181461802500795,2.6969969946482015,0.9912929420853475,0.008707057914652538,0.8707057914652538,2.673514085620156,4.0633455154559455
1.32,5.0,3.5622285583649105,2.6969969951073764,0.9911843249369172,0.008815675063082784,0.8815675063082784,2.6732211459523993,4.124502298938328
1.33,5.0,3.606790644315053,2.696996995580044,0.9910745379045853,0.008925462095414671,0.8925462095414671,2.672925051124547,4.186382579278221
1.34,5.0,3.651838447355293,2.6969969960666007,0.9909635665772979,0.009036433422702106,0.9036433422702106,2.6726257622704175,4.248994690378533
1.35,5.0,3.6973780255087503,2.6969969965674543,0.990851396434726,0.009148603565274027,0.9148603565274027,2.6723232402291237,4.3123470518517495
1.36,5.0,3.743415522220646,2.6969969970830254,0.990738012757241,0.009261987242758951,0.9261987242758951,2.6720174453022834,4.376448234861198
1.37,5.0,3.789957117848388,2.6969969976137462,0.9906234007456689,0.009376599254331097,0.9376599254331097,2.671708337576988,4.4413068798497815
1.3800000000000001,5.0,3.8370090071526026,2.6969969981600617,0.9905075455769461,0.009492454423053909,0.9492454423053909,2.671395877075914,4.506931651520404
1.3900000000000001,5.0,3.8845774452241937,2.6969969987224305,0.9903904322912631,0.009609567708736888,0.9609567708736888,2.671080023452947,4.57333131816186
1.4000000000000001,5.0,3.9326687474844846,2.696996999301324,0.9902720457923421,0.00972795420765793,0.972795420765793,2.67076073599393,4.640514751649086
1.41,5.0,3.9812892896852157,2.696996999897228,0.9901523708477208,0.009847629152279214,0.9847629152279214,2.6704379736174304,4.708490927443151
1.42,5.0,4.03044550790855,2.6969970005106423,0.9900313920890412,0.009968607910958771,0.9968607910958771,2.6701116948755197,4.777268924591273
1.43,5.0,4.080143898567065,2.696997001142081,0.9899090940123434,0.010090905987656607,1.0090905987656607,2.6697818579545647,4.846857925726799
1.44,5.0,4.13039101840376,2.696997001792075,0.989785460978365,0.01021453902163505,1.021453902163505,2.669448420676037,4.91726721706922
1.45,5.0,4.1811934844920495,2.696997002461168,0.9896604772128458,0.01033952278715422,1.033952278715422,2.669111340497334,4.988506188424164
1.46,5.0,4.23255797423577,2.6969970031499217,0.9895341268068379,0.010465873193162056,1.0465873193162056,2.6687705745126165,5.060584333183398
1.47,5.0,4.284491225369177,2.6969970038589146,0.9894063937170215,0.010593606282978452,1.0593606282978452,2.6684260794536607,5.133511248324827
1.48,5.0,4.33700003595694,2.6969970045887406,0.9892772617660257,0.010722738233974294,1.0722738233974294,2.668077811690723,5.207296634412497
1.49,5.0,4.3900912643941545,2.6969970053400116,0.9891467146427559,0.010853285357244058,1.0853285357244058,2.6677257272334236,5.281950295596591
1.5,5.0,4.443771829406328,2.696997006113359,0.9890147359027265,0.010985264097273517,1.0985264097273517,2.6673697817316477,5.357482139613431
1.51,5.0,4.498048710049392,2.69699700690943,0.9888813089683994,0.01111869103160057,1.111869103160057,2.6670099304764525,5.433902177785479
1.52,5.0,4.552928945709692,2.696997007728893,0.9887464171295283,0.011253582870471734,1.1253582870471734,2.666646128401002,5.511220525021333
1.53,5.0,4.608419636103996,2.6969970085724357,0.9886100435435095,0.011389956456490546,1.1389956456490546,2.6662783300815103,5.589447399815733
1.54,5.0,4.664527941279489,2.6969970094407656,0.9884721712357384,0.011527828764261616,1.1527828764261616,2.665906489738207,5.668593124249557
1.55,5.0,4.721261081613775,2.6969970103346106,0.9883327830999723,0.0116672169000277,1.16672169000277,2.6655305612363103,5.748668123989819
1.56,5.0,4.778626337814876,2.6969970112547204,0.9881918618986995,0.011808138101300547,1.1808138101300547,2.66515049808703,5.829682928289675
1.57,5.0,4.836631065875146,2.696997012201867,0.988049390226787,0.01195060977321305,1.195060977321305,2.664766253349521,5.9116482030619295
1.58,5.0,4.895282728398673,2.6969970131768455,0.9879053504349598,0.01209464956504025,1.209464956504025,2.664377779424511,5.994574815739974
1.59,5.0,4.95458879250283,2.696997014180473,0.9877597248809565,0.012240275119043464,1.2240275119043464,2.6639850287316653,6.078473606132567
1.6,5.0,5.014556789034043,2.696997015213591,0.9876124957844532,0.012387504215546796,1.2387504215546796,2.6635879533183155,6.1633555214469435
1.61,5.0,5.075194320488611,2.6969970162770665,0.9874636452080294,0.012536354791970572,1.2536354791970572,2.663186504808131,6.249231634060757
1.62,5.0,5.136509061012706,2.6969970173717916,0.9873131550575979,0.012686844942402131,1.2686844942402131,2.662780634402275,6.336113141522077
1.6300000000000001,5.0,5.198508756402372,2.696997018498685,0.9871610070828417,0.012838992917158287,1.2838992917158287,2.6623702928805835,6.424011366549391
1.6400000000000001,5.0,5.261201224103525,2.6969970196586908,0.9870071828776599,0.012992817122340128,1.2992817122340128,2.661955430602769,6.512937757031606
1.6500000000000001,5.0,5.324594353211953,2.696997020852783,0.9868516638806197,0.013148336119380266,1.3148336119380266,2.6615359975096435,6.602903886028044
1.6600000000000001,5.0,5.388696104473319,2.6969970220819626,0.9866944313754178,0.013305568624582209,1.330556862458221,2.6611119431243573,6.693921451768448
1.67,5.0,5.453514510283156,2.696997023347261,0.9865354664913484,0.013464533508651622,1.3464533508651622,2.660683216553668,6.786002277652972
1.68,5.0,5.519057674686874,2.6969970246497392,0.9863747502037803,0.013625249796219707,1.3625249796219707,2.6602497664892253,6.879158312252198
1.69,5.0,5.585333773379748,2.6969970259904903,0.9862122633346416,0.013787736665358374,1.3787736665358374,2.6598115412088785,6.973401629307117
1.7,5.0,5.652351053706933,2.696997027370638,0.9860479865529133,0.013952013447086742,1.3952013447086742,2.65936848857801,7.06874442772914
1.71,5.0,5.7201178346634505,2.6969970287913405,0.98588190037513,0.014118099624869984,1.4118099624869984,2.658920556050886,7.165199031600098
1.72,5.0,5.7886425068942,2.69699703025379,0.9857139851658911,0.014286014834108851,1.428601483410885,2.658467690672037,7.262777890172237
1.73,5.0,5.85793353269395,2.696997031759212,0.9855442211383785,0.014455778861621527,1.4455778861621527,2.6580098390776508,7.361493577868222
1.74,5.0,5.927999446007342,2.69699703330887,0.9853725883548845,0.014627411645115496,1.4627411645115496,2.6575469474970057,7.461358794281135
1.75,5.0,5.998848852428891,2.6969970349040637,0.9851990667273484,0.01480093327265164,1.480093327265164,2.6570789617539092,7.5623863641744755
1.76,5.0,6.070490429202985,2.696997036546131,0.9850236360179004,0.014976363982099561,1.497636398209956,2.6566058272681725,7.6645892374821605
1.77,5.0,6.142932925223882,2.69699703823645,0.9848462758394179,0.015153724160582138,1.5153724160582138,2.656127489057108,7.767980489308526
1.78,5.0,6.216185161035715,2.6969970399764374,0.9846669656560868,0.015333034343913199,1.5333034343913199,2.6556438917370464,7.872573319928325
1.79,5.0,6.290256028832489,2.6969970417675535,0.9844856847839758,0.0155143152160242,1.55143152160242,2.655154979524887,7.978381054786727
1.8,5.0,6.365154515122801,2.6969970436113,0.9843024123361632,0.015697587663836776,1.5697587663836776,2.654660696090103,8.085417211018873
1.81,5.0,6.4408897100653775,2.696997045509224,0.9841171272005448,0.015882872799455217,1.5882872799455217,2.6541609844948946,8.193695495219508
1.82,5.0,6.517470738724128,2.6969970474629172,0.9839298082086452,0.016070191791354826,1.6070191791354826,2.6536557876494706,8.303229604520649
1.83,5.0,6.594906804638631,2.6969970494740187,0.9837404340296024,0.01625956597039757,1.6259565970397571,2.6531450480261283,8.414033379043776
1.84,5.0,6.673207191435507,2.6969970515442148,0.9835489831668658,0.016451016833134213,1.6451016833134213,2.6526287076503476,8.526120807043636
1.85,5.0,6.752381262828427,2.6969970536752426,0.9833554339588486,0.016644566041151387,1.6644566041151387,2.6521067081025542,8.639506024908238
1.86,5.0,6.832438462618105,2.6969970558688887,0.9831597645795913,0.01684023542040869,1.684023542040869,2.6515789905199076,8.754203317158858
1.87,5.0,6.913388314692302,2.696997058126994,0.9829619530394356,0.017038046960564435,1.7038046960564435,2.651045495598122,8.870227116450039
1.8800000000000001,5.0,6.995240423025826,2.6969970604514524,0.9827619771857095,0.017238022814290543,1.7238022814290543,2.650506163593316,8.987592003569583
1.8900000000000001,5.0,7.078004471680528,2.6969970628442135,0.9825598147034241,0.017440185296575872,1.7440185296575872,2.6499609343238895,9.106312707438567
1.9000000000000001,5.0,7.16169022480531,2.696997065307284,0.9823554431159809,0.017644556884019114,1.7644556884019114,2.649409747172437,9.226404105111325
1.9100000000000001,5.0,7.246307526636114,2.6969970678427306,0.9821488397858912,0.01785116021410882,1.7851160214108819,2.648852541087688,9.347881221775456
1.92,5.0,7.331866301495932,2.6969970704526793,0.9819399819155065,0.018060018084493534,1.8060018084493534,2.648289254586478,9.470759230751831
1.93,5.0,7.418376553794802,2.69699707313932,0.9817288465477612,0.018271153452238842,1.8271153452238842,2.6477198257557526,9.59505345349458
1.94,5.0,7.50584836802981,2.6969970759049056,0.9815154105669268,0.018484589433073184,1.8484589433073184,2.6471441922546046,9.720779359591104
1.95,5.0,7.594291908785079,2.6969970787517563,0.9812996506993785,0.018700349300621477,1.8700349300621477,2.646562291316343,9.847952566762062
1.96,5.0,7.6837174207317895,2.69699708168226,0.9810815435143732,0.018918456485626844,1.8918456485626844,2.645974059750592,9.976588840861382
1.97,5.0,7.774135228628159,2.6969970846988747,0.9808610654248405,0.019138934575159472,1.9138934575159472,2.6453794339454273,10.10670409587626
1.98,5.0,7.8655557373194585,2.6969970878041303,0.9806381926881859,0.01936180731181414,1.9361807311814139,2.6447783498695427,10.23831439392715
1.99,5.0,7.957989431737998,2.696997091000632,0.9804129014071061,0.01958709859289387,1.958709859289387,2.6441707430744548,10.371435945267777
2.0,5.0,8.051446876903139,2.696997094291061,0.9801851675304182,0.019814832469581822,1.9814832469581822,2.6435565486967345,10.50608510828513
2.0100000000000002,5.0,8.145938717921286,2.6969970976781767,0.9799549668538998,0.020045033146100177,2.0045033146100177,2.642935701460282,10.642278389499467
2.02,5.0,8.241475679985887,2.696997101164821,0.9797222750211443,0.020277724978855716,2.0277724978855716,2.6423081356786295,10.780032443564295
2.0300000000000002,5.0,8.338068575985787,2.6969971047539176,0.9794870675059029,0.020512932494097136,2.0512932494097136,2.641673785207325,10.9193641359484
2.04,5.0,8.435728324114583,2.696997108448478,0.9792493195701245,0.02075068042987549,2.075068042987549,2.641032583330765,11.060290530816937
2.05,5.0,8.534465923517509,2.6969971122516005,0.9790090063241897,0.020990993675810254,2.0990993675810254,2.640384462924649,11.202828724294527
2.06,5.0,8.634292454741932,2.696997116166475,0.978766102726727,0.02123389727327296,2.123389727327296,2.639729356455483,11.346995977459176
2.07,5.0,8.735219079958462,2.696997120196386,0.9785205835850029,0.021479416414997066,2.1479416414997066,2.6390671959816396,11.492809719878826
2.08,5.0,8.837257042960994,2.6969971243447133,0.9782724235558633,0.021727576444136698,2.17275764441367,2.6383979131558966,11.640287549611402
2.09,5.0,8.940417669166665,2.696997128614936,0.97802159714669,0.021978402853309986,2.1978402853309986,2.6377214392280166,11.789447233204761
2.1,5.0,9.044712365615892,2.696997133010637,0.9777680787163716,0.022231921283628386,2.2231921283628386,2.637037705047373,11.940306705696747
2.11,5.0,9.150152620972337,2.696997137535502,0.9775118424762881,0.022488157523711916,2.2488157523711916,2.636346641065604,12.092884070615133
2.12,5.0,9.256750005522939,2.6969971421933283,0.9772528624913106,0.022747137508689397,2.2747137508689397,2.6356481773393146,12.247197599977676
2.13,5.0,9.364516171177884,2.696997146988021,0.9769911126808161,0.023008887319183935,2.3008887319183935,2.634942243532813,12.403265734292066
2.14,5.0,9.473462851470636,2.696997151923603,0.9767265668197159,0.023273433180284075,2.3273433180284075,2.6342287689208925,12.56110708255598
2.15,5.0,9.583601861557906,2.6969971570042137,0.9764591985395009,0.023540801460499083,2.3540801460499083,2.633507682391647,12.720740422257018
2.16,5.0,9.69494509821968,2.696997162234115,0.9761889813293005,0.023811018670699458,2.3811018670699458,2.6327789124493353,12.882184699372774
2.17,5.0,9.807504539859192,2.6969971676176936,0.9759158885369578,0.024084111463042235,2.4084111463042235,2.63204238721728,13.045459028370766
2.18,5.0,9.921292246502956,2.6969971731594646,0.9756398933701192,0.02436010662988075,2.436010662988075,2.631298034440813,13.210582692208504
2.19,5.0,10.036320359800726,2.6969971788640774,0.9753609688973416,0.024639031102658415,2.4639031102658415,2.6305457814902633,13.377575142333423
2.2,5.0,10.15260110302554,2.6969971847363166,0.9750790880492128,0.02492091195078716,2.492091195078716,2.629785555363982,13.546455998682946
2.21,5.0,10.270146781073679,2.6969971907811074,0.9747942236194903,0.025205776380509692,2.5205776380509692,2.629017282691416,13.717245049684424
2.22,5.0,10.388969780464702,2.6969971970035207,0.9745063482662543,0.025493651733745737,2.5493651733745737,2.6282408897362246,13.889962252255197
2.23,5.0,10.509082569341414,2.6969972034087757,0.9742154345130779,0.025784565486922095,2.5784565486922095,2.627456302399436,14.064627731802533
2.24,5.0,10.630497697469902,2.6969972100022446,0.9739214547502135,0.026078545249786478,2.607854524978648,2.6266634462226532,14.241261782223688
2.25,5.0,10.753227794175533,2.6969972167894585,0.9736243812407908,0.02637561875920924,2.637561875920924,2.6258622464047714,14.41988486933074
2.2600000000000002,5.0,10.877285538390748,2.69699722377611,0.9733241861944955,0.026675813805504545,2.6675813805504545,2.625052628000696,14.60051770067952
2.27,5.0,11.002683753193136,2.6969972309680603,0.9730208415400284,0.026979158459971564,2.6979158459971564,2.6242345153076685,14.783181097554106
2.2800000000000002,5.0,11.12943536012623,2.696997238371341,0.9727143190370423,0.027285680962957692,2.7285680962957692,2.6234078321671626,14.96789602490673
2.29,5.0,11.257553352038059,2.696997245992162,0.9724045903431323,0.027595409656867687,2.7595409656867687,2.622572502145564,15.15468362860921
2.3000000000000003,5.0,11.387050793081176,2.696997253836916,0.972091627015087,0.027908372984913,2.7908372984913,2.6217284485375494,15.343565235453026
2.31,5.0,11.517940818712626,2.696997261912183,0.9717754005101557,0.02822459948984435,2.822459948984435,2.620875594369505,15.534562353149248
2.32,5.0,11.65023663569398,2.6969972702247365,0.971455882187332,0.02854411781266797,2.854411781266797,2.6200138624029976,15.727696670328603
2.33,5.0,11.783951522091325,2.696997278781549,0.9711330433086539,0.02886695669134609,2.886695669134609,2.6191431751382837,15.922990056541439
2.34,5.0,11.919098827275231,2.696997287589798,0.9708068550405202,0.029193144959479778,2.9193144959479778,2.618263454817865,16.120464562257705
2.35,5.0,12.05569197192081,2.696997296656871,0.9704772884550238,0.02952271154497621,2.952271154497621,2.6173746234300896,16.32014241886701
2.36,5.0,12.193744448007656,2.696997305990375,0.9701443145313016,0.029855685468698434,2.9855685468698434,2.6164766027127992,16.52204603867856
2.37,5.0,12.3332698188199,2.696997315598137,0.9698079041569013,0.030192095843098676,3.0192095843098676,2.6155693141570184,16.726198014921213
2.38,5.0,12.474281718946159,2.6969973254882174,0.9694680281291655,0.03053197187083445,3.053197187083445,2.614652679010695,16.93262112174342
2.39,5.0,12.616793854279583,2.696997335668911,0.9691246571566329,0.030875342843367126,3.0875342843367126,2.613726618282486,17.141338314213304
2.4,5.0,12.76082000201781,2.6969973461487577,0.9687777618604555,0.0312222381395445,3.12222381395445,2.6127910527455818,17.35237272831856
2.41,5.0,12.906374010663011,2.6969973569365475,0.9684273127758355,0.03157268722416451,3.157268722416451,2.6118459029415915,17.56574768096656
2.42,5.0,13.053469800021844,2.69699736804133,0.9680732803534776,0.031926719646522383,3.1926719646522383,2.6108910891844657,17.781486669984258
2.43,5.0,13.2021213612055,2.696997379472419,0.9677156349610595,0.0322843650389405,3.22843650389405,2.6099265315644655,17.999613374118276
2.44,5.0,13.352342756629657,2.6969973912394027,0.9673543468847203,0.03264565311527967,3.264565311527967,2.608952149952187,18.22015165303482
2.45,5.0,13.50414812001453,2.696997403352152,0.9669893863305669,0.03301061366943314,3.301061366943314,2.60796786400263,18.44312554731976
2.46,5.0,13.657551656384818,2.6969974158208263,0.9666207234261972,0.033379276573802796,3.3379276573802796,2.6069735931593114,18.668559278478554
2.47,5.0,13.812567626402062,2.6969974286558847,0.9662483282598738,0.033751671740126166,3.3751671740126166,2.605969256759927,18.896477249146994
2.48,5.0,13.969210273278367,2.6969974418680924,0.9658721710574837,0.034127828942516314,3.4127828942516314,2.604954774513614,19.1269040397297
2.49,5.0,14.127494054221117,2.6969974554685323,0.9654922216282377,0.03450777837176233,3.450777837176233,2.603930065006017,19.359864400729638
2.5,5.0,14.287433506557537,2.696997469468612,0.9651084496881057,0.03489155031189428,3.489155031189428,2.6028950465715965,19.595383260703038
2.5100000000000002,5.0,14.449043211564891,2.6969974838800748,0.9647208249482144,0.03527917505178557,3.527917505178557,2.6018496375320446,19.83348572742047
2.52,5.0,14.612337794470422,2.6969974987150094,0.9643293171163518,0.035670682883648164,3.5670682883648164,2.600793756200354,20.074197087866786
2.5300000000000002,5.0,14.77733192445141,2.6969975139858584,0.9639338958984871,0.0360661041015129,3.6066104101512897,2.5997273208849228,20.317542808241168
2.54,5.0,14.944040314635114,2.696997529705431,0.9635345310003041,0.03646546899969594,3.646546899969594,2.5986502498937014,20.56354853395708
2.5500000000000003,5.0,15.112477722098832,2.696997545886913,0.9631311921287505,0.036868807871249465,3.6868807871249465,2.597562461538377,20.812240089642327
2.56,5.0,15.282658947869841,2.6969975625438773,0.9627238489936016,0.03727615100639836,3.727615100639836,2.5964638741386032,21.06364347913899
2.57,5.0,15.454598836925447,2.6969975796902954,0.9623124713090381,0.037687528690961924,3.7687528690961924,2.5953544060262623,21.31778488550348
2.58,5.0,15.628312278192968,2.69699759734055,0.9618970287952395,0.03810297120476047,3.810297120476047,2.5942339755497748,21.574690671006525
2.59,5.0,15.803814204549703,2.6969976155094453,0.9614774911799919,0.03852250882000807,3.8522508820008072,2.593102501078442,21.834387377133122
2.6,5.0,15.981119592822997,2.6969976342122215,0.9610538282003106,0.0389461717996894,3.89461717996894,2.5919599010068364,22.096901724582626
2.61,5.0,16.160243463790167,2.696997653464566,0.9606260096040777,0.039373990395922265,3.9373990395922265,2.590806093759227,22.362260613268646
2.62,5.0,16.34120088217857,2.6969976732826284,0.9601940051516945,0.03980599484830549,3.9805994848305493,2.589640997794048,22.63049112231916
2.63,5.0,16.52400695666554,2.6969976936830315,0.959757784617748,0.04024221538225203,4.024221538225204,2.588464531608402,22.90162051007639
2.64,5.0,16.708676839878457,2.6969977146828867,0.9593173177926936,0.04068268220730642,4.068268220730642,2.587276613742611,23.175676214096935
2.65,5.0,16.895225728394674,2.6969977362998083,0.9588725744845519,0.041127425515448124,4.112742551544812,2.5860771627848056,23.452685851151635
2.66,5.0,17.083668862741582,2.6969977585519294,0.9584235245206195,0.04157647547938048,4.157647547938048,2.584866097375551,23.732677217225692
2.67,5.0,17.274021527396553,2.6969977814579136,0.9579701377491966,0.04202986225080341,4.202986225080341,2.583643336212515,24.015678287518575
2.68,5.0,17.466299015560278,2.696997805036975,0.9575123841251716,0.04248761587482841,4.248761587482841,2.5824087982813086,24.301717199926173
2.69,5.0,17.660516519346785,2.6969978293088914,0.9570502339728103,0.042949766027189695,4.29497660271897,2.581162403564236,24.59082217955608
2.7,5.0,17.856689501679366,2.6969978542940223,0.956583657102382,0.04341634289761798,4.341634289761798,2.579904070657853,24.883021699261416
2.71,5.0,18.054833466042414,2.696997880013324,0.9561126233604719,0.04388737663952813,4.3887376639528135,2.5786337182571706,25.178344407483525
2.72,5.0,18.254963911148778,2.6969979064883702,0.9556371027394523,0.04436289726054765,4.436289726054765,2.5773512654509148,25.476819109873592
2.73,5.0,18.457096330939706,2.696997933741368,0.9551570653790127,0.04484293462098732,4.484293462098732,2.576056631725666,25.778474769292536
2.74,5.0,18.661246214584917,2.6969979617951765,0.9546724815676951,0.04532751843230487,4.532751843230487,2.5747497369700167,26.08334050581112
2.75,5.0,18.867429046482513,2.696997990673328,0.9541833217444379,0.04581667825556213,4.581667825556213,2.5734305014787506,26.391445596709833
2.7600000000000002,5.0,19.075660306259067,2.6969980204000437,0.9536895565001234,0.046310443499876564,4.631044349987656,2.5720988459570284,26.702819476479014
2.77,5.0,19.285955468769554,2.6969980510002594,0.953191156579134,0.046808843420866,4.6808843420866,2.5707546915246073,27.017491736818727
2.7800000000000002,5.0,19.498330004097397,2.6969980824996416,0.9526880928809124,0.047311907119087615,4.731190711908761,2.569397959720061,27.33549212663889
2.79,5.0,19.712799377554433,2.696998114924612,0.9521803364615293,0.04781966353847067,4.781966353847067,2.5680285725050274,27.65685055205914
2.8000000000000003,5.0,19.92937904968095,2.696998148302368,0.9516678585352559,0.04833214146474407,4.833214146474408,2.566646452268465,27.981597076408974
2.81,5.0,20.148084476245632,2.6969981826609066,0.9511506304761421,0.04884936952385788,4.884936952385788,2.565251521830931,28.3097619202276
2.82,5.0,20.368931108245633,2.696998218029048,0.9506286238196003,0.04937137618039966,4.937137618039966,2.5638437044488684,28.641375461264072
2.83,5.0,20.59193439190652,2.696998254436458,0.9501018102639943,0.04989818973600568,4.989818973600569,2.5624229238189113,28.976468234477224
2.84,5.0,20.817109768682275,2.696998291913675,0.949570161672234,0.05042983832776604,5.042983832776605,2.560989104082207,29.315070932035642
2.85,5.0,21.044472675255335,2.696998330492134,0.9490336500733734,0.05096634992662663,5.096634992662663,2.559542169828744,29.657214403317752
2.86,5.0,21.274038543536545,2.696998370204195,0.9484922476642159,0.051507752335784085,5.1507752335784085,2.558082046101704,30.002929654911703
2.87,5.0,21.5058228006652,2.6969984110831677,0.9479459268109219,0.052054073189078065,5.205407318907806,2.5566086584018173,30.352247850615505
2.88,5.0,21.739840832675352,2.6969984531633413,0.9473946601361872,0.05260533986381277,5.260533986381278,2.5551219329225066,30.70520028587971
2.89,5.0,21.97610780014915,2.6969984964800116,0.9468384209544857,0.05316157904551433,5.316157904551433,2.553621797723756,31.061818220458825
2.9,5.0,22.214639153305356,2.6969985410695125,0.946277182060558,0.053722817939442,5.3722817939442,2.5521081794646943,31.42213321183027
2.91,5.0,22.455450345626463,2.696998586969245,0.945710916406279,0.05428908359372098,5.428908359372098,2.5505810052291245,31.786176977410868
2.92,5.0,22.69855675347677,2.6969986342177097,0.9451395972911958,0.05486040270880421,5.486040270880421,2.5490402030394312,32.153981344430186
2.93,5.0,22.943973676102438,2.6969986828545376,0.944563198363648,0.05543680163635201,5.543680163635201,2.5474857018596277,32.525578249930675
2.94,5.0,23.191716335631412,2.6969987329205254,0.9439816936218779,0.05601830637812211,5.601830637812211,2.5459174315983764,32.9009997407675
2.95,5.0,23.441799877073514,2.696998784457667,0.9433950574151301,0.05660494258486992,5.660494258486992,2.544335323111977,33.28027797360873
2.96,5.0,23.694239368320346,2.696998837509192,0.9428032644447409,0.05719673555525906,5.719673555525906,2.5427393082073375,33.66344521493516
2.97,5.0,23.94904980014538,2.6969988921195993,0.9422062897652155,0.05779371023478452,5.779371023478452,2.5411293196449045,34.05053384104044
2.98,5.0,24.20624608620389,2.696998948334695,0.941604108785294,0.05839589121470601,5.839589121470601,2.5395052911415656,34.44157633803099
2.99,5.0,24.465843063032995,2.6969990062016316,0.9409966972690064,0.059003302730993634,5.900330273099364,2.537867157373528,34.83660530182608
3.0,5.0,24.727855490051624,2.696999065768948,0.9403840313367143,0.05961596866328567,5.961596866328566,2.5362148539791556,35.23565343815773
3.0100000000000002,5.0,24.99229804956056,2.696999127086608,0.9397660874661408,0.060233912533859235,6.023391253385924,2.5345483175617782,35.638753562570834
3.02,5.0,25.259185346742377,2.6969991902060437,0.9391428424933872,0.0608571575066128,6.08571575066128,2.5328674856924676,36.045938600423014
3.0300000000000002,5.0,25.528531909661535,2.6969992551801996,0.938514273613937,0.06148572638606298,6.148572638606298,2.531172296912774,36.457241586884784
3.04,5.0,25.80035218926425,2.6969993220635753,0.9378803583836464,0.06211964161635364,6.211964161635364,2.529462690737437,36.87269566693938
3.0500000000000003,5.0,26.074660559378636,2.6969993909122714,0.9372410747197205,0.06275892528027949,6.275892528027949,2.527738607657049,37.29233409538291
3.06,5.0,26.351471316714573,2.696999461784037,0.9365964009016767,0.06340359909832327,6.340359909832327,2.5259999891406886,37.71619023682424
3.0700000000000003,5.0,26.630798677456617,2.6969995347383193,0.9359463155802191,0.06405368441978088,6.405368441978087,2.5242467776598954,38.14429756282598
3.08,5.0,26.912656510760293,2.6969996098363107,0.9352907983977358,0.06470920160226423,6.470920160226424,2.522478918362185,38.5766893951564
3.09,5.0,27.197058816435877,2.6969996871410022,0.9346298288772236,0.06537017112277643,6.537017112277644,2.5206963560745206,39.01339923516498
3.1,5.0,27.484019660756793,2.6969997667172367,0.9339633865739019,0.06603661342609812,6.603661342609812,2.518899035712254,39.45446079722227
3.11,5.0,27.773552938066125,2.6969998486317612,0.9332914516303434,0.06670854836965656,6.670854836965656,2.517086903776353,39.899907829879396
3.12,5.0,28.065672370776728,2.6969999329532848,0.932614004776559,0.06738599522344102,6.738599522344102,2.515259908353674,40.34977411586822
3.13,5.0,28.3603915093711,2.697000019752535,0.9319310273300458,0.06806897266995415,6.806897266995415,2.5134179991171335,40.80409347210118
3.14,5.0,28.657723732401518,2.6970001091023175,0.9312425011958005,0.06875749880419946,6.875749880419946,2.511561127325789,41.26289974967142
3.15,5.0,28.95768224648989,2.6970002010775778,0.9305484088662953,0.0694515911337047,6.945159113370469,2.5096892458248186,41.72622683385267
3.16,5.0,29.26028008632791,2.6970002957554637,0.9298487334214173,0.07015126657858273,7.015126657858273,2.5078023090454056,42.19410864409937
3.17,5.0,29.565530114676914,2.697000393215389,0.9291434585283708,0.07085654147162923,7.0856541471629235,2.5059002730045226,42.66657913404656
3.18,5.0,29.873445022368003,2.697000493539103,0.9284325684415417,0.07156743155845835,7.1567431558458345,2.5039830953046147,43.14367229150995
3.19,5.0,30.18403732830193,2.6970005968107538,0.9277160480023237,0.07228395199767634,7.228395199767634,2.5020507351331807,43.625422138485874
3.2,5.0,30.497319379449216,2.6970007031169656,0.9269938826389064,0.07300611736109364,7.300611736109364,2.5001031532622564,44.111862731151376
3.21,5.0,30.813303350850035,2.6970008125469054,0.9262660583660245,0.07373394163397551,7.373394163397551,2.4981403120477874,44.60302815986404
3.22,5.0,31.132001245614322,2.6970009251923615,0.925532561784667,0.07446743821533297,7.446743821533297,2.4961621754289034,45.09895254916221
3.23,5.0,31.453424894921664,2.6970010411478196,0.9247933800817488,0.07520661991825117,7.520661991825117,2.494168708927088,45.5996700577648
3.24,5.0,31.777585958021415,2.6970011605105406,0.9240485010297401,0.07595149897025988,7.595149897025988,2.4921598796452344,46.10521487857141
3.25,5.0,32.10449592223258,2.6970012833806445,0.9232979129862575,0.07670208701374248,7.670208701374248,2.4901356562666073,46.61562123866226
3.2600000000000002,5.0,32.43416604742979,2.697001409861192,0.9225416050209186,0.07745839497908136,7.745839497908136,2.4880960093970246,47.130923341786215
3.27,5.0,32.76660715094624,2.697001540058273,0.921779567407177,0.07822043259282296,7.822043259282296,2.486040912891405,47.65115506334461
3.2800000000000002,5.0,33.101830281318456,2.697001674081095,0.9210117900767345,0.0789882099232655,7.8988209923265496,2.483970339685379,48.17635059688456
3.29,5.0,33.439846298983895,2.6970018120420733,0.9202382635819376,0.07976173641806239,7.9761736418062394,2.4818842643909367,48.706544153701486
3.3000000000000003,5.0,33.78066578100188,2.6970019540569274,0.9194589793127813,0.08054102068721869,8.05410206872187,2.479782663881759,49.24176987611128
3.31,5.0,34.12429902105345,2.6970021002447764,0.9186739294951737,0.08132607050482632,8.132607050482632,2.477665517288605,49.78206183745008
3.3200000000000003,5.0,34.470756029441525,2.6970022507282403,0.9178831071891338,0.0821168928108662,8.21168928108662,2.4755328059945243,50.32745404207452
3.33,5.0,34.82004653309072,2.6970024056335418,0.9170865062869245,0.08291349371307555,8.291349371307554,2.4733845136298953,50.877980425361486
3.34,5.0,35.17217997554751,2.6970025650906115,0.9162841215111173,0.08371587848888273,8.371587848888273,2.471220626067281,51.4336748537083
3.35,5.0,35.52716551698015,2.6970027292332,0.9154759484125915,0.0845240515874085,8.45240515874085,2.4690411314161116,51.99457112453266
3.36,5.0,35.88501203417864,2.6970028981989858,0.9146619833684653,0.08533801663153473,8.533801663153472,2.4668460200171833,52.56070296627257
3.37,5.0,36.245728120554844,2.6970030721296943,0.91384222357996,0.08615777642003997,8.615777642003996,2.464635284436983,53.13210403838649
3.38,5.0,36.60932208614234,2.697003251171215,0.9130166670701969,0.08698333292980309,8.698333292980308,2.462408919461828,53.70880793135312
3.39,5.0,36.97580195759657,2.6970034354737233,0.9121853126819263,0.08781468731807374,8.781468731807374,2.460166922091828,54.29084816667168
3.4,5.0,37.345175478194705,2.697003625191809,0.9113481600751886,0.0886518399248114,8.86518399248114,2.4579092915346687,54.878258196861616
3.41,5.0,37.71745010783575,2.6970038204846034,0.9105052097249082,0.08949479027509177,8.949479027509177,2.4556360291992125,55.471071405462865
3.42,5.0,38.09263302304048,2.697004021515913,0.9096564629184187,0.09034353708158127,9.034353708158127,2.4533471386889163,56.06932110703562
3.43,5.0,38.47073111695147,2.697004228454358,0.9088019217529205,0.09119807824707948,9.119807824707948,2.4510426257950733,56.67304054716055
3.44,5.0,38.85175097241452,2.697004441473514,0.9079415891936231,0.09205841080637689,9.20584108063769,2.448722498653722,57.28226286978985
3.45,5.0,39.23569861368235,2.697004660752056,0.9070754696306235,0.09292453036937653,9.292453036937653,2.4463867692476513,57.897020722312064
3.46,5.0,39.6225801624653,2.697004886473909,0.9062035673953636,0.09379643260463644,9.379643260463643,2.444035449405384,58.517346947276394
3.47,5.0,40.01240149029231,2.6970051188284034,0.9053258875442552,0.09467411245574475,9.467411245574475,2.4416685529147237,59.143274349177695
3.48,5.0,40.4051680684426,2.6970053580104323,0.9044424361935579,0.09555756380644209,9.555756380644208,2.4392860964260343,59.77483553821786
3.49,5.0,40.80088496794579,2.6970056042206143,0.9035532205151529,0.09644677948484714,9.644677948484714,2.4368880994409516,60.412062930306064
3.5,5.0,41.19955685958179,2.6970058576654643,0.9026582487322253,0.09734175126777467,9.734175126777467,2.4344745843008613,61.05498874705853
3.5100000000000002,5.0,41.6011880138809,2.6970061185575647,0.9017575301148532,0.09824246988514684,9.824246988514684,2.4320455761751165,61.70364501579876
3.52,5.0,42.00578230112372,2.697006387115745,0.9008510749755041,0.0991489250244959,9.91489250244959,2.4296011030490194,62.3580635695573
3.5300000000000002,5.0,42.413343191341255,2.697006663565263,0.8999388946644403,0.10006110533555967,10.006110533555967,2.427141195711553,63.018276047071986
3.54,5.0,42.823873754314775,2.697006948137997,0.8990210015650322,0.10097899843496783,10.097899843496783,2.424665887742873,63.68431389278768
3.5500000000000003,5.0,43.23737665957597,2.697007241072638,0.8980974090889796,0.10190259091102039,10.190259091102039,2.4221752155015532,64.35620835685653
3.56,5.0,43.6538541764068,2.6970075426148905,0.897168131671444,0.10283186832855595,10.283186832855595,2.419669218111594,65.03399049513773
3.5700000000000003,5.0,44.073308173839656,2.6970078530176784,0.8962331847660889,0.10376681523391107,10.376681523391106,2.4171479374491858,65.71769116919776
3.58,5.0,44.495740120657175,2.6970081725413575,0.895292584840031,0.10470741515996895,10.470741515996895,2.4146114181292404,66.40734104631015
3.59,5.0,44.92115108539241,2.6970085014539342,0.8943463493687017,0.10565365063129828,10.565365063129828,2.4120597074916788,67.10297059945566
3.6,5.0,45.34954173632875,2.6970088400312884,0.8933944968306212,0.10660550316937878,10.660550316937877,2.4094928555874904,67.80461010732222
3.61,5.0,45.780912341499885,2.697009188557408,0.8924370467020827,0.10756295329791732,10.756295329791731,2.4069109151645534,68.51228965430482
3.62,5.0,46.21526269648202,2.6970095473246234,0.891474019611761,0.10852598038823902,10.852598038823903,2.404313942084778,69.22603900991422
3.63,5.0,46.65259210532339,2.697009916633856,0.8905054373765683,0.10949456262343171,10.94945626234317,2.4017019954209737,69.94588737486549
3.64,5.0,47.092899844451615,2.6970102967948684,0.8895313219691993,0.11046867803080074,11.046867803080074,2.399075134672482,70.67186411677243
3.65,5.0,47.53618472532587,2.6970106881265257,0.888551696482959,0.11144830351704105,11.144830351704105,2.396433422367497,71.40399832678072
3.66,5.0,47.98244505309634,2.6970110909570613,0.8875665852164623,0.11243341478353774,11.243341478353774,2.3937769242916844,72.14231876482776
3.67,5.0,48.431678626604096,2.6970115056243533,0.8865760136665211,0.11342398633347894,11.342398633347894,2.391105709469181,72.88685385964214
3.68,5.0,48.88388273838121,2.6970119324762076,0.8855800085209254,0.11441999147907456,11.441999147907456,2.3884198501433174,73.6376317087441
3.69,5.0,49.339054174650634,2.6970123718706502,0.884578597651123,0.11542140234887699,11.542140234887698,2.3857194217570687,74.39468007844515
3.7,5.0,49.797189215326334,2.697012824176226,0.8835718101047964,0.11642818989520365,11.642818989520364,2.383004502933237,75.15802640384838
3.71,5.0,50.258283634013125,2.697013289772309,0.8825596760983395,0.11744032390166048,11.744032390166048,2.380275175454366,75.92769778884822
3.72,5.0,50.722332698006866,2.6970137690494203,0.8815422270092351,0.11845777299076488,11.845777299076488,2.377531524242397,76.70372100613064
3.73,5.0,51.18933116829426,2.697014262409555,0.8805194953683348,0.11948050463166515,11.948050463166515,2.3747736373380635,77.48612249717291
3.74,5.0,51.65927329955306,2.6970147702665215,0.879491514852042,0.12050848514795798,12.050848514795797,2.372001605880035,78.27492837224395
3.75,5.0,52.13215284015183,2.6970152930462845,0.8784583202744009,0.12154167972559915,12.154167972559915,2.36921552408381,79.07016441040388
3.7600000000000002,5.0,52.60796303215022,2.6970158311873256,0.8774199475790908,0.12258005242090919,12.258005242090919,2.366415489220361,79.87185605950447
3.77,5.0,53.086696611298684,2.697016385141011,0.8763764338313312,0.12362356616866876,12.362356616866876,2.3636016015945476,80.68002843618878
3.7800000000000002,5.0,53.568345807038746,2.6970169553719674,0.8753278172096937,0.12467218279030634,12.467218279030634,2.360773964523278,81.49470632589144
3.79,5.0,54.052902337149185,2.6970175423584744,0.8742741370094623,0.12572586299053767,12.572586299053768,2.3579326843448363,82.31591416989286
3.8000000000000003,5.0,54.54035733977258,2.697018146592864,0.8732154337817442,0.12678456621825585,12.678456621825585,2.3550778707943234,83.14367568538839
3.81,5.0,55.03070175332845,2.6970187685819336,0.8721517485004237,0.12784825149957635,12.784825149957635,2.352209634757193,83.97801443744775
3.8200000000000003,5.0,55.52392605987906,2.697019408847372,0.8710831231133819,0.12891687688661813,12.891687688661813,2.3493280897561757,84.81895373388862
3.83,5.0,56.02002015933545,2.6970200679261964,0.8700096008066239,0.12999039919337607,12.999039919337607,2.346433352663924,85.6665164179966
3.84,5.0,56.5189733694576,2.6970207463712015,0.8689312259946067,0.1310687740053933,13.106877400539329,2.343525543677217,86.52072486852559
3.85,5.0,57.02077442585436,2.6970214447514245,0.8678480443104739,0.1321519556895261,13.215195568952609,2.3406047862909327,87.38160099969762
3.86,5.0,57.5254114819834,2.6970221636526226,0.8667601025962042,0.13323989740379583,13.323989740379583,2.3376712072717836,88.24916626120273
3.87,5.0,58.03287210915133,2.6970229036777624,0.8656674488926702,0.13433255110732978,13.433255110732977,2.3347249366318303,89.12344163819927
3.88,5.0,58.543143296513556,2.697023665447528,0.8645701324296154,0.13542986757038455,13.542986757038456,2.331766107601776,90.00444765131353
3.89,5.0,59.056211451074454,2.697024449600838,0.8634682036155468,0.13653179638445323,13.653179638445323,2.3287948566040444,90.89220435664014
3.9,5.0,59.57206239768717,2.697025256795386,0.8623617140275507,0.13763828597244931,13.763828597244931,2.325811323225664,91.78673134574169
3.91,5.0,60.090681379053805,2.6970260877081866,0.8612507164010298,0.1387492835989702,13.874928359897021,2.3228156501909423,92.68804774564904
3.92,5.0,60.612053055725276,2.6970269430361484,0.8601352646193675,0.1398647353806325,13.98647353806325,2.3198079833339613,93.59617221886108
3.93,5.0,61.13616150610143,2.6970278234966543,0.8590154137035197,0.14098458629648025,14.098458629648025,2.3167884715708817,94.51112296334497
3.94,5.0,61.66299022643091,2.6970287298281654,0.8578912198015388,0.14210878019846118,14.210878019846119,2.31375726687208,95.43291771253584
3.95,5.0,62.19252213081131,2.697029662790839,0.8567627401780311,0.1432372598219689,14.323725982196889,2.3107145242341107,96.3615737353371
3.96,5.0,62.724739551181216,2.697030623167167,0.855630033203568,0.144369966796432,14.4369966796432,2.307660401651563,97.2971078358275
3.97,5.0,63.259624308447385,2.697031611762631,0.8544931581929435,0.14550684180705653,14.550684180705654,2.3045950596812554,98.23953609764335
3.98,5.0,63.79715792506869,2.6970326294063787,0.8533521749445241,0.1466478250554759,14.664782505547592,2.3015186602002817,99.18887416150625
3.99,5.0,64.33732139117386,2.6970336769519174,0.8522071442289639,0.14779285577103607,14.779285577103607,2.2984313677245356,100.14513733717075
4.0,5.0,64.88009508826588,2.6970347552778318,0.8510581279405265,0.1489418720594735,14.89418720594735,2.2953333498172874,101.10834035814288
4.01,5.0,65.42545878922213,2.6970358652885196,0.8499051890858668,0.15009481091413324,15.009481091413324,2.2922247770594035,102.07849738168045
4.0200000000000005,5.0,65.97339165829442,2.6970370079149495,0.8487483917727632,0.15125160822723682,15.125160822723682,2.2891058230194385,103.0556219887929
4.03,5.0,66.5238722511087,2.6970381841154416,0.8475878011988034,0.1524121988011966,15.241219880119662,2.285976664223621,104.03972718424109
4.04,5.0,67.07687851466545,2.6970393948764726,0.8464234836400252,0.15357651635997482,15.357651635997483,2.2828374801257296,105.03082539653775
4.05,5.0,67.63238778733945,2.6970406412135004,0.8452555064395172,0.1547444935604828,15.47444935604828,2.2796884530768775,106.02892847794718
4.0600000000000005,5.0,68.19037679887987,2.6970419241718173,0.8440839379959826,0.15591606200401742,15.591606200401742,2.2765297682952097,107.03404770448537
4.07,5.0,68.75082167041008,2.6970432448274253,0.84290884775227,0.15709115224772996,15.709115224772995,2.2733616138355286,108.04619377591972
4.08,5.0,69.31369791442793,2.6970446042879397,0.8417303061838726,0.15826969381612743,15.826969381612743,2.2701841805588487,109.0653768157695
4.09,5.0,69.87898043480564,2.6970460036935155,0.8405483847874013,0.15945161521259865,15.945161521259866,2.2669976621019003,110.0916063713055
4.1,5.0,70.44664352678967,2.6970474442178043,0.8393631560690352,0.16063684393096478,16.063684393096477,2.2638022548465813,111.12489141355023
4.11,5.0,71.01666087700097,2.697048927068939,0.8381746935329514,0.16182530646704862,16.182530646704862,2.2605981578893832,112.16524033727784
4.12,5.0,71.58900556343465,2.697050453490546,0.8369830716697397,0.16301692833026027,16.301692833026028,2.2573855730107817,113.21266096101388
4.13,5.0,72.16365005546967,2.6970520247627863,0.8357883659447847,0.16421163405521533,16.421163405521533,2.254164704644562,114.2671605270272
4.14,5.0,72.74056645373017,2.6970536422034312,0.8345906522890486,0.1654093477109514,16.540934771095138,2.250935758505116,115.328745564368
4.15,5.0,73.31972658753304,2.6970553071689656,0.833390006889168,0.16660999311083202,16.660999311083202,2.247698941022011,116.39742203396054
4.16,5.0,73.90110164147293,2.697057021055725,0.832186506953348,0.16781349304665205,16.781349304665206,2.244454461406366,117.47319540069694
4.17,5.0,74.48466222879449,2.697058785301066,0.8309802305476914,0.16901976945230857,16.901976945230857,2.2412025312101567,118.55607048091939
4.18,5.0,75.07037839139215,2.6970606013845724,0.8297712565851897,0.1702287434148103,17.02287434148103,2.237943364297284,119.64605144241972
4.19,5.0,75.65821959981027,2.6970624708292927,0.8285596648147231,0.1714403351852769,17.144033518527692,2.234677176814688,120.74314180443962
4.2,5.0,76.24815475324286,2.6970643952030193,0.8273455358100785,0.17265446418992147,17.26544641899215,2.2314041871635273,121.84734443767023
4.21,5.0,76.84015217953399,2.6970663761196025,0.8261289509589823,0.1738710490410177,17.38710490410177,2.2281246159704313,122.95866156425275
4.22,5.0,77.4341796351775,2.6970684152403006,0.824909992452158,0.17509000754784199,17.5090007547842,2.2248386860588303,124.07709475777803
4.23,5.0,78.03020430531714,2.697070514275176,0.8236887432724084,0.17631125672759163,17.63112567275916,2.2215466224203877,125.20264494328677
4.24,5.0,78.62819280374636,2.697072674984524,0.8224652871837268,0.1775347128162732,17.75347128162732,2.218248652186529,126.33531239726913
4.25,5.0,79.22811117290858,2.6970748991803535,0.8212397087204412,0.17876029127955884,17.876029127955885,2.2149450046000867,127.47509674766535
4.26,5.0,79.82992488389709,2.6970771887279006,0.8200120931763947,0.17998790682360533,17.998790682360532,2.211635910987072,128.62199697386527
4.2700000000000005,5.0,80.43359883645503,2.697079545547195,0.8187825265941662,0.18121747340583383,18.121747340583383,2.2083216047285776,129.77601140670862
4.28,5.0,81.03909735897524,2.6970819716146677,0.8175510957543346,0.1824489042456654,18.24489042456654,2.2050023212328327,130.93713772848457
4.29,5.0,81.64638420850058,2.6970844689648072,0.8163178881647901,0.18368211183520988,18.368211183520987,2.2016782979074057,132.1053729729324
4.3,5.0,82.25542257132855,2.697087039691866,0.8150829920488712,0.18491700795112875,18.491700795112877,2.198349774128279,133.28071352523
4.3100000000000005,5.0,82.86617551809485,2.6970896859516125,0.8138464954141534,0.18615350458584656,18.615350458584658,2.1950169887293796,134.46315512303823
4.32,5.0,83.47860590256366,2.6970924099631413,0.8126084862533727,0.18739151374662733,18.739151374662733,2.191680180545609,135.65269287718928
4.33,5.0,84.09267588998429,2.697095214010729,0.8113690534906732,0.18863094650932677,18.863094650932677,2.18833959096611,136.8493212441469
4.34,5.0,84.70834718039092,2.6970981004457513,0.8101282865197567,0.18987171348024334,18.987171348024333,2.184995462689807,138.05303401286324
4.3500000000000005,5.0,85.3255810086027,2.69710107168865,0.8088862751952103,0.19111372480478972,19.111372480478973,2.181648039703242,139.2638243047791
4.36,5.0,85.94433814422356,2.6971041302309646,0.8076431098239114,0.1923568901760886,19.23568901760886,2.178297567258652,140.48168457382332
4.37,5.0,86.56457889164251,2.6971072786374166,0.8063988811565078,0.19360111884349218,19.36011188434922,2.1749442918522863,141.7066066064136
4.38,5.0,87.18626309003344,2.6971105195480596,0.8051536803789792,0.19484631962102084,19.484631962102085,2.171588461202981,142.93858152145597
4.39,5.0,87.80935011335511,2.6971138556804912,0.8039075991042804,0.19609240089571955,19.609240089571955,2.1682303242309926,144.17759977034493
4.4,5.0,88.43379887035132,2.69711728983213,0.802660729364072,0.19733927063592804,19.733927063592805,2.1648701310371066,145.42365113696357
4.41,5.0,89.05956780455062,2.6971208248825564,0.8014131636005374,0.19858683639946262,19.85868363994626,2.1615081328820205,146.67672473768312
4.42,5.0,89.68661489426663,2.697124463795929,0.8001649946582928,0.19983500534170717,19.983500534170716,2.1581445821660203,147.93680902136362
4.43,5.0,90.31489765259784,2.6971282096234637,0.7989163157763906,0.20108368422360945,20.108368422360947,2.15477973240895,149.2038917693534
4.44,5.0,90.94437312742771,2.6971320655059916,0.7976672205804195,0.2023327794195805,20.23327794195805,2.15141383823049,150.47796009548944
4.45,5.0,91.57499790142448,2.697136034676589,0.7964178030747052,0.20358219692529478,20.358219692529477,2.148047155330751,151.75900044609685
4.46,5.0,92.20672809204149,2.6971401204632857,0.7951681576346117,0.20483184236538832,20.483184236538833,2.1446799404711854,153.0469985999895
4.47,5.0,92.83951935326442,2.69714432629185,0.7939183789955008,0.20608162100449923,20.608162100449924,2.1413124514465376,154.3419396689927
4.48,5.0,93.47332752857872,2.6971486556886615,0.7926685609586905,0.20733143904130946,20.733143904130948,2.137944943596398,155.64380826588447
4.49,5.0,94.10810836398947,2.6971531122836607,0.7914187969588143,0.20858120304118566,20.858120304118565,2.1345776713372566,156.9525883450532
4.5,5.0,94.74381696119323,2.697157699813391,0.7901691811363242,0.20983081886367583,20.983081886367582,2.131210891057079,158.26826310965063
4.51,5.0,95.38040812447447,2.6971624221241255,0.788919807647276,0.21108019235272402,21.1080192352724,2.1278448592556263,159.59081513636056
4.5200000000000005,5.0,96.01783636070564,2.6971672831750895,0.7876707706588982,0.21232922934110177,21.232922934110178,2.1244798325344894,160.92022637539898
4.53,5.0,96.656055879347,2.6971722870417736,0.7864221643452749,0.2135778356547251,21.35778356547251,2.1211160675874865,162.2564781505136
4.54,5.0,97.29502059244689,2.6971774379193465,0.785174082883143,0.21482591711685695,21.482591711685693,2.117753821191428,163.59955115898458
4.55,5.0,97.9346841146416,2.6971827401261677,0.78392662044781,0.21607337955218997,21.607337955219,2.1143933501972705,164.9494254716241
4.5600000000000005,5.0,98.57499976315536,2.697188198107401,0.7826798712091871,0.21732012879081286,21.732012879081285,2.11103491152164,166.30608053277652
4.57,5.0,99.21592055780025,2.6971938164387366,0.7814339293279446,0.21856607067205536,21.856607067205537,2.107678762138757,167.66949516031795
4.58,5.0,99.85739922097638,2.6971995998302205,0.7801888889517862,0.21981111104821383,21.981111104821384,2.104325159072742,169.03964754565695
4.59,5.0,100.49938817767183,2.697205553130197,0.7789448442118468,0.22105515578815316,22.105515578815314,2.1009743593903294,170.41651525373405
4.6000000000000005,5.0,101.14183955546265,2.697211681329365,0.7777018892192137,0.22229811078078632,22.229811078078633,2.097626620193979,171.80007522302205
4.61,5.0,101.78470518451269,2.6972179895649577,0.7764601180615713,0.22353988193842866,22.353988193842866,2.094282198615401,173.1903037655254
4.62,5.0,102.42793659757386,2.6972244831250363,0.7752196247999732,0.2247803752000268,22.47803752000268,2.090941351809492,174.58717656678112
4.63,5.0,103.07148502998604,2.6972311674529204,0.7739805034657395,0.22601949653426046,22.601949653426047,2.087604336948696,175.99066868585805
4.64,5.0,103.715301419677,2.6972380481517377,0.7727428480574837,0.22725715194251628,22.725715194251627,2.0842714112177823,177.4007545553573
4.65,5.0,104.35933707664198,2.697245130989115,0.7715067512543649,0.22849324874563515,22.849324874563514,2.080942828346066,178.81740826556558
4.66,5.0,105.00354359750229,2.6972524219019998,0.7702723045872389,0.22972769541276106,22.972769541276104,2.077618839071965,180.2406033639516
4.67,5.0,105.64787198452225,2.69725992700163,0.7690396001291093,0.23096039987089068,23.096039987089068,2.074299695705604,181.6703125647142
4.68,5.0,106.29227315200302,2.6972676525786428,0.7678087295215867,0.23219127047841326,23.219127047841326,2.0709856495060803,183.10650805386052
4.69,5.0,106.93669792657607,2.697275605108338,0.766579783975162,0.23342021602483798,23.342021602483797,2.0676769506854242,184.5491614893525
4.7,5.0,107.58109704720304,2.69728379125609,0.7653528542701585,0.23464714572984147,23.464714572984146,2.064373848414483,185.99824400110626
4.71,5.0,108.225421165176,2.697292217882925,0.7641280307577966,0.23587196924220344,23.587196924220343,2.061076590829209,187.45372619099285
4.72,5.0,108.86962084411726,2.6973008920512553,0.7629054033613735,0.23709459663862653,23.709459663862653,2.0577854250373555,188.91557813283788
4.73,5.0,109.51364655997949,2.697309821030785,0.7616850615775546,0.23831493842244544,23.831493842244544,2.054500597125576,190.3837693724215
4.74,5.0,110.15744870104547,2.697319012304586,0.7604670944777783,0.23953290552222173,23.95329055222217,2.0512223521669393,191.85826892747826
4.75,5.0,110.80097756792841,2.6973284735753547,0.7592515907097713,0.24074840929022867,24.074840929022866,2.0479509342288473,193.33904528769756
4.76,5.0,111.44418337357182,2.6973382127718475,0.758038638499176,0.24196136150082403,24.196136150082403,2.044686586381372,194.82606641472321
4.7700000000000005,5.0,112.08701624324952,2.6973482380555103,0.7568283256512879,0.24317167434871212,24.317167434871212,2.0414295507060034,196.31929974215385
4.78,5.0,112.72942621456542,2.697358557827295,0.7556207395529039,0.24437926044709612,24.437926044709613,2.038180068304815,197.81871217554226
4.79,5.0,113.37136323745396,2.6973691807346807,0.7544159671742787,0.24558403282572128,24.55840328257213,2.034938379310046,199.32427009239615
4.8,5.0,114.01277717417977,2.6973801156788975,0.7532140950711915,0.24678590492880847,24.678590492880847,2.0317047228941068,200.8359393421778
4.8100000000000005,5.0,114.65361779933782,2.6973913718223614,0.7520152093871201,0.24798479061287992,24.798479061287992,2.0284793372800043,202.3536852463041
4.82,5.0,115.29383515930381,2.697402958596329,0.7508193951846662,0.24918060481533377,24.918060481533377,2.025262457942625,203.87747280669242
4.83,5.0,115.93338028212041,2.6974148857087705,0.74962673513049,0.25037326486950995,25.037326486950995,2.0220543140662497,205.40726692147814
4.84,5.0,116.5722037158271,2.6974271631524798,0.7484373122329021,0.2515626877670979,25.15626877670979,2.018855135933864,206.9430315404765
4.8500000000000005,5.0,117.2102560924561,2.6974398012134144,0.7472512087909585,0.2527487912090415,25.27487912090415,2.015665152097567,208.48473019405228
4.86,5.0,117.8474881788886,2.6974528104792834,0.7460685063052861,0.2539314936947139,25.39314936947139,2.0124845891432748,210.03232602848402
4.87,5.0,118.48385087685516,2.697466201848386,0.7448892854840453,0.2551107145159547,25.51107145159547,2.0093136717122055,211.5857818059652
4.88,5.0,119.11929522293545,2.697479986538703,0.743713626248965,0.256286373751035,25.6286373751035,2.006152622522708,213.14505990460336
4.89,5.0,119.75377238855835,2.6974941760972624,0.7425416077414442,0.2574583922585558,25.745839225855583,2.0030016623924434,214.71012231842047
4.9,5.0,120.38723368000191,2.697508782409769,0.7413733083287202,0.25862669167127983,25.862669167127983,1.9998610102609082,216.28093065735294
4.91,5.0,121.01963053839329,2.697523817710521,0.7402088056101012,0.25979119438989884,25.979119438989883,1.996730883212305,217.85744614725107
4.92,5.0,121.65091453970888,2.697539294592613,0.7390481764232604,0.2609518235767396,26.095182357673963,1.9936114964987588,219.43962962988005
4.93,5.0,122.2810373947743,2.697555226018438,0.7378914968505914,0.2621085031494086,26.21085031494086,1.9905030635638807,221.0274415629191
4.94,5.0,122.90995094926434,2.697571625330495,0.7367388422256212,0.26326115777437875,26.326115777437874,1.9874057960666762,222.62084201996205
4.95,5.0,123.53760718370283,2.6975885062625102,0.7355902871394806,0.2644097128605194,26.44097128605194,1.9843199039058024,224.2197906905166
4.96,5.0,124.16395821346293,2.6976058829508838,0.7344459054474285,0.2655540945525715,26.555409455257152,1.9812455952441717,225.8242468800052
4.97,5.0,124.78895628876693,2.6976237699464702,0.7333057702754296,0.26669422972457035,26.669422972457035,1.9781830765339048,227.43416950976453
4.98,5.0,125.41255379468636,2.6976421822267014,0.7321699540267839,0.26783004597321614,26.783004597321614,1.9751325525416368,229.04951711704578
4.99,5.0,126.03470326494441,2.6976611352080595,0.7310385283637233,0.2689614716362767,26.89614716362767,1.9720942263065109,230.67024786619032
5.0,5.0,126.65535831037967,2.6976806447589197,0.7299115625297566,0.27008843747024336,27.008843747024336,1.9690682946222644,232.2963201588541
5.01,5.0,127.27447299244236,2.69770072721276,0.7287891245045457,0.2712108754954543,27.12108754954543,1.9660549511606635,233.9276918476843
5.0200000000000005,5.0,127.89200135929445,2.6977213993817575,0.7276712818541018,0.2723287181458982,27.23287181458982,1.9630543887733647,235.56432021033447
5.03,5.0,128.50789779650418,2.697742678570781,0.7265581011020817,0.27344189889791826,27.344189889791824,1.9600667978044304,237.2061623110992
5.04,5.0,129.12211702704624,2.697764582591792,0.7254496477393424,0.2745503522606576,27.45503522606576,1.9570923661248896,238.85317500091497
5.05,5.0,129.73461411130174,2.6977871297786566,0.7243459862334973,0.27565401376650267,27.565401376650268,1.9541312791675571,240.5053149173595
5.0600000000000005,5.0,130.34534444705815,2.6978103390023964,0.7232471800384689,0.2767528199615311,27.67528199615311,1.951183719962109,242.16253848465212
5.07,5.0,130.95426376950923,2.6978342296868796,0.7221532916040367,0.27784670839596326,27.784670839596327,1.948249869170421,243.8248019136532
5.08,5.0,131.56132815125522,2.697858821824963,0.7210643823853768,0.27893561761462315,27.893561761462315,1.9453299051221573,245.49206120186494
5.09,5.0,132.16649400230273,2.6978841359951096,0.7199805128525921,0.2800194871474079,28.001948714740788,1.9424240038506313,247.16427213343087
5.1000000000000005,5.0,132.76971807006476,2.6979101933784833,0.7189017425002286,0.28109825749977135,28.109825749977134,1.9395323391289205,248.84139027913608
5.11,5.0,133.37095743936058,2.6979370157765405,0.7178281298567791,0.28217187014322087,28.217187014322086,1.9366550825062536,250.5233709964067
5.12,5.0,133.97016953241598,2.6979646256291328,0.7167597324941669,0.2832402675058331,28.324026750583307,1.9337924033446623,252.21016942931067
5.13,5.0,134.5673121088631,2.6979930460331314,0.7156966070372127,0.2843033929627873,28.430339296278728,1.9309444688559065,253.90174050855734
5.14,5.0,135.1623432657404,2.6980223007615955,0.7146388091730785,0.28536119082692146,28.536119082692146,1.9281114441386762,255.59803895149736
5.15,5.0,135.75522143749282,2.6980524142834903,0.7135863936606884,0.28641360633931157,28.641360633931157,1.9252934922160696,257.2990192621231
5.16,5.0,136.34590539597156,2.698083411783979,0.7125394143401237,0.2874605856598763,28.74605856598763,1.9224907740733592,259.0046357310678
5.17,5.0,136.9343542677151,2.698115319185302,0.7114979241114272,0.2885020758885728,28.85020758885728,1.919703448613583,260.7148424537502
5.18,5.0,137.52052836557564,2.6981481631682542,0.7104619734754932,0.2895380265245068,28.953802652450676,1.916931668733795,262.42959399195433
5.19,5.0,138.1043886752788,2.6981819711942934,0.7094316114596741,0.29056838854032585,29.056838854032584,1.9141755838358077,264.1488444604912
5.2,5.0,138.68589643241722,2.6982167715282754,0.7084068863760812,0.2915931136239188,29.159311362391882,1.9114353418860677,265.87254758296893
5.21,5.0,139.26501336332493,2.698252593261853,0.7073878454059939,0.29261215459400614,29.261215459400614,1.9087110883086378,267.600657045337
5.22,5.0,139.84170168507708,2.6982894663375485,0.7063745346108303,0.29362546538916967,29.362546538916966,1.9060029660294915,269.33312649588555
5.23,5.0,140.4159241054903,2.6983274215735182,0.7053669989430431,0.2946330010569569,29.463300105695687,1.903311115521032,271.0699095452459
5.24,5.0,140.98764382312214,2.698366490689033,0.704365282256939,0.29563471774306105,29.563471774306105,1.9006356748468465,272.81095976638966
5.25,5.0,141.55682452727171,2.6984067063306916,0.7033694273194184,0.2966305726805816,29.663057268058157,1.8979767797066966,274.5562306946299
5.26,5.0,142.1234303979792,2.698448102099387,0.7023794758206376,0.29762052417936236,29.762052417936236,1.895334563481762,276.3056758276204
5.2700000000000005,5.0,142.68742610602618,2.698490712578054,0.7013954683845841,0.2986045316154159,29.86045316154159,1.8927091572801342,278.0592486253559
5.28,5.0,143.2487768129353,2.698534573360205,0.7004174445795708,0.2995825554204292,29.95825554204292,1.8901006899825772,279.81690251017176
5.29,5.0,143.8074481709706,2.698579721079296,0.6994454429286414,0.3005545570713586,30.05545570713586,1.8875092882885578,281.57859086674443
5.3,5.0,144.36340632313733,2.698626193438928,0.6984795009198895,0.30152049908011047,30.152049908011048,1.8849350767625637,283.34426704209136
5.3100000000000005,5.0,144.91661790318204,2.6986740292439175,0.6975196550166857,0.30248034498331433,30.24803449833143,1.8823781778807065,285.1138843455709
5.32,5.0,145.46705003559245,2.6987232684322593,0.6965659406678145,0.3034340593321855,30.34340593321855,1.8798387120776356,286.88739604888184
5.33,5.0,146.01467033559757,2.698773952108002,0.6956183923175179,0.3043816076824821,30.438160768248213,1.8773167977937621,288.6647553860643
5.34,5.0,146.55944690916766,2.6988261225750656,0.6946770434154425,0.30532295658455755,30.532295658455755,1.8748125515228091,290.44591555349933
5.3500000000000005,5.0,147.10134835301434,2.6988798233720286,0.6937419264264922,0.30625807357350776,30.625807357350777,1.8723260878597021,292.23082970990873
5.36,5.0,147.64034392513528,2.6989350993079047,0.6928130725468784,0.3071869274531216,30.71869274531216,1.8698575187561237,294.01945119717783
5.37,5.0,148.17640421158927,2.6989919964989446,0.6918905105689718,0.3081094894310282,30.810948943102822,1.8674069504792232,295.81173387428845
5.38,5.0,148.70950031268166,2.6990505624064878,0.6909742682981571,0.3090257317018429,30.90257317018429,1.8649744874585523,297.60763101968627
5.39,5.0,149.2396038759242,2.6991108458758903,0.690064372505856,0.30993562749414405,30.993562749414405,1.8625602321830963,299.407095975025
5.4,5.0,149.7666871242345,2.699172897176565,0.689160848891038,0.310839151108962,31.0839151108962,1.860164285121884,301.2100822046473
5.41,5.0,150.29072285593594,2.6992367680431575,0.6882637220902365,0.31173627790976355,31.173627790976354,1.8577867447762038,303.01654329558403
5.42,5.0,150.81168444475782,2.6993025117178933,0.6873730156874351,0.31262698431256486,31.262698431256485,1.8554277077321966,304.82643295755565
5.43,5.0,151.3295458398353,2.6993701829941297,0.6864887522238292,0.3135112477761708,31.35112477761708,1.8530872687138495,306.6397050229712
5.44,5.0,151.84428156570945,2.699439838261141,0.6856109532074552,0.31438904679254476,31.438904679254478,1.8507655206363995,308.4563134469287
5.45,5.0,152.355866722327,2.699511535550171,0.6847396391226924,0.3152603608773076,31.52603608773076,1.8484625546601694,310.2762123072145
5.46,5.0,152.86427698504073,2.699585334581793,0.6838748294396312,0.3161251705603688,31.612517056036882,1.8461784602448532,312.0993558043045
5.47,5.0,153.36948860460916,2.699661296814604,0.683016542623311,0.316983457376689,31.698345737668898,1.843913325204275,313.9256982613629
5.48,5.0,153.87147840719678,2.6997394854952987,0.6821647961428244,0.31783520385717556,31.783520385717555,1.8416672357616342,315.75519412424336
5.49,5.0,154.37022379437371,2.699819965710152,0.6813196064802878,0.3186803935197122,31.868039351971223,1.8394402766052649,317.5877979614876
5.5,5.0,154.86570274311617,2.699902804437953,0.6804809891396767,0.3195190108603233,31.95190108603233,1.8372325309449253,319.42346446432674
5.51,5.0,155.35789380580613,2.6999880706044266,0.6796489586555273,0.3203510413444727,32.035104134447266,1.835044080568645,321.26214844668067
5.5200000000000005,5.0,155.84677611023145,2.700075835138188,0.6788235286015007,0.32117647139849925,32.11764713984992,1.8328750059001488,323.1038048451582
5.53,5.0,156.33232935958569,2.700166171028261,0.6780047115988115,0.3219952884011885,32.19952884011885,1.8307253860568833,324.94838871905654
5.54,5.0,156.8145338324684,2.700259153383213,0.6771925193245186,0.3228074806754814,32.28074806754814,1.82859529890867,326.79585525036225
5.55,5.0,157.29337039730748,2.70035485949194,0.6763869624954306,0.3236130375045694,32.36130375045694,1.8264848210715288,328.64615979774703
5.5600000000000005,5.0,157.76882093838066,2.700453368886152,0.6755880501608318,0.3244119498391682,32.44119498391682,1.8243940260360447,330.499258450969
5.57,5.0,158.2408683792299,2.7005547634046,0.6747957896754195,0.32520421032458047,32.520421032458046,1.8223229841333228,332.3551070455911
5.58,5.0,158.7094962439303,2.7006591272590903,0.6740101874465523,0.3259898125534477,32.598981255344775,1.8202717645931417,334.21366147725763
5.59,5.0,159.17468864248224,2.7007665471023357,0.6732312489663852,0.3267687510336148,32.67687510336148,1.818240435672337,336.0748778945959
5.6000000000000005,5.0,159.63643027081162,2.7008771120976856,0.6724589788192744,0.3275410211807256,32.75410211807256,1.8162290647175605,337.9387126992164
5.61,5.0,160.09470641076948,2.7009909139907915,0.6716933806890395,0.3283066193109605,32.83066193109605,1.8142377182288534,339.8051225457124
5.62,5.0,160.5495029301324,2.7011080471832516,0.6709344573660824,0.32906554263391763,32.90655426339176,1.8122664619240534,341.6740643416606
5.63,5.0,161.00080628260238,2.701228608808287,0.6701822107543639,0.3298177892456361,32.981778924563606,1.8103153608040725,343.54549524762086
5.64,5.0,161.44860350780667,2.701352698808502,0.6694366418782393,0.33056335812176074,33.05633581217607,1.8083844792190824,345.4193726771359
5.65,5.0,161.89288223129805,2.7014804200157845,0.6686977508891484,0.3313022491108516,33.13022491108516,1.806473880935627,347.295654296732
5.66,5.0,162.33363066455448,2.7016118782333907,0.6679655370721669,0.3320344629278331,33.20344629278331,1.8045836292047124,349.1742980259177
5.67,5.0,162.77083760497948,2.701747182320284,0.667239998852411,0.33276000114758897,33.276000114758894,1.802713786830891,351.05526203718557
5.68,5.0,163.20449243590184,2.701886444277772,0.6665211338013038,0.33347886619869616,33.34788661986961,1.800864416242394,352.93850475601084
5.69,5.0,163.63458512657587,2.702029779338502,0.6658089386426965,0.3341910613573035,33.419106135730345,1.7990355795623276,354.823984860852
5.7,5.0,164.06110623218103,2.7021773060578815,0.6651034092588503,0.33489659074114975,33.489659074114975,1.7972273386809927,356.7116612831504
5.71,5.0,164.48404689382238,2.7023291464079673,0.6644045406962737,0.33559545930372625,33.55954593037262,1.795439755329339,358.6014932073308
5.72,5.0,164.90339883853022,2.7024854258739013,0.6637123271714221,0.33628767282857785,33.62876728285779,1.7936728911536188,360.4934400708009
5.73,5.0,165.31915437926037,2.702646273552944,0.6630267620762526,0.33697323792374745,33.697323792374746,1.7919268077912582,362.38746156395183
5.74,5.0,165.73130641489382,2.7028118222561677,0.662347837983641,0.33765216201635895,33.765216201635894,1.7902015669479978,364.2835176301572
5.75,5.0,166.1398484302371,2.7029822086128816,0.6616755466526576,0.3383244533473424,33.83244533473424,1.7884972304763362,366.1815684657742
5.76,5.0,166.54477445686982,2.703157573177846,0.6610098790980329,0.3389901209019671,33.89901209019671,1.78681386062922,368.0815748122499
5.7700000000000005,5.0,166.94607959527255,2.7033380605413444,0.6603508247377831,0.33964917526221694,33.9649175262217,1.7851515178235158,369.98349784012925
5.78,5.0,167.34375990302442,2.7035238194421782,0.6596983715853281,0.34030162841467193,34.030162841467195,1.7835102612281515,371.8872986007039
5.79,5.0,167.73781197300386,2.7037150028836585,0.659052506948122,0.340947493051878,34.0947493051878,1.7818901507237241,373.79293848787086
5.8,5.0,168.12823293065085,2.703911768252655,0.6584132174361796,0.34158678256382036,34.15867825638203,1.7802912469987804,375.7003792433939
5.8100000000000005,5.0,168.51502043396718,2.7041142774417763,0.657780488965977,0.34221951103402304,34.221951103402304,1.778713611635531,377.609582956904
5.82,5.0,168.89817267351611,2.7043226969747542,0.6571543067642285,0.3428456932357715,34.28456932357715,1.7771573071972133,379.52051206589823
5.83,5.0,169.27768837242274,2.7045371981350974,0.6565346553715414,0.34346534462845857,34.34653446284586,1.7756223973171403,381.4331293557415
5.84,5.0,169.6535667863738,2.704757957098093,0.6559215186459498,0.34407848135405017,34.40784813540502,1.774108946789498,383.3473979596653
5.8500000000000005,5.0,170.02580770361772,2.704985155066227,0.6553148797663266,0.34468512023367337,34.46851202336734,1.772617021661923,385.2632813587681
5.86,5.0,170.3944114449645,2.7052189784080944,0.6547147212356752,0.3452852787643248,34.52852787643248,1.7711466893299137,387.18074338201507
5.87,5.0,170.75937886378588,2.705459618800877,0.6541210248843026,0.34587897511569743,34.58789751156974,1.7696980186331241,389.0997482062386
5.88,5.0,171.1207113460153,2.705707273376463,0.6535337718728722,0.3464662281271278,34.64662281271278,1.7682710799535846,391.0202603561379
5.89,5.0,171.47841081014784,2.7059621448712847,0.6529529426953405,0.34704705730465946,34.704705730465946,1.7668659453159008,392.94224470427923
5.9,5.0,171.83247970724028,2.706224441779945,0.6523785171817745,0.34762148281822547,34.76214828182255,1.7654826884894759,394.8656664710959
5.91,5.0,172.182921020911,2.7064943785127173,0.6518104745010542,0.3481895254989458,34.818952549894576,1.7641213850928101,396.79049122488743
5.92,5.0,172.52973826734012,2.7067721755569893,0.6512487931634593,0.3487512068365407,34.87512068365407,1.7627821126999206,398.71668488182115
5.93,5.0,172.87293549526942,2.7070580596427285,0.6506934510231401,0.34930654897685987,34.93065489768598,1.7614649509489326,400.6442137059309
5.94,5.0,173.21251728600237,2.707352263912047,0.6501444252804764,0.34985557471952355,34.985557471952355,1.7601699816528946,402.5730443091177
5.95,5.0,173.548488753404,2.7076550280929412,0.6496016924843223,0.3503983075156777,35.03983075156777,1.7588972889128598,404.503143651149
5.96,5.0,173.8808555439012,2.7079665986772845,0.6490652285341387,0.3509347714658613,35.093477146586125,1.757646959233286,406.43447903965966
5.97,5.0,174.2096238364824,2.7082872291031466,0.6485350086820162,0.3514649913179838,35.14649913179838,1.7564190816398026,408.36701813015134
5.98,5.0,174.53480034135043,2.7086171799415144,0.6480110075367571,0.3519889924632429,35.19889924632429,1.7552137478052705,410.3007289784154
5.99,5.0,174.85639248044228,2.7089567190874964,0.6474931987751237,0.3525068012248763,35.25068012248763,1.7540310513853272,412.2355803288781
6.0,5.0,175.17440850733408,2.7093061219560703,0.6469815549518381,0.35301844504816193,35.301844504816195,1.7528710876236726,414.1715409564288
6.01,5.0,175.488857162892,2.709665671682464,0.6464760480563813,0.35352395194361874,35.352395194361875,1.7517339549833193,416.1085799567122
6.0200000000000005,5.0,175.79974764215297,2.710035659327227,0.6459766495673022,0.35402335043269784,35.40233504326979,1.7506197554201168,418.04666683676726
6.03,5.0,176.10708959432452,2.710416384086071,0.64548333045305,0.35451666954695005,35.45166695469501,1.7495285945143901,419.98577151502684
6.04,5.0,176.4108931227851,2.7108081535045443,0.6449960611727197,0.3550039388272803,35.500393882728034,1.7484605816053242,421.9258643213186
6.05,5.0,176.71116878508383,2.711211283697609,0.6445148116767156,0.35548518832328435,35.54851883232843,1.747415829928151,423.86691599686463
6.0600000000000005,5.0,177.00792759294052,2.7116260995741825,0.6440395514073287,0.3559604485926713,35.59604485926713,1.746394456754161,425.8088976942813
6.07,5.0,177.30118101224576,2.7120529350667066,0.6435702492992336,0.35642975070076643,35.642975070076645,1.7453965835335985,427.7517809775789
6.08,5.0,177.5909409630609,2.7124921333658047,0.643106873779902,0.35689312622009794,35.689312622009794,1.74442233604146,429.6955378221626
6.09,5.0,177.87721981961798,2.712944047160082,0.6426493927699384,0.3573506072300616,35.735060723006164,1.7434718445262456,431.64014061483175
6.1000000000000005,5.0,178.16003041031985,2.713409038881115,0.6421977736833326,0.35780222631666736,35.78022263166674,1.7425452438616835,433.5855621537803
6.11,5.0,178.43938601774002,2.7138874809536935,0.6417519834276375,0.3582480165723625,35.82480165723625,1.7416426737014676,435.5317756485959
6.12,5.0,178.71530037862277,2.7143797560513407,0.6413119884040666,0.35868801159593344,35.868801159593346,1.7407642786370305,437.4787547202612
6.13,5.0,178.9877876838831,2.7148862573571706,0.6408777545075163,0.3591222454924837,35.91222454924837,1.7399102083583784,439.42647340115286
6.140000000000001,5.0,179.25686257860684,2.7154073888300987,0.6404492471265131,0.3595507528734869,35.95507528734869,1.7390806178180074,441.37490613504235
6.15,5.0,179.52254016205043,2.7159435654764486,0.6400264311430863,0.3599735688569137,35.99735688569137,1.7382756673979205,443.3240277770947
6.16,5.0,179.78483598764112,2.7164952136269744,0.639609270932567,0.36039072906743297,36.0390729067433,1.737495523079757,445.27381359387005
6.17,5.0,180.0437660629769,2.717062771219309,0.639197730363316,0.36080226963668405,36.0802269636684,1.736740356618044,447.2242392633225
6.18,5.0,180.2993468498265,2.7176466880858583,0.6387917727963802,0.3612082272036198,36.12082272036198,1.7360103457165768,449.17528087480065
6.19,5.0,180.55159526412933,2.7182474262471317,0.6383913610850799,0.3616086389149201,36.16086389149201,1.7353056742079216,451.1269149290476
6.2,5.0,180.80052867599562,2.7188654602105142,0.6379964575745264,0.3620035424254736,36.20035424254736,1.7346265322360426,453.07911833820026
6.21,5.0,181.04616490970628,2.7195012772744542,0.6376070241010737,0.3623929758989263,36.23929758989263,1.7339731164420338,455.0318684257905
6.22,5.0,181.2885223233289,2.720155377838046,0.6372230218655935,0.36277697813440646,36.277697813440646,1.733345629809905,456.9851429806133
6.23,5.0,181.52761967940864,2.7208282757159763,0.63684441163787,0.36315558836213,36.315558836213,1.7327442824160213,458.93892017719537
6.24,5.0,181.7634760367588,2.721520498458779,0.6364711539268122,0.3635288460731878,36.35288460731878,1.7321692920895322,460.89317855846804
6.25,5.0,181.9961108576797,2.7222325876783446,0.6361032088093889,0.36389679119061114,36.389679119061114,1.731620884147681,462.8478971253283
6.26,5.0,182.2255440080322,2.7229650993786163,0.6357405359294334,0.36425946407056664,36.425946407056664,1.7310992915961043,464.8030553366914
6.2700000000000005,5.0,182.45179575723756,2.7237186042913804,0.6353830944965135,0.36461690550348647,36.46169055034865,1.730604755332382,466.7586331094913
6.28,5.0,182.67488677827757,2.7244936882170565,0.6350308432847538,0.3649691567152462,36.49691567152462,1.7301375243524664,468.7146108186798
6.29,5.0,182.89483814769454,2.7252909523703726,0.6346837406316075,0.3653162593683925,36.53162593683925,1.729697855959904,470.6709692972277
6.3,5.0,183.11167134559122,2.7261110137307925,0.6343417444365842,0.3656582555634158,36.56582555634158,1.7292860159777759,472.62768983612415
6.3100000000000005,5.0,183.32540825563083,2.7269545053975426,0.6340048121599288,0.36599518784007123,36.599518784007124,1.7289022789632404,474.58475418437683
6.32,5.0,183.53607116503713,2.727822076949079,0.6336729008212579,0.36632709917874207,36.63270991787421,1.7285469284245916,476.54214454901154
6.33,5.0,183.74368276459435,2.7287143948067967,0.6333459669981518,0.3666540330018482,36.66540330018482,1.7282202570406873,478.4998435950728
6.34,5.0,183.94826614864718,2.7296321426027834,0.6330239668247039,0.36697603317529615,36.69760331752961,1.7279225668826297,480.45783444562363
6.3500000000000005,5.0,184.14984481510083,2.7305760215513715,0.6327068559900292,0.3672931440099708,36.72931440099708,1.7276541696375305,482.4161006817456
6.36,5.0,184.34844266542095,2.7315467508242515,0.6323945897367338,0.3676054102632662,36.76054102632662,1.7274153868342108,484.3746263425382
6.37,5.0,184.54408400463373,2.7325450679288497,0.6320871228593438,0.36791287714065624,36.791287714065625,1.7272065500706366,486.33339592512
6.38,5.0,184.73679354132582,2.733571729089675,0.6317844097026982,0.3682155902973018,36.821559029730174,1.7270280012429042,488.2923943846277
6.390000000000001,5.0,184.92659638764437,2.734627509632294,0.6314864041603055,0.36851359583969445,36.85135958396945,1.7268800927755485,490.2516071342167
6.4,5.0,185.11351805929698,2.735713204369573,0.6311930596726645,0.3688069403273355,36.88069403273355,1.72676318785294,492.21102004506054
6.41,5.0,185.2975845615081,2.7368296279897906,0.6309043290907503,0.36909567090924966,36.909567090924966,1.7266776602825866,494.17061951579404
6.42,5.0,185.4788222962611,2.7379776154461903,0.6306201648199767,0.36937983518002326,36.937983518002326,1.7266238951260835,496.13039253982555
6.43,5.0,185.65725747880225,2.739158022347516,0.6303405197326437,0.3696594802673563,36.96594802673563,1.7266022914363737,498.090326298415
6.44,5.0,185.83291669736568,2.7403717253490227,0.6300653462874773,0.36993465371252265,36.99346537125226,1.7266132600884438,500.05040846947935
6.45,5.0,186.0058269585943,2.741619622543434,0.6297945964566423,0.37020540354335774,37.02054035433577,1.726657223817354,502.01062725722494
6.46,5.0,186.17601568754006,2.742902633851263,0.6295282217239891,0.37047177827601085,37.04717782760108,1.7267346174504317,503.97097139214856
6.47,5.0,186.34351072766376,2.7442217014098755,0.6292661730832728,0.3707338269167272,37.07338269167272,1.7268458881382602,505.93143013103685
6.48,5.0,186.50834034083516,2.7455777899606426,0.6290084010363417,0.3709915989636583,37.09915989636583,1.7269914955840366,507.8919932569663
6.49,5.0,186.67053320733294,2.74697188723346,0.6287548555913023,0.3712451444086977,37.124514440869774,1.727171912270841,509.8526510793031
6.5,5.0,186.83011842584466,2.748405004327884,0.6285054862606577,0.3714945137393423,37.14945137393423,1.7273876236863217,511.81339443370354
6.51,5.0,186.98712551346685,2.749878176090077,0.6282602420594233,0.3717397579405767,37.17397579405767,1.7276391285442774,513.774214682114
6.5200000000000005,5.0,187.14158440570495,2.751392461484701,0.6280190715032203,0.37198092849677966,37.19809284967796,1.727926939002582,515.7351037127706
6.53,5.0,187.29352545647325,2.75294894396084,0.6277819226063496,0.3722180773936504,37.22180773936504,1.728251580876856,517.6960539401992
6.54,5.0,187.44297943809505,2.7545487318109907,0.6275487428798454,0.3724512571201546,37.24512571201546,1.7286135938492597,519.657058305216
6.55,5.0,187.58997754130257,2.7561929585220795,0.6273194793295143,0.37268052067048574,37.26805206704857,1.7290135316717443,521.6181102749266
6.5600000000000005,5.0,187.73455137523686,2.7578827831174255,0.627094078453956,0.37290592154604396,37.2905921546044,1.7294519623630535,523.5792038427272
6.57,5.0,187.876732967448,2.7596193904884823,0.6268724862425722,0.3731275137574278,37.31275137574278,1.7299294683987265,525.5403335283031
6.58,5.0,188.01655476389487,2.761403991715153,0.626654648173562,0.373345351826438,37.334535182643805,1.730446646893329,527.5014943776301
6.59,5.0,188.15404962894542,2.763237824373375,0.6264405092119072,0.3735594907880928,37.35594907880928,1.7310041097740596,529.4626819629738
6.6000000000000005,5.0,188.28925085814404,2.7651221528286256,0.6262300137874741,0.3737699862125259,37.37699862125259,1.7316024838899202,531.4238924002148
6.61,5.0,188.42219211487318,2.7670582685139147,0.6260231058915782,0.37397689410842183,37.39768941084218,1.7322424114380532,533.3851225974506
6.62,5.0,188.55290670577972,2.769047490190758,0.6258197302019823,0.37418026979801766,37.418026979801766,1.7329245532276565,535.3463697289558
6.63,5.0,188.68142826264184,2.771091164191551,0.6256198310185451,0.3743801689814549,37.438016898145484,1.7336495858785017,537.3076314663632
6.640000000000001,5.0,188.80779093019865,2.773190664641683,0.6254233519690124,0.37457664803098756,37.45766480309876,1.734418201129375,539.268906123165
6.65,5.0,188.93202936615018,2.775347393659645,0.6252302360072775,0.37476976399272255,37.47697639927225,1.735231105940002,541.2301926547115
6.66,5.0,189.05417874115736,2.7775627815333186,0.6250404254116264,0.3749595745883736,37.49595745883736,1.7360890225770857,543.1914906582123
6.67,5.0,189.1742747388421,2.779838286870533,0.6248538617829754,0.3751461382170246,37.51461382170246,1.7369926886832232,545.1528003727359
6.68,5.0,189.29235355578714,2.7821753967218954,0.624670486043098,0.37532951395690195,37.5329513956902,1.7379428573274156,547.1141226792095
6.69,5.0,189.40845190153627,2.7845756266738264,0.6244902384328482,0.37550976156715177,37.55097615671518,1.7389402970358356,549.0754591004192
6.7,5.0,189.52260699859409,2.7870405209096236,0.6243130585103789,0.3756869414896211,37.56869414896211,1.7399857918014467,551.0368118010094
6.71,5.0,189.63485658242618,2.7895716522363068,0.6241388851493604,0.37586111485063955,37.58611148506395,1.741080141071028,552.9981835874842
6.72,5.0,189.745238901459,2.792170622074899,0.6239676565372002,0.3760323434627998,37.603234346279976,1.7422241597080914,554.9595779082058
6.73,5.0,189.85379271708,2.7948390604117135,0.623799310173266,0.37620068982673405,37.6200689826734,1.7434186779301257,556.920998853396
6.74,5.0,189.96055730363753,2.797578625708115,0.623633782867116,0.376366217132884,37.6366217132884,1.7446645412185395,558.8824511551345
6.75,5.0,190.0655724484408,2.800391004766166,0.6234710107367386,0.3765289892632614,37.65289892632614,1.7459626101996324,560.8439401873603
6.76,5.0,190.16887845176004,2.803277912547436,0.6233109292068022,0.3766890707931978,37.66890707931978,1.747313760494847,562.8054719658713
6.7700000000000005,5.0,190.2705161268263,2.8062410919422054,0.6231534730069206,0.3768465269930794,37.68465269930794,1.7487188825385185,564.7670531483244
6.78,5.0,190.37052686119455,2.8092823134861904,0.6229985760749068,0.37700142392509317,37.70014239250932,1.7501788810943166,566.7286912213409
6.79,5.0,190.46895194874247,2.812403375021833,0.622846172589412,0.377153827410588,37.715382741058804,1.7516946779098934,568.6903944801186
6.8,5.0,190.565832583756,2.815606101301129,0.6226961969762681,0.3773038030237319,37.73038030237319,1.7532672114633903,570.6521715249017
6.8100000000000005,5.0,190.66121064017446,2.8188923435268864,0.6225485826998697,0.3774514173001303,37.74514173001303,1.7548974332461773,572.6140317604729
6.82,5.0,190.75512868774584,2.8222639788292256,0.6224032622369214,0.37759673776307856,37.75967377630786,1.7565863073170638,574.5759854128304
6.83,5.0,190.847629992027,2.825722909674087,0.622260167075222,0.377739832924778,37.773983292477794,1.75833480988208,576.5380435291884
6.84,5.0,190.93875851438352,2.8292710632004265,0.6221192277124631,0.3778807722875369,37.78807722875369,1.7601439288274687,578.500217977977
6.8500000000000005,5.0,191.0285589119898,2.8329103904827364,0.6219803736550473,0.3780196263449527,37.80196263449527,1.7620146632037184,580.4625214488424
6.86,5.0,191.11707653782892,2.836642865715484,0.6218435334169307,0.37815646658306934,37.81564665830693,1.7639480226584445,582.4249674526459
6.87,5.0,191.2043574406928,2.840470485316006,0.62170863451849,0.37829136548151,37.829136548151,1.7659450268158867,584.3875703214652
6.88,5.0,191.2904483651822,2.8443952669423855,0.6215756034854236,0.3784243965145764,37.84243965145764,1.768006704600796,586.3503452085939
6.890000000000001,5.0,191.37539675170646,2.8484192484228013,0.621444365847687,0.37855563415231297,37.855563415231295,1.770134093504453,588.3133080885412
6.9,5.0,191.4592507364839,2.8525444865928313,0.6213148461384677,0.37868515386153234,37.868515386153234,1.7723282387905592,590.2764757570319
6.91,5.0,191.5420591515415,2.856773056037215,0.6211869678932049,0.37881303210679507,37.881303210679505,1.7745901926387624,592.239865831007
6.92,5.0,191.62387152471504,2.8611070477325624,0.6210606536486583,0.37893934635134174,37.89393463513417,1.776921013223568,594.2034967486234
6.93,5.0,191.70473807964905,2.865548567587558,0.6209358249420273,0.37906417505797274,37.90641750579727,1.7793217637264247,596.1673877692534
6.94,5.0,191.78470982459396,2.870099734877236,0.6208124021731013,0.3791875978268987,37.91875978268987,1.781793510885518,598.1315592833387
6.95,5.0,191.86383760879752,2.874762680567981,0.6206903060595015,0.3793096939404985,37.93096939404985,1.784337328050173,600.0960326051331
6.96,5.0,191.94217244349656,2.879539545529979,0.6205694571395493,0.37943054286045075,37.943054286045076,1.7869542925814033,602.0608295709657
6.97,5.0,192.01976629761475,2.88443247863395,0.6204497745436865,0.37955022545631345,37.955022545631344,1.7896454810549214,604.025973085065
6.98,5.0,192.0966721016121,2.889443634729125,0.6203311759884151,0.37966882401158486,37.966882401158486,1.7924119678837587,605.9914871237631
6.99,5.0,192.17294374748494,2.8945751724995574,0.6202135777762406,0.37978642222375936,37.97864222237594,1.7952548238782295,607.9573967354946
7.0,5.0,192.24863608876572,2.899829252196058,0.6200968947956911,0.3799031052043089,37.990310520430896,1.7981751147244864,609.9237280407971
7.01,5.0,192.32380494052336,2.905208033241197,0.6199810405214119,0.3800189594785881,38.00189594785881,1.801173899380042,611.8905082323108
7.0200000000000005,5.0,192.39850707936296,2.910713671705086,0.6198659270143492,0.38013407298565083,38.013407298565085,1.8042522283848133,613.8577655747795
7.03,5.0,192.4728002434259,2.9163483176498524,0.6197514649220248,0.3802485350779752,38.024853507797516,1.8074111420863785,615.8255294050487
7.04,5.0,192.5467431323899,2.922114112341047,0.619637563478912,0.38036243652108803,38.0362436521088,1.8106516687783498,617.7938301320676
7.05,5.0,192.62039540746898,2.92801318532449,0.6195241305069182,0.38047586949308176,38.047586949308176,1.8139748227509467,619.7626992368881
7.0600000000000005,5.0,192.69381769141333,2.93404765136743,0.6194110724159837,0.3805889275840163,38.05889275840163,1.817381602253098,621.7321692726651
7.07,5.0,192.76707156850952,2.9402196072632454,0.6192982942048016,0.38070170579519835,38.07017057951983,1.8208729873656397,623.7022738646558
7.08,5.0,192.84021960037583,2.9465311284993474,0.6191856994373577,0.3808143005626423,38.08143005626423,1.8244499377138153,625.6730477344769
7.09,5.0,192.9133252412364,2.9529842657883396,0.6190731903743211,0.38092680962567893,38.09268096256789,1.8281133905467595,627.6445272283216
7.1000000000000005,5.0,192.98645166697665,2.9595810414630197,0.6189606697756667,0.38103933022433334,38.10393302243333,1.8318642636793157,629.6167494712611
7.11,5.0,193.0596629776991,2.9663234457362635,0.6188480390503436,0.3811519609496564,38.11519609496564,1.835703447582945,631.5897526855802
7.12,5.0,193.13302455956241,2.9732134328274236,0.6187351977011527,0.3812648022988473,38.12648022988473,1.839631801168199,633.5635764823887
7.13,5.0,193.2066030847812,2.980252916957416,0.6186220433268087,0.3813779566731913,38.13779566731913,1.8436501491188786,635.5382618616217
7.140000000000001,5.0,193.28046651162614,2.987443768215307,0.6185084716241798,0.38149152837582023,38.14915283758202,1.84775927914203,637.5138512120385
7.15,5.0,193.35468408442406,2.9947878082998542,0.618394376390713,0.38160562360928696,38.160562360928694,1.8519599391360986,639.4903883112232
7.16,5.0,193.4293263335577,3.0022868061401398,0.6182796495270613,0.38172035047293873,38.172035047293875,1.8562528342800457,641.4679183255851
7.17,5.0,193.50446507546587,3.0099424734001503,0.6181641810399188,0.38183581896008123,38.18358189600812,1.8606386240466715,643.4464878103579
7.18,5.0,193.58017341264355,3.0177564598728983,0.6180478590450803,0.3819521409549197,38.19521409549197,1.8651179191439056,645.4261447096003
7.19,5.0,193.6565257336416,3.025730348770474,0.6179305697707355,0.38206943022926454,38.20694302292645,1.8696912783883453,647.4069383561958
7.2,5.0,193.733597713067,3.0338656519171967,0.6178121975610086,0.3821878024389914,38.21878024389914,1.8743592055158251,649.3889194718525
7.21,5.0,193.81146631158285,3.042163804853887,0.617692624879759,0.38230737512024104,38.230737512024106,1.8791221459343923,651.3721401671035
7.22,5.0,193.8902098088315,3.0506261618621164,0.6175717322641113,0.38242826773588867,38.24282677358887,1.8839804832714044,653.3566540535153
7.23,5.0,193.96990722092934,3.059253990918161,0.6174493992229013,0.3825506007770987,38.25506007770987,1.8889345387626817,655.3425166621316
7.24,5.0,194.05063776975584,3.06804846858727,0.6173255050548655,0.3826744949451345,38.26744949451345,1.893984570403443,657.3297845254874
7.25,5.0,194.13248217819535,3.0770106748697734,0.6171999268647432,0.38280007313525677,38.28000731352568,1.8991307634916583,659.3185158034187
7.26,5.0,194.21552278456164,3.0861415880114054,0.6170725393933187,0.38292746060668126,38.29274606066812,1.9043732266415272,661.3087703987767
7.2700000000000005,5.0,194.299843542598,3.095442079291165,0.6169432150235054,0.38305678497649465,38.30567849764947,1.9097119883169358,663.3006099574279
7.28,5.0,194.3855300214771,3.104912907800906,0.616811823786796,0.383188176213204,38.3188176213204,1.9151469933598408,665.2940978682536
7.29,5.0,194.47266940580116,3.1145547152317383,0.6166782333700994,0.3833217666299006,38.33217666299006,1.9206780995236215,667.2892992631506
7.3,5.0,194.5613504956017,3.1243680206831668,0.6165423091229802,0.38345769087701975,38.345769087701974,1.926305074021995,669.2862810170307
7.3100000000000005,5.0,194.65166370633978,3.1343532155117684,0.6164039140653181,0.38359608593468186,38.35960859346819,1.9320275901046697,671.2851117478209
7.32,5.0,194.74370106890592,3.1445105582369703,0.6162629088954085,0.38373709110459153,38.37370911045915,1.93784522367144,673.2858618164631
7.33,5.0,194.83755622962002,3.1548401695223065,0.6161191519985182,0.3838808480014818,38.38808480014818,1.9437574499369448,675.2886033269148
7.34,5.0,194.9333244502315,3.1653420272511927,0.6159724994559209,0.3840275005440791,38.40275005440791,1.949763640158789,677.2934101261483
7.3500000000000005,5.0,195.03110259417411,3.1760159617169763,0.615822805075466,0.38417719492453395,38.417719492453394,1.9558630585090024,679.3003578947822
7.36,5.0,195.13098832548334,3.1868616509475696,0.6156699216275691,0.38433007837243094,38.433007837243096,1.9620548628767955,681.309524509054
7.37,5.0,195.2330799563425,3.1978786161855446,0.6155137010874627,0.38448629891253727,38.44862989125373,1.9683381026768183,683.3209893082836
7.38,5.0,195.33747757834476,3.2090662175449602,0.6153539929139509,0.3846460070860491,38.46460070860491,1.9747117104915606,685.3348336079026
7.390000000000001,5.0,195.44428313647427,3.2204236498665977,0.6151906439481513,0.38480935605184874,38.480935605184875,1.981174498947288,687.3511407966133
7.4,5.0,195.55360042910618,3.2319499387934982,0.6150234984261282,0.38497650157387175,38.49765015738718,1.9877251580948883,689.3699963363874
7.41,5.0,195.66553510800665,3.243643937088879,0.614852397992163,0.38514760200783704,38.514760200783705,1.9943622529518379,691.3914877624677
7.42,5.0,195.78019467833283,3.255504321218515,0.6146771817126844,0.3853228182873156,38.53228182873156,2.0010842212200624,693.4157046833666
7.43,5.0,195.89768849863293,3.267529588219607,0.6144976860908856,0.3855023139091144,38.550231390911435,2.007889371194453,695.4427387808673
7.44,5.0,196.0181277808461,3.2797180528779437,0.61431374508205,0.38568625491795006,38.568625491795004,2.0147758798766584,697.4726838100232
7.45,5.0,196.14162559030254,3.292067845234825,0.6141251901096105,0.38587480989038947,38.587480989038944,2.021741791308573,699.5056355991574
7.46,5.0,196.26829684572343,3.3045769084447274,0.6139318500819694,0.3860681499180306,38.60681499180306,2.028785015139626,701.5416920498637
7.47,5.0,196.3982583190912,3.3172429970040644,0.6137335514102991,0.38626644858970094,38.626644858970096,2.0359033254422485,703.5809531371151
7.48,5.0,196.53162804563385,3.330063675370643,0.6135301189267729,0.3864698810732271,38.64698810732271,2.043094362783877,705.6235210959829
7.49,5.0,196.66852455439266,3.3430363169924666,0.6133213770753244,0.3866786229246756,38.66786229246756,2.0503556375506404,707.6695002711789
7.5,5.0,196.809068109277,3.356158103763512,0.6131071480366606,0.38689285196333945,38.68928519633394,2.0576845233585734,709.7189970921081
7.51,5.0,196.9533808314283,3.3694260259228277,0.6128872515622383,0.38711274843776167,38.71127484377617,2.065078256370117,711.7721202666901
7.5200000000000005,5.0,197.10158669921995,3.382836882411995,0.6126615049958736,0.3873384950041264,38.733849500412646,2.072533935534082,713.8289807813588
7.53,5.0,197.25381154825743,3.3963872817044383,0.6124297232962717,0.38757027670372834,38.757027670372835,2.0800485231412256,715.889691901062
7.54,5.0,197.41018307137824,3.41007364311844,0.6121917190605058,0.38780828093949415,38.78082809394942,2.0876188457035996,717.9543691692622
7.55,5.0,197.57083081865196,3.423892198623909,0.61194730254847,0.38805269745153004,38.805269745153005,2.095241595164651,720.0231304079364
7.5600000000000005,5.0,197.73588619738015,3.437838995151048,0.6116962817083329,0.3883037182916671,38.83037182916671,2.1029133304458076,722.096095717576
7.57,5.0,197.90548247209648,3.4519098974070164,0.6114384622030202,0.3885615377969798,38.856153779697976,2.110630479333931,724.173387477186
7.58,5.0,198.0797547645666,3.466100591204548,0.6111736474377508,0.3888263525622492,38.882635256224916,2.118389340712628,726.2551303442866
7.59,5.0,198.25884005378822,3.4804065873042265,0.6109016385886554,0.3890983614113446,38.909836141134456,2.126186087138902,728.3414512549122
7.6000000000000005,5.0,198.44287635301376,3.4948232257697995,0.6106222358816561,0.3893777641183439,38.93777641183439,2.1340167721306966,730.4324793087422
7.61,5.0,198.63200182051335,3.509345680833498,0.6103352399694846,0.3896647600305154,38.96647600305154,2.1418773382473875,732.5283458339177
7.62,5.0,198.82635649677235,3.523968966265914,0.6100404493229881,0.38995955067701193,38.995955067701196,2.149763611581124,734.6291845658669
7.63,5.0,199.0260818832106,3.5386879412424155,0.6097376609024436,0.39026233909755637,39.02623390975564,2.1576713079568344,736.7351314648029
7.640000000000001,5.0,199.23132093539786,3.5534973166956583,0.6094266702002066,0.3905733297997934,39.05733297997934,2.165596037279204,738.8463247142539
7.65,5.0,199.44221806305356,3.568391662141153,0.6091072712741489,0.3908927287258511,39.08927287258511,2.1735333081642225,740.9629047210642
7.66,5.0,199.6589191300469,3.5833654129604118,0.6087792567822068,0.3912207432177932,39.12207432177932,2.181478532881105,743.0850141153936
7.67,5.0,199.88157145439698,3.5984128781236757,0.6084424180180592,0.3915575819819408,39.15575819819408,2.189427032592893,745.2127977507176
7.68,5.0,200.11032380827254,3.613528248331864,0.6080965449479541,0.39190345505204593,39.19034550520459,2.197374042882439,747.3464027038277
7.69,5.0,200.34532641799223,3.6287056045550186,0.6077414262487019,0.39225857375129813,39.22585737512981,2.205314719548925,749.4859782748307
7.7,5.0,200.58673096402435,3.643938926942284,0.6073768493468552,0.3926231506531448,39.26231506531448,2.213244144658565,751.6316759871489
7.71,5.0,200.83469058098711,3.659222104076366,0.6070026004590917,0.3929973995409083,39.29973995409083,2.2211573328317433,753.7836495875207
7.72,5.0,201.08935832324767,3.6745489425433515,0.6066184669475319,0.39338153305246815,39.33815330524681,2.229049246249322,755.9420544832622
7.73,5.0,201.35088684505982,3.6899131767870053,0.6062242378370692,0.39377576216293075,39.37757621629308,2.2369148032826613,758.1070480971091
7.74,5.0,201.6194305200554,3.705308479214911,0.6058197006579935,0.3941802993420065,39.418029934200646,2.2447488737235024,760.2787903669562
7.75,5.0,201.89514421218345,3.72072847052238,0.6054046433414207,0.39459535665857925,39.45953566585793,2.2525462926668713,762.4574429944983
7.76,5.0,202.1781832724194,3.73616673019869,0.6049788542649422,0.39502114573505775,39.50211457350578,2.260301867778399,764.6431694437041
7.7700000000000005,5.0,202.46870353876523,3.7516168071791713,0.6045421222941841,0.39545787770581586,39.54578777058158,2.268010386646627,766.8361349408175
7.78,5.0,202.7668613362492,3.767072230605723,0.6040942368252413,0.3959057631747587,39.590576317475865,2.275666624213324,769.0365064743557
7.79,5.0,203.07281347692629,3.782526520657735,0.6036349878279814,0.3963650121720186,39.63650121720186,2.2832653502562485,771.2444527951111
7.8,5.0,203.3867172598778,3.7979731994149057,0.6031641658902164,0.3968358341097836,39.683583410978365,2.290801336898488,773.4601444161501
7.8100000000000005,5.0,203.70873047121154,3.8134058017133023,0.602681562262737,0.39731843773726305,39.731843773726304,2.2982693661183577,775.6837536128138
7.82,5.0,204.03901138406178,3.8288178859560027,0.602186968905205,0.39781303109479504,39.7813031094795,2.30566423723388,777.9154544227173
7.83,5.0,204.37771875858922,3.8442030448400013,0.6016801785328986,0.39831982146710143,39.831982146710146,2.312980774336044,780.1554226457503
7.84,5.0,204.72500940578507,3.859554915961487,0.6011609883047825,0.3988390116952175,39.88390116952175,2.3202138476959893,782.4038346068999
7.8500000000000005,5.0,205.08103877572483,3.8748671922624096,0.6006291989775726,0.3993708010224274,39.93708010224274,2.327358377833047,784.6608680902834
7.86,5.0,205.44596326544573,3.8901336322821853,0.6000846114991708,0.3999153885008292,39.99153885008292,2.3344093294079133,786.9267030810022
7.87,5.0,205.81993815802252,3.905348070179559,0.5995270301318767,0.4004729698681233,40.04729698681233,2.3413617301460072,789.2015203474962
7.88,5.0,206.2031176222806,3.920504425491027,0.5989562624910847,0.4010437375089153,40.10437375089153,2.348210677771863,791.4855014413749
7.890000000000001,5.0,206.59565471279595,3.9355967125937816,0.5983721195835244,0.40162788041647557,40.16278804164756,2.354951346740692,793.778828697418
7.9,5.0,206.99770136989505,3.9506190498428833,0.5977744158454417,0.40222558415455834,40.222558415455836,2.3615789947477035,796.0816852335738
7.91,5.0,207.40940841965502,3.9655656683542766,0.5971629691806823,0.40283703081931765,40.28370308193176,2.368088968995417,798.3942549509613
7.92,5.0,207.83092557390356,3.980430920407274,0.5965376009986455,0.4034623990013545,40.34623990013545,2.3744767122005856,800.7167225338688
7.930000000000001,5.0,208.26240143021894,3.9952092874423446,0.5958981362520698,0.4041018637479302,40.41018637479302,2.380737768323853,803.0492734497543
7.94,5.0,208.70398347192997,4.009895387632284,0.5952444034746196,0.4047555965253804,40.47555965253804,2.3868677880068074,805.3920939492452
7.95,5.0,209.15581806811608,4.024483983007244,0.5945762348182351,0.40542376518176493,40.542376518176496,2.3928625337027407,807.745371066139
7.96,5.0,209.61804848017337,4.038969986116467,0.5938934690330439,0.40610653096695615,40.610653096695614,2.3987178963750537,810.1092913485471
7.97,5.0,210.09081319862136,4.0533484662121415,0.5931959539392814,0.4068040460607186,40.68040460607186,2.404429910063034,812.484040414657
7.98,5.0,210.57425119769835,4.067614654943204,0.5924835386918614,0.40751646130813857,40.75164613081385,2.4099947247956246,814.869806109364
7.99,5.0,211.06849833236583,4.081763951549516,0.5917560791285909,0.40824392087140915,40.824392087140914,2.4154086318973653,817.2667756317312
8.0,5.0,211.57368720332497,4.095791927549305,0.5910134379840633,0.40898656201593675,40.898656201593674,2.420668068368288,819.6751354397229
8.01,5.0,212.0899471570165,4.109694330915257,0.5902554849023636,0.40974451509763643,40.97445150976364,2.4257696200948797,822.0950712502053
8.02,5.0,212.6174042856207,4.1234670897370815,0.5894820964480253,0.4105179035519747,41.05179035519747,2.4307100246926523,824.5267680389455
8.03,5.0,213.15618142705753,4.137106315370751,0.5886931561151874,0.41130684388481265,41.130684388481264,2.435486173979681,826.9704100406125
8.040000000000001,5.0,213.7063981649866,4.1506083050769345,0.5878885543349003,0.4121114456650997,41.21114456650997,2.4400951160821096,829.4261807487766
8.05,5.0,214.26817082880683,4.163969544153303,0.5870681884805297,0.41293181151947034,41.29318115194703,2.4445340571741765,831.8942629159087
8.06,5.0,214.841612493657,4.1771867075675955,0.5862319628712109,0.41376803712878907,41.37680371287891,2.4488003628568826,834.3748385533821
8.07,5.0,215.42683298041547,4.1902566611002,0.5853797887733129,0.41462021122668713,41.462021122668716,2.4528915591808023,836.8680889314714
8.08,5.0,216.02393885189156,4.203176462006998,0.584511584405398,0.41548841559460203,41.5488415594602,2.4568053333431856,839.3741945762346
8.09,5.0,216.63302925504937,4.21594335921489,0.5836272809674012,0.41637271903259876,41.63727190325987,2.460539559451158,841.8933321248298
8.1,5.0,217.25419866546002,4.228554793064058,0.5827268186139395,0.4172731813860605,41.72731813860605,2.4640922818969435,844.4256772705037
8.11,5.0,217.88753930936062,4.241008394612474,0.5818101429267317,0.4181898570732683,41.81898570732683,2.4674617002229526,846.9714059782383
8.120000000000001,5.0,218.5331378108796,4.253301984519474,0.5808772097559991,0.4191227902440009,41.91227902440009,2.470646189017326,849.5306915095427
8.13,5.0,219.19107519203607,4.265433571526377,0.5799279851796041,0.4200720148203959,42.00720148203959,2.4736442970527346,852.1037044224512
8.14,5.0,219.8614268727407,4.2774013505531965,0.5789624454585147,0.4210375545414853,42.103755454148526,2.4764547461238324,854.6906125715257
8.15,5.0,220.5442626707952,4.289203700431272,0.5779805769885742,0.4220194230114258,42.20194230114258,2.4790764295967938,857.2915811078539
8.16,5.0,221.23964680189232,4.300839181292437,0.5769823762485505,0.42301762375144947,42.301762375144946,2.481508410684981,859.9067724790501
8.17,5.0,221.94763787961602,4.312306531635895,0.5759678497444543,0.42403215025554575,42.40321502555457,2.4837499204652915,862.5363464292553
8.18,5.0,222.66828891544134,4.3236046650943925,0.5749370139501156,0.42506298604988435,42.50629860498844,2.4858003556501598,865.1804599991365
8.19,5.0,223.4016473187345,4.334732666921588,0.5738898952440182,0.42611010475598177,42.61101047559818,2.487659276130454,867.8392675258871
8.2,5.0,224.14775489675282,4.345689790222677,0.5728265298423937,0.4271734701576063,42.71734701576063,2.489326402304776,870.5129206432271
8.21,5.0,224.90664785464492,4.356475451950379,0.5717469637285848,0.4282530362714152,42.82530362714152,2.4908016122107433,873.2015682814035
8.22,5.0,225.67835669143025,4.36708922868829,0.5706512527262463,0.4293487472737537,42.93487472737537,2.492084939118269,875.9053565482689
8.23,5.0,226.46290136323844,4.377530852243453,0.5695394692673845,0.4304605307326155,43.04605307326155,2.4931765982883376,878.6244237113017
8.24,5.0,227.26029642474077,4.38780020506968,0.5684116949769065,0.43158830502309353,43.15883050230936,2.4940769517836743,881.3589070582956
8.25,5.0,228.07055132255954,4.3978973155427585,0.5672680201743946,0.4327319798256054,43.27319798256054,2.4947865031182253,884.1089420449682
8.26,5.0,228.8936680052166,4.407822353108255,0.5661085471536578,0.43389145284634223,43.389145284634225,2.4953059084295313,886.8746593077735
8.27,5.0,229.7296409231335,4.417575623322024,0.5649333900608593,0.4350666099391407,43.50666099391407,2.4956359727335244,889.6561846639014
8.28,5.0,230.57845702863145,4.427157562802921,0.5637426747680664,0.4362573252319336,43.62573252319336,2.4957776460741927,892.4536391112778
8.290000000000001,5.0,231.44009577593147,4.436568734116571,0.5625365387422956,0.4374634612577044,43.746346125770444,2.495732019582224,895.2671388285653
8.3,5.0,232.31452912115373,4.445809820608248,0.5613151309101458,0.43868486908985416,43.86848690898542,2.4955003214563307,898.096795175161
8.31,5.0,233.20172152231854,4.454881621202205,0.560078611518108,0.439921388481892,43.9921388481892,2.4950839128804687,900.9427146911997
8.32,5.0,234.1016299393457,4.463785045183916,0.5588271519886613,0.4411728480113387,44.11728480113387,2.4944842838897054,903.8049990975517
8.33,5.0,235.0142038340547,4.472521106980892,0.5575609347722618,0.44243906522773824,44.24390652277383,2.493703049196937,906.6837452958234
8.34,5.0,235.93938517016463,4.481090920956832,0.5562801531953451,0.4437198468046549,44.371984680465495,2.492741943992136,909.5790453683574
8.35,5.0,236.87710841329422,4.489495696232989,0.554985011304468,0.445014988695532,44.5014988695532,2.491602819725226,912.490986578232
8.36,5.0,237.82730053096194,4.4977367315497645,0.5536757237067228,0.4463242762932772,44.63242762932772,2.490287639883126,915.4196513692622
8.370000000000001,5.0,238.78988099258598,4.505815410180586,0.552352515406564,0.44764748459343595,44.76474845934359,2.488798475770906,918.365117365999
8.38,5.0,239.76476176948373,4.5137331949092845,0.5510156216391976,0.4489843783608024,44.89843783608024,2.4871375023064206,921.3274573737284
8.39,5.0,240.75184701775373,4.52149162308128,0.5496652881339664,0.4503347118660336,45.03347118660336,2.485306995796287,924.3067384367104
8.4,5.0,241.75103116835038,4.529092301737967,0.5483017735390542,0.4516982264609458,45.16982264609458,2.4833093415650045,927.3030187679589
8.41,5.0,242.76220066534106,4.5365369028428955,0.5469253468441164,0.4530746531558836,45.30746531558836,2.481147019058484,930.316353273735
8.42,5.0,243.78523433805438,4.543827158607443,0.545536286687615,0.454463713312385,45.4463713312385,2.478822595457041,933.3467911360491
8.43,5.0,244.82000332822403,4.550964856922891,0.5441348812710334,0.4558651187289666,45.586511872896665,2.4763387220903827,936.3943754166264
8.44,5.0,245.86637108998875,4.557951836904995,0.5427214281708317,0.4572785718291683,45.72785718291683,2.4736981304589447,939.4591430569072
8.45,5.0,246.9241933898923,4.564789984556389,0.5412962341481268,0.4587037658518732,45.87037658518732,2.470903628317459,942.5411248780466
8.46,5.0,247.99331830688382,4.571481228551432,0.5398596149562963,0.4601403850437037,46.01403850437037,2.4679580958257126,945.6403455809157
8.47,5.0,249.07358623231676,4.578027536147381,0.5384118951467134,0.4615881048532866,46.15881048532866,2.4648644817709506,948.7568237460982
8.48,5.0,250.16482986995032,4.584430909225116,0.5369534078728152,0.4630465921271848,46.30465921271848,2.4616257998658946,951.8905718338954
8.49,5.0,251.26687423594853,4.590693380462008,0.5354844946927246,0.46451550530727537,46.45155053072754,2.458245125125934,955.0415961843223
8.5,5.0,252.37953665888054,4.596817009638911,0.5340055053706367,0.46599449462936327,46.59944946293633,2.4547255903285654,958.2098970171093
8.51,5.0,253.50262677972043,4.602803880082687,0.5325167976771928,0.46748320232280716,46.74832023228072,2.4510703825577904,961.3954684317015
8.52,5.0,254.6359465518475,4.6086560952451645,0.5310187371890628,0.4689812628109372,46.898126281093724,2.447282739835764,964.5982984072593
8.53,5.0,255.77929024104594,4.614375775418889,0.5295116970879643,0.4704883029120357,47.04883029120357,2.443365947843647,967.8183688026579
8.540000000000001,5.0,256.9324468472468,4.619965054589625,0.527996054780909,0.47200394521909095,47.2003945219091,2.439323322048989,971.0556554827624
8.55,5.0,258.09519857779685,4.6254260774250735,0.5264721937426369,0.4735278062573631,47.352780625736315,2.4351582139763783,974.3101273831992
8.56,5.0,259.2673169979336,4.630760996398934,0.5249405083549402,0.4750594916450598,47.50594916450598,2.4308740315198856,977.5817465230917
8.57,5.0,260.44856769986853,4.635971969049035,0.5234013975751507,0.4765986024248493,47.65986024248493,2.4264742077194885,980.8704688259941
8.58,5.0,261.6387103564226,4.641061155367956,0.5218552646991891,0.4781447353008109,47.814473530081095,2.4219621977196693,984.1762441263822
8.59,5.0,262.8374987210265,4.646030715324249,0.5203025171964781,0.47969748280352187,47.969748280352185,2.417341476155361,987.4990161696539
8.6,5.0,264.0446806277204,4.650882806512116,0.5187435665462969,0.48125643345370306,48.12564334537031,2.412615534638946,990.8387226121287
8.61,5.0,265.2599979911543,4.655619581927142,0.5171788280757518,0.4828211719242482,48.28211719242482,2.4077878793476004,994.1952950210479
8.620000000000001,5.0,266.48318680658775,4.660243187865482,0.5156087207995363,0.48439127920046365,48.43912792004637,2.4028620287100746,997.5686588745752
8.63,5.0,267.71397714988944,4.664755761943708,0.514033667261655,0.485966332738345,48.5966332738345,2.3978415111918596,1000.9587335617945
8.64,5.0,268.95209317753825,4.669159431236374,0.5124540933792773,0.4875459066207227,48.754590662072275,2.392729863177538,1004.3654323827128
8.65,5.0,270.1972531266225,4.673456310528196,0.510870428288899,0.48912957171110105,48.91295717111011,2.387530626948997,1007.788662548259
8.66,5.0,271.4491693148401,4.677648500677648,0.5092831041949749,0.4907168958050251,49.07168958050251,2.382247348758083,1011.2283251802833
8.67,5.0,272.7075481404986,4.681738087088672,0.5076925562211928,0.4923074437788072,49.23074437788072,2.376883576992165,1014.6843153115577
8.68,5.0,273.9720902178388,4.68572713828713,0.5060992220943124,0.49390077790568765,49.39007779056877,2.371442859633325,1018.1565219428994
8.69,5.0,275.24249702374453,4.689617704598547,0.5045035336685076,0.49549646633149236,49.54964663314924,2.3659287035243626,1021.6448305963539
8.700000000000001,5.0,276.51846236153494,4.693411816923696,0.5029059275912678,0.49709407240873216,49.70940724087322,2.360344623357829,1025.1491191780267
8.71,5.0,277.799673189421,4.697111485608487,0.5013068440999131,0.4986931559000869,49.86931559000869,2.354694135235845,1028.6692588786673
8.72,5.0,279.0858136586205,4.700718699404687,0.499706721854272,0.500293278145728,50.0293278145728,2.3489807316385933,1032.205116005573
8.73,5.0,280.376565113357,4.704235424517927,0.4981059978690775,0.5018940021309225,50.18940021309225,2.3432078803405654,1035.7565519825869
8.74,5.0,281.6716060908599,4.707663603739514,0.496505107450052,0.5034948925499481,50.34948925499481,2.337379023413386,1039.3234233500973
8.75,5.0,282.9706123213646,4.7110051556585635,0.4949044841337159,0.5050955158662841,50.50955158662841,2.3314975763124774,1042.905581765039
8.76,5.0,284.2732567281128,4.714261973951038,0.49330455963095354,0.5066954403690465,50.66954403690465,2.3255669270448664,1046.502874000892
8.77,5.0,285.5792094273518,4.71743592674225,0.49170576377436614,0.5082942362256339,50.82942362256338,2.319590435415433,1050.1151419476832
8.78,5.0,286.8881377283351,4.720528856039536,0.49010852446943803,0.5098914755305619,50.98914755305619,2.313571432348941,1053.7422226119845
8.790000000000001,5.0,288.19970613332237,4.7235425772317665,0.4885132676495452,0.5114867323504548,51.148673235045486,2.3075132192852448,1057.3839481169148
8.8,5.0,289.51357633757857,4.7264788786524985,0.4869204172348323,0.5130795827651677,51.30795827651677,2.3014190676450967,1061.0401457021371
8.81,5.0,290.8294072293754,4.729339521203599,0.485330395094976,0.514669604905024,51.4669604905024,2.295292218364027,1064.7106377238617
8.82,5.0,292.1468549412061,4.732126238036268,0.48374362095427953,0.5162563790457204,51.625637904572045,2.289135881200417,1068.3952416847883
8.83,5.0,293.4655794816155,4.7348407342864505,0.48216050441488356,0.5178394955851164,51.783949558511644,2.282953196767693,1072.0937738381308
8.84,5.0,294.78523797765297,4.737484686861709,0.48058145313504236,0.5194185468649577,51.94185468649577,2.2767472750170112,1075.8060445599021
8.85,5.0,296.1054835524415,4.740059744276727,0.47900687414191206,0.520993125858088,52.099312585808796,2.270521201351906,1079.5318583448968
8.86,5.0,297.4259699868871,4.742567526534694,0.47743716825740745,0.5225628317425925,52.25628317425925,2.2642780101382614,1083.2710167100784
8.870000000000001,5.0,298.7463517196789,4.745009625051873,0.4758727301512443,0.5241272698487557,52.41272698487557,2.258020684867367,1087.02331819458
8.88,5.0,300.06628384728833,4.747387602622816,0.4743139483971629,0.5256860516028371,52.56860516028371,2.2517521583717692,1090.7885583597017
8.89,5.0,301.38542212397044,4.749702993423703,0.472761205532226,0.527238794467774,52.7238794467774,2.2454753130910126,1094.5665297889136
8.9,5.0,302.70342296176307,4.751957303051418,0.4712148781190957,0.5287851218809043,52.87851218809043,2.2391929813845204,1098.3570220878546
8.91,5.0,304.0199434304868,4.754152008596044,0.4696753368111886,0.5303246631888114,53.03246631888114,2.232907945888936,1102.1598218843321
8.92,5.0,305.33464125774543,4.7562885587445685,0.4681429464206112,0.5318570535793887,53.18570535793887,2.2266229399173247,1105.9747128283223
8.93,5.0,306.64717482892553,4.758368373913637,0.4666180659887827,0.5333819340112174,53.338193401121735,2.22034064789777,1109.80147559197
8.94,5.0,307.9572031871966,4.760392846409333,0.46510104885965164,0.5348989511403484,53.48989511403484,2.2140637058489636,1113.6398878695895
8.950000000000001,5.0,309.2643860335115,4.76236334061201,0.4635922427554143,0.5364077572445858,53.64077572445858,2.2077947018904887,1117.4897243776636
8.96,5.0,310.568384055338,4.764281193184308,0.4620919894770537,0.5379080105229463,53.79080105229463,2.201536174986648,1121.3507570963968
8.97,5.0,311.8688652390512,4.76614771330053,0.46060061776363326,0.5393993822363667,53.93993822363667,2.195290581098952,1125.2227594040728
8.98,5.0,313.1654968375522,4.767964182895726,0.4591184526641982,0.5408815473358017,54.088154733580176,2.189060338009404,1129.1054994201027
8.99,5.0,314.45794730508544,4.769731856932781,0.4576458133944962,0.5423541866055037,54.23541866055037,2.1828478153396436,1132.998742412813
9.0,5.0,315.7458887440013,4.771451963686004,0.45618301065786815,0.5438169893421319,54.38169893421318,2.176655322003678,1136.9022527615505
9.01,5.0,317.028996904756,4.773125705039719,0.4547303467865343,0.5452696532134658,54.52696532134658,2.1704851071084326,1140.8157939566827
9.02,5.0,318.30695118591177,4.774754256800453,0.4532881158835495,0.5467118841164504,54.67118841164505,2.164339360872035,1144.7391285995977
9.03,5.0,319.5794346341366,4.776338769021391,0.4518566039652821,0.548143396034718,54.814339603471794,2.158220215557722,1148.6720184027042
9.040000000000001,5.0,320.8461339442046,4.777880366337826,0.4504360891042724,0.5495639108957275,54.956391089572755,2.152129746421299,1152.614224189432
9.05,5.0,322.1067394589952,4.779380148312416,0.4490268415723385,0.5509731584276615,55.09731584276615,2.1460699726702592,1156.5655058942295
9.06,5.0,323.3609451694944,4.780839189789116,0.44762912398379195,0.552370876016208,55.23708760162081,2.140042858432684,1160.5256225625676
9.07,5.0,324.6084487147937,4.7822585412547,0.4462431914386455,0.5537568085613545,55.375680856135446,2.134050313734219,1164.4943323509372
9.08,5.0,325.8489513820907,4.783639229206888,0.44486929166568534,0.5551307083343147,55.51307083343146,2.128094195481453,1168.4713925268497
9.09,5.0,327.0821581066888,4.7849822565281,0.4435076651652967,0.5564923348347033,55.649233483470326,2.122176308450151,1172.4565594688374
9.1,5.0,328.3077779156764,4.786288602863964,0.44215854486428646,0.5578414551357136,55.78414551357136,2.116298403942849,1176.4495891065435
9.11,5.0,329.5255282736382,4.7875592250057295,0.44082215150336324,0.5591778484966368,55.917784849663676,2.1104621580168,1180.450240329225
9.120000000000001,5.0,330.73512957412674,4.788795057275785,0.4394986998751551,0.5605013001248449,56.05013001248449,2.1046692016412765,1184.458268637315
9.13,5.0,331.9363067938041,4.78999701191556,0.43818839714983165,0.5618116028501683,56.18116028501683,2.098921113003762,1188.4734292950836
9.14,5.0,333.1287905124339,4.791165979475101,0.4368914419209557,0.5631085580790443,56.310855807904424,2.093219413255505,1192.4954785163472
9.15,5.0,334.3123169128809,4.792302829203685,0.43560802437395785,0.5643919756260422,56.439197562604214,2.0875655676311458,1196.524173464468
9.16,5.0,335.4866277811107,4.793408409440852,0.43433832645263265,0.5656616735473674,56.56616735473674,2.0819609865605155,1200.5592722523531
9.17,5.0,336.6514705061901,4.794483548007322,0.4330825220235524,0.5669174779764476,56.691747797644766,2.0764070267714407,1204.6005339424546
9.18,5.0,337.806598080287,4.795529052595228,0.43184077703829593,0.5681592229617041,56.815922296170406,2.0709049923824465,1208.6477185467709
9.19,5.0,338.95176909867035,4.796545711157222,0.43061324969339987,0.5693867503066001,56.938675030660015,2.065456135984351,1212.7005870268445
9.200000000000001,5.0,340.0867477597104,4.797534292293982,0.4294000905879409,0.5705999094120591,57.05999094120591,2.0600616597097887,1216.758901293765
9.21,5.0,341.2113038648779,4.7984955456397,0.42820144287866974,0.5717985571213302,57.17985571213302,2.054722716289789,1220.8224242081646
9.22,5.0,342.3252128187453,4.79943020224518,0.42701744243261314,0.5729825575673868,57.29825575673868,2.049440410096576,1224.8909195802232
9.23,5.0,343.4282556289858,4.800338974958182,0.42584821797707834,0.5741517820229216,57.41517820229216,2.0442157981718565,1228.9641521696656
9.24,5.0,344.52021896914994,4.801222558800696,0.42469389118071676,0.5753061088192832,57.530610881928325,2.039049890921705,1233.0418878355258
9.25,5.0,345.6008970455365,4.802081631342832,0.42355457483349,0.57644542516651,57.644542516651,2.0339436436791254,1237.1238961015945
9.26,5.0,346.6700910398683,4.802916853073075,0.4224303736006434,0.5775696263993566,57.75696263993566,2.0288979606164856,1241.209946011093
9.27,5.0,347.72760818690267,4.803728867764656,0.42132138514585366,0.5786786148541463,57.86786148541463,2.023913700431728,1245.2998076427282
9.28,5.0,348.7732620290439,4.804518302837787,0.4202277000061819,0.5797722999938181,57.977229999381805,2.0189916760391275,1249.393253336309
9.290000000000001,5.0,349.8068724163437,4.805285769717607,0.41914940173319143,0.5808505982668086,58.08505982668086,2.014132655534153,1253.4900576927485
9.3,5.0,350.82826550650003,4.806031864187611,0.41808656703067165,0.5819134329693283,58.19134329693283,2.0093373631382176,1257.5899975740588
9.31,5.0,351.8372737648585,4.806757166738434,0.4170392658889237,0.5829607341110763,58.29607341110763,2.004606480122919,1261.6928521033572
9.32,5.0,352.8337359644116,4.807462242911833,0.41600756171557735,0.5839924382844226,58.39924382844226,1.9999406457134523,1265.7984026648621
9.33,5.0,353.81749718579874,4.808147643639737,0.41499151146290647,0.5850084885370935,58.50084885370935,1.9953404579708667,1269.906432903895
9.34,5.0,354.7884088173065,4.808813905578271,0.41399116575161643,0.5860088342483836,58.60088342483836,1.990806474652932,1274.016728726879
9.35,5.0,355.7463285548682,4.809461551436639,0.4130065689910811,0.5869934310089189,58.69934310089189,1.9863392140533684,1278.1290783013394
9.36,5.0,356.6911204020646,4.810091090300813,0.4120377594960103,0.5879622405039897,58.79622405039897,1.9819391558192683,1282.243272055905
9.370000000000001,5.0,357.6226546701232,4.81070301795193,0.41108476959953205,0.5889152304004679,58.89152304004679,1.9776067417465426,1286.3591026803063
9.38,5.0,358.5408079779183,4.811297817179369,0.41014762576267866,0.5898523742373214,58.98523742373214,1.9733423765532767,1290.476365125375
9.39,5.0,359.44546277090865,4.811875958088451,0.4092263491696164,0.5907736508303836,59.07736508303836,1.969146430985587,1294.5948571421948
9.4,5.0,360.33650847421126,4.812437898402734,0.40832095465415474,0.5916790453458453,59.16790453458452,1.9650192368896384,1298.7143795686202
9.41,5.0,361.2138431950002,4.812984083760881,0.4074314490818853,0.5925685509181147,59.25685509181147,1.9609610796547456,1302.834734521223
9.42,5.0,362.0773710165912,4.813514948008096,0.40655783420551317,0.5934421657944868,59.344216579448684,1.9569722121780346,1306.9557269826842
9.43,5.0,362.9270018913862,4.814030913482105,0.40570010685969926,0.5942998931403007,59.429989314030074,1.9530528560255855,1311.0771648835494
9.44,5.0,363.7626516408735,4.814532391293708,0.4048582590434119,0.5951417409565881,59.51417409565881,1.9492032020472854,1315.198859102229
9.450000000000001,5.0,364.58424195562765,4.815019781601908,0.4040322779989421,0.595967722001058,59.5967722001058,1.9454234109705875,1319.3206234649992
9.46,5.0,365.39170039530916,4.815493473883624,0.4032221462875937,0.5967778537124063,59.67778537124063,1.9417136139732551,1323.442274745998
9.47,5.0,366.1849603886652,4.815953847198024,0.4024278418620589,0.5975721581379412,59.75721581379412,1.9380739132351805,1327.563632667231
9.48,5.0,366.96396123352906,4.816401270445515,0.401649338135497,0.5983506618645029,59.83506618645029,1.934504382469408,1331.6845198985673
9.49,5.0,367.7286480968203,4.816836102621412,0.40088660404732984,0.5991133959526702,59.91133959526702,1.9310050674324735,1335.8047620577413
9.5,5.0,368.4789720145447,4.8172586930643355,0.4001396041257725,0.5998603958742275,59.986039587422745,1.9275759864141992,1339.9241877103514
9.51,5.0,369.2148898917944,4.81766938169938,0.3994082985471203,0.6005917014528797,60.059170145287965,1.9242171307071063,1344.0426283698614
9.52,5.0,369.93636450274784,4.818068499276112,0.3986926431918113,0.6013073568081887,60.13073568081887,1.9209284650555967,1348.1599184975996
9.53,5.0,370.6433644906695,4.8184563676014385,0.3979925896972885,0.6020074103027115,60.20074103027115,1.9177099280850864,1352.2758955027589
9.540000000000001,5.0,371.33586349910786,4.818833299767412,0.3973080863657167,0.6026919136342833,60.269191363428334,1.9145614368459827,1356.3903997170717
9.55,5.0,372.0138390739442,4.819199600374029,0.3966390792858067,0.6033609207141932,60.33609207141932,1.9114828923868825,1360.5032742456701
9.56,5.0,372.6772791687112,4.81955556574708,0.3959855059572947,0.6040144940427052,60.40144940427052,1.908474149191653,1364.6143651931138
9.57,5.0,373.32617697608873,4.819901484151132,0.3953473004475783,0.6046526995524217,60.46526995524217,1.9055350401824263,1368.7235217281561
9.58,5.0,373.96053029756644,4.820237635997692,0.39472439404190784,0.6052756059580922,60.52756059580921,1.9026653800071875,1372.830596076733
9.59,5.0,374.58034154344335,4.820564294048626,0.3941167152676698,0.6058832847323302,60.58832847323302,1.899864965307058,1376.9354435219625
9.6,5.0,375.18561773282823,4.820881723614915,0.3935241899163816,0.6064758100836184,60.64758100836184,1.8971335749682487,1381.037922404145
9.61,5.0,375.77637049363926,4.821190182750801,0.39294674106342453,0.6070532589365755,60.705325893657545,1.8944709703589033,1385.1378941207638
9.620000000000001,5.0,376.35261606260457,4.821489922443419,0.3923842890855379,0.6076157109144621,60.76157109144621,1.8918768955510463,1389.235223126484
9.63,5.0,376.9143752852613,4.82178118679797,0.39183675167610377,0.6081632483238962,60.816324832389625,1.889351077527865,1393.3297769331518
9.64,5.0,377.4616736159567,4.822064213218511,0.3913040438582445,0.6086959561417555,60.86959561417555,1.8868932263765277,1397.4214261097975
9.65,5.0,377.9945411178474,4.822339232584463,0.39078607799576376,0.6092139220042363,60.92139220042363,1.8845030354667835,1401.5100442826333
9.66,5.0,378.51301246289967,4.822606469422872,0.390282763801956,0.6097172361980441,60.97172361980441,1.8821801816155515,1405.5955081350535
9.67,5.0,379.01712693188927,4.822866142076533,0.3897940083463133,0.6102059916536867,61.02059916536867,1.8799243252377318,1409.6776974076345
9.68,5.0,379.50692841440167,4.823118462868047,0.38931971605915744,0.6106802839408425,61.06802839408425,1.8777351104834679,1413.756494898135
9.69,5.0,379.9824654088319,4.82336363825987,0.38885978873422594,0.611140211265774,61.1140211265774,1.8756121653620805,1417.831786461497
9.700000000000001,5.0,380.44378990869706,4.823601869010448,0.38841412660450225,0.6115858733954977,61.158587339549776,1.8735551070395378,1421.9034606971893
9.71,5.0,380.8909548117231,4.823833350326513,0.3879826308335618,0.6120173691664381,61.20173691664381,1.8715635539623552,1425.9714078422064
9.72,5.0,381.3240236534346,4.824058272011616,0.38756519411617196,0.612434805883828,61.2434805883828,1.869637080619907,1430.0355223944182
9.73,5.0,381.7430639555063,4.824276818610953,0.38716170710632347,0.6128382928936765,61.28382928936765,1.8677752486468797,1434.0957018319996
9.74,5.0,382.1481461739703,4.824489169552594,0.38677205941779735,0.6132279405822026,61.32279405822027,1.8659776117467157,1438.1518463573273
9.75,5.0,382.5393436992167,4.824695499285166,0.38639613960707214,0.6136038603929279,61.36038603929279,1.8642437157034037,1442.2038588969779
9.76,5.0,382.91673285599325,4.824895977412066,0.38603383515525574,0.6139661648447443,61.39661648447443,1.862573098385546,1446.2516451017293
9.77,5.0,383.2803929034054,4.825090768822278,0.3856850324490563,0.6143149675509437,61.43149675509437,1.8609652897428623,1450.2951133465604
9.78,5.0,383.63040603491635,4.825280033817884,0.3853496167608101,0.6146503832391899,61.46503832391899,1.8594198117953102,1454.3341747306506
9.790000000000001,5.0,383.9668573783471,4.825463928238316,0.38502747222758205,0.614972527772418,61.4972527772418,1.857936178614977,1458.3687430773807
9.8,5.0,384.28983499587605,4.8256426035814295,0.3847184818293562,0.6152815181706438,61.52815181706438,1.8565138963009093,1462.3987349343306
9.81,5.0,384.5994298840398,4.825816207121483,0.3844225273663325,0.6155774726336676,61.55774726336676,1.8551524629470493,1466.4240695732828
9.82,5.0,384.89573597373237,4.825984882024066,0.3841394894353475,0.6158605105646525,61.58605105646525,1.8538513686034304,1470.4446689902202
9.83,5.0,385.1788501302056,4.826148767458066,0.3838692474054364,0.6161307525945636,61.613075259456366,1.8526100952308022,1474.4604579053262
9.84,5.0,385.44887215306915,4.826307998704736,0.3836116793925528,0.6163883206074472,61.63883206074472,1.8514281166488342,1478.471363762985
9.85,5.0,385.70590477629014,4.826462707263922,0.3833666622334655,0.6166333377665345,61.66333377665345,1.8503048984780657,1482.4773167317824
9.86,5.0,385.9500536681938,4.82661302095753,0.3831340714588482,0.6168659285411517,61.686592854115176,1.8492398980757494,1486.4782497045037
9.870000000000001,5.0,386.1814270506872,4.826759064030277,0.382913781628014,0.6170862183719861,61.708621837198606,1.8482325662151267,1490.4740981359046
9.88,5.0,386.4001305032356,4.826900957247808,0.38270567124247046,0.6172943287575295,61.729432875752956,1.8472823708644457,1494.4647974824027
9.89,5.0,386.6062783846431,4.827038817992239,0.38250961184318977,0.6174903881568102,61.749038815681025,1.846388744622221,1498.4502876495037
9.9,5.0,386.79998923722036,4.827172760355175,0.3823254723634995,0.6176745276365005,61.767452763650056,1.8455511057830103,1502.4305118002426
9.91,5.0,386.9813828380666,4.827302895228268,0.3821531219021933,0.6178468780978067,61.78468780978067,1.844768871778979,1506.4054152145723
9.92,5.0,387.1505801990699,4.827429330391393,0.381992429688434,0.618007570311566,61.80075703115659,1.8440414590654182,1510.3749452893621
9.93,5.0,387.30770356690664,4.827552170598463,0.3818432650467238,0.6181567349532762,61.815673495327616,1.8433682830047158,1514.3390515383992
9.94,5.0,387.452876423042,4.827671517660981,0.3817054973619408,0.6182945026380592,61.82945026380592,1.8427487577488604,1518.2976855923873
9.950000000000001,5.0,387.58622348373,4.827787470529353,0.3815789960444442,0.6184210039555558,61.842100395555576,1.8421822961205372,1522.2508011989485
9.96,5.0,387.70787070001296,4.827900125372029,0.38146363049524956,0.6185363695047504,61.85363695047504,1.8416683094928847,1526.1983542226194
9.97,5.0,387.817945257722,4.828009575652533,0.3813592700712759,0.6186407299287241,61.86407299287241,1.8412062076679807,1530.1403026448563
9.98,5.0,387.91657557747686,4.828115912204424,0.38126578405066613,0.6187342159493339,61.87342159493339,1.840795398754117,1534.076606564032
9.99,5.0,388.003891314686,4.828219223304236,0.38118304159818417,0.6188169584018158,61.881695840181585,1.840435289041931,1538.0072281954363
10.0,5.0,388.0800233595464,4.828319594742466,0.3811109117306899,0.6188890882693101,61.88890882693101,1.8401252828794565,1541.932131871276
10.01,5.0,388.1451038370437,4.8284171098926425,0.3810492632826963,0.6189507367173037,61.89507367173037,1.839864782546157,1545.8512840406752
10.02,5.0,388.1992661069523,4.828511849778523,0.3809979648720103,0.6190020351279897,61.90020351279897,1.8396531881260032,1549.7646532696751
10.03,5.0,388.2426447638351,4.8286038931394835,0.380956884865462,0.619043115134538,61.904311513453806,1.8394898973796596,1553.6722102412343
10.040000000000001,5.0,388.2753756370436,4.828693316494126,0.38092589134472427,0.6190741086552758,61.90741086552758,1.8393743056158378,1557.573927755229
10.05,5.0,388.2975957907183,4.828780194202173,0.3809048520722287,0.6190951479277713,61.90951479277713,1.8393058055618863,1561.4697807284506
10.06,5.0,388.3094429338328,4.828864598524658,0.3808936350157506,0.6191063649842494,61.91063649842494,1.8392837899309298,1565.359745841123
10.07,5.0,388.31105048589177,4.828946599682496,0.38089211298630216,0.6191078870136979,61.91078870136979,1.8393076738510847,1569.2437981112737
10.08,5.0,388.3025597746254,4.829026265913458,0.3809001520560602,0.6190998479439398,61.90998479439398,1.839376838969145,1573.1219177557434
10.09,5.0,388.2841143825776,4.829103663527569,0.3809176168776845,0.6190823831223156,61.90823831223155,1.839490659166217,1576.9940877321128
10.1,5.0,388.2558577133415,4.829178856961017,0.3809443729548853,0.6190556270451146,61.90556270451146,1.8396485115520043,1580.8602923962997
10.11,5.0,388.21793299155974,4.829251908828568,0.3809802866092592,0.6190197133907408,61.90197133907408,1.83984977633382,1584.7205175025597
10.120000000000001,5.0,388.1704832629242,4.829322879974558,0.3810252249477416,0.6189747750522584,61.89747750522584,1.8400938366875812,1588.574750203486
10.13,5.0,388.11365139417643,4.829391829522471,0.38107905583066626,0.6189209441693337,61.892094416933375,1.8403800786307574,1592.422979050008
10.14,5.0,388.04758007310704,4.829458814923171,0.38114164784042165,0.6188583521595783,61.885835215957826,1.8407078908972674,1596.2651939913937
10.15,5.0,387.9724118085563,4.8295238920018,0.3812128702506946,0.6187871297493054,61.87871297493054,1.841076664814312,1600.1013863752482
10.16,5.0,387.88828893041364,4.829587115003374,0.3812925929962924,0.6187074070037075,61.87074070037075,1.8414857941811196,1603.931548947514
10.17,5.0,387.7953535896182,4.829648536637143,0.3813806866435345,0.6186193133564655,61.861931335646545,1.8419346751496155,1607.7556758524715
10.18,5.0,387.6937477581581,4.829708208119714,0.38147702236120545,0.6185229776387946,61.85229776387946,1.8424227061069816,1611.5737626327373
10.19,5.0,387.5836132290713,4.829766179216983,0.38158147189206026,0.6184185281079397,61.841852810793974,1.8429492875601083,1615.3858062292666
10.200000000000001,5.0,387.4650916164448,4.829822498284914,0.3816939075248754,0.6183060924751246,61.830609247512456,1.8435138220219247,1619.1918049813519
10.21,5.0,387.3383243554151,4.829877212309185,0.38181420206703715,0.6181857979329628,61.81857979329628,1.8441157138995972,1622.9917586266217
10.22,5.0,387.20345270216825,4.829930366943735,0.3819422288176599,0.6180577711823401,61.805777118234005,1.844754369384588,1626.7856683010436
10.23,5.0,387.06061773393947,4.829982006548242,0.3820778615412283,0.6179221384587716,61.792213845877164,1.8454291963445633,1630.5735365389216
10.24,5.0,386.9099603490135,4.8300321742245735,0.3822209744417556,0.6177790255582444,61.77790255582444,1.846139604217148,1634.355367272898
10.25,5.0,386.75162126672444,4.8300809118522,0.3823714421374525,0.6176285578625476,61.762855786254754,1.8468850039055071,1638.1311658339519
10.26,5.0,386.58574102745575,4.8301282601226525,0.3825291396358995,0.6174708603641005,61.747086036410046,1.8476648076757625,1641.9009389513997
10.27,5.0,386.4124599289327,4.830174258572999,0.3826939423703214,0.6173060576296786,61.73060576296786,1.8484784293489451,1645.6646946955373
10.28,5.0,386.2319139448618,4.830218945618403,0.3828657300601314,0.6171342699398685,61.71342699398685,1.8493253029644678,1649.4224383458968
10.290000000000001,5.0,386.044242825147,4.830262358583764,0.38304437898419474,0.6169556210158053,61.69556210158053,1.8502048454744495,1653.1741787607348
10.3,5.0,385.84958888709247,4.830304533734491,0.3832297631010628,0.6167702368989372,61.677023689893716,1.8511164621690588,1656.919928525998
10.31,5.0,385.64809334576205,4.8303455063064025,0.3834217575175385,0.6165782424824615,61.65782424824615,1.852059563444945,1660.6597009373747
10.32,5.0,385.4398963139801,4.830385310534801,0.3836202384686187,0.6163797615313813,61.637976153138126,1.8530335647226732,1664.393510000291
10.33,5.0,385.22513680233084,4.830423979682731,0.3838250832981399,0.6161749167018601,61.617491670186006,1.8540378863670568,1668.1213704299128
10.34,5.0,385.00395271915863,4.830461546068447,0.38403617044011096,0.615963829559889,61.5963829559889,1.855071953610344,1671.8432976511456
10.35,5.0,384.7764808705681,4.830498041092121,0.38425337940071985,0.6157466205992801,61.57466205992801,1.856135196478205,1675.559307798634
10.36,5.0,384.5428569604237,4.830533495261792,0.38447659074100143,0.6155234092589985,61.55234092589985,1.8572270497184673,1679.269417716762
10.370000000000001,5.0,384.30321559035036,4.830567938218595,0.38470568606015126,0.6152943139398488,61.52943139398488,1.858346952732555,1682.9736449596537
10.38,5.0,384.0576902597328,4.830601398761279,0.3849405479794745,0.6150594520205255,61.505945202052544,1.8594943495095828,1686.6720077911705
10.39,5.0,383.8064133657161,4.830633904870046,0.38518106012695524,0.6148189398730448,61.48189398730448,1.860668688563058,1690.3645251849148
10.4,5.0,383.5495162032052,4.830665483729712,0.38542710712243494,0.6145728928775651,61.45728928775651,1.8618694228701407,1694.051216824228
10.41,5.0,383.2871289648654,4.830696161752222,0.3856785745633875,0.6143214254366125,61.43214254366125,1.8630960098134242,1697.7321031021913
10.42,5.0,383.019380741122,4.830725964598535,0.38593534901127874,0.6140646509887213,61.40646509887213,1.864347911125182,1701.4072051216242
10.43,5.0,382.74639952016037,4.830754917199894,0.38619731797849893,0.613802682021501,61.3802682021501,1.8656245928340447,1705.0765446950866
10.44,5.0,382.468312187926,4.830783043778488,0.38646436991585614,0.6135356300841439,61.35356300841439,1.866925525214055,1708.7401443448769
10.450000000000001,5.0,382.1852445281246,4.830810367867552,0.3867363942006204,0.6132636057993797,61.32636057993797,1.8682501827360696,1712.3980273030338
10.46,5.0,381.8973212222219,4.830836912330886,0.3870132811251058,0.6129867188748942,61.29867188748942,1.8695980440214512,1716.0502175113338
10.47,5.0,381.60466584944373,4.8308626993818296,0.38729492188578163,0.6127050781142184,61.27050781142184,1.8709685917980219,1719.6967396212945
10.48,5.0,381.3074008867761,4.830887750601706,0.3875812085729004,0.6124187914270995,61.241879142709955,1.8723613128582295,1723.3376189941714
10.49,5.0,381.0056477089651,4.83091208695774,0.3878720341606328,0.6121279658393672,61.21279658393672,1.8737756980194866,1726.9728817009604
10.5,5.0,380.6995265885169,4.830935728820479,0.38816729249769943,0.6118327075023006,61.18327075023006,1.8752112420866456,1730.6025545223965
10.51,5.0,380.3891566956055,4.830958695980715,0.3884668782985779,0.6115331217014222,61.153312170142215,1.8766674438169968,1734.2266649487224
10.52,5.0,380.0746551557644,4.830981007665934,0.3887706880457277,0.6112293119542723,61.122931195427235,1.878143810286128,1737.8452376642358
10.53,5.0,379.75614017184114,4.831002682556303,0.3890786169658688,0.6109213830341311,61.092138303413115,1.8796398422874085,1741.4582990991764
10.540000000000001,5.0,379.4337305355299,4.8310237388002015,0.3893905594869431,0.6106094405130569,61.06094405130569,1.8811550365461143,1745.0658798418713
10.55,5.0,379.10754357459297,4.831044194029317,0.38970641121286154,0.6102935887871385,61.02935887871384,1.8826888952658964,1748.668010643347
10.56,5.0,378.77769515286036,4.831064065373315,0.3900260689180693,0.6099739310819308,60.99739310819308,1.8842409261089006,1752.2647224173345
10.57,5.0,378.44429967023,4.831083369474095,0.39034943054260535,0.6096505694573946,60.96505694573946,1.8858106421780643,1755.856046240265
10.58,5.0,378.1074700626678,4.8311021224996376,0.3906763951876428,0.6093236048123571,60.93236048123571,1.8873975620015284,1759.4420133512715
10.59,5.0,377.7673178022075,4.831120340157473,0.3910068631114985,0.6089931368885015,60.89931368885016,1.8890012095191293,1763.0226551521894
10.6,5.0,377.4239528969509,4.831138037707754,0.39134073572610084,0.6086592642738992,60.865926427389915,1.8906211140709037,1766.5980032075554
10.61,5.0,377.0774838910674,4.83115522997597,0.39167791559390164,0.6083220844060984,60.83220844060983,1.8922568103875643,1770.1680892446077
10.620000000000001,5.0,376.7280178647946,4.831171931365297,0.39201830642522273,0.6079816935747773,60.798169357477725,1.8939078385828962,1773.7329451532873
10.63,5.0,376.3756604344379,4.831188155868601,0.3923618130760236,0.6076381869239764,60.76381869239764,1.895573744148015,1777.2926029862351
10.64,5.0,376.02051575237067,4.831203917080096,0.39270834154608114,0.6072916584539189,60.72916584539188,1.8972540779474554,1780.847094958795
10.65,5.0,375.66268650703404,4.831219228206681,0.3930577989775682,0.6069422010224318,60.69422010224318,1.898948396217024,1784.3964534490126
10.66,5.0,375.30227392293716,4.831234102078943,0.3934100936540211,0.606589906345979,60.6589906345979,1.9006562605633774,1787.940710997635
10.67,5.0,374.939377760657,4.831248551161867,0.3937651349996849,0.6062348650003151,60.62348650003151,1.9023772379652846,1791.4799003081114
10.68,5.0,374.5740963168386,4.83126258756522,0.39412283357922573,0.6058771664207743,60.587716642077424,1.9041109007765067,1795.0140542465917
10.69,5.0,374.20652642419475,4.831276223053665,0.39448310109780027,0.6055168989021997,60.551689890219976,1.9058568267302776,1798.543205841929
10.700000000000001,5.0,373.8367634515061,4.831289469056564,0.394845850401471,0.605154149598529,60.5154149598529,1.9076145989453106,1802.0673882856775
10.71,5.0,373.46490130362145,4.831302336677524,0.3952109954779574,0.6047890045220425,60.47890045220426,1.909383805933306,1805.5866349320918
10.72,5.0,373.09103242145727,4.83131483670366,0.39557845145771386,0.6044215485422861,60.44215485422861,1.9111640416079116,1809.1009792981304
10.73,5.0,372.7152477819981,4.831326979614602,0.39594813461532263,0.6040518653846774,60.40518653846774,1.9129549052950825,1812.6104550634523
10.74,5.0,372.3376368982961,4.831338775591237,0.39631996237119416,0.6036800376288058,60.36800376288058,1.9147560017448104,1816.1150960704183
10.75,5.0,371.9582878194718,4.831350234524217,0.3966938532935629,0.6033061467064371,60.33061467064371,1.9165669411441706,1819.6149363240916
10.76,5.0,371.5772871307133,4.831361366022213,0.3970697271007712,0.6029302728992287,60.293027289922875,1.9183873391316493,1823.1100099922364
10.77,5.0,371.19471995327655,4.831372179419943,0.3974475046638302,0.6025524953361698,60.25524953361698,1.9202168168127074,1826.600351405319
10.78,5.0,370.8106699444857,4.831382683785967,0.3978271080092498,0.6021728919907502,60.21728919907502,1.9220550007765391,1830.0859950565075
10.790000000000001,5.0,370.4252212116569,4.831392887930264,0.39820845842764585,0.6017915415723541,60.179154157235416,1.9239015139610023,1833.5669741388133
10.8,5.0,370.0384595655145,4.831402800411592,0.39859147522609223,0.6014085247739078,60.14085247739078,1.9257559696275297,1837.0433216923052
10.81,5.0,369.6504671198275,4.831412429544642,0.3989760810722936,0.6010239189277065,60.10239189277065,1.92761799718369,1840.5150741037367
10.82,5.0,369.2613245619854,4.831421783406982,0.39936219975490606,0.600637800245094,60.06378002450939,1.9294872313651834,1843.9822676526542
10.83,5.0,368.87111122109496,4.831430869845812,0.3997497561196383,0.6002502438803616,60.025024388036165,1.9313633119297555,1847.4449384404081
10.84,5.0,368.4799050679799,4.831439696484523,0.400138676072915,0.599861323927085,59.986132392708505,1.933245883677443,1850.9031223901534
10.85,5.0,368.0877827151815,4.831448270729069,0.4005288865857505,0.5994711134142495,59.94711134142495,1.9351345964717637,1854.3568552468482
10.86,5.0,367.69481941695796,4.831456599774158,0.4009203156978288,0.5990796843021712,59.90796843021712,1.9370291052618138,1857.806172577256
10.870000000000001,5.0,367.30108906928484,4.831464690609273,0.4013128925217791,0.598687107478221,59.86871074782209,1.93892907010525,1861.2511097699432
10.88,5.0,366.9066642098551,4.8314725500245075,0.4017065472476401,0.5982934527523599,59.82934527523599,1.940834156192096,1864.6917020352805
10.89,5.0,366.51161601807854,4.831480184616257,0.4021012111475072,0.5978987888524928,59.78987888524928,1.9427440338693787,1868.127984405443
10.9,5.0,366.1160143150825,4.831487600792725,0.40249681658035247,0.5975031834196476,59.75031834196476,1.9446583786665166,1871.5599917344096
10.91,5.0,365.7199275637114,4.831494804779289,0.4028932969970122,0.5971067030029877,59.71067030029877,1.9465768713214635,1874.9877586979637
10.92,5.0,365.32342286852696,4.831501802623708,0.40329058694533343,0.5967094130546666,59.67094130546666,1.9484991978075519,1878.4113197936924
10.93,5.0,364.926565975808,4.8315086002011824,0.4036886220754742,0.5963113779245258,59.631137792452584,1.9504250493610185,1881.8307093409871
10.94,5.0,364.5294212735506,4.83151520321927,0.4040873391453476,0.5959126608546523,59.591266085465236,1.9523541225091683,1885.2459614810432
10.950000000000001,5.0,364.1320517914682,4.83152161722266,0.4044866760262063,0.5955133239737938,59.551332397379376,1.9542861190991545,1888.6571101768604
10.96,5.0,363.7345192009913,4.831527847597817,0.40488657170835746,0.5951134282916426,59.51134282916426,1.9562207463273396,1892.0641892132414
10.97,5.0,363.3368838152678,4.831533899577487,0.4052869663070038,0.5947130336929962,59.47130336929962,1.9581577167692075,1895.4672321967944
10.98,5.0,362.9392045891626,4.831539778245077,0.40568780106820285,0.5943121989317972,59.43121989317972,1.9600967484097975,1898.8662725559307
10.99,5.0,362.541539119258,4.831545488538913,0.4060890183749387,0.5939109816250613,59.391098162506125,1.9620375646746306,1902.2613435408664
11.0,5.0,362.1439436438534,4.83155103525637,0.4064905617532994,0.5935094382467005,59.350943824670054,1.9639798944610973,1905.6524782236213
11.01,5.0,361.7464730429655,4.831556423057892,0.4068923758787538,0.5931076241212462,59.31076241212462,1.965923472170279,1909.0397094980192
11.02,5.0,361.34918083832815,4.831561656470894,0.4072944065825225,0.5927055934174775,59.270559341747756,1.9678680377391822,1912.423070079688
11.03,5.0,360.95211919339255,4.83156673989355,0.40769660085803516,0.5923033991419648,59.230339914196485,1.9698133366733386,1915.8025925060601
11.040000000000001,5.0,360.5553389133269,4.831571677598481,0.40809890686747124,0.5919010931325288,59.19010931325288,1.9717591200797742,1919.1783091363718
11.05,5.0,360.15888944501705,4.831576473736327,0.40850127394837393,0.591498726051626,59.1498726051626,1.9737051447002818,1922.5502521516626
11.06,5.0,359.76281887706557,4.831581132339231,0.4089036526203368,0.5910963473796632,59.109634737966324,1.9756511729450144,1925.9184535547772
11.07,5.0,359.3671739397925,4.8315856573242115,0.4093059945917534,0.5906940054082466,59.06940054082466,1.977596972926337,1929.2829451703637
11.08,5.0,358.9720011930381,4.831590052496441,0.4097082515569356,0.5902917484430644,59.02917484430644,1.9795423126481995,1932.6437586690295
11.09,5.0,358.5773528170883,4.831594321552444,0.4101103692936176,0.5898896307063823,58.988963070638235,1.9814869314888186,1936.0009262332148
11.1,5.0,358.1832746763034,4.831598468083182,0.41051229981518855,0.5894877001848114,58.94877001848114,1.9834305989163687,1939.3544805642487
11.11,5.0,357.7898103770046,4.831602495577069,0.41091399725762395,0.5890860027423761,58.908600274237614,1.985373094617485,1942.7044540883664
11.120000000000001,5.0,357.3970025126917,4.831606407422894,0.41131541661786203,0.5886845833821379,58.86845833821379,1.9873142024026795,1946.0508789136336
11.13,5.0,357.0048926640438,4.831610206912661,0.4117165137591388,0.5882834862408612,58.828348624086125,1.989253710233152,1949.3937868299429
11.14,5.0,356.61352139891864,4.831613897244343,0.41211724541636274,0.5878827545836373,58.78827545836373,1.9911914102477557,1952.733209309018
11.15,5.0,356.22292827235304,4.831617481524567,0.41251756920152227,0.5874824307984777,58.748243079847775,1.9931270987900955,1956.069177504412
11.16,5.0,355.8331518265625,4.831620962771222,0.41291744360912463,0.5870825563908754,58.70825563908754,1.9950605764357505,1959.4017222515063
11.17,5.0,355.4442295909417,4.831624343915976,0.41331682802166175,0.5866831719783383,58.66831719783383,1.996991648019594,1962.7308740675119
11.18,5.0,355.05619808206393,4.831627627806746,0.41371568271509995,0.5862843172849,58.62843172849001,1.998920122663207,1966.0566631514691
11.19,5.0,354.6690928036816,4.831630817210078,0.4141139688643901,0.5858860311356099,58.588603113560985,2.000845813802362,1969.3791193842476
11.200000000000001,5.0,354.282948246726,4.8316339148134695,0.4145116485489952,0.5854883514510048,58.548835145100476,2.0027685392145664,1972.6982723285462
11.21,5.0,353.89779788930736,4.831636923227622,0.41490868475843146,0.5850913152415685,58.50913152415686,2.004688121046647,1976.014151228892
11.22,5.0,353.5136741967146,4.831639844988631,0.41530504139782126,0.5846949586021788,58.469495860217876,2.0066043858423663,1979.3267850116426
11.23,5.0,353.1306086214158,4.831642682560112,0.4157006832934525,0.5842993167065476,58.42993167065475,2.008517164570048,1982.6362022849846
11.24,5.0,352.7486316030578,4.831645438335267,0.416095576198344,0.583904423801656,58.390442380165595,2.010426292650213,1985.9424313389336
11.25,5.0,352.36777256846636,4.831648114638888,0.41648968679781184,0.5835103132021882,58.351031320218816,2.0123316099831885,1989.2455001453345
11.26,5.0,351.9880599316462,4.831650713729315,0.41688298271503527,0.5831170172849647,58.311701728496466,2.014232960976706,1992.5454363578613
11.27,5.0,351.6095210937809,4.831653237800323,0.41727543251661836,0.5827245674833816,58.272456748338165,2.0161301945734493,1995.8422673120174
11.28,5.0,351.232182443233,4.831655688982963,0.4176670057181456,0.5823329942818545,58.23329942818545,2.0180231642785578,1999.1360200251354
11.290000000000001,5.0,350.8560693555438,4.831658069347355,0.4180576727897277,0.5819423272102723,58.19423272102723,2.0199117281870644,2002.426721196378
11.3,5.0,350.4812061934338,4.83166038090442,0.4184474051615359,0.5815525948384641,58.15525948384641,2.0217957490112526,2005.7143972067345
11.31,5.0,350.10761630680213,4.831662625607569,0.4188361752293224,0.5811638247706776,58.11638247706776,2.02367509410794,2008.9990741190263
11.32,5.0,349.7353220327269,4.831664805354341,0.4192239563599234,0.5807760436400766,58.07760436400766,2.025549635505646,2012.280777677903
11.33,5.0,349.36434469546515,4.831666921987997,0.41961072289674317,0.5803892771032568,58.03892771032568,2.0274192499316657,2015.559533309843
11.34,5.0,348.9947046064528,4.831668977299067,0.41999645016521747,0.5800035498347825,58.00035498347825,2.0292838188390148,2018.8353661231545
11.35,5.0,348.6264210643047,4.831670973026849,0.4203811144782524,0.5796188855217477,57.96188855217477,2.031143228433249,2022.1083009079748
11.36,5.0,348.25951235481466,4.831672910860879,0.4207646931416384,0.5792353068583616,57.923530685836155,2.0329973696991446,2025.3783621362704
11.370000000000001,5.0,347.89399655709803,4.831674792442335,0.42114716361551685,0.5788528363844831,57.885283638448314,2.0348461343496806,2028.6455741367797
11.38,5.0,347.52989617241155,4.831676619365428,0.42152849866579684,0.5784715013342032,57.84715013342032,2.0366893913997415,2031.909962411567
11.39,5.0,347.1672285211944,4.831678393178731,0.4219086764149633,0.5780913235850367,57.80913235850367,2.0385270357288148,2035.1715517270877
11.4,5.0,346.8060090847626,4.831680115386485,0.422287676859421,0.577712323140579,57.7712323140579,2.0403589712544177,2038.430366303566
11.41,5.0,346.44625269964,4.831681787449862,0.4226654806238894,0.5773345193761106,57.73345193761106,2.0421851049141893,2041.6864300264558
11.42,5.0,346.08797355755826,4.83168341078819,0.4230420689649415,0.5769579310350585,57.695793103505856,2.0440053466834214,2044.9397664464423
11.43,5.0,345.73118520545694,4.831684986780145,0.4234174237745213,0.5765825762254787,57.65825762254787,2.0458196095924808,2048.1903987794394
11.44,5.0,345.37590054548326,4.83168651676491,0.42379152758344035,0.5762084724165597,57.62084724165597,2.0476278097441134,2051.438349906593
11.450000000000001,5.0,345.02213183499225,4.831688002043302,0.4241643635648512,0.5758356364351488,57.58356364351488,2.049429866330625,2054.683642374278
11.46,5.0,344.669890686547,4.831689443878864,0.42453591553769715,0.5754640844623029,57.54640844623029,2.0512257016509405,2057.926298394099
11.47,5.0,344.3191880679181,4.831690843498924,0.42490616797013797,0.575093832029862,57.5093832029862,2.0530152411275315,2061.1663398428914
11.48,5.0,343.9700343020842,4.831692202095628,0.4252751059829496,0.5747248940170504,57.47248940170504,2.0547984133232093,2064.4037882627213
11.49,5.0,343.62243906723154,4.831693520826946,0.42564271535289805,0.5743572846471019,57.43572846471019,2.0565751499577853,2067.638664860884
11.5,5.0,343.2764113967543,4.8316948008176395,0.4260089825160855,0.5739910174839145,57.399101748391445,2.058345385924583,2070.8709905099067
11.51,5.0,342.93195967925453,4.831696043160212,0.4263738945712691,0.5736261054287308,57.362610542873085,2.0601090593068103,2074.1007857475443
11.52,5.0,342.589091658542,4.831697248915821,0.4267374392831506,0.5732625607168493,57.32625607168493,2.061866111393781,2077.328070776784
11.53,5.0,342.2478144336342,4.831698419115183,0.42709960508563705,0.572900394914363,57.290039491436296,2.0636164866969913,2080.552865465842
11.540000000000001,5.0,341.9081344587565,4.831699554759425,0.4274603810850708,0.5725396189149292,57.25396189149292,2.0653601329660303,2083.7751893481654
11.55,5.0,341.57005754334233,4.831700656820936,0.4278197570634289,0.5721802429365711,57.21802429365711,2.067097001204343,2086.99506162243
11.56,5.0,341.23358885203254,4.8317017262441855,0.42817772348149186,0.5718222765185081,57.182227651850816,2.06882704568483,2090.212501152544
11.57,5.0,340.8987329046761,4.831702763946511,0.4285342714819793,0.5714657285180207,57.14657285180207,2.070550223965284,2093.4275264676444
11.58,5.0,340.5654935763296,4.831703770818903,0.4288893928926539,0.5711106071073462,57.11106071073462,2.0722664969036657,2096.6401557620984
11.59,5.0,340.2338740972574,4.831704747726739,0.4292430802293919,0.5707569197706082,57.07569197706081,2.0739758286732024,2099.8504068955035
11.6,5.0,339.90387705293193,4.831705695510526,0.4295953266992207,0.5704046733007793,57.040467330077924,2.0756781867773295,2103.0582973926885
11.61,5.0,339.5755043840332,4.831706614986599,0.42994612620332184,0.5700538737966782,57.005387379667816,2.0773735420644535,2106.2638444437107
11.620000000000001,5.0,339.24875738644903,4.8317075069478115,0.4302954733400006,0.5697045266599994,56.970452665999936,2.079061868742543,2109.4670649038585
11.63,5.0,338.92363671127526,4.831708372164208,0.4306433634076199,0.5693566365923801,56.93566365923801,2.0807431443935505,2112.6679752936498
11.64,5.0,338.6001423648154,4.831709211383666,0.4309897924075004,0.5690102075924997,56.90102075924997,2.082417349987654,2115.8665917988337
11.65,5.0,338.2782737085807,4.83171002533253,0.43133475704678476,0.5686652429532153,56.86652429532153,2.084084469897321,2119.0629302703887
11.66,5.0,337.9580308104627,4.831710814716221,0.43167825329140636,0.5683217467085937,56.832174670859374,2.0857444849058964,2122.2570067136
11.67,5.0,337.6394158753592,4.831711580219836,0.43202027482680594,0.5679797251731941,56.79797251731941,2.0873973647704345,2125.4488380777316
11.68,5.0,337.3224268537472,4.831712322508721,0.43236081991805664,0.5676391800819434,56.76391800819434,2.089043101368048,2128.6384399239614
11.69,5.0,337.00706107920973,4.831713042229035,0.43269988751550464,0.5673001124844954,56.73001124844954,2.0906816898797,2131.825827433467
11.700000000000001,5.0,336.69331555314534,4.831713740008295,0.43303747695089134,0.5669625230491087,56.696252304910864,2.0923131273221474,2135.011015500519
11.71,5.0,336.3811869447683,4.831714416455904,0.43337358793871705,0.566626412061283,56.66264120612829,2.0939374125547197,2138.1940187324763
11.72,5.0,336.0706715911081,4.831715072163668,0.43370822057758673,0.5662917794224133,56.62917794224133,2.0955545462860106,2141.374851449793
11.73,5.0,335.76176549701,4.831715707706294,0.43404137535153603,0.565958624648464,56.595862464846405,2.0971645310804603,2144.553527686013
11.74,5.0,335.4544643351347,4.831716323641874,0.4343730531313386,0.5656269468686614,56.562694686866145,2.098767371364848,2147.730061187772
11.75,5.0,335.14876344595837,4.8317169205123625,0.43470325517579483,0.5652967448242052,56.529674482420525,2.100363073434691,2150.9044654147983
11.76,5.0,334.8446578377728,4.831717498844027,0.43503198313300173,0.5649680168669983,56.496801686699825,2.101951645460544,2154.07675353991
11.77,5.0,334.5421421866853,4.8317180591478985,0.43535923904160345,0.5646407609583965,56.46407609583966,2.103533097494202,2157.246938449018
11.78,5.0,334.2412108366186,4.831718601920203,0.4356850253320239,0.5643149746679761,56.43149746679761,2.1051074414748148,2160.4150327411257
11.790000000000001,5.0,333.94185779931115,4.831719127642778,0.4360093448276801,0.5639906551723199,56.399065517231996,2.1066746912348977,2163.581048728326
11.8,5.0,333.6440767543168,4.8317196367834825,0.43633220074617707,0.5636677992538229,56.366779925382296,2.108234862506256,2166.7449984358045
11.81,5.0,333.34786104900496,4.831720129796599,0.4366535967004845,0.5633464032995155,56.33464032995155,2.1097879729258167,2169.9068936018384
11.82,5.0,333.0532036985606,4.8317206071232075,0.4369735367000946,0.5630264632999054,56.30264632999054,2.1113340420413564,2173.066745677797
11.83,5.0,332.76009738598407,4.831721069191565,0.43729202515216214,0.5627079748478379,56.270797484783785,2.11287309131715,2176.2245658281395
11.84,5.0,332.4685344620915,4.831721516417472,0.43760906686262574,0.5623909331373742,56.23909331373742,2.114405144139521,2179.380364930419
11.85,5.0,332.17850694551436,4.831721949204621,0.43792466703731187,0.5620753329626882,56.20753329626882,2.115930225822305,2182.534153575279
11.86,5.0,331.8900065226997,4.831722367944938,0.43823883128302055,0.5617611687169795,56.17611687169794,2.117448363612218,2185.685942066454
11.870000000000001,5.0,331.60302454791,4.831722773018916,0.43855156560859343,0.5614484343914066,56.14484343914066,2.1189595866941398,2188.8357404207723
11.88,5.0,331.3175520432236,4.831723164795946,0.4388628764259643,0.5611371235740357,56.113712357403564,2.120463926196312,2191.9835583681506
11.89,5.0,331.03357969853397,4.831723543634618,0.43917277055119264,0.5608272294488074,56.082722944880736,2.121961415195442,2195.1294053515994
11.9,5.0,330.75109787155037,4.831723909883038,0.4394812552054798,0.5605187447945201,56.05187447945201,2.123452088721726,2198.2732905272205
11.91,5.0,330.47009658779746,4.831724263879115,0.43978833801616823,0.5602116619838318,56.02116619838318,2.1249359837637902,2201.4152227642076
11.92,5.0,330.1905655406154,4.831724605950857,0.4400940270177242,0.5599059729822757,55.99059729822757,2.1264131392735393,2204.555210644845
11.93,5.0,329.9124940911601,4.831724936416643,0.440398330652704,0.559601669347296,55.96016693472961,2.127883596170932,2207.6932624645096
11.94,5.0,329.63587126840275,4.8317252555855,0.44070125777270447,0.5592987422272955,55.929874222729545,2.129347397348672,2210.829386231669
11.950000000000001,5.0,329.3606860777344,4.831725563757365,0.44100281730099933,0.5589971826990007,55.89971826990007,2.1308045860422573,2213.963589838295
11.96,5.0,329.0869296566463,4.83172586122334,0.44130301586760495,0.558696984132395,55.8696984132395,2.1322551944033608,2217.0958823787464
11.97,5.0,328.81459058926026,4.8317261482659415,0.4416018629443091,0.558398137055691,55.8398137055691,2.133699268310971,2220.2262716516016
11.98,5.0,328.54365663940655,4.831726425159346,0.4418993689501726,0.5581006310498273,55.81006310498273,2.1351368582177885,2223.3547648743474
11.99,5.0,328.27411547185005,4.831726692169617,0.44219554446145926,0.5578044555385407,55.78044555385407,2.1365680153329096,2226.481369056472
12.0,5.0,328.00595465229037,4.831726949554943,0.442490400211641,0.557509599788359,55.7509599788359,2.137992791621938,2229.6060909994626
12.01,5.0,327.7391616473615,4.831727197565845,0.44278394709140223,0.5572160529085978,55.72160529085978,2.1394112398070844,2232.728937296809
12.02,5.0,327.4737238246324,4.8317274364454095,0.44307619614863963,0.5569238038513604,55.69238038513604,2.14082341336725,2235.8499143340005
12.030000000000001,5.0,327.2096284526061,4.831727666429481,0.4433671585884615,0.5566328414115385,55.663284141153845,2.1422293665380967,2238.969028288528
12.040000000000001,5.0,326.94686270072094,4.831727887746878,0.4436568457731826,0.5563431542268173,55.63431542268174,2.143629154312102,2242.086285129882
12.05,5.0,326.6854136393493,4.831728100619575,0.44394526922231886,0.5560547307776811,55.60547307776811,2.1450228324386007,2245.2016906195545
12.06,5.0,326.42526823979847,4.831728305262913,0.4442324406125784,0.5557675593874216,55.57675593874216,2.146410457423821,2248.3152503110377
12.07,5.0,326.1664133743102,4.83172850188577,0.44451837177785186,0.5554816282221482,55.54816282221482,2.147792086530902,2251.4269695498256
12.08,5.0,325.9088358160609,4.8317286906907455,0.44480307470919983,0.5551969252908002,55.519692529080025,2.1491677777799,2254.536853473412
12.09,5.0,325.65252223916167,4.831728871874343,0.4450865615548391,0.5549134384451608,55.49134384451608,2.150537589947793,2257.6449070112917
12.1,5.0,325.3974592186582,4.831729045627129,0.44536884462012766,0.5546311553798724,55.46311553798724,2.1519015825684664,2260.7511348849603
12.11,5.0,325.14363323053067,4.831729212133907,0.4456499363675478,0.5543500636324522,55.43500636324522,2.1532598159326977,2263.8555416079134
12.120000000000001,5.0,324.89103065169394,4.831729371573874,0.4459298494166881,0.5540701505833119,55.40701505833119,2.1546123510881268,2266.9581314856487
12.13,5.0,324.63963775999764,4.831729524120778,0.44620859654422435,0.5537914034557756,55.37914034557756,2.1559592498392255,2270.0589086156633
12.14,5.0,324.38944073422584,4.831729669943069,0.4464861906838993,0.5535138093161007,55.35138093161007,2.157300574747255,2273.1578768874556
12.15,5.0,324.14042565409716,4.831729809204047,0.44676264492650214,0.5532373550734979,55.323735507349795,2.1586363891302236,2276.255039982525
12.16,5.0,323.8925785002651,4.831729942062005,0.4470379725198463,0.5529620274801537,55.29620274801537,2.1599667570628327,2279.3504013743704
12.17,5.0,323.64588515431745,4.831730068670362,0.4473121868687476,0.5526878131312525,55.268781313125245,2.1612917433764234,2282.4439643284936
12.18,5.0,323.40033139877687,4.83173018917781,0.44758530153500153,0.5524146984649985,55.24146984649985,2.16261141365892,2285.5357319023956
12.19,5.0,323.1559029171005,4.831730303728429,0.44785733023736046,0.5521426697626395,55.21426697626395,2.163925834254765,2288.625706945578
12.200000000000001,5.0,322.9125852936801,4.831730412461834,0.4481282868515105,0.5518717131484895,55.187171314848946,2.165235072264864,2291.7138920995435
12.21,5.0,322.6703640138421,4.831730515513276,0.44839818541004867,0.5516018145899513,55.160181458995126,2.166539195546512,2294.800289797796
12.22,5.0,322.4292244638476,4.831730613013777,0.44866704010246006,0.5513329598975399,55.133295989754,2.167838272713336,2297.8849022658387
12.23,5.0,322.1891519308922,4.831730705090243,0.4489348652750958,0.5510651347249043,55.10651347249043,2.169132373135232,2300.9677315211775
12.24,5.0,321.95013160310606,4.831730791865576,0.4492016754311508,0.5507983245688493,55.07983245688492,2.170421566938298,2304.0487793733173
12.25,5.0,321.7121487393178,4.831730873458783,0.4494674850409728,0.5505325149590272,55.05325149590272,2.171705924088342,2307.128047582076
12.26,5.0,321.475189739063,4.831730949985083,0.44973230734530323,0.5502676926546968,55.026769265469675,2.1729855086085053,2310.205538950038
12.27,5.0,321.23923964027676,4.83173102155601,0.4499961571502075,0.5500038428497924,55.00038428497924,2.1742603920836507,2313.2812550439453
12.280000000000001,5.0,321.0042831513972,4.831731088279516,0.45025904967605895,0.549740950323941,54.9740950323941,2.175530648099005,2316.3551969735568
12.290000000000001,5.0,320.7703050282667,4.831731150260065,0.4505210001361918,0.5494789998638082,54.94789998638082,2.176796350204357,2319.4273657249255
12.3,5.0,320.5372900741311,4.831731207598729,0.45078202373640913,0.5492179762635909,54.921797626359094,2.178057571911719,2322.4977621604007
12.31,5.0,320.3052231396403,4.831731260393282,0.4510421356744953,0.5489578643255046,54.895786432550466,2.1793143866930067,2325.5663870186268
12.32,5.0,320.07408912284797,4.831731308738284,0.45130135113973685,0.5486986488602632,54.86986488602632,2.1805668679777566,2328.633240914543
12.33,5.0,319.8438729692116,4.831731352725173,0.45155968531244867,0.5484403146875514,54.84403146875514,2.181815089150871,2331.6983243393847
12.34,5.0,319.61455967159253,4.831731392442347,0.45181715336350725,0.5481828466364927,54.81828466364927,2.183059123550396,2334.761637660681
12.35,5.0,319.386134270256,4.831731427975242,0.4520737704538908,0.5479262295461091,54.79262295461091,2.18429904446533,2337.8231811222577
12.36,5.0,319.15858185287095,4.83173145940642,0.4523295517342256,0.5476704482657744,54.76704482657744,2.185534925133462,2340.8829548442345
12.370000000000001,5.0,318.93188755451024,4.831731486815636,0.4525845123443386,0.5474154876556614,54.74154876556614,2.1867668387392407,2343.9409588230283
12.38,5.0,318.7060365576507,4.831731510279917,0.4528386674128166,0.5471613325871834,54.71613325871834,2.1879948584116735,2346.9971929313488
12.39,5.0,318.48101409217276,4.83173152987364,0.45309203205657234,0.5469079679434277,54.690796794342766,2.1892190572222585,2350.0516569182023
12.4,5.0,318.25680543536083,4.831731545668589,0.45334462138041637,0.5466553786195836,54.665537861958356,2.1904395081829406,2353.10435040889
12.41,5.0,318.03339591190314,4.8317315577340345,0.45359645047663555,0.5464035495233645,54.640354952336445,2.191656284244103,2356.1552729050086
12.42,5.0,317.81077089389163,4.831731566136797,0.453847534424578,0.546152465575422,54.61524655754219,2.19286945829259,2359.2044237844502
12.43,5.0,317.5889158008223,4.831731570941312,0.4540978882902436,0.5459021117097564,54.59021117097564,2.194079103149751,2362.2518023014013
12.44,5.0,317.36781609959485,4.831731572209684,0.454347527125882,0.545652472874118,54.5652472874118,2.19528529156952,2365.2974075863444
12.450000000000001,5.0,317.1474573045127,4.83173157000176,0.45459646596959596,0.545403534030404,54.5403534030404,2.1964880962365276,2368.3412386460577
12.46,5.0,316.92782497728354,4.831731564375179,0.45484471984495056,0.5451552801550494,54.51552801550494,2.197687589764233,2371.383294363613
12.47,5.0,316.70890472701836,4.831731555385432,0.4550923037605899,0.5449076962394102,54.49076962394101,2.1988838446930945,2374.4235734983777
12.48,5.0,316.4906822102323,4.831731543085919,0.4553392327098586,0.5446607672901413,54.466076729014134,2.2000769334887633,2377.462074686016
12.49,5.0,316.2731431308443,4.831731527527998,0.4555855216704298,0.5444144783295701,54.44144783295701,2.2012669285403055,2380.4987964384864
12.5,5.0,316.0562732401771,4.831731508761041,0.45583118560393965,0.5441688143960604,54.41688143960604,2.2024539021584575,2383.5337371440414
12.51,5.0,315.84005833695727,4.831731486832481,0.45607623945562714,0.5439237605443729,54.392376054437285,2.2036379265739043,2386.5668950672307
12.52,5.0,315.6244842673152,4.831731461787869,0.4563206981539802,0.5436793018460198,54.367930184601974,2.2048190739355915,2389.5982683488983
12.530000000000001,5.0,315.4095369247852,4.831731433670908,0.45656457661038785,0.5434354233896121,54.343542338961214,2.20599741630906,2392.6278550061843
12.540000000000001,5.0,315.19520225030533,4.831731402523507,0.45680788971879777,0.5431921102812023,54.31921102812023,2.2071730256748103,2395.6556529325217
12.55,5.0,314.98146623221754,4.831731368385833,0.4570506523553807,0.5429493476446192,54.29493476446192,2.2083459739267015,2398.6816598976407
12.56,5.0,314.7683151252495,4.831731331296337,0.45729287912928057,0.5427071208707195,54.27071208707195,2.2095163316676536,2401.7058741177257
12.57,5.0,314.5557352117965,4.83173129129181,0.4575345846531287,0.5424654153468713,54.24654153468713,2.2106841695167234,2404.7282938108847
12.58,5.0,314.343712525601,4.831731248407416,0.457775783857215,0.542224216142785,54.2224216142785,2.211849559627105,2407.7489163328105
12.59,5.0,314.13223321498305,4.831731202676739,0.4580164915765218,0.5419835084234782,54.19835084234782,2.213012573690808,2410.767738982906
12.6,5.0,313.92128354440456,4.831731154131811,0.45825672254843225,0.5417432774515678,54.17432774515678,2.2141732829275975,2413.7847590080437
12.61,5.0,313.71084989446877,4.831731102803159,0.45849649141222415,0.5415035085877759,54.150350858777585,2.215331758082565,2416.7999736025663
12.620000000000001,5.0,313.50091876192073,4.831731048719835,0.4587358127085686,0.5412641872914314,54.12641872914315,2.216488069423718,2419.8133799082866
12.63,5.0,313.2914767596472,4.831730991909449,0.4589747008790366,0.5410252991209634,54.102529912096344,2.21764228673961,2422.824975014487
12.64,5.0,313.0825106166763,4.8317309323982105,0.4592131702656117,0.5407868297343883,54.07868297343883,2.218794479337002,2425.834755957921
12.65,5.0,312.874007178178,4.831730870210954,0.4594512351102089,0.5405487648897911,54.05487648897911,2.2199447160385475,2428.8427197228116
12.66,5.0,312.6659534054637,4.831730805371175,0.45968890955420005,0.5403110904458,54.03110904457999,2.2210930651805123,2431.8488632408526
12.67,5.0,312.4583363759867,4.831730737901058,0.45992620763794495,0.5400737923620551,54.00737923620551,2.222239594610523,2434.8531833912066
12.68,5.0,312.25114328334155,4.831730667821506,0.4601631433003293,0.5398368566996707,53.98368566996707,2.2233843716853436,2437.855677000508
12.69,5.0,312.04436143726474,4.8317305951521705,0.46039973037830745,0.5396002696216926,53.96002696216926,2.2245274632686782,2440.8563408428595
12.700000000000001,5.0,311.8379782636342,4.8317305199114795,0.46063598260645156,0.5393640173935484,53.93640173935484,2.2256689357290056,2443.8551716398365
12.71,5.0,311.6319813044697,4.831730442116665,0.46087191361650637,0.5391280863834936,53.91280863834936,2.226808854937436,2446.8521660604815
12.72,5.0,311.4263582179324,4.831730361783789,0.46110753693694934,0.5388924630630507,53.88924630630507,2.2279472862655982,2449.8473207213087
12.73,5.0,311.2210967783251,4.831730278927761,0.46134286599255603,0.538657134007444,53.8657134007444,2.2290842945835454,2452.840632186303
12.74,5.0,311.0161848760923,4.831730193562376,0.46157791410397114,0.5384220858960289,53.84220858960289,2.230219944257698,2455.832096966918
12.75,5.0,310.8116105178202,4.831730105700331,0.4618126944872842,0.5381873055127158,53.81873055127158,2.2313542991488,2458.8217115220787
12.76,5.0,310.6073618262365,4.831730015353243,0.4620472202536106,0.5379527797463894,53.79527797463894,2.2324874226099016,2461.8094722581795
12.77,5.0,310.40342704021054,4.831729922531682,0.4622815044086777,0.5377184955913223,53.771849559132235,2.23361937748437,2464.795375529085
12.780000000000001,5.0,310.1997945147533,4.831729827245184,0.4625155598524153,0.5374844401475847,53.74844401475847,2.23475022610392,2467.779417636131
12.790000000000001,5.0,309.9964527210174,4.831729729502271,0.462749399378551,0.537250600621449,53.725060062144905,2.2358800302866646,2470.761594828121
12.8,5.0,309.7933902462971,4.83172962931048,0.4629830356742099,0.53701696432579,53.701696432579006,2.237008851335191,2473.7419033013302
12.81,5.0,309.5905957940282,4.83172952667637,0.46321648131951954,0.5367835186804805,53.67835186804805,2.2381367500346556,2476.720339199505
12.82,5.0,309.3880581837882,4.831729421605553,0.4634497487872179,0.5365502512127821,53.65502512127821,2.2392637866509033,2479.6968986138595
12.83,5.0,309.18576635129614,4.8317293141027005,0.46368285044226665,0.5363171495577334,53.63171495577333,2.240390020928598,2482.67157758308
12.84,5.0,308.98370934841284,4.8317292041715705,0.4639157985414678,0.5360842014585322,53.608420145853216,2.241515512089385,2485.644372093322
12.85,5.0,308.78187634314054,4.831729091815015,0.4641486052330854,0.5358513947669146,53.58513947669146,2.2426403188300617,2488.615278078211
12.86,5.0,308.58025660708114,4.831728977035007,0.4643812825709469,0.5356187174290531,53.56187174290531,2.2437644993907258,2491.5842914467544
12.870000000000001,5.0,308.37883930702213,4.831728859832643,0.46461384275480805,0.5353861572451919,53.53861572451919,2.2448881127161515,2494.5514085155846
12.88,5.0,308.17761389051867,4.831728740208172,0.46484629768508806,0.535153702314912,53.5153702314912,2.2460112163044035,2497.516625139519
12.89,5.0,307.97657002501114,4.831728618160998,0.4650786590324139,0.5349213409675861,53.49213409675861,2.247133866542855,2500.4799369515977
12.9,5.0,307.7756975057779,4.831728493689701,0.4653109383434254,0.5346890616565746,53.46890616565746,2.24825611921942,2503.4413395816555
12.91,5.0,307.5749862559355,4.8317283667920465,0.4655431470403837,0.5344568529596163,53.44568529596163,2.2493780295206625,2506.400828656322
12.92,5.0,307.3744263264384,4.831728237465003,0.4657752964207844,0.5342247035792156,53.42247035792156,2.2504996520299363,2509.3583997990227
12.93,5.0,307.1740078960792,4.831728105704749,0.4660073976569717,0.5339926023430284,53.39926023430284,2.2516210407255195,2512.3140486299762
12.94,5.0,306.97372127148856,4.831727971506689,0.46623946179575765,0.5337605382042423,53.37605382042423,2.2527422489787865,2515.2677707661983
12.950000000000001,5.0,306.77355688713493,4.831727834865462,0.4664714997580428,0.5335285002419572,53.35285002419572,2.253863329552373,2518.2195618214982
12.96,5.0,306.57350530532517,4.831727695774955,0.46670352233844015,0.5332964776615599,53.329647766155986,2.2549843345983667,2521.169417406479
12.97,5.0,306.373557216204,4.831727554228311,0.4669355402049018,0.5330644597950982,53.30644597950982,2.2561053156565056,2524.1173331285418
12.98,5.0,306.17370343775417,4.831727410217943,0.46716756389834824,0.5328324361016518,53.28324361016518,2.2572263236523917,2527.0633045918794
12.99,5.0,305.9739349157966,4.831727263735539,0.46739960383229945,0.5326003961677006,53.26003961677006,2.258347408895711,2530.0073273974813
13.0,5.0,305.77424272398997,4.831727114772072,0.46763167029250946,0.5323683297074906,53.23683297074906,2.2594686210784714,2532.9493971431316
13.01,5.0,305.5746180638314,4.831726963317816,0.4678637734366017,0.5321362265633983,53.21362265633983,2.2605900092732463,2535.889509423409
13.02,5.0,305.3750522646557,4.831726809362343,0.46809592329370764,0.5319040767062924,53.190407670629234,2.261711621931426,2538.827659829688
13.030000000000001,5.0,305.17553678363595,4.83172665289454,0.4683281297641071,0.5316718702358929,53.16718702358929,2.262833506881489,2541.763843950137
13.040000000000001,5.0,304.9760632057832,4.831726493902613,0.4685604026188698,0.5314395973811302,53.143959738113026,2.2639557113272684,2544.6980573697188
13.05,5.0,304.7766232439466,4.831726332374094,0.4687927514994997,0.5312072485005003,53.120724850050024,2.265078281846238,2547.630295670193
13.06,5.0,304.5772087388132,4.83172616829585,0.4690251859175807,0.5309748140824193,53.09748140824193,2.2662012643878007,2550.560554430112
13.07,5.0,304.37781165890823,4.83172600165409,0.4692577152544235,0.5307422847455765,53.07422847455765,2.267324704271589,2553.488829224825
13.08,5.0,304.17842410059495,4.831725832434366,0.4694903487607143,0.5305096512392857,53.05096512392857,2.2684486461857634,2556.4151156264757
13.09,5.0,303.97903828807455,4.831725660621589,0.46972309555616537,0.5302769044438347,53.02769044438347,2.269573134185331,2559.3394092040007
13.1,5.0,303.77964657338646,4.831725486200022,0.46995596462916567,0.5300440353708343,53.004403537083434,2.2706982116904557,2562.2617055231344
13.11,5.0,303.58024143640796,4.831725309153297,0.47018896483643396,0.5298110351635661,52.98110351635661,2.2718239214847875,2565.1820001464043
13.120000000000001,5.0,303.3808154848545,4.831725129464411,0.47042210490267256,0.5295778950973274,52.95778950973274,2.2729503057137865,2568.1002886331335
13.13,5.0,303.18136145427957,4.83172494711574,0.47065539342022167,0.5293446065797783,52.93446065797783,2.2740774058830584,2571.0165665394393
13.14,5.0,302.9818722080746,4.831724762089033,0.4708888388487155,0.5291111611512844,52.91111611512844,2.2752052628566912,2573.9308294182347
13.15,5.0,302.78234073746916,4.831724574365424,0.4711224495147384,0.5288775504852616,52.88775504852617,2.2763339168555956,2576.843072819227
13.16,5.0,302.58276016153087,4.831724383925433,0.47135623361148205,0.528643766388518,52.864376638851795,2.2774634074558504,2579.7532922889195
13.17,5.0,302.38312361572446,4.831724190748968,0.47159019932904034,0.5284098006709597,52.84098006709597,2.278593774218252,2582.6614834159736
13.18,5.0,302.18342404540846,4.831723994815334,0.47182435509658516,0.5281756449034148,52.81756449034148,2.279725057858441,2585.567641889913
13.19,5.0,301.98365506025846,4.831723796103226,0.4720587085803605,0.5279412914196395,52.79412914196395,2.280857295405486,2588.4717631545477
13.200000000000001,5.0,301.7838104441323,4.831723594590747,0.4722932672571963,0.5277067327428038,52.77067327428038,2.2819905229729485,2591.3738426479404
13.21,5.0,301.5838840869057,4.831723390255391,0.4725280384940973,0.5274719615059027,52.74719615059027,2.2831247761434295,2594.2738758323053
13.22,5.0,301.3838699844721,4.831723183074065,0.47276302954796606,0.5272369704520339,52.72369704520339,2.2842600899672365,2597.1718581940127
13.23,5.0,301.1837622387427,4.831722973023074,0.47299824756532605,0.527001752434674,52.7001752434674,2.285396498961041,2600.067785243587
13.24,5.0,300.98355505764675,4.8317227600781365,0.4732336995820447,0.5267663004179552,52.676630041795526,2.2865340371065446,2602.9616525157066
13.25,5.0,300.78324275513114,4.831722544214379,0.4734693925230577,0.5265306074769422,52.65306074769423,2.287672737849145,2605.853455569205
13.26,5.0,300.5828197511606,4.831722325406337,0.47370533320209224,0.5262946667979078,52.62946667979078,2.2888126340965966,2608.7431899870685
13.27,5.0,300.3822805717179,4.831722103627957,0.4739415283213906,0.5260584716786094,52.605847167860944,2.289953758217678,2611.6308513764398
13.280000000000001,5.0,300.1816198488033,4.831721878852601,0.4741779844714345,0.5258220155285656,52.58220155285655,2.291096142040859,2614.516435368615
13.290000000000001,5.0,299.9808323204351,4.831721651053043,0.4744147081306681,0.5255852918693319,52.55852918693319,2.2922398168529594,2617.399937619043
13.3,5.0,299.7799128306495,4.83172142020147,0.47465170566522186,0.5253482943347781,52.53482943347782,2.293384813397816,2620.2813538073297
13.31,5.0,299.57885632950035,4.8317211862694815,0.4748889833286357,0.5251110166713643,52.51110166713643,2.2945311618749438,2623.1606796372334
13.32,5.0,299.3776578730593,4.831720949228096,0.4751265472615826,0.5248734527384173,52.48734527384173,2.2956788919382016,2626.0379108366674
13.33,5.0,299.17631262341615,4.831720709047742,0.47536440349159054,0.5246355965084095,52.46355965084095,2.2968280326944446,2628.9130431576996
13.34,5.0,298.9748158486781,4.831720465698259,0.47560255793276573,0.5243974420672343,52.439744206723425,2.2979786127021864,2631.786072376552
13.35,5.0,298.7731629229704,4.831720219148906,0.47584101638551396,0.524158983614486,52.4158983614486,2.2991306599702535,2634.6569942936007
13.36,5.0,298.57134932643623,4.831719969368351,0.4760797845362629,0.5239202154637371,52.39202154637371,2.300284201956443,2637.5258047333764
13.370000000000001,5.0,298.3693706452363,4.83171971632467,0.47631886795718253,0.5236811320428174,52.36811320428174,2.301439265566166,2640.3924995445645
13.38,5.0,298.16722257154953,4.831719459985356,0.4765582721059059,0.5234417278940942,52.34417278940941,2.302595877151102,2643.2570746000038
13.39,5.0,297.9649009035723,4.831719200317303,0.4767980023252493,0.5232019976747506,52.32019976747506,2.303754062507841,2646.119525796688
13.4,5.0,297.762401545519,4.83171893728682,0.477038063842931,0.522961936157069,52.2961936157069,2.304913846876529,2648.979849055765
13.41,5.0,297.55972050762193,4.831718670859616,0.47727846177128996,0.52272153822871,52.272153822871005,2.306075254939499,2651.8380403225374
13.42,5.0,297.35685390613105,4.831718401000806,0.47751920110700385,0.5224807988929961,52.24807988929962,2.307238310819915,2654.6940955664613
13.43,5.0,297.15379796331416,4.8317181276749075,0.47776028673080584,0.5222397132691942,52.22397132691942,2.308403038080396,2657.5480107811486
13.44,5.0,296.95054900745697,4.831717850845836,0.47800172340720093,0.5219982765927991,52.199827659279904,2.3095694597216467,2660.399781984364
13.450000000000001,5.0,296.747103472863,4.831717570476904,0.4782435157841808,0.5217564842158192,52.17564842158192,2.310737598181075,2663.2494052180277
13.46,5.0,296.5434578998536,4.831717286530822,0.47848566839293855,0.5215143316070614,52.15143316070614,2.311907475331416,2666.096876548213
13.47,5.0,296.3396089347679,4.8317169989696875,0.47872818564758207,0.521271814352418,52.127181435241795,2.313079112479339,2668.9421920651484
13.48,5.0,296.1355531294991,4.8317167077549925,0.4789710720835177,0.5210289279164824,52.10289279164824,2.3142525315172535,2671.785347874259
13.49,5.0,295.93128706170927,4.8317164128476096,0.4792143322145675,0.5207856677854326,52.078566778543255,2.3154277542329327,2674.626340043448
13.5,5.0,295.72680795989845,4.831716114207799,0.47945796978796335,0.5205420302120367,52.05420302120367,2.3166047987098586,2677.4651646456145
13.51,5.0,295.52211314156466,4.831715811795197,0.4797019884523515,0.5202980115476485,52.029801154764854,2.317783682554824,2680.3018177877266
13.52,5.0,295.31719999473023,4.831715505568818,0.47994639177958914,0.5200536082204108,52.005360822041084,2.3189644230032473,2683.136295610927
13.530000000000001,5.0,295.1120659779419,4.83171519548705,0.48019118326455695,0.5198088167354431,51.98088167354431,2.3201470369182666,2685.9685942905353
13.540000000000001,5.0,294.90670862027093,4.831714881507645,0.4804363663249702,0.5195636336750298,51.95636336750298,2.321331540789817,2688.798710036044
13.55,5.0,294.7011255213129,4.831714563587724,0.48068194430119016,0.5193180556988098,51.931805569880986,2.3225179507337237,2691.6266390911233
13.56,5.0,294.4953143511878,4.831714241683769,0.4809279204560342,0.5190720795439658,51.90720795439658,2.3237062824907793,2694.452377733617
13.57,5.0,294.28927285053993,4.831713915751613,0.48117429797458455,0.5188257020254154,51.882570202541544,2.3248965514258133,2697.275922275545
13.58,5.0,294.08299883053803,4.831713585746445,0.48142107996399736,0.5185789200360027,51.85789200360027,2.326088772526772,2700.0972690631006
13.59,5.0,293.8764901728754,4.8317132516228005,0.48166826945330943,0.5183317305466906,51.83317305466906,2.327282960403777,2702.916414476655
13.6,5.0,293.6697448297695,4.831712913334558,0.4819158693932459,0.5180841306067541,51.808413060675406,2.3284791292881963,2705.7333549307527
13.61,5.0,293.46276082396236,4.831712570834932,0.48216388265602533,0.5178361173439747,51.783611734397475,2.3296772930316965,2708.548086874114
13.620000000000001,5.0,293.25553624872026,4.831712224076471,0.48241231203516494,0.5175876879648351,51.75876879648351,2.3308774651052993,2711.360606789634
13.63,5.0,293.048069267834,4.831711873011049,0.48266116024528466,0.5173388397547154,51.73388397547154,2.3320796585984302,2714.1709111943833
13.64,5.0,292.8403581156188,4.831711517589866,0.48291042992190975,0.5170895700780902,51.70895700780902,2.3332838862179655,2716.978996639608
13.65,5.0,292.6324010969142,4.831711157763435,0.4831601236212735,0.5168398763787265,51.683987637872654,2.3344901602872676,2719.7848597107286
13.66,5.0,292.42419658708405,4.831710793481581,0.48341024382011794,0.516589756179882,51.658975617988204,2.3356984927452267,2722.5884970273414
13.67,5.0,292.21574303201686,4.831710424693437,0.4836607929154941,0.5163392070845059,51.63392070845059,2.3369088951452865,2725.389905243218
13.68,5.0,292.0070389481252,4.8317100513474305,0.4839117732245613,0.5160882267754388,51.60882267754388,2.3381213786544714,2728.1890810463046
13.69,5.0,291.79808292234645,4.831709673391287,0.48416318698438493,0.515836813015615,51.5836813015615,2.339335954052407,2730.9860211587234
13.700000000000001,5.0,291.5888736121419,4.831709290772016,0.484415036351734,0.515584963648266,51.5584963648266,2.340552631730337,2733.7807223367718
13.71,5.0,291.3794097454977,4.83170890343591,0.48466732340287677,0.5153326765971232,51.53326765971232,2.3417714216901313,2736.5731813709203
13.72,5.0,291.16969012092414,4.831708511328538,0.484920050133376,0.515079949866624,51.507994986662396,2.342992333543294,2739.3633950858175
13.73,5.0,290.9597136074559,4.831708114394731,0.48517321845788297,0.514826781542117,51.482678154211705,2.3442153765099607,2742.151360340285
13.74,5.0,290.74947914465224,4.831707712578586,0.48542683020993,0.51457316979007,51.457316979007,2.3454405594178946,2744.9370740273216
13.75,5.0,290.53898574259654,4.831707305823452,0.4856808871417227,0.5143191128582774,51.43191128582774,2.3466678907014766,2747.7205330740994
13.76,5.0,290.32823248189686,4.831706894071928,0.48593539092393,0.51406460907607,51.406460907607,2.34789737840069,2750.501734441967
13.77,5.0,290.1172185136855,4.8317064772658505,0.48619034314547444,0.5138096568545256,51.380965685452566,2.3491290301600953,2753.2806751264475
13.780000000000001,5.0,289.9059430596192,4.831706055346289,0.48644574531332,0.51355425468668,51.355425468668,2.350362853227807,2756.0573521572396
13.790000000000001,5.0,289.69440525888433,4.83170562825354,0.48670159903735466,0.5132984009626453,51.32984009626453,2.3515988553487843,2758.831762538778
13.8,5.0,289.48260438310973,4.831705195927116,0.4869579057705227,0.5130420942294773,51.304209422947736,2.3528370435092216,2761.603903225238
13.81,5.0,289.27054020922196,4.831704758305741,0.48721466635685373,0.5127853336431463,51.278533364314626,2.3540774217527543,2764.3737712944876
13.82,5.0,289.05821255920625,4.831704315327341,0.4874718815875413,0.5125281184124587,51.25281184124587,2.355319993867262,2767.141363860105
13.83,5.0,288.8456212901511,4.831703866929034,0.4877295522128733,0.5122704477871267,51.227044778712674,2.356564763442506,2769.90667806865
13.84,5.0,288.6327662942481,4.831703413047129,0.48798767894212336,0.5120123210578766,51.20123210578767,2.357811733869604,2772.669711099669
13.85,5.0,288.41964749879196,4.831702953617107,0.48824626244344205,0.511753737556558,51.1753737556558,2.359060908340492,2775.430460165692
13.86,5.0,288.2062648661807,4.831702488573621,0.4885053033437469,0.511494696656253,51.149469665625304,2.3603122898473936,2778.1889225122327
13.870000000000001,5.0,287.9926183939153,4.831702017850485,0.4887648022286125,0.5112351977713875,51.123519777138746,2.36156588118228,2780.9450954177914
13.88,5.0,287.7787081146001,4.831701541380664,0.4890247596421593,0.5109752403578407,51.09752403578407,2.3628216849363297,2783.69897619385
13.89,5.0,287.5645340959424,4.831701059096266,0.48928517608694266,0.5107148239130573,51.071482391305736,2.364079703499384,2786.4505621848757
13.9,5.0,287.3500964407529,4.831700570928536,0.48954605202384044,0.5104539479761596,51.04539479761596,2.3653399390594005,2789.1998507683206
13.91,5.0,287.1353952869453,4.831700076807838,0.48980738787194067,0.5101926121280593,51.01926121280593,2.366602393601902,2791.9468393546213
13.92,5.0,286.92043080753643,4.831699576663656,0.49006918400842825,0.5099308159915718,50.99308159915717,2.367867068909426,2794.691525387198
13.93,5.0,286.70520321064635,4.83169907042458,0.490331440768471,0.509668559231529,50.9668559231529,2.3691339665609665,2797.4339063424554
13.94,5.0,286.48971273949826,4.831698558018295,0.49059415844510557,0.5094058415548944,50.94058415548945,2.3704030879314155,2800.1739797297832
13.950000000000001,5.0,286.2739596724185,4.831698039371573,0.49085733728912195,0.509142662710878,50.914266271087804,2.3716744341910014,2802.911743091555
13.96,5.0,286.0579443228367,4.831697514410262,0.4911209775089485,0.5088790224910515,50.88790224910515,2.372948006304725,2805.647194003128
13.97,5.0,285.8416670392855,4.8316969830592775,0.4913850792705351,0.5086149207294649,50.86149207294649,2.3742238050317885,2808.380330072845
13.98,5.0,285.6251282054007,4.831696445242592,0.49164964269723666,0.5083503573027633,50.83503573027633,2.375501830925029,2811.1111489420327
13.99,5.0,285.40832823992133,4.831695900883224,0.49191466786969573,0.5080853321303043,50.80853321303043,2.3767820843303413,2813.8396482850026
14.0,5.0,285.1912675966896,4.831695349903226,0.49218015482572425,0.5078198451742757,50.78198451742757,2.3780645653861017,2816.565825809049
14.01,5.0,284.97394676465075,4.831694792223676,0.49244610356018514,0.5075538964398149,50.75538964398149,2.3793492740225877,2819.2896792544525
14.02,5.0,284.75636626785337,4.831694227764666,0.49271251402487265,0.5072874859751273,50.72874859751273,2.3806362099613945,2822.011206394477
14.030000000000001,5.0,284.538526665449,4.831693656445294,0.49297938612839326,0.5070206138716067,50.70206138716067,2.381925372714853,2824.7304050353714
14.040000000000001,5.0,284.32042855169254,4.831693078183645,0.4932467197360442,0.5067532802639558,50.67532802639558,2.383216761585433,2827.4472730163675
14.05,5.0,284.1020725559419,4.831692492896786,0.4935145146696935,0.5064854853303065,50.64854853303065,2.3845103756651587,2830.1618082096834
14.06,5.0,283.8834593426583,4.831691900500754,0.4937827707076571,0.5062172292923429,50.621722929234295,2.3858062138350076,2832.87400852052
14.07,5.0,283.66458961140586,4.8316913009105456,0.49405148758457773,0.5059485124154223,50.59485124154223,2.3871042747643187,2835.583871887064
14.08,5.0,283.44546409685216,4.8316906940400965,0.49432066499130134,0.5056793350086987,50.56793350086986,2.388404556910183,2838.291396280485
14.09,5.0,283.22608356876776,4.831690079802282,0.4945903025747537,0.5054096974252462,50.540969742524624,2.3897070585168465,2840.9965797049376
14.1,5.0,283.0064487850392,4.831689458108896,0.49486039999561526,0.5051396000043847,50.51396000043847,2.3910117778943656,2843.699420150972
14.11,5.0,282.7865606193939,4.831688828870642,0.4951309567711546,0.5048690432288454,50.48690432288454,2.3923187126592205,2846.399915530412
14.120000000000001,5.0,282.5664203204448,4.83168819199712,0.49540197195583435,0.5045980280441656,50.45980280441656,2.3936278581910932,2849.098063920567
14.13,5.0,282.3460291643249,4.831687547396816,0.49567344456803225,0.5043265554319678,50.43265554319678,2.3949392096946474,2851.793863436967
14.14,5.0,282.12538843440524,4.831686894977084,0.4959453736149392,0.5040546263850608,50.40546263850608,2.3962527623198153,2854.487312221372
14.15,5.0,281.9044994212956,4.831686234644137,0.4962177580925219,0.5037822419074781,50.37822419074781,2.3975685111616123,2857.1784084417686
14.16,5.0,281.68336342284385,4.831685566303035,0.4964905969854865,0.5035094030145135,50.35094030145135,2.398886451259952,2859.8671502923708
14.17,5.0,281.4619817441363,4.831684889857668,0.49676388926724097,0.503236110732759,50.3236110732759,2.4002065775994557,2862.5535359936207
14.18,5.0,281.24035569749776,4.831684205210742,0.497037633899858,0.502962366100142,50.2962366100142,2.401528885109263,2865.2375637921878
14.19,5.0,281.0184866024912,4.831683512263773,0.4973118298340379,0.5026881701659621,50.26881701659621,2.4028533686628477,2867.9192319609692
14.200000000000001,5.0,280.796375785918,4.831682810917062,0.49758647600907097,0.5024135239909291,50.24135239909291,2.4041800230778234,2870.598538799091
14.21,5.0,280.574024581818,4.831682101069689,0.4978615713528,0.5021384286471999,50.21384286471999,2.405508843115754,2873.2754826319033
14.22,5.0,280.35143433146925,4.831681382619497,0.49813711478158296,0.501862885218417,50.1862885218417,2.4068398234819655,2875.9500618109882
14.23,5.0,280.12860638338833,4.8316806554630745,0.4984131052002548,0.5015868947997453,50.15868947997453,2.4081729588253533,2878.6222747141533
14.24,5.0,279.90554209333004,4.831679919495744,0.49868954150209005,0.50131045849791,50.131045849791,2.409508243738188,2881.292119745434
14.25,5.0,279.68224282428764,4.831679174611546,0.49896642256876456,0.5010335774312354,50.103357743123546,2.410845672755924,2883.959595335093
14.26,5.0,279.45870994649266,4.831678420703225,0.4992437472703179,0.500756252729682,50.0756252729682,2.41218524035701,2886.624699939622
14.27,5.0,279.23494483741507,4.831677657662214,0.49952151446511484,0.5004784855348852,50.047848553488514,2.4135269409626874,2889.287432041739
14.280000000000001,5.0,279.01094888176306,4.831676885378616,0.49979972299980757,0.5002002770001924,50.02002770001924,2.414870768936805,2891.947790150391
14.290000000000001,5.0,278.78672347148347,4.831676103741193,0.5000783717092966,0.4999216282907034,49.99216282907034,2.4162167185856145,2894.605772800751
14.3,5.0,278.5622700057612,4.8316753126373495,0.5003574594166937,0.49964254058330626,49.964254058330624,2.417564784157584,2897.26137855422
14.31,5.0,278.33758989101966,4.831674511953112,0.5006369849332822,0.49936301506671776,49.936301506671775,2.4189149598431943,2899.914605998428
14.32,5.0,278.11268454092055,4.831673701573116,0.5009169470584789,0.4990830529415211,49.908305294152115,2.4202672397747453,2902.565453747232
14.33,5.0,277.88755537636405,4.8316728813805945,0.5011973445797951,0.49880265542020485,49.88026554202049,2.4216216180261614,2905.213920440716
14.34,5.0,277.6622038254886,4.83167205125735,0.5014781762727989,0.4985218237272011,49.85218237272011,2.422978088612789,2907.8600047451923
14.35,5.0,277.43663132367095,4.831671211083748,0.5017594409010746,0.4982405590989254,49.824055909892536,2.4243366454911994,2910.503705353201
14.36,5.0,277.2108393135263,4.831670360738695,0.5020411372161853,0.49795886278381474,49.795886278381474,2.4256972825589904,2913.145020983509
14.370000000000001,5.0,276.98482924490827,4.83166950009962,0.502323263957633,0.49767673604236695,49.7676736042367,2.4270599936545865,2915.7839503811124
14.38,5.0,276.7586025749087,4.831668629042463,0.5026058198528199,0.49739418014718006,49.739418014718005,2.4284247725570376,2918.4204923172324
14.39,5.0,276.53216076785793,4.831667747441651,0.502888803617009,0.49711119638299095,49.711119638299095,2.429791612985821,2921.054645589321
14.4,5.0,276.3055052953245,4.831666855170084,0.5031722139532848,0.4968277860467152,49.68277860467152,2.4311605086006365,2923.686409021055
14.41,5.0,276.0786376356359,4.831665952099113,0.5034560495531142,0.4965439504468858,49.654395044688584,2.432531453004106,2926.3157814501783
14.42,5.0,275.85155939847226,4.831665038098528,0.5037403089402963,0.4962596910597037,49.62596910597037,2.433904438987781,2928.9427616277662
14.43,5.0,275.62427245292656,4.83166411303653,0.5040249903100409,0.4959750096899591,49.59750096899591,2.4352794577546093,2931.567348436369
14.44,5.0,275.3967786868829,4.831663176779722,0.5043100918296729,0.4956899081703271,49.56899081703271,2.436656500371831,2934.1895408142177
14.450000000000001,5.0,275.1690799774812,4.831662229193082,0.5045956116755934,0.4954043883244066,49.54043883244066,2.4380355579495445,2936.809337717596
14.46,5.0,274.9411781911176,4.831661270139951,0.5048815480333,0.4951184519667,49.51184519667,2.439416621640799,2939.42673812084
14.47,5.0,274.71307518344395,4.831660299482005,0.5051678990974068,0.4948321009025932,49.48321009025932,2.440799682641672,2942.04174101634
14.48,5.0,274.48477279936816,4.831659317079243,0.5054546630716652,0.4945453369283348,49.45453369283348,2.4421847321913606,2944.654345414538
14.49,5.0,274.256272873054,4.831658322789963,0.5057418381689851,0.4942581618310149,49.42581618310149,2.4435717615722714,2947.264550343929
14.5,5.0,274.02757722792126,4.831657316470741,0.5060294226114554,0.49397057738854455,49.39705773885446,2.4449607621101035,2949.872354851061
14.51,5.0,273.79868767664567,4.831656297976412,0.5063174146303654,0.4936825853696346,49.36825853696346,2.4463517251739395,2952.4777580005352
14.52,5.0,273.56960602115885,4.83165526716005,0.506605812466226,0.49339418753377395,49.339418753377394,2.4477446421763376,2955.080758875005
14.530000000000001,5.0,273.3403340526483,4.831654223872946,0.5068946143687927,0.4931053856312073,49.31053856312073,2.4491395045734254,2957.6813565751777
14.540000000000001,5.0,273.11087355155775,4.8316531679645855,0.5071838185970853,0.4928161814029147,49.28161814029147,2.4505363038649826,2960.2795502198123
14.55,5.0,272.88122628758657,4.831652099282627,0.5074734234194124,0.4925265765805876,49.252657658058766,2.451935031594545,2962.875338945721
14.56,5.0,272.65139401969026,4.831651017672882,0.507763427113392,0.49223657288660805,49.2236572886608,2.4533356793494905,2965.468721907769
14.57,5.0,272.4213784960801,4.8316499229792935,0.5080538279659752,0.4919461720340248,49.19461720340248,2.454738238761139,2968.059698278875
14.58,5.0,272.19118145422345,4.831648815043909,0.5083446242734685,0.4916553757265315,49.16553757265315,2.456142701504845,2970.6482672500097
14.59,5.0,271.96080462084365,4.831647693706864,0.5086358143415567,0.4913641856584433,49.13641856584433,2.457549059300095,2973.234428030197
14.6,5.0,271.7302497119198,4.8316465588063515,0.5089273964853267,0.4910726035146733,49.10726035146733,2.4589573039106045,2975.818179846513
14.61,5.0,271.49951843268707,4.8316454101786075,0.5092193690292902,0.4907806309707098,49.07806309707098,2.4603674271444165,2978.3995219440876
14.620000000000001,5.0,271.2686124776365,4.8316442476578825,0.5095117303074083,0.49048826969259174,49.048826969259174,2.4617794208540036,2980.978453586104
14.63,5.0,271.0375335305153,4.831643071076414,0.509804478663114,0.49019552133688604,49.019552133688606,2.463193276936358,2983.5549740537963
14.64,5.0,270.8062832643264,4.831641880264412,0.5100976124493376,0.4899023875506624,48.99023875506624,2.4646089873331047,2986.1290826464533
14.65,5.0,270.57486334132864,4.831640675050024,0.5103911300285306,0.48960886997146935,48.960886997146936,2.4660265440305946,2988.700778681415
14.66,5.0,270.343275413037,4.831639455259321,0.5106850297726896,0.4893149702273104,48.931497022731044,2.467445939060008,2991.270061494077
14.67,5.0,270.1115211202222,4.831638220716263,0.5109793100633818,0.4890206899366182,48.90206899366182,2.468867164497462,2993.8369304378843
14.68,5.0,269.8796020929111,4.831636971242677,0.5112739692917694,0.4887260307082306,48.87260307082306,2.470290212464106,2996.401384884338
14.69,5.0,269.64751995038637,4.831635706658237,0.5115690058586345,0.4884309941413655,48.843099414136546,2.4717150751262356,2998.9634242229895
14.700000000000001,5.0,269.4152763011866,4.831634426780429,0.5118644181744052,0.4881355818255948,48.81355818255948,2.4731417446953903,3001.5230478614444
14.71,5.0,269.18287274310654,4.831633131424528,0.5121602046591802,0.4878397953408198,48.78397953408198,2.474570213428462,3004.080255225361
14.72,5.0,268.95031086321166,4.831631820403578,0.5124563637427361,0.48754363625726393,48.75436362572639,2.476000473627714,3006.635045758436
14.73,5.0,268.7175923717744,4.831630493528351,0.5127528936938419,0.4872471063061581,48.72471063061581,2.4774325168160676,3009.1874188666493
14.74,5.0,268.48471922595934,4.831629150607335,0.5130497924620551,0.48695020753794493,48.695020753794495,2.4788663329727085,3011.737374002485
14.75,5.0,268.25169336607223,4.831627791446698,0.5133470580133521,0.4866529419866479,48.66529419866479,2.480301912154712,3014.2849106955487
14.76,5.0,268.01851671256577,4.831626415850257,0.5136446883339979,0.4863553116660021,48.63553116660021,2.4817392445157167,3016.8300284863117
14.77,5.0,267.7851911660393,4.831625023619463,0.5139426814306022,0.4860573185693978,48.605731856939784,2.483178320306183,3019.3727269261103
14.780000000000001,5.0,267.55171860723885,4.831623614553354,0.5142410353301774,0.4857589646698226,48.57589646698226,2.484619129873651,3021.913005577149
14.790000000000001,5.0,267.3181008970575,4.831622188448547,0.5145397480801958,0.48546025191980424,48.546025191980426,2.4860616636629995,3024.450864012494
14.8,5.0,267.08433987653484,4.831620745099186,0.5148388177486477,0.4851611822513523,48.51611822513523,2.4875059122167054,3026.986301816082
14.81,5.0,266.85043736685736,4.8316192842969325,0.5151382424240999,0.4848617575759001,48.48617575759001,2.488951866175109,3029.519318582712
14.82,5.0,266.6163951693583,4.831617805830923,0.5154380202157537,0.4845619797842463,48.45619797842463,2.4903995162766748,3032.0499139180506
14.83,5.0,266.38221506551776,4.831616309487746,0.5157381492535046,0.4842618507464954,48.42618507464954,2.4918488533582583,3034.5780874386296
14.84,5.0,266.14789881696237,4.831614795051403,0.5160386276880012,0.48396137231199876,48.39613723119987,2.4932998683553693,3037.103838771847
14.85,5.0,265.91344816546575,4.831613262303286,0.5163394536907049,0.4836605463092951,48.36605463092951,2.494752552302443,3039.6271675559665
14.86,5.0,265.67886483294825,4.831611711022141,0.5166406254539501,0.48335937454604994,48.335937454604995,2.496206896333109,3042.148073440117
14.870000000000001,5.0,265.44415052147696,4.831610140984038,0.5169421411910035,0.48305785880899654,48.305785880899656,2.497662891680455,3044.6665560842953
14.88,5.0,265.2093069132658,4.831608551962338,0.5172439991361261,0.48275600086387394,48.27560008638739,2.499120529677307,3047.1826151593605
14.89,5.0,264.9743356706753,4.831606943727661,0.517546197544633,0.48245380245536695,48.245380245536694,2.500579801756497,3049.6962503470404
14.9,5.0,264.73923843621304,4.831605316047852,0.5178487346929553,0.48215126530704466,48.21512653070447,2.5020406994511366,3052.207461339928
14.91,5.0,264.5040168325331,4.831603668687947,0.5181516088787009,0.48184839112129907,48.18483911212991,2.5035032143948937,3054.7162478414816
14.92,5.0,264.2686724624365,4.8316020014101415,0.5184548184207171,0.48154518157928294,48.154518157928294,2.504967338322268,3057.2226095660253
14.93,5.0,264.03320690887097,4.831600313973755,0.5187583616591517,0.4812416383408483,48.12416383408483,2.5064330630688683,3059.72654623875
14.94,5.0,263.79762173493106,4.831598606135197,0.5190622369555167,0.4809377630444833,48.09377630444833,2.5079003805716917,3062.228057595711
14.950000000000001,5.0,263.56191848385794,4.831596877647929,0.5193664426927503,0.48063355730724966,48.063355730724965,2.5093692828694043,3064.7271433838314
14.96,5.0,263.32609867903983,4.831595128262434,0.5196709772752796,0.48032902272472044,48.03290227247204,2.5108397621026186,3067.223803360898
14.97,5.0,263.09016382401154,4.831593357726174,0.5199758391290844,0.4800241608709156,48.00241608709156,2.5123118105141775,3069.7180372955636
14.98,5.0,262.85411540245457,4.831591565783563,0.5202810267017611,0.47971897329823887,47.97189732982389,2.5137854204494414,3072.2098449673485
14.99,5.0,262.6179548781974,4.831589752175917,0.5205865384625857,0.47941346153741426,47.94134615374143,2.515260584356563,3074.6992261666383
15.0,5.0,262.3816836952152,4.831587916641433,0.5208923729025787,0.4791076270974213,47.91076270974213,2.5167372947867825,3077.186180694683
15.01,5.0,262.1453032776298,4.831586058915134,0.5211985285345693,0.47880147146543073,47.880147146543074,2.5182155443947063,3079.6707083636
15.02,5.0,261.90881502971,4.831584178728846,0.5215050038932598,0.4784949961067402,47.849499610674016,2.5196953259385997,3082.152808996372
15.030000000000001,5.0,261.6722203358712,4.831582275811149,0.5218117975352916,0.4781882024647084,47.818820246470835,2.5211766322806706,3084.6324824268477
15.040000000000001,5.0,261.43552063297324,4.831580349887343,0.5221189079454778,0.4778810920545222,47.78810920545222,2.5226594559340088,3087.109728488616
15.05,5.0,261.1987176668883,4.831578400679408,0.5224263332034106,0.4775736667965894,47.757366679658944,2.524143787451742,3089.5845470242684
15.06,5.0,260.9618131419804,4.83157642790596,0.5227340714377272,0.4772659285622728,47.72659285622728,2.5256296176218327,3092.0569379407543
15.07,5.0,260.7248087299597,4.831574431282215,0.5230421208147443,0.4769578791852557,47.69578791852557,2.527116937412142,3094.5269011540754
15.08,5.0,260.4877060799667,4.831572410519948,0.5233504795254518,0.4766495204745482,47.664952047454825,2.528605737907558,3096.9944365858655
15.09,5.0,260.2505068185717,4.831570365327448,0.5236591457855877,0.4763408542144123,47.63408542144123,2.5300960103103316,3099.4595441633896
15.1,5.0,260.01321254977523,4.83156829540948,0.5239681178357121,0.47603188216428793,47.60318821642879,2.531587745940405,3101.9222238195443
15.11,5.0,259.7758248550079,4.831566200467236,0.5242773939412824,0.47572260605871763,47.57226060587176,2.533080936235746,3104.382475492856
15.120000000000001,5.0,259.5383452931303,4.8315640801983015,0.5245869723927288,0.4754130276072712,47.54130276072712,2.5345755727526864,3106.8402991274847
15.13,5.0,259.3007754004334,4.831561934296603,0.5248968515055291,0.4751031484944709,47.51031484944709,2.5360716471662514,3109.29569467322
15.14,5.0,259.06311669063786,4.83155976245237,0.5252070296202855,0.47479297037971446,47.47929703797145,2.537569151270502,3111.7486620854834
15.15,5.0,258.8253706548947,4.831557564352085,0.5255175051028002,0.47448249489719985,47.448249489719984,2.5390680769788694,3114.199201325327
15.16,5.0,258.5875387617849,4.831555339678443,0.5258282763441512,0.4741717236558488,47.41717236558488,2.5405684163244957,3116.6473123594365
15.17,5.0,258.34962245731964,4.831553088110306,0.5261393417607707,0.4738606582392293,47.38606582392293,2.5420701614605754,3119.092995160126
15.18,5.0,258.11162316494,4.831550809322653,0.5264506997945207,0.47354930020547925,47.354930020547926,2.543573304660694,3121.5362497053434
15.19,5.0,257.8735422855173,4.831548502986534,0.5267623489127711,0.4732376510872289,47.323765108722895,2.5450778383191692,3123.977075978666
15.200000000000001,5.0,257.63538119735296,4.831546168769023,0.5270742876084767,0.47292571239152326,47.29257123915232,2.546583754951398,3126.415473969304
15.21,5.0,257.3971412561784,4.831543806333176,0.527386514400256,0.47261348559974403,47.2613485599744,2.548091047194199,3128.8514436720975
15.22,5.0,257.15882379515506,4.83154141533797,0.5276990278324687,0.4723009721675313,47.23009721675313,2.5495997078061565,3131.2849850875186
15.23,5.0,256.9204301248747,4.831538995438265,0.5280118264752941,0.4719881735247059,47.19881735247059,2.551109729667966,3133.716098221671
15.24,5.0,256.68196153335896,4.831536546284751,0.5283249089248109,0.4716750910751891,47.16750910751891,2.5526211057827863,3136.1447830862894
15.25,5.0,256.4434192860597,4.831534067523892,0.5286382738030746,0.4713617261969254,47.13617261969254,2.554133829276578,3138.57103969874
15.26,5.0,256.2048046258586,4.831531558797886,0.5289519197581987,0.47104808024180134,47.10480802418013,2.555647893398464,3140.9948680820203
15.27,5.0,255.96611877306782,4.831529019744605,0.5292658454644326,0.47073415453556744,47.07341545355674,2.557163291521069,3143.416268264759
15.280000000000001,5.0,255.7273629254293,4.8315264499975425,0.5295800496222424,0.47041995037775763,47.04199503777576,2.5586800171408752,3145.835240281216
15.290000000000001,5.0,255.48853825811526,4.831523849185768,0.529894530958391,0.470105469041609,47.0105469041609,2.5601980638785724,3148.2517841712825
15.3,5.0,255.24964592372785,4.831521216933865,0.5302092882260182,0.4697907117739818,46.97907117739818,2.5617174254794097,3150.6658999804818
15.31,5.0,255.0106870522994,4.831518552861885,0.5305243202047215,0.4694756797952785,46.94756797952785,2.5632380958135514,3153.0775877599676
15.32,5.0,254.77166275129233,4.831515856585285,0.5308396257006368,0.4691603742993632,46.91603742993632,2.5647600688764243,3155.4868475665253
15.33,5.0,254.53257410559902,4.831513127714878,0.53115520354652,0.46884479645348,46.884479645348,2.5662833387890798,3157.893679462572
15.34,5.0,254.29342217754214,4.831510365856773,0.531471052601828,0.46852894739817197,46.852894739817195,2.5678078997985425,3160.298083516155
15.35,5.0,254.05420803093233,4.831507570612322,0.531787171720999,0.468212828279001,46.8212828279001,2.5693337461245216,3162.7000598006225
15.36,5.0,253.81493303181298,4.83150474157806,0.5321035593556533,0.46789644064434666,46.78964406443467,2.570860870037402,3165.099608407912
15.370000000000001,5.0,253.57559856226598,4.831501878345646,0.5324202139321635,0.46757978606783646,46.757978606783645,2.572389263682439,3167.4967294670787
15.38,5.0,253.3362059441286,4.831498980501808,0.5327371339525998,0.4672628660474002,46.72628660474002,2.573918919567441,3169.891423113617
15.39,5.0,253.09675647773184,4.8314960476282796,0.5330543179436285,0.46694568205637155,46.694568205637154,2.5754498303158293,3172.283689485416
15.4,5.0,252.85725144190053,4.831493079301742,0.5333717644565891,0.46662823554341093,46.662823554341095,2.576981988666969,3174.6735287227607
15.41,5.0,252.6176920939533,4.831490075093761,0.5336894720675708,0.4663105279324292,46.63105279324292,2.5785153874764974,3177.060940968331
15.42,5.0,252.37807966970271,4.831487034570728,0.5340074393774888,0.46599256062251115,46.599256062251115,2.5800500197166514,3179.445926367202
15.43,5.0,252.138415383455,4.831483957293797,0.5343256650121629,0.46567433498783706,46.56743349878371,2.5815858784766044,3181.8284850668424
15.44,5.0,251.89870042801033,4.8314808428188165,0.5346441476223932,0.4653558523776068,46.53558523776068,2.583122956962788,3184.208617217118
15.450000000000001,5.0,251.65893597466257,4.831477690696277,0.5349628858840393,0.4650371141159607,46.50371141159607,2.5846612484992337,3186.5863229702877
15.46,5.0,251.4191231731996,4.831474500471231,0.535281878498097,0.46471812150190295,46.471812150190296,2.5862007465278953,3188.961602481006
15.47,5.0,251.17926315190297,4.83147127168324,0.5356011241907778,0.46439887580922223,46.439887580922225,2.58774144460899,3191.334455906323
15.48,5.0,250.9393570175481,4.831468003866303,0.5359206217135857,0.4640793782864143,46.40793782864143,2.589283336421326,3193.704883405683
15.49,5.0,250.6994058554042,4.831464696548788,0.5362403698433973,0.4637596301566027,46.37596301566027,2.5908264157626393,3196.0728851409253
15.5,5.0,250.45941072923432,4.8314613492533685,0.5365603673825395,0.46343963261746046,46.34396326174605,2.5923706765499275,3198.438461276285
15.51,5.0,250.2193726812954,4.831457961496953,0.5368806131588696,0.4631193868411304,46.31193868411304,2.593916112819786,3200.8016119783915
15.52,5.0,249.97929273233805,4.831454532790611,0.5372011060258538,0.4627988939741462,46.27988939741462,2.595462718728741,3203.1623374162696
15.530000000000001,5.0,249.7391718816068,4.831451062639507,0.537521844862647,0.462478155137353,46.247815513735304,2.5970104885535843,3205.5206377613385
15.540000000000001,5.0,249.49901110684007,4.831447550542835,0.5378428285741725,0.46215717142582746,46.21571714258275,2.598559416691716,3207.8765131874125
15.55,5.0,249.25881136427,4.831443995993734,0.5381640560912022,0.4618359439087978,46.183594390879776,2.600109497661474,3210.2299638707013
15.56,5.0,249.01857358862253,4.831440398479221,0.5384855263704369,0.4615144736295631,46.15144736295631,2.6016607261024767,3212.58098998981
15.57,5.0,248.77829869311748,4.83143675748012,0.5388072383945858,0.4611927616054142,46.119276160541425,2.6032130967759555,3214.929591725737
15.58,5.0,248.5379875694685,4.831433072470983,0.5391291911724482,0.4608708088275518,46.08708088275518,2.6047666045650972,3217.2757692618775
15.59,5.0,248.29764108788302,4.831429342920016,0.5394513837389937,0.4605486162610063,46.05486162610063,2.60632124447538,3219.619522784021
15.6,5.0,248.05726009706234,4.831425568289005,0.5397738151554435,0.46022618484455646,46.02261848445565,2.607877011634913,3221.960852480351
15.610000000000001,5.0,247.81684542420146,4.831421748033231,0.5400964845093518,0.45990351549064823,45.990351549064826,2.609433901294775,3224.2997585414487
15.620000000000001,5.0,247.57639787498942,4.8314178816014,0.5404193909146864,0.4595806090853136,45.958060908531365,2.610991908829353,3226.6362411602868
15.63,5.0,247.33591823360888,4.83141396843556,0.5407425335119117,0.4592574664880883,45.92574664880883,2.612551029736684,3228.9703005322353
15.64,5.0,247.09540726273642,4.83141000797102,0.5410659114680691,0.45893408853193085,45.89340885319309,2.614111259638791,3231.301936855059
15.65,5.0,246.8548657035424,4.831405999636271,0.5413895239768608,0.4586104760231392,45.86104760231392,2.61567259428203,3233.631150328917
15.66,5.0,246.6142942790529,4.831401942852899,0.541713370254203,0.45828662974579704,45.8286629745797,2.617235029515548,3235.957941156626
15.67,5.0,246.37369394716495,4.831397837035509,0.5420374491973936,0.4579625508026064,45.796255080260636,2.618798559644532,3238.2823095683952
15.68,5.0,246.1330657823588,4.831393681591637,0.5423617595436317,0.45763824045636825,45.763824045636824,2.620363178196025,3240.6042558217628
15.69,5.0,245.89241077195283,4.83138947592166,0.5426863001443905,0.45731369985560955,45.73136998556095,2.6219288792444715,3242.9237801725053
15.700000000000001,5.0,245.65172988452903,4.831385219418721,0.5430110698734018,0.45698893012659825,45.69889301265982,2.6234956569670995,3245.2408828771577
15.71,5.0,245.41102406993332,4.831380911468628,0.5433360676267274,0.45666393237327263,45.66639323732726,2.625063505644198,3247.5555641930146
15.72,5.0,245.17029425927524,4.831376551449778,0.5436612923228291,0.4563387076771709,45.63387076771709,2.6266324196594,3249.867824378129
15.73,5.0,244.9295413649281,4.831372138733063,0.5439867429026392,0.45601325709736085,45.60132570973609,2.6282023934999565,3252.177663691314
15.74,5.0,244.68876628052902,4.831367672681775,0.5443124183296312,0.4556875816703688,45.56875816703688,2.6297734217570192,3254.48508239214
15.75,5.0,244.44796988097883,4.8313631526515195,0.5446383175898907,0.4553616824101093,45.536168241010934,2.6313454991259135,3256.7900807409374
15.76,5.0,244.2071530224421,4.831358577990122,0.5449644396921864,0.45503556030781356,45.503556030781354,2.6329186204064254,3259.092658998795
15.77,5.0,243.96631654234716,4.831353948037536,0.5452907836680417,0.45470921633195827,45.47092163319583,2.6344927805030753,3261.3928174275607
15.780000000000001,5.0,243.7254612593861,4.831349262125742,0.5456173485718059,0.4543826514281941,45.43826514281941,2.636067974425398,3263.690556289842
15.790000000000001,5.0,243.4845879735148,4.831344519578657,0.5459441334807255,0.45405586651927454,45.40558665192746,2.6376441972882216,3265.9858758490036
15.8,5.0,243.2436974659529,4.831339719712036,0.5462711374950163,0.4537288625049837,45.37288625049837,2.639221444311947,3268.27877636917
15.81,5.0,243.00279049918365,4.831334861833374,0.5465983597379357,0.4534016402620643,45.34016402620643,2.640799710822828,3270.5692581152252
15.82,5.0,242.76186781695424,4.831329945241803,0.5469257993558538,0.45307420064414616,45.307420064414615,2.6423789922532466,3272.857321352812
15.83,5.0,242.52093014427547,4.831324969227996,0.5472534555183269,0.45274654448167306,45.274654448167304,2.6439592841419954,3275.142966348331
15.84,5.0,242.27997818742196,4.831319933074062,0.5475813274181689,0.4524186725818311,45.24186725818311,2.645540582134554,3277.4261933689427
15.85,5.0,242.0390126339321,4.831314836053444,0.5479094142715243,0.4520905857284757,45.209058572847574,2.647122881983368,3279.707002682566
15.860000000000001,5.0,241.79803415260793,4.831309677430815,0.548237715317941,0.45176228468205903,45.176228468205906,2.648706179548128,3281.9853945578798
15.870000000000001,5.0,241.5570433935154,4.831304456461969,0.5485662298204432,0.45143377017955677,45.14337701795568,2.650290470796048,3284.26136926432
15.88,5.0,241.3160409879841,4.831299172393718,0.5488949570656048,0.45110504293439524,45.110504293439526,2.651875751802142,3286.5349270720826
15.89,5.0,241.07502754860744,4.831293824463785,0.5492238963636213,0.45077610363637866,45.077610363637866,2.6534620187495017,3288.806068252123
15.9,5.0,240.8340036692425,4.831288411900687,0.5495530470483855,0.4504469529516145,45.04469529516145,2.6550492679295776,3291.0747930761545
15.91,5.0,240.59296992501012,4.831282933923633,0.5498824084775588,0.45011759152244124,45.011759152244124,2.656637495742454,3293.3411018166494
15.92,5.0,240.351926872295,4.831277389742404,0.550211980032646,0.44978801996735396,44.9788019967354,2.658226698697122,3295.6049947468396
15.93,5.0,240.1108750487455,4.8312717785572445,0.5505417611190693,0.4494582388809307,44.945823888093074,2.6598168734117635,3297.8664721407154
15.94,5.0,239.86981497327375,4.831266099558748,0.5508717511662419,0.4491282488337581,44.91282488337581,2.661408016614027,3300.125534273026
15.950000000000001,5.0,239.6287471460556,4.831260351927737,0.5512019496276421,0.44879805037235787,44.87980503723578,2.663000125141297,3302.3821814192797
15.96,5.0,239.38767204853076,4.831254534835148,0.5515323559808879,0.4484676440191121,44.84676440191121,2.664593195940978,3304.6364138557437
15.97,5.0,239.14659014340256,4.83124864744191,0.5518629697278115,0.44813703027218854,44.81370302721886,2.666187226070765,3306.8882318594437
15.98,5.0,238.90550203908404,4.831242688898829,0.5521937901688138,0.44780620983118624,44.780620983118624,2.6677822116084156,3309.1376357317704
15.99,5.0,238.66440856075084,4.831236658346459,0.5525248163046765,0.44747518369532346,44.747518369532344,2.6693781471772966,3311.3846258086146
16.0,5.0,238.42331043197706,4.831230554914984,0.5528560472731799,0.44714395272682006,44.714395272682005,2.6709750280557096,3313.629202413967
16.01,5.0,238.18220836035653,4.83122437772409,0.5531874822317816,0.4468125177682184,44.68125177682184,2.672572849609995,3315.871365871968
16.02,5.0,237.94110303785772,4.831218125882842,0.55351912035719,0.44648087964281,44.648087964281004,2.6741716072923825,3318.111116506957
16.03,5.0,237.69999514082335,4.8312117984895515,0.5538509608454257,0.44614903915457427,44.614903915457425,2.6757712966411953,3320.348454643478
16.04,5.0,237.45888532997088,4.831205394631651,0.554183002911883,0.44581699708811695,44.5816997088117,2.677371913281057,3322.583380606272
16.05,5.0,237.21777425039204,4.831198913385561,0.55451524579139,0.44548475420861,44.548475420861,2.6789734529230906,3324.8158947202837
16.06,5.0,236.9766625315533,4.831192353816556,0.5548476887382706,0.4451523112617294,44.515231126172935,2.6805759113651217,3327.0459973106563
16.07,5.0,236.73555078729535,4.831185714978636,0.5551803310264062,0.4448196689735938,44.481966897359385,2.682179284491884,3329.273688702736
16.080000000000002,5.0,236.4944396158336,4.831178995914383,0.5555131719492963,0.4444868280507037,44.44868280507037,2.6837835682752154,3331.4989692220684
16.09,5.0,236.25332959975793,4.831172195654828,0.5558462108201209,0.44415378917987913,44.415378917987915,2.6853887587742595,3333.721839194399
16.1,5.0,236.0122213060325,4.831165313219314,0.5561794469718024,0.44382055302819756,44.38205530281976,2.6869948521356726,3335.9422989456775
16.11,5.0,235.7711152859963,4.831158347615348,0.5565128797570671,0.4434871202429329,44.34871202429329,2.688601844593811,3338.1603488020496
16.12,5.0,235.53001207536244,4.831151297838468,0.5568465085485075,0.4431534914514925,44.315349145149256,2.6902097324709415,3340.3759890898673
16.13,5.0,235.28891219421888,4.83114416287209,0.5571803327386443,0.4428196672613557,44.28196672613557,2.6918185121774303,3342.5892201356783
16.14,5.0,235.0478161470278,4.831136941687369,0.5575143517399891,0.4424856482600109,44.24856482600109,2.693428180211947,3344.800042266235
16.15,5.0,234.80672442262608,4.831129633243046,0.5578485649851059,0.44215143501489407,44.21514350148941,2.6950387331616543,3347.008455808487
16.16,5.0,234.56563749422483,4.831122236485302,0.5581829719266751,0.4418170280733249,44.18170280733249,2.696650167702411,3349.214461089589
16.17,5.0,234.32455581940997,4.8311147503476075,0.5585175720375548,0.4414824279624452,44.14824279624452,2.6982624805989635,3351.418058436893
16.18,5.0,234.08347984014182,4.831107173750566,0.5588523648108441,0.4411476351891559,44.11476351891559,2.6998756687051375,3353.6192481779517
16.19,5.0,233.84240998275496,4.831099505601761,0.5591873497599461,0.4408126502400539,44.08126502400539,2.701489728964035,3355.8180306405225
16.2,5.0,233.60134665795883,4.831091744795603,0.5595225264186307,0.44047747358136935,44.04774735813694,2.703104658408226,3358.0144061525584
16.21,5.0,233.360290260837,4.831083890213161,0.5598578943410979,0.4401421056589021,44.01421056589021,2.7047204541599403,3360.2083750422184
16.22,5.0,233.11924117084789,4.831075940722013,0.5601934531020408,0.43980654689795917,43.98065468979592,2.706337113431255,3362.3999376378574
16.23,5.0,232.87819975182404,4.831067895176082,0.5605292022967094,0.43947079770329056,43.947079770329054,2.707954633524292,3364.5890942680358
16.240000000000002,5.0,232.6371663519728,4.8310597524154595,0.5608651415409736,0.43913485845902644,43.91348584590264,2.7095730118313974,3366.7758452615103
16.25,5.0,232.396141303876,4.831051511266256,0.5612012704713865,0.43879872952861354,43.879872952861355,2.711192245835335,3368.9601909472412
16.26,5.0,232.15512492448963,4.831043170540426,0.5615375887452492,0.43846241125475083,43.84624112547508,2.7128123331094747,3371.1421316543897
16.27,5.0,231.9141175151446,4.8310347290355935,0.5618740960406734,0.4381259039593266,43.81259039593266,2.7144332713179735,3373.3216677123155
16.28,5.0,231.67311936154596,4.831026185534881,0.5622107920566465,0.4377892079433535,43.77892079433535,2.7160550582159653,3375.4987994505827
16.29,5.0,231.43213082456649,4.831017538806743,0.5625476763861342,0.43745232361386577,43.74523236138658,2.7176776910363944,3377.673527214757
16.3,5.0,231.19115253335266,4.831008787604782,0.5628847482455747,0.43711525175442534,43.71152517544253,2.7193011651830767,3379.8458513948026
16.31,5.0,230.95018503742043,4.830999930667569,0.5632220069608247,0.4367779930391753,43.67779930391753,2.720925476578193,3382.0157723645884
16.32,5.0,230.70922886662936,4.830990966718469,0.5635594518834761,0.4364405481165239,43.64405481165239,2.7225506212578847,3384.183290496956
16.330000000000002,5.0,230.46828453792085,4.830981894465452,0.5638970823814907,0.4361029176185093,43.61029176185093,2.7241765953268753,3386.348406164987
16.34,5.0,230.22735255531774,4.830972712600914,0.5642348978392522,0.4357651021607478,43.57651021607478,2.725803394958592,3388.5111197420065
16.35,5.0,229.9864334099241,4.830963419801482,0.5645728976576185,0.43542710234238147,43.54271023423814,2.727431016395281,3390.6714316015846
16.36,5.0,229.74552757992578,4.830954014727833,0.5649110812539736,0.4350889187460264,43.50889187460264,2.729059455948125,3392.8293421175317
16.37,5.0,229.50463553058978,4.830944496024497,0.5652494480622796,0.4347505519377204,43.475055193772036,2.7306887099973545,3394.984851663905
16.38,5.0,229.26375771426498,4.83093486231966,0.5655879975331285,0.4344120024668715,43.44120024668715,2.7323187749923563,3397.1379606150012
16.39,5.0,229.02289457038128,4.830925112224978,0.5659267291337955,0.4340732708662045,43.40732708662045,2.7339496474517957,3399.288669345363
16.4,5.0,228.7820465254505,4.830915244335371,0.56626564234829,0.43373435765171,43.373435765170996,2.7355813239637152,3401.436978229773
16.41,5.0,228.54121399306555,4.830905257228816,0.5666047366774094,0.4333952633225906,43.33952633225906,2.737213801185646,3403.582887643261
16.42,5.0,228.30039737390106,4.8308951494661585,0.5669440116387908,0.4330559883612092,43.305598836120915,2.73884707584472,3405.726397961097
16.43,5.0,228.05959705571317,4.830884919590893,0.5672834667669637,0.43271653323303627,43.271653323303624,2.7404811447377666,3407.867509558794
16.44,5.0,227.8188134133392,4.830874566128966,0.5676231016134033,0.43237689838659665,43.23768983865966,2.7421160047314275,3410.0062228121105
16.45,5.0,227.5780468086983,4.830864087588553,0.5679629157465829,0.43203708425341714,43.203708425341716,2.7437516527622505,3412.1425380970454
16.46,5.0,227.3372975907908,4.830853482459854,0.5683029087520265,0.4316970912479735,43.16970912479735,2.7453880858367916,3414.276455789843
16.47,5.0,227.09656609569876,4.830842749214875,0.5686430802323625,0.43135691976763746,43.135691976763745,2.7470253010317207,3416.407976266989
16.48,5.0,226.85585264658545,4.830831886307209,0.5689834298073767,0.4310165701926233,43.101657019262326,2.7486632954939147,3418.537099905214
16.490000000000002,5.0,226.61515755369587,4.830820892171813,0.5693239571140649,0.4306760428859351,43.06760428859351,2.750302066440554,3420.6638270814897
16.5,5.0,226.3744811143564,4.830809765224793,0.5696646618066865,0.4303353381933135,43.033533819331346,2.7519416111592205,3422.7881581730317
16.51,5.0,226.1338236129748,4.830798503863164,0.5700055435568183,0.4299944564431817,42.99944564431817,2.7535819270079878,3424.9100935573006
16.52,5.0,225.89318532104048,4.830787106464631,0.5703466020534071,0.42965339794659285,42.965339794659286,2.755223011415513,3427.0296336119964
16.53,5.0,225.65256649712407,4.830775571387354,0.5706878370028242,0.4293121629971758,42.931216299717576,2.7568648618811316,3429.1467787150664
16.54,5.0,225.41196738687805,4.830763896969714,0.571029248128918,0.428970751871082,42.8970751871082,2.7585074759749375,3431.2615292446967
16.55,5.0,225.171388223036,4.830752081530073,0.5713708351730686,0.42862916482693136,42.86291648269314,2.7601508513378774,3433.3738855793213
16.56,5.0,224.93082922541322,4.830740123366538,0.5717125978942409,0.4282874021057591,42.82874021057591,2.761794985681829,3435.4838480976123
16.57,5.0,224.69029060090634,4.830728020756714,0.5720545360690392,0.4279454639309608,42.79454639309608,2.76343987678969,3437.59141717849
16.580000000000002,5.0,224.44977254349357,4.830715771957461,0.5723966494917603,0.4276033505082397,42.76033505082397,2.765085522515453,3439.696593201113
16.59,5.0,224.2092752342346,4.830703375204645,0.5727389379744482,0.4272610620255518,42.72610620255518,2.7667319207842906,3441.7993765448864
16.6,5.0,223.96879888083535,4.83069082871288,0.5730814012905869,0.42691859870941307,42.69185987094131,2.768379069320364,3443.89976759704
16.61,5.0,223.72834395944727,4.830678130675283,0.5734240388303299,0.4265759611696701,42.657596116967014,2.7700269639811688,3445.9977667927387
16.62,5.0,223.4879109248401,4.83066527926321,0.5737668500127168,0.42623314998728323,42.623314998728326,2.7716756007486527,3448.0933745566726
16.63,5.0,223.24750020173832,4.830652272625994,0.5741098342981259,0.4258901657018741,42.58901657018741,2.773324975789175,3450.1865913098163
16.64,5.0,223.00711220394996,4.830639108890686,0.5744529911610862,0.42554700883891383,42.554700883891385,2.774975085321979,3452.2774174736655
16.65,5.0,222.76674733436735,4.830625786161783,0.57479632009032,0.42520367990968,42.520367990968,2.776625925619202,3454.365853470231
16.66,5.0,222.5264059849664,4.830612302520958,0.5751398205887901,0.4248601794112099,42.48601794112099,2.778277493005906,3456.4518997220457
16.67,5.0,222.28608853680717,4.83059865602679,0.5754834921737426,0.4245165078262574,42.45165078262574,2.779929783860085,3458.535556652158
16.68,5.0,222.04579536003368,4.830584844714487,0.575827334376753,0.42417266562324696,42.4172665623247,2.7815827946126843,3460.6168246841357
16.69,5.0,221.8055268138736,4.830570866595597,0.5761713467437714,0.42382865325622865,42.382865325622866,2.783236521747612,3462.695704242066
16.7,5.0,221.5652832466388,4.8305567196577375,0.5765155288351663,0.4234844711648337,42.34844711648337,2.784890961801747,3464.772195750553
16.71,5.0,221.32506499572486,4.8305424018642995,0.5768598802257721,0.42314011977422794,42.314011977422794,2.7865461113649532,3466.8462996347203
16.72,5.0,221.0848723876115,4.83052791115416,0.5772044005049314,0.4227955994950686,42.27955994950686,2.7882019670800755,3468.9180163202086
16.73,5.0,220.8447057378621,4.830513245441391,0.5775490892765432,0.42245091072345675,42.24509107234567,2.7898585256429542,3470.98734623318
16.740000000000002,5.0,220.60456535112422,4.830498402614955,0.5778939461591063,0.4221060538408937,42.21060538408937,2.791515783802416,3473.0542898003114
16.75,5.0,220.36445152112927,4.830483380538412,0.5782389707857656,0.4217610292142344,42.17610292142344,2.7931737383602773,3475.1188474487994
16.76,5.0,220.1243645306924,4.830468177049614,0.5785841628043576,0.42141583719564235,42.14158371956424,2.7948323861713424,3477.181019606361
16.77,5.0,219.88430465171294,4.83045278996039,0.5789295218774562,0.42107047812254383,42.107047812254386,2.7964917241433924,3479.240806701229
16.78,5.0,219.64427214517394,4.830437217056244,0.5792750476824177,0.42072495231758233,42.07249523175823,2.7981517492371806,3481.2982091621557
16.79,5.0,219.40426726114256,4.830421456096033,0.579620739911427,0.42037926008857296,42.0379260088573,2.7998124584664157,3483.3532274184113
16.8,5.0,219.16429023876967,4.830405504811653,0.5799665982715441,0.42003340172845594,42.0033401728456,2.801473848897755,3485.4058618997865
16.81,5.0,218.92434130629027,4.830389360907711,0.5803126224847484,0.41968737751525165,41.96873775152517,2.8031359176507813,3487.4561130365864
16.82,5.0,218.68442068102308,4.8303730220612024,0.5806588122879862,0.4193411877120138,41.934118771201376,2.8047986618979883,3489.5039812596397
16.830000000000002,5.0,218.44452856937093,4.830356485921178,0.581005167433216,0.41899483256678405,41.89948325667841,2.8064620788647545,3491.549467000289
16.84,5.0,218.20466516682052,4.830339750108413,0.5813516876874543,0.41864831231254573,41.86483123125457,2.808126165829322,3493.5925706903968
16.85,5.0,217.96483065794234,4.830322812215064,0.5816983728328229,0.4183016271671771,41.83016271671771,2.8097909201227678,3495.633292762346
16.86,5.0,217.72502521639103,4.830305669804331,0.5820452226665939,0.41795477733340614,41.79547773334061,2.8114563391289726,3497.6716336490344
16.87,5.0,217.4852490049049,4.830288320410109,0.5823922370012367,0.41760776299876334,41.76077629987633,2.8131224202845893,3499.7075937838817
16.88,5.0,217.2455021753064,4.830270761536636,0.5827394156644641,0.4172605843355359,41.72605843355359,2.814789161079005,3501.7411736008235
16.89,5.0,217.00578486850173,4.830252990658142,0.5830867584992793,0.41691324150072073,41.69132415007207,2.8164565590543056,3503.772373534315
16.9,5.0,216.76609721448122,4.830235005218487,0.5834342653640212,0.4165657346359788,41.65657346359788,2.818124611805227,3505.8011940193296
16.91,5.0,216.52643934110466,4.830216802630799,0.5837819361196631,0.4162180638803369,41.62180638803369,2.8197933169175364,3507.8276354931086
16.92,5.0,216.28681159466498,4.8301983802771105,0.584129770309564,0.41587022969043597,41.587022969043595,2.821462670420897,3509.851698434215
16.93,5.0,216.04721439216357,4.8301797355079765,0.5844777673731466,0.4155222326268534,41.55222326268534,2.823132667820718,3511.873383326511
16.94,5.0,215.80764810538238,4.830160865642111,0.5848259268141167,0.4151740731858833,41.517407318588326,2.8248033049104238,3513.8926906459938
16.95,5.0,215.56811309645224,4.830141767965996,0.5851742481489202,0.41482575185107984,41.48257518510798,2.8264745775221978,3515.9096208694323
16.96,5.0,215.32860971785186,4.830122439733504,0.5855227309067844,0.4144772690932156,41.44772690932156,2.8281464815269017,3517.9241744743754
16.97,5.0,215.0891383124089,4.830102878165505,0.5858713746297577,0.4141286253702423,41.41286253702423,2.8298190128339735,3519.9363519391422
16.98,5.0,214.84969921329892,4.830083080449473,0.5862201788727506,0.4137798211272494,41.37798211272494,2.8314921673913362,3521.9461537428315
16.990000000000002,5.0,214.6102927440462,4.830063043739084,0.5865691432035752,0.4134308567964248,41.34308567964248,2.833165941185287,3523.9535803653152
17.0,5.0,214.37091921852343,4.83004276515382,0.5869182672029868,0.4130817327970132,41.30817327970132,2.834840330240403,3525.958632287239
17.01,5.0,214.13157894095144,4.830022241778553,0.587267550464724,0.412732449535276,41.2732449535276,2.836515330619426,3527.9613099900284
17.02,5.0,213.8922722058998,4.830001470663136,0.587616992595549,0.412383007404451,41.2383007404451,2.8381909384231507,3529.9616139558793
17.03,5.0,213.65299929828612,4.829980448821987,0.5879665932152893,0.4120334067847107,41.203340678471065,2.8398671497903174,3531.9595446677667
17.04,5.0,213.41376049337677,4.829959173233656,0.5883163519568771,0.41168364804312285,41.16836480431228,2.841543960897479,3533.9551026094377
17.05,5.0,213.17455605678623,4.829937640840415,0.5886662684663917,0.4113337315336083,41.13337315336083,2.8432213679588942,3535.9482882654183
17.06,5.0,212.93538624447763,4.829915848547805,0.5890163424030989,0.41098365759690114,41.09836575969011,2.844899367226388,3537.939102121006
17.07,5.0,212.6962513027622,4.829893793224214,0.5893665734394931,0.41063342656050694,41.06334265605069,2.8465779549892303,3539.927544662277
17.080000000000002,5.0,212.45715146829986,4.829871471700424,0.5897169612613373,0.4102830387386627,41.028303873866264,2.8482571275739974,3541.91361637608
17.09,5.0,212.2180869680989,4.82984888076917,0.5900675055677054,0.4099324944322946,40.99324944322946,2.8499368813444375,3543.89731775004
17.1,5.0,211.97905801951578,4.829826017184681,0.5904182060710221,0.40958179392897787,40.95817939289779,2.851617212701329,3545.8786492725594
17.11,5.0,211.74006483025568,4.829802877662219,0.5907690624971046,0.4092309375028954,40.92309375028954,2.853298118082327,3547.857611432812
17.12,5.0,211.50110759837182,4.829779458877627,0.5911200745852042,0.4088799254147958,40.887992541479576,2.85497959396183,3549.8342047207507
17.13,5.0,211.26218651226623,4.8297557574668435,0.5914712420880469,0.4085287579119531,40.85287579119531,2.8566616368508098,3551.8084296271004
17.14,5.0,211.02330175068894,4.829731770025438,0.5918225647718753,0.40817743522812466,40.817743522812464,2.858344243296664,3553.7802866433644
17.150000000000002,5.0,210.78445348273866,4.829707493108126,0.5921740424164899,0.40782595758351015,40.782595758351015,2.8600274098830503,3555.7497762618186
17.16,5.0,210.54564186786249,4.829682923228284,0.5925256748152897,0.4074743251847103,40.74743251847103,2.8617111332297203,3557.716898975515
17.17,5.0,210.30686705585572,4.829658056857456,0.5928774617753156,0.40712253822468436,40.71225382246843,2.8633954099923513,3559.681655278283
17.18,5.0,210.06812918686234,4.829632890424856,0.59322940311729,0.40677059688271,40.677059688271,2.865080236862369,3561.6440456647238
17.19,5.0,209.8294283913744,4.829607420316864,0.59358149867566,0.40641850132434,40.641850132434,2.8667656105667727,3563.604070630217
17.2,5.0,209.5907647902327,4.82958164287652,0.5939337482986375,0.40606625170136246,40.60662517013625,2.8684515278679434,3565.561730670915
17.21,5.0,209.35213849462613,4.829555554403003,0.594286151848243,0.40571384815175704,40.571384815175705,2.870137985563468,3567.517026283748
17.22,5.0,209.1135496060923,4.82952915115111,0.594638709200345,0.405361290799655,40.5361290799655,2.871824980485934,3569.469957966419
17.23,5.0,208.87499834389783,4.8295024293307325,0.5949914200563087,0.4050085799436913,40.500857994369134,2.873512508592885,3571.4205262400374
17.240000000000002,5.0,208.63648511646542,4.829475385106321,0.5953442838367757,0.40465571616322427,40.46557161632243,2.875200564453459,3573.3687316545165
17.25,5.0,208.39801027315949,4.829448014596339,0.5956973000483767,0.40430269995162327,40.43026999516233,2.876889143019033,3575.31457474764
17.26,5.0,208.15957415415474,4.829420313872728,0.5960504682101013,0.4039495317898987,40.394953178989866,2.8785782392672137,3577.2580560580172
17.27,5.0,207.92117709059562,4.8293922789603405,0.5964037878531021,0.4035962121468979,40.35962121468979,2.8802678482004724,3579.199176125111
17.28,5.0,207.6828194045955,4.829363905836395,0.5967572585207334,0.40324274147926664,40.324274147926666,2.8819579648459084,3581.137935489243
17.29,5.0,207.44450140923738,4.829335190429902,0.5971108797685885,0.40288912023141155,40.28891202314115,2.883648584255002,3583.0743346915883
17.3,5.0,207.20622340857324,4.829306128621088,0.5974646511645397,0.40253534883546027,40.253534883546024,2.885339701503372,3585.008374274181
17.31,5.0,206.9679856976246,4.82927671624083,0.5978185722887758,0.4021814277112242,40.21814277112242,2.8870313116905204,3586.9400547799078
17.32,5.0,206.72978856238214,4.829246949070054,0.5981726427338406,0.40182735726615937,40.18273572661594,2.8887234099395713,3588.869376752514
17.330000000000002,5.0,206.49163227980594,4.829216822839155,0.5985268621046725,0.40147313789532746,40.147313789532745,2.8904159913970155,3590.796340736601
17.34,5.0,206.2535171178254,4.829186333227388,0.5988812300186419,0.4011187699813581,40.11187699813581,2.892109051232433,3592.720947277623
17.35,5.0,206.015443335339,4.829155475862269,0.5992357461055912,0.40076425389440884,40.076425389440885,2.8938025846382276,3594.643196921895
17.36,5.0,205.77741118221488,4.829124246318955,0.5995904100078722,0.40040958999212783,40.04095899921278,2.8954965868293385,3596.563090216584
17.37,5.0,205.53942089929006,4.829092640119629,0.5999452213803868,0.40005477861961325,40.005477861961324,2.8971910530429668,3598.4806277097155
17.38,5.0,205.30147271837131,4.8290606527328706,0.6003001798906237,0.3996998201093763,39.969982010937635,2.898885978538275,3600.3958099501697
17.39,5.0,205.06356686223427,4.829028279573016,0.6006552852186995,0.3993447147813005,39.93447147813005,2.900581358596096,3602.308637487684
17.400000000000002,5.0,204.82570354462416,4.828995515999524,0.6010105370573959,0.39898946294260407,39.898946294260405,2.9022771885186307,3604.2191108728507
17.41,5.0,204.5878829702555,4.828962357316317,0.6013659351121998,0.3986340648878002,39.863406488780015,2.9039734636291397,3606.1272306571177
17.42,5.0,204.3501053348119,4.828928798771132,0.6017214791013423,0.3982785208986577,39.827852089865765,2.9056701792716337,3608.032997392791
17.43,5.0,204.11237082494657,4.82889483555485,0.6020771687558374,0.3979228312441626,39.79228312441626,2.907367330810549,3609.9364116330307
17.44,5.0,203.87467961828165,4.828860462800824,0.6024330038195216,0.3975669961804784,39.75669961804784,2.9090649136304254,3611.837473931855
17.45,5.0,203.63703188340898,4.828825675584201,0.6027889840490928,0.39721101595090724,39.72110159509072,2.9107629231355747,3613.736184844135
17.46,5.0,203.39942777988935,4.828790468921229,0.6031451092141502,0.3968548907858498,39.68548907858498,2.912461354749742,3615.632544925601
17.47,5.0,203.16186745825317,4.828754837768566,0.603501379097233,0.396498620902767,39.6498620902767,2.914160203915765,3617.5265547328368
17.48,5.0,202.9243510599998,4.828718777022571,0.6038577934938603,0.39614220650613974,39.61422065061397,2.9158594660952213,3619.418214823285
17.490000000000002,5.0,202.68687871759818,4.828682281518596,0.60421435221257,0.39578564778743,39.578564778743,2.917559136768073,3621.3075257552414
17.5,5.0,202.4494505544866,4.8286453460302585,0.6045710550749589,0.3954289449250411,39.54289449250411,2.9192592114323035,3623.194488087859
17.51,5.0,202.21206668507224,4.82860796526872,0.604927901915722,0.395072098084278,39.5072098084278,2.9209596856035502,3625.0791023811475
17.52,5.0,201.9747272147321,4.828570133881945,0.6052848925826918,0.3947151074173082,39.47151074173082,2.9226605548147266,3626.9613691959717
17.53,5.0,201.73743223981202,4.828531846453952,0.6056420269368785,0.3943579730631215,39.435797306312146,2.9243618146156405,3628.841289094053
17.54,5.0,201.50018188639072,4.828493097504067,0.6059993047941181,0.3940006952058819,39.40006952058819,2.9260634602906626,3630.7188626444977
17.55,5.0,201.2629765151919,4.8284538814861495,0.606356725616087,0.393643274383913,39.3643274383913,2.9277654853662276,3632.5940904549116
17.56,5.0,201.02581647637135,4.828414192787829,0.6067142888790721,0.3932857111209279,39.32857111209279,2.9294678833908865,3634.4669731288577
17.57,5.0,200.78870209890854,4.828374025729723,0.6070719940900254,0.39292800590997456,39.29280059099746,2.931170648012227,3636.3375112682675
17.580000000000002,5.0,200.5516337028573,4.828333374564645,0.6074298407681592,0.3925701592318408,39.25701592318408,2.932873772887391,3638.205705475736
17.59,5.0,200.31461159934557,4.828292233476802,0.6077878284449844,0.39221217155501564,39.22121715550156,2.9345772516826485,3640.0715563545227
17.6,5.0,200.0776360905752,4.8282505965809985,0.6081459566643503,0.39185404333564966,39.18540433356497,2.936281078072972,3641.9350645085538
17.61,5.0,199.84070746982243,4.828208457921804,0.6085042249824822,0.39149577501751776,39.14957750175178,2.9379852457415727,3643.7962305424194
17.62,5.0,199.60382602143736,4.828165811472737,0.6088626329680206,0.39113736703197943,39.113736703197944,2.9396897483794704,3645.655055061375
17.63,5.0,199.36699202084446,4.828122651135429,0.6092211802020591,0.39077881979794094,39.07788197979409,2.9413945796850203,3647.5115386713414
17.64,5.0,199.13020573454205,4.828078970738767,0.6095798662781847,0.3904201337218153,39.04201337218153,2.9430997333634537,3649.3656819789044
17.650000000000002,5.0,198.89346742010278,4.8280347640380565,0.6099386908025152,0.39006130919748483,39.006130919748486,2.9448052031264025,3651.217485591314
17.66,5.0,198.65677732617345,4.82799002471414,0.6102976533937383,0.3897023466062617,38.97023466062617,2.946510982691416,3653.0669501164857
17.67,5.0,198.4201356924747,4.827944746372532,0.6106567536831518,0.38934324631684825,38.934324631684824,2.948217065781478,3654.914076163001
17.68,5.0,198.18354274980163,4.827898922542529,0.6110159913147004,0.3889840086852996,38.89840086852996,2.9499234461244974,3656.758864340105
17.69,5.0,197.9469987200231,4.8278525466763185,0.6113753659450172,0.3886246340549828,38.86246340549828,2.9516301174528174,3658.6013152577093
17.7,5.0,197.71050381608248,4.827805612148071,0.6117348772434602,0.3882651227565398,38.82651227565398,2.9533370735026883,3660.4414295263887
17.71,5.0,197.4740582419969,4.827758112253022,0.6120945248921538,0.38790547510784623,38.79054751078462,2.955044308013755,3662.279207757385
17.72,5.0,197.23766219285787,4.827710040206558,0.612454308586026,0.387545691413974,38.7545691413974,2.956751814728523,3664.1146505626034
17.73,5.0,197.0013158548308,4.8276613891432625,0.6128142280328491,0.38718577196715087,38.71857719671509,2.9584595873918205,3665.947758554616
17.740000000000002,5.0,196.7650194051554,4.827612152115982,0.6131742829532781,0.38682571704672186,38.682571704672185,2.960167619750249,3667.7785323466583
17.75,5.0,196.52877301214554,4.8275623220948685,0.6135344730808899,0.38646552691911007,38.646552691911005,2.9618759055516324,3669.6069725526304
17.76,5.0,196.2925768351889,4.827511891966401,0.6138947981622238,0.3861052018377762,38.610520183777616,2.9635844385444488,3671.4330797871003
17.77,5.0,196.05643102474764,4.827460854532413,0.6142552579568191,0.3857447420431809,38.574474204318086,2.965293212477254,3673.256854665297
17.78,5.0,195.8203357223577,4.827409202509106,0.6146158522372565,0.38538414776274355,38.53841477627435,2.9670022210981086,3675.078297803119
17.79,5.0,195.5842910606295,4.827356928526037,0.6149765807891955,0.3850234192108045,38.50234192108045,2.968711458153975,3676.8974098171257
17.8,5.0,195.34829716324722,4.827304025125115,0.615337443411416,0.38466255658858395,38.466255658858394,2.9704209173901264,3678.7141913245446
17.81,5.0,195.11235414496952,4.8272504847595705,0.6156984399158565,0.3843015600841435,38.43015600841435,2.9721305925495294,3680.5286429432663
17.82,5.0,194.87646211162874,4.8271962997929245,0.6160595701276543,0.38394042987234567,38.39404298723457,2.973840477372233,3682.3407652918477
17.830000000000002,5.0,194.64062116013173,4.827141462497935,0.6164208338851848,0.38357916611481524,38.35791661148152,2.9755505655947276,3684.1505589895105
17.84,5.0,194.4048313784594,4.827085965055543,0.6167822310401012,0.3832177689598988,38.32177689598988,2.977260850949318,3685.9580246561404
17.85,5.0,194.1690928479402,4.8270297995538,0.6171437614538874,0.3828562385461126,38.28562385461126,2.978971327146636,3687.7631629126313
17.86,5.0,193.9334058120709,4.82697295798678,0.617505424738754,0.382494575261246,38.249457526124594,2.9806819866241065,3689.5659744056993
17.87,5.0,193.69777062697776,4.82691543225349,0.6178672203329945,0.38213277966700554,38.21327796670055,2.9823928209088986,3691.3664597992015
17.88,5.0,193.46218760624285,4.826857214156762,0.6182291477389407,0.38177085226105933,38.17708522610593,2.9841038217656926,3693.1646197518667
17.89,5.0,193.2266570542164,4.826798295402126,0.6185912064719307,0.38140879352806933,38.140879352806934,2.9858149809494594,3694.960454922565
17.900000000000002,5.0,192.99117926601735,4.826738667596687,0.6189533960603483,0.38104660393965173,38.104660393965176,2.98752629020477,3696.7539659703048
17.91,5.0,192.75575452753318,4.826678322247972,0.6193157160456639,0.38068428395433607,38.06842839543361,2.9892377412650863,3698.5451535542315
17.92,5.0,192.5203831154196,4.826617250762775,0.6196781659824757,0.3803218340175243,38.03218340175243,2.990949325852055,3700.3340183336322
17.93,5.0,192.28506529710108,4.826555444445985,0.6200407454385491,0.37995925456145085,37.99592545614509,2.9926610356747765,3702.1205609679296
17.94,5.0,192.04980133077026,4.826492894499408,0.620403453994859,0.37959654600514103,37.95965460051411,2.9943728624290773,3703.904782116688
17.95,5.0,191.81459146538865,4.826429592020561,0.6207662912456284,0.37923370875437157,37.92337087543716,2.996084797796755,3705.6866824396075
17.96,5.0,191.57943594068578,4.826365528001462,0.6211292567983719,0.37887074320162806,37.8870743201628,2.99779683344483,3707.46626259653
17.97,5.0,191.34433498716015,4.826300693327417,0.6214923502739339,0.3785076497260661,37.85076497260661,2.9995089610247727,3709.2435232474336
17.98,5.0,191.1092888260783,4.826235078775768,0.6218555713065312,0.37814442869346876,37.81444286934688,3.001221172171727,3711.0184650524366
17.990000000000002,5.0,190.87429766947557,4.826168675014654,0.6222189195437936,0.3777810804562064,37.77810804562064,3.00293345850372,3712.791088671796
18.0,5.0,190.6393617201557,4.826101472601739,0.6225823946468041,0.3774176053531959,37.74176053531959,3.004645811620858,3714.561394765906
18.01,5.0,190.40448117169075,4.8260334619829335,0.622945996290141,0.377054003709859,37.7054003709859,3.0063582231045167,3716.329383995301
18.02,5.0,190.16965620842151,4.8259646334911075,0.6233097241619183,0.3766902758380817,37.669027583808166,3.0080706845165155,3718.095057020654
18.03,5.0,189.93488700545706,4.825894977344774,0.6236735779638268,0.37632642203617317,37.632642203617316,3.009783187398276,3719.8584145027776
18.04,5.0,189.7001737286751,4.8258244836467785,0.6240375574111758,0.37596244258882416,37.596244258882415,3.0114957232699844,3721.6194571026194
18.05,5.0,189.46551653472164,4.825753142382949,0.6244016622329339,0.3755983377670661,37.55983377670661,3.0132082836297176,3723.378185481271
18.06,5.0,189.23091557101142,4.825680943420758,0.6247658921717698,0.3752341078282302,37.52341078282302,3.0149208599525776,3725.134600299958
18.07,5.0,188.99637097572736,4.825607876507951,0.6251302469840949,0.3748697530159051,37.486975301590505,3.0166334436898095,3726.888702220049
18.080000000000002,5.0,188.7618828778211,4.825533931271167,0.6254947264401031,0.37450527355989693,37.45052735598969,3.018346026267894,3728.6404919030474
18.09,5.0,188.5274513970128,4.825459097214543,0.6258593303238131,0.37414066967618687,37.41406696761869,3.0200585990876454,3730.3899700105967
18.1,5.0,188.29307664379078,4.8253833637182995,0.6262240584331101,0.37377594156688987,37.377594156688986,3.021771153523286,3732.1371372044814
18.11,5.0,188.05875871941225,4.825306720037323,0.6265889105797862,0.37341108942021384,37.341108942021386,3.0234836809215078,3733.8819941466213
18.12,5.0,187.82449771590248,4.825229155299715,0.6269538865895828,0.37304611341041716,37.30461134104171,3.025196172600526,3735.624541499077
18.13,5.0,187.59029371605567,4.825150658505341,0.6273189863022318,0.3726810136977682,37.268101369776815,3.0269086198491166,3737.364779924047
18.14,5.0,187.35614679343408,4.825071218524354,0.6276842095714973,0.3723157904285027,37.23157904285027,3.02862101392564,3739.10271008387
18.150000000000002,5.0,187.12205701236874,4.824990824095705,0.6280495562652171,0.3719504437347829,37.19504437347829,3.0303333460570516,3740.838332641021
18.16,5.0,186.88802442795912,4.824909463825641,0.6284150262653444,0.3715849737346556,37.15849737346556,3.0320456074378987,3742.571648258115
18.17,5.0,186.65404914367377,4.824827126186181,0.628780619377961,0.37121938062203896,37.121938062203895,3.0337577887949343,3744.302657605156
18.18,5.0,186.42013147684185,4.824743799513577,0.6291463350742463,0.37085366492575367,37.08536649257537,3.035469879136161,3746.031361382535
18.19,5.0,186.18627171520393,4.824659472006763,0.6295121728704536,0.3704878271295464,37.04878271295464,3.037181867582993,3747.7577602898637
18.2,5.0,185.95247013144433,4.824574131725781,0.6298781323052913,0.3701218676947087,37.012186769470865,3.0388937432598575,3749.4818550253844
18.21,5.0,185.71872698835858,4.8244877665901935,0.6302442129318943,0.36975578706810575,36.97557870681057,3.040605495254189,3751.203646286564
18.22,5.0,185.4850425388542,4.824400364377479,0.6306104143178672,0.36938958568213276,36.93895856821327,3.042317112615352,3752.923134770088
18.23,5.0,185.25141702594996,4.8243119127214085,0.63097673604533,0.36902326395467,36.902326395467,3.044028584353557,3754.6403211718666
18.240000000000002,5.0,185.01785068277638,4.8242223991104085,0.6313431777109605,0.3686568222890395,36.86568222890395,3.045739899438759,3756.35520618703
18.25,5.0,184.78434373257568,4.8241318108859,0.6317097389260401,0.3682902610739599,36.82902610739599,3.047451046799537,3758.0677905099305
18.26,5.0,184.55089638870137,4.824040135240628,0.6320764193164978,0.36792358068350217,36.79235806835022,3.04916201532197,3759.778074834143
18.27,5.0,184.3175088546189,4.823947359216964,0.6324432185229539,0.36755678147704607,36.75567814770461,3.050872793848481,3761.4860598524624
18.28,5.0,184.08418132390494,4.823853469705201,0.6328101362007655,0.36718986379923446,36.71898637992344,3.0525833711766834,3763.1917462569086
18.29,5.0,183.85091398024812,4.8237584534418225,0.63317717202007,0.36682282797993004,36.682282797993004,3.0542937360581996,3764.895134738719
18.3,5.0,183.61770699744832,4.823662297007754,0.6335443256658305,0.3664556743341695,36.64556743341695,3.0560038771974685,3766.596225988357
18.31,5.0,183.38456053941735,4.823564986826598,0.6339115968378796,0.36608840316212043,36.608840316212046,3.0577137832505343,3768.2950206955047
18.32,5.0,183.15147476017825,4.823466509162857,0.6342789852509647,0.3657210147490353,36.572101474903526,3.05942344282383,3769.9915195490685
18.330000000000002,5.0,182.9184498038659,4.823366850120117,0.6346464906347922,0.36535350936520783,36.535350936520786,3.0611328444729238,3771.685723237174
18.34,5.0,182.68548580472682,4.823265995639239,0.6350141127340723,0.36498588726592773,36.49858872659277,3.062841976701273,3773.37763244717
18.35,5.0,182.45258288711884,4.823163931496515,0.6353818513085641,0.36461814869143594,36.461814869143595,3.0645508279589477,3775.0672478656275
18.36,5.0,182.21974116551166,4.823060643301801,0.6357497061331197,0.36425029386688035,36.42502938668804,3.066259386641335,3776.7545701783383
18.37,5.0,181.98696074448634,4.82295611649665,0.63611767699773,0.36388232300226997,36.388232300226996,3.0679676410878427,3778.439600070317
18.38,5.0,181.75424171873578,4.822850336352403,0.6364857637075688,0.3635142362924312,36.351423629243115,3.069675579580564,3780.1223382257986
18.39,5.0,181.52158417306418,4.822743287968272,0.636853966083038,0.363146033916962,36.314603391696195,3.0713831903429454,3781.8027853282415
18.400000000000002,5.0,181.28898818238756,4.822634956269411,0.6372222839598126,0.3627777160401874,36.27777160401874,3.0730904615384254,3783.480942060325
18.41,5.0,181.05645381173355,4.822525326004944,0.6375907171888855,0.3624092828111145,36.24092828111145,3.0747973812690557,3785.1568091039503
18.42,5.0,180.8239811162411,4.822414381745993,0.6379592656366132,0.3620407343633868,36.20407343633868,3.076503937574116,3786.8303871402404
18.43,5.0,180.59157014116107,4.822302107883685,0.6383279291847601,0.3616720708152399,36.16720708152399,3.078210118428696,3788.5016768495393
18.44,5.0,180.3592209218556,4.822188488627119,0.6386967077305442,0.3613032922694558,36.13032922694558,3.07991591174227,3790.1706789114155
18.45,5.0,180.1269334837988,4.8220735080013375,0.6390656011866818,0.36093439881331824,36.093439881331825,3.0816213053572463,3791.8373940046554
18.46,5.0,179.89470784257594,4.82195714984526,0.6394346094814336,0.3605653905185664,36.05653905185664,3.0833262870475107,3793.501822807271
18.47,5.0,179.66254400388428,4.821839397809603,0.6398037325586486,0.36019626744135136,36.01962674413514,3.0850308445169303,3795.1639659964926
18.48,5.0,179.4304419735328,4.821720235354774,0.6401729703618975,0.35982702963810254,35.982702963810254,3.086734965321133,3796.8238242496773
18.490000000000002,5.0,179.19840194056124,4.821599645748751,0.6405423225429052,0.3594576774570948,35.945767745709475,3.088438635459954,3798.481398264994
18.5,5.0,178.9664241525109,4.821477612064935,0.6409117886594216,0.35908821134057844,35.908821134057845,3.0901418403298946,3800.1366887542695
18.51,5.0,178.73450882534235,4.821354117179979,0.6412813683185474,0.35871863168145257,35.871863168145254,3.091844565413439,3801.7896964264014
18.52,5.0,178.5026561641299,4.8212291437716015,0.6416510611438724,0.3583489388561276,35.834893885612765,3.0935467961188112,3803.440421988139
18.53,5.0,178.27086636306112,4.821102674316377,0.6420208667755245,0.3579791332244755,35.79791332244755,3.0952485177783995,3805.088866144085
18.54,5.0,178.03913960543738,4.820974691087498,0.6423907848702193,0.3576092151297807,35.76092151297807,3.0969497156471606,3806.7350295966935
18.55,5.0,177.80747606367322,4.82084517615252,0.6427608151013103,0.35723918489868967,35.723918489868964,3.098650374901014,3808.378913046274
18.56,5.0,177.57587589929705,4.820714111371089,0.6431309571588373,0.3568690428411627,35.686904284116274,3.100350480635202,3810.0205171909865
18.57,5.0,177.34433926295037,4.820581478392629,0.6435012107495767,0.35649878925042333,35.64987892504233,3.1020500178626413,3811.6598427268455
18.580000000000002,5.0,177.11286629438848,4.820447258654031,0.6438715755970912,0.3561284244029088,35.61284244029088,3.10374897151225,3813.296890347717
18.59,5.0,176.8814571224802,4.820311433377293,0.6442420514417788,0.3557579485582212,35.57579485582212,3.1054473264272486,3814.9316607453206
18.6,5.0,176.65011186520755,4.820173983567166,0.6446126380409241,0.35538736195907594,35.538736195907596,3.1071450673634606,3816.564154609229
18.61,5.0,176.41883062966645,4.820034890008743,0.6449833351687456,0.3550166648312544,35.50166648312544,3.108842178987557,3818.194372626866
18.62,5.0,176.1876135120659,4.8198941332650564,0.6453541426164484,0.3546458573835516,35.46458573835516,3.1105386458753204,3819.822315483511
18.63,5.0,175.9564605977288,4.819751693674633,0.6457250601922716,0.3542749398077284,35.42749398077284,3.1122344525098558,3821.4479838622938
18.64,5.0,175.7253719610912,4.819607551349029,0.6460960877215399,0.3539039122784601,35.39039122784601,3.1139295832797984,3823.0713784441987
18.650000000000002,5.0,175.49434766570295,4.819461686170344,0.6464672250467128,0.35353277495328717,35.35327749532872,3.115624022477494,3824.692499908062
18.66,5.0,175.26338776422725,4.819314077788708,0.6468384720274344,0.3531615279725656,35.316152797256564,3.117317754297152,3826.3113489305724
18.67,5.0,175.03249229844073,4.819164705619748,0.6472098285405844,0.3527901714594156,35.27901714594156,3.119010762832993,3827.9279261862735
18.68,5.0,174.80166129923373,4.819013548842027,0.6475812944803272,0.3524187055196728,35.24187055196728,3.120703032077355,3829.542232347558
18.69,5.0,174.57089478660984,4.818860586394454,0.6479528697581628,0.3520471302418372,35.20471302418372,3.1223945459187896,3831.1542680846765
18.7,5.0,174.34019276968644,4.818705796973683,0.6483245543029762,0.3516754456970238,35.16754456970238,3.124085288140131,3832.764034065727
18.71,5.0,174.10955524669407,4.818549159031479,0.6486963480610889,0.3513036519389111,35.13036519389111,3.1257752424165512,3834.371530956665
18.72,5.0,173.87898220497712,4.818390650772047,0.6490682509963076,0.3509317490036924,35.09317490036924,3.127464392313573,3835.9767594212954
18.73,5.0,173.64847362099317,4.818230250149362,0.6494402630899757,0.3505597369100243,35.05597369100243,3.1291527212850814,3837.5797201212786
18.740000000000002,5.0,173.4180294603135,4.818067934864455,0.6498123843410234,0.3501876156589766,35.01876156589766,3.1308402126713024,3839.180413716126
18.75,5.0,173.18764967762291,4.817903682362679,0.6501846147660176,0.34981538523398237,34.981538523398235,3.132526849696756,3840.7788408632023
18.76,5.0,172.9573342167195,4.817737469830943,0.6505569543992133,0.34944304560078665,34.94430456007866,3.1342126154681904,3842.375002217726
18.77,5.0,172.72708301051512,4.817569274194937,0.6509294032926031,0.34907059670739693,34.90705967073969,3.135897492972489,3843.9688984327663
18.78,5.0,172.49689598103487,4.817399072116315,0.6513019615159685,0.34869803848403147,34.869803848403144,3.1375814650745624,3845.560530159248
18.79,5.0,172.26677303996175,4.817226839989857,0.6516746291560487,0.3483253708439513,34.832537084395135,3.139264514510954,3847.149898045966
18.8,5.0,172.03671422170729,4.817052553940611,0.6520474061009046,0.3479525938990954,34.79525938990954,3.1409466228487135,3848.7370027499637
18.81,5.0,171.80671969111037,4.816876189821,0.6524202920268657,0.3475797079731343,34.75797079731343,3.1426277704202734,3850.321844949162
18.82,5.0,171.5767895740454,4.816697723207909,0.6527932866727918,0.3472067133272082,34.72067133272082,3.1443079376422443,3851.904425320465
18.830000000000002,5.0,171.346923984136,4.81651712939974,0.6531663897968816,0.3468336102031184,34.68336102031184,3.1459871048048678,3853.4847445367373
18.84,5.0,171.11712302275464,4.816334383413449,0.6535396011767294,0.3464603988232706,34.64603988232706,3.1476652520697943,3855.062803266803
18.85,5.0,170.8873867790225,4.816149459981551,0.6539129206093819,0.3460870793906181,34.60870793906181,3.149342359467833,3856.638602175451
18.86,5.0,170.65771532981003,4.815962333549092,0.6542863479113944,0.3457136520886056,34.57136520886056,3.151018406896672,3858.2121419234286
18.87,5.0,170.42810873973622,4.815772978270615,0.6546598829188874,0.34534011708111256,34.53401170811126,3.1526933741185825,3859.7834231674465
18.88,5.0,170.19856706116926,4.815581368007068,0.6550335254876036,0.34496647451239637,34.49664745123964,3.154367240758087,3861.3524465601736
18.89,5.0,169.969090334226,4.815387476322719,0.6554072754929646,0.3445927245070354,34.45927245070354,3.156039986299616,3862.919212750244
18.900000000000002,5.0,169.73967858677244,4.815191276482018,0.655781132830127,0.34421886716987304,34.4218867169873,3.157711590085123,3864.4837223822497
18.91,5.0,169.51033183442345,4.81499274144644,0.65615509741404,0.34384490258596,34.384490258596,3.1593820313116847,3866.0459760967456
18.92,5.0,169.2810500805426,4.81479184387131,0.6565291691795023,0.3434708308204977,34.347083082049764,3.1610512890290754,3867.6059745302477
18.93,5.0,169.0518333162427,4.8145885561025885,0.6569033480812183,0.3430966519187817,34.30966519187817,3.1627193421373088,3869.1637183152325
18.94,5.0,168.82268152038512,4.814382850173631,0.657277634093856,0.342722365906144,34.272236590614405,3.1643861693841595,3870.7192080801387
18.95,5.0,168.59359465958048,4.8141746978019295,0.6576520272121027,0.3423479727878973,34.23479727878973,3.166051749362651,3872.272444449366
18.96,5.0,168.36457268818802,4.813964070385816,0.658026527450724,0.341973472549276,34.1973472549276,3.167716060508531,3873.8234280432753
18.97,5.0,168.13561554831617,4.813750939001141,0.6584011348446187,0.3415988651553813,34.159886515538126,3.1693790810977,3875.3721594781878
18.98,5.0,167.90672316982196,4.813535274397934,0.6587758494488782,0.34122415055112176,34.12241505511218,3.171040789243638,3876.9186393663877
18.990000000000002,5.0,167.6778954703116,4.813317046997018,0.6591506713388416,0.34084932866115836,34.084932866115835,3.1727011628947754,3878.4628683161195
19.0,5.0,167.4491323551402,4.813096226886618,0.6595256006101545,0.3404743993898455,34.047439938984546,3.174360179831865,3880.004846931588
19.01,5.0,167.22043371741154,4.812872783818916,0.6599006373788258,0.34009936262117424,34.00993626211742,3.176017817665306,3881.5445758129617
19.02,5.0,166.9917994379786,4.812646687206611,0.6602757817812847,0.33972421821871535,33.972421821871535,3.1776740538324546,3883.082055556368
19.03,5.0,166.763229385443,4.812417906119414,0.6606510339744388,0.3393489660255612,33.93489660255612,3.179328865594895,3884.617286753896
19.04,5.0,166.5347234161556,4.812186409280552,0.6610263941357309,0.33897360586426906,33.897360586426906,3.1809822300356942,3886.1502699935977
19.05,5.0,166.3062813742158,4.811952165063213,0.6614018624631973,0.3385981375368027,33.85981375368027,3.1826341240566234,3887.681005859485
19.06,5.0,166.07790309147228,4.811715141486981,0.6617774391755245,0.33822256082447555,33.82225608244755,3.1842845243753506,3889.20949493153
19.07,5.0,165.84958838752226,4.811475306214243,0.6621531245121073,0.3378468754878927,33.78468754878927,3.1859334075226093,3890.7357377856692
19.080000000000002,5.0,165.62133706971218,4.811232626546557,0.6625289187331063,0.33747108126689374,33.747108126689376,3.1875807498393334,3892.259734993797
19.09,5.0,165.39314893313735,4.8109870694210075,0.6629048221195056,0.33709517788049437,33.70951778804944,3.1892265274737746,3893.78148712377
19.1,5.0,165.16502376132777,4.810738601406515,0.6632808349720403,0.33671916502795973,33.67191650279597,3.190870716373139,3895.3009947393966
19.11,5.0,164.93696145713045,4.810487188700138,0.6636569573953366,0.3363430426046634,33.634304260466344,3.1925132912419802,3896.8182584066294
19.12,5.0,164.708962050658,4.8102327971233265,0.6640331892842356,0.3359668107157644,33.59668107157644,3.194154225473432,3898.3332787115496
19.13,5.0,164.48102553553068,4.8099753921181705,0.6644095305936517,0.3355904694063483,33.55904694063483,3.1957934924442495,3899.846056239819
19.14,5.0,164.25315189135432,4.809714938743601,0.6647859813015988,0.3352140186984012,33.52140186984012,3.1974310653336238,3901.3565915705776
19.150000000000002,5.0,164.02534108372066,4.80945140167157,0.6651625414092557,0.3348374585907443,33.48374585907443,3.1990669171201684,3902.864885276443
19.16,5.0,163.7975930642073,4.80918474518321,0.6655392109410312,0.3344607890589688,33.44607890589688,3.200701020578878,3904.370937923512
19.17,5.0,163.56990777037726,4.808914933164961,0.6659159899446311,0.3340840100553689,33.408401005536895,3.2023333482780645,3905.8747500713594
19.18,5.0,163.3422851257798,4.808641929104664,0.6662928784911227,0.33370712150887727,33.37071215088773,3.203963872576252,3907.3763222730377
19.19,5.0,163.11472503994955,4.808365696087639,0.6666698766750015,0.33333012332499845,33.33301233249985,3.2055925656190545,3908.8756550750795
19.2,5.0,162.88722740840728,4.808086196792727,0.6670469846142562,0.33295301538574384,33.295301538574385,3.2072193993360156,3910.372749017493
19.21,5.0,162.65979211265918,4.80780339348831,0.6674242024504357,0.33257579754956434,33.25757975495643,3.2088443454374334,3911.8676046337673
19.22,5.0,162.43241902019759,4.807517248028304,0.6678015303487138,0.3321984696512862,33.21984696512862,3.210467375411139,3913.360222450868
19.23,5.0,162.20510798450027,4.807227721848123,0.6681789684979571,0.3318210315020429,33.18210315020429,3.212088460519263,3914.8506029892405
19.240000000000002,5.0,161.977858845031,4.806934775960613,0.6685565171107889,0.3314434828892111,33.14434828892111,3.213707571794958,3916.3387467628077
19.25,5.0,161.75067142723935,4.8066383709519735,0.6689341764236568,0.3310658235763432,33.106582357634316,3.2153246800391058,3917.82465427897
19.26,5.0,161.52354554256047,4.80633846697764,0.6693119466968992,0.3306880533031008,33.06880533031008,3.2169397558169943,3919.308326038608
19.27,5.0,161.29648098841554,4.806035023758139,0.6696898282148099,0.33031017178519007,33.03101717851901,3.218552769454948,3920.789762536079
19.28,5.0,161.0694775482112,4.805728000574932,0.6700678212857066,0.32993217871429337,32.99321787142934,3.22016369103696,3922.26896425922
19.29,5.0,160.84253499134027,4.805417356266222,0.6704459262419955,0.3295540737580045,32.95540737580045,3.2217724904012686,3923.745931689344
19.3,5.0,160.61565307318097,4.8051030492227325,0.670824143440239,0.329175856559761,32.9175856559761,3.22337913713692,3925.220665301246
19.31,5.0,160.3888315350976,4.804785037383475,0.6712024732612211,0.32879752673877893,32.879752673877896,3.224983600580297,3926.6931655631956
19.32,5.0,160.16207010443998,4.804463278231478,0.6715809161100152,0.32841908388998475,32.841908388998476,3.226585849811623,3928.163432936943
19.330000000000002,5.0,159.93536849454387,4.804137728789501,0.67195947241605,0.32804052758394997,32.804052758394995,3.228185853651434,3929.631467877716
19.34,5.0,159.7087264047309,4.803808345615717,0.6723381426331762,0.32766185736682385,32.76618573668239,3.2297835806570214,3931.09727083422
19.35,5.0,159.48214352030814,4.80347508479938,0.6727169272397335,0.32728307276026647,32.72830727602665,3.2313789991188573,3932.5608422486407
19.36,5.0,159.2556195125689,4.803137901956461,0.6730958267386175,0.32690417326138255,32.69041732613825,3.2329720770569725,3934.0221825566396
19.37,5.0,159.02915403879177,4.802796752225262,0.6734748416573464,0.3265251583426536,32.65251583426536,3.234562782217326,3935.481292187359
19.38,5.0,158.8027467422416,4.802451590262018,0.6738539725481277,0.32614602745187227,32.61460274518723,3.2361510820681345,3936.938171563417
19.39,5.0,158.5763972521686,4.802102370236457,0.6742332199879263,0.3257667800120737,32.57667800120737,3.2377369437961794,3938.392821100913
19.400000000000002,5.0,158.350105183809,4.801749045827355,0.6746125845785302,0.32538741542146976,32.53874154214698,3.2393203343030836,3939.8452412094216
19.41,5.0,158.12387016196615,4.801391570218065,0.6749920669070525,0.3250079330929475,32.50079330929475,3.2409012200115903,3941.2954322914047
19.42,5.0,157.89769199826478,4.8010298960920235,0.6753716672483132,0.3246283327516868,32.46283327516868,3.242479565432666,3942.7433947545824
19.43,5.0,157.6715705272194,4.800663975628228,0.6757513858393213,0.32424861416067874,32.42486141606788,3.2440553344796808,3944.1891290222234
19.44,5.0,157.4455055580511,4.800293760496716,0.6761312229601479,0.32386877703985206,32.386877703985206,3.2456284908526123,3945.6326355098354
19.45,5.0,157.21949688381068,4.799919201854005,0.6765111789187047,0.3234888210812953,32.34888210812953,3.2471989979607807,3947.07391462329
19.46,5.0,156.99354428137772,4.799540250338514,0.6768912540508221,0.32310874594917793,32.31087459491779,3.2487668189190333,3948.512966758826
19.47,5.0,156.7676475114614,4.7991568560659825,0.6772714487203249,0.32272855127967515,32.27285512796752,3.2503319165438875,3949.9497923030476
19.48,5.0,156.5418063185999,4.798768968624856,0.6776517633191107,0.3223482366808893,32.23482366808893,3.2518942533496635,3951.3843916329265
19.490000000000002,5.0,156.31602043116075,4.798376537071659,0.6780321982672262,0.32196780173277384,32.19678017327738,3.2534537915445774,3952.816765115798
19.5,5.0,156.09028956134088,4.79797950992635,0.678412754012944,0.321587245987056,32.158724598705604,3.2550104930268104,3954.2469131093635
19.51,5.0,155.86461340516607,4.797577835167665,0.6787934310328418,0.32120656896715816,32.120656896715815,3.256564319380573,3955.6748359616936
19.52,5.0,155.63899164249176,4.7971714602284425,0.6791742298318777,0.3208257701681223,32.08257701681223,3.2581152318721167,3957.1005340112206
19.53,5.0,155.41342393700228,4.796760331990927,0.6795551509434686,0.32044484905653137,32.044484905653135,3.2596631914457372,3958.524007586746
19.54,5.0,155.18790993621153,4.796344396782073,0.6799361949295678,0.3200638050704322,32.00638050704322,3.2612081587197563,3959.9452570074354
19.55,5.0,154.96244927146233,4.7959236003688215,0.6803173623807424,0.31968263761925764,31.968263761925762,3.2627500939824703,3961.3642825828215
19.56,5.0,154.73704155792709,4.795497887953371,0.6806986539162507,0.31930134608374927,31.930134608374928,3.264288957188083,3962.781084612802
19.57,5.0,154.5116863946071,4.795067204168436,0.6810800701841211,0.3189199298158789,31.89199298158789,3.265824707952616,3964.195663387641
19.580000000000002,5.0,154.28638336433312,4.794631493072495,0.6814616118612282,0.3185383881387718,31.85383881387718,3.2673573055497895,3965.6080191879696
19.59,5.0,154.06113203376526,4.794190698145019,0.681843279653372,0.318156720346628,31.8156720346628,3.2688867089068885,3967.018152284782
19.6,5.0,153.8359319533925,4.793744762281708,0.6822250742953562,0.31777492570464383,31.777492570464382,3.270412876600613,3968.426062939442
19.61,5.0,153.61078265753346,4.793293627789708,0.6826069965510648,0.3173930034489352,31.73930034489352,3.27193576685289,3969.8317514036767
19.62,5.0,153.38568366433566,4.7928372363828124,0.6829890472135419,0.3170109527864581,31.70109527864581,3.2734553375266824,3971.23521791958
19.63,5.0,153.1606344757762,4.79237552917668,0.6833712271050688,0.3166287728949312,31.662877289493117,3.274971546121771,3972.636462719612
19.64,5.0,152.93563457766106,4.7919084466840225,0.6837535370772432,0.3162464629227568,31.62464629227568,3.2764843497705187,3974.0354860265993
19.650000000000002,5.0,152.71068343962577,4.791435928809805,0.6841359780110567,0.31586402198894326,31.586402198894326,3.277993705233612,3975.432288053733
19.66,5.0,152.48578051513508,4.790957914846433,0.6845185508169743,0.3154814491830257,31.54814491830257,3.2794995688957935,3976.82686900457
19.67,5.0,152.26092524148265,4.790474343468942,0.6849012564350129,0.3150987435649871,31.509874356498713,3.2810018967615715,3978.2192290730363
19.68,5.0,152.0361170397919,4.789985152730182,0.6852840958348188,0.31471590416518125,31.471590416518126,3.282500644450909,3979.60936844342
19.69,5.0,151.81135531501496,4.7894902800560075,0.6856670700157484,0.31433292998425155,31.433292998425156,3.283995767194909,3980.9972872903772
19.7,5.0,151.58663945593366,4.7889896622404615,0.6860501800069457,0.31394981999305427,31.394981999305426,3.285487219831471,3982.3829857789297
19.71,5.0,151.36196886017788,4.788483235440967,0.686433426824732,0.31356657317526804,31.356657317526803,3.286974956596523,3983.7664640630132
19.72,5.0,151.13734311225147,4.787970935173517,0.6868168111686321,0.31318318883136786,31.318318883136786,3.2884589296639684,3985.14772229591
19.73,5.0,150.91276181957173,4.7874526963078745,0.687200333700563,0.312799666299437,31.2799666299437,3.2899390904784314,3986.5267606462903
19.740000000000002,5.0,150.6882245629881,4.786928453062778,0.6875839951292968,0.3124160048707032,31.241600487070322,3.2914153901550094,3987.9035792717677
19.75,5.0,150.46373090473014,4.786398139001147,0.6879677961969971,0.3120322038030029,31.20322038030029,3.292887779410027,3989.278178316621
19.76,5.0,150.2392803884074,4.785861687025305,0.6883517376793094,0.31164826232069065,31.164826232069064,3.2943562085566995,3990.6505579117957
19.77,5.0,150.01487253900973,4.785319029372214,0.6887358203854511,0.3112641796145489,31.126417961454887,3.295820627500783,3992.0207181749
19.78,5.0,149.79050686290694,4.784770097608709,0.6891200451583023,0.3108799548416977,31.087995484169774,3.2972809857362075,3993.3886592102112
19.79,5.0,149.56618284784926,4.784214822626753,0.6895044128744958,0.3104955871255042,31.049558712550418,3.2987372323407196,3994.754381108667
19.8,5.0,149.34189996296675,4.783653134638719,0.6898889244445089,0.3101110755554911,31.01110755554911,3.3001893159715094,3996.117883947874
19.81,5.0,149.1176576587699,4.783084963172659,0.690273580812753,0.30972641918724697,30.972641918724698,3.301637184860826,3997.479167792101
19.82,5.0,148.89345536714907,4.782510237067623,0.6906583829576656,0.3093416170423344,30.934161704233443,3.303080786811606,3998.8382326922856
19.830000000000002,5.0,148.66929250137497,4.781928884468977,0.6910433318918003,0.30895666810819966,30.895666810819968,3.3045200691930816,4000.195078686027
19.84,5.0,148.44516845609846,4.781340832823751,0.6914284286619188,0.3085715713380812,30.857157133808123,3.3059549789363967,4001.549705797591
19.85,5.0,148.2210826073503,4.780746008876007,0.691813674349082,0.30818632565091797,30.818632565091796,3.3073854625302195,4002.9021140379086
19.86,5.0,147.99703431254173,4.780144338662234,0.692199070068741,0.30780092993125896,30.780092993125898,3.3088114660163557,4004.2523034045757
19.87,5.0,147.7730229104638,4.779535747506772,0.6925846169708293,0.3074153830291707,30.74153830291707,3.310232934985364,4005.6002738818543
19.88,5.0,147.54904772128802,4.778920160017259,0.6929703162398534,0.3070296837601466,30.70296837601466,3.311649814572171,4006.9460254406695
19.89,5.0,147.32510804656573,4.778297500080119,0.6933561690949859,0.3066438309050141,30.664383090501413,3.313062049451699,4008.289558038614
19.900000000000002,5.0,147.10120316922868,4.777667690856069,0.693742176790156,0.30625782320984396,30.625782320984396,3.3144695838344878,4009.630871619944
19.91,5.0,146.87733235358868,4.777030654775679,0.6941283406141427,0.30587165938585725,30.587165938585727,3.315872361462334,4010.969966115581
19.92,5.0,146.65349484533755,4.776386313534946,0.6945146618906666,0.3054853381093334,30.548533810933343,3.31727032560393,4012.3068414431127
19.93,5.0,146.42968987154748,4.775734588090938,0.6949011419784813,0.3050988580215187,30.50988580215187,3.3186634190505244,4013.64149750679
19.94,5.0,146.20591664067055,4.775075398657446,0.6952877822714675,0.3047122177285325,30.47122177285325,3.320051584111579,4014.973934197532
19.95,5.0,145.98217434253925,4.774408664700708,0.6956745841987237,0.30432541580127626,30.432541580127626,3.321434762610449,4016.3041513929193
19.96,5.0,145.75846214836596,4.773734304935167,0.6960615492246607,0.3039384507753393,30.393845077533932,3.322812895880081,4017.6321489572006
19.97,5.0,145.53477921074344,4.7730522373192725,0.6964486788490927,0.3035513211509073,30.355132115090733,3.324185924758713,4018.957926741288
19.98,5.0,145.3111246636443,4.772362379051344,0.696835974607332,0.30316402539266796,30.316402539266797,3.325553789585609,4020.2814845827593
19.990000000000002,5.0,145.0874976224216,4.771664646565489,0.6972234380702806,0.30277656192971936,30.277656192971936,3.3269164301968006,4021.6028223058584
20.0,5.0,144.8638971912072,4.7709589555275596,0.6976110708316944,0.3023889291683056,30.23889291683056,3.328273785859643,4022.921939720754
20.01,5.0,144.64032263169193,4.770245220831196,0.6979988742154,0.30200112578460003,30.200112578460004,3.3296257938715668,4024.2388366253062
20.02,5.0,144.4167732863108,4.769523356593907,0.6983868494078902,0.3016131505921098,30.16131505921098,3.330972390188964,4025.553512832896
20.03,5.0,144.19324846333677,4.768793276153225,0.698774997657526,0.30122500234247396,30.122500234247397,3.332313510373196,4026.8659681459353
20.04,5.0,143.9697474499458,4.768054892062933,0.6991633202519981,0.3008366797480019,30.08366797480019,3.3336490894785027,4028.1762023493943
20.05,5.0,143.74626951221614,4.767308116089352,0.6995518185184331,0.30044818148156693,30.044818148156693,3.3349790620479918,4029.4842152108085
20.06,5.0,143.5228138951289,4.766552859207713,0.6999404938234974,0.30005950617650257,30.005950617650257,3.3363033621096503,4030.790006480271
20.07,5.0,143.29937982256757,4.765789031598587,0.7003293475735033,0.2996706524264967,29.96706524264967,3.3376219231723963,4032.0935758904407
20.080000000000002,5.0,143.07596649731835,4.765016542644419,0.7007183812145135,0.29928161878548654,29.928161878548654,3.3389346782221754,4033.3949231565343
20.09,5.0,142.85257310107013,4.764235300926126,0.7011075962324471,0.2988924037675529,29.88924037675529,3.3402415597180855,4034.6940479763316
20.1,5.0,142.62919879441415,4.763445214219779,0.7014969941531854,0.29850300584681455,29.850300584681456,3.3415424995885514,4035.9909500301746
20.11,5.0,142.40584271684457,4.76264618949339,0.7018865765426772,0.29811342345732283,29.811342345732285,3.3428374292275422,4037.2856289809656
20.12,5.0,142.1825039867578,4.7618381329037796,0.7022763450070455,0.2977236549929545,29.77236549929545,3.34412627949084,4038.5780844741694
20.13,5.0,141.95918170145322,4.761020949793544,0.7026663011926928,0.2973336988073072,29.73336988073072,3.3454089806923504,4039.8683161378112
20.14,5.0,141.73587493713248,4.76019454468811,0.7030564467864086,0.29694355321359145,29.694355321359144,3.3466854626004685,4041.15632358248
20.150000000000002,5.0,141.5125827489,4.75935882129292,0.7034467835154753,0.2965532164845247,29.65532164845247,3.347955654434508,4042.4421064013236
20.16,5.0,141.28930417076293,4.758513682490689,0.7038373131477746,0.29616268685222535,29.616268685222536,3.349219484861169,4043.725664170053
20.17,5.0,141.06603821563064,4.757659030338797,0.704228037491896,0.295771962508104,29.5771962508104,3.3504768819910877,4045.0069964469403
20.18,5.0,140.84278387531558,4.756794766066784,0.7046189583972418,0.29538104160275824,29.538104160275825,3.351727773375429,4046.286102772819
20.19,5.0,140.61954012053232,4.75592079007397,0.7050100777541364,0.2949899222458636,29.498992224586363,3.3529720860025636,4047.5629826710856
20.2,5.0,140.39630590089845,4.755037001927185,0.7054013974939325,0.2945986025060675,29.459860250606752,3.3542097462947953,4048.8376356476947
20.21,5.0,140.17308014493383,4.754143300358631,0.70579291958912,0.29420708041087995,29.420708041087995,3.3554406801051733,4050.110061191167
20.22,5.0,139.94986176006122,4.7532395832638805,0.7061846460534328,0.2938153539465672,29.381535394656723,3.35666481271437,4051.3802587725804
20.23,5.0,139.72664963260564,4.752325747699997,0.7065765789419582,0.29342342105804176,29.342342105804175,3.3578820688276476,4052.648227845578
20.240000000000002,5.0,139.50344262779504,4.751401689883801,0.7069687203512445,0.2930312796487555,29.303127964875554,3.3590923725718915,4053.9139678463616
20.25,5.0,139.2802395897599,4.7504673051902735,0.7073610724194093,0.29263892758059074,29.26389275805907,3.360295647492733,4055.1774781936965
20.26,5.0,139.05703934153303,4.749522488151106,0.70775363732625,0.29224636267375004,29.224636267375004,3.361491816551766,4056.4387582889085
20.27,5.0,138.83384068505023,4.748567132453413,0.7081464172933511,0.29185358270664885,29.185358270664885,3.3626808021238466,4057.697807515885
20.28,5.0,138.6106424011496,4.747601130938577,0.7085394145841948,0.2914605854158052,29.146058541580523,3.36386252599448,4058.954625241076
20.29,5.0,138.38744334855943,4.746624375601282,0.708932631329832,0.291067368670168,29.106736867016803,3.365036908529338,4060.2092108120924
20.3,5.0,138.16424256302864,4.745636757588686,0.7093260693537219,0.2906739306462781,29.06739306462781,3.3662038678409245,4061.461563581853
20.31,5.0,137.94103904313457,4.744638167199777,0.7097197305487445,0.2902802694512555,29.02802694512555,3.3673633215763146,4062.711682897492
20.32,5.0,137.71783176423267,4.743628493884905,0.7101136168527652,0.2898863831472348,28.98863831472348,3.3685151867984446,4063.95956808462
20.330000000000002,5.0,137.49461967856692,4.7426076262454835,0.7105077302485587,0.28949226975144127,28.94922697514413,3.3696593799831835,4065.205218447305
20.34,5.0,137.27140171526963,4.741575452033885,0.7109020727639286,0.2890979272360714,28.90979272360714,3.3707958170174503,4066.4486332680754
20.35,5.0,137.0481767803612,4.740531858153516,0.711296646471827,0.288703353528173,28.8703353528173,3.371924413197455,4067.68981180792
20.36,5.0,136.82494375675057,4.739476730659097,0.7116914534904737,0.2883085465095263,28.83085465095263,3.373045083227051,4068.9287533062843
20.37,5.0,136.6017015042347,4.738409954757135,0.7120864959834764,0.2879135040165236,28.79135040165236,3.374157741216231,4070.1654569810767
20.38,5.0,136.37844885949923,4.737331414806601,0.7124817761599502,0.28751822384004977,28.751822384004978,3.375262300679737,4071.3999220286623
20.39,5.0,136.15518463611767,4.736240994319825,0.7128772962746391,0.28712270372536086,28.712270372536086,3.3763586745358256,4072.6321476238672
20.400000000000002,5.0,135.9319076245522,4.735138575963597,0.7132730586280354,0.28672694137196464,28.672694137196466,3.3774467751051547,4073.8621329199764
20.41,5.0,135.70861659215316,4.734024041560496,0.713669065566501,0.286330934433499,28.6330934433499,3.3785265141098297,4075.0898770487333
20.42,5.0,135.48531028315907,4.732897272090444,0.7140653194823897,0.2859346805176103,28.59346805176103,3.3795978026725937,4076.3153791203436
20.43,5.0,135.26198741869703,4.73175814769249,0.714461822814167,0.28553817718583296,28.553817718583296,3.380660551316163,4077.538638223469
20.44,5.0,135.03864669678208,4.730606547666842,0.7148585780465336,0.28514142195346637,28.514142195346636,3.3817146699627405,4078.7596534252343
20.45,5.0,134.81528679231795,4.729442350477128,0.7152555877105459,0.28474441228945413,28.474441228945413,3.382760067933664,4079.9784237712197
20.46,5.0,134.59190635709632,4.728265433752918,0.7156528543837395,0.2843471456162605,28.434714561626052,3.383796653949246,4081.1949482854684
20.47,5.0,134.36850401979746,4.7270756742925055,0.7160503806902516,0.2839496193097484,28.394961930974837,3.3848243361287764,4082.4092259704803
20.48,5.0,134.1450783859897,4.725872948065936,0.7164481693009441,0.2835518306990559,28.355183069905586,3.3858430219906954,4083.621255807217
20.490000000000002,5.0,133.92162803812982,4.7246571302183185,0.7168462229335271,0.28315377706647293,28.315377706647293,3.386852618452959,4084.8310367550985
20.5,5.0,133.69815153556297,4.723428095073406,0.7172445443526816,0.2827554556473184,28.275545564731843,3.38785303183358,4086.0385677520035
20.51,5.0,133.47464741452234,4.7221857161374565,0.7176431363701854,0.2823568636298146,28.23568636298146,3.3888441678513743,4087.2438477142723
20.52,5.0,133.25111418812972,4.720929866103382,0.7180420018450356,0.28195799815496436,28.195799815496436,3.389825931626888,4088.4468755367016
20.53,5.0,133.02755034639492,4.719660416855188,0.7184411436835745,0.2815588563164255,28.15588563164255,3.390798227683537,4089.647650092551
20.54,5.0,132.80395435621634,4.718377239472721,0.7188405648396138,0.2811594351603862,28.115943516038623,3.3917609599489484,4090.846170233536
20.55,5.0,132.5803246613804,4.717080204236714,0.719240268314561,0.280759731685439,28.0759731685439,3.3927140317565185,4092.042434789835
20.56,5.0,132.35665971045216,4.715769180634152,0.7196402571076534,0.28035974289234655,28.035974289234655,3.3936573456119095,4093.2364425705073
20.57,5.0,132.13295816286956,4.7144440373639505,0.7200405338470713,0.27995946615292866,27.995946615292866,3.3945908014556814,4094.428192379393
20.580000000000002,5.0,131.90921869889408,4.713104642342967,0.7204411011292455,0.27955889887075447,27.955889887075447,3.3955142982669257,4095.617683016175
20.59,5.0,131.6854399645687,4.711750862712346,0.7208419616173886,0.27915803838261144,27.915803838261144,3.3964277345299907,4096.804913256654
20.6,5.0,131.4616205820328,4.710382564844199,0.7212431180231823,0.2787568819768177,27.875688197681768,3.397331008150265,4097.989881851679
20.61,5.0,131.23775914952273,4.708999614348635,0.7216445731069066,0.27835542689309345,27.835542689309346,3.398224016457208,4099.172587527142
20.62,5.0,131.01385424137118,4.707601876081147,0.7220463296775703,0.2779536703224297,27.795367032242968,3.399106656207636,4100.3530289839855
20.63,5.0,130.78990440800789,4.706189214150357,0.7224483905930396,0.27755160940696044,27.755160940696044,3.399978823589247,4101.531204898194
20.64,5.0,130.56590817595887,4.704761491926135,0.7228507587601705,0.27714924123982954,27.714924123982954,3.4008404142244384,4102.707113920802
20.650000000000002,5.0,130.3418640478471,4.703318572048081,0.7232534371349378,0.27674656286506216,27.674656286506217,3.4016913231743624,4103.880754677889
20.66,5.0,130.1177705023922,4.701860316434406,0.7236564287225681,0.2763435712774319,27.634357127743193,3.402531444943286,4105.052125770579
20.67,5.0,129.8936259944102,4.70038658629119,0.7240597365776706,0.27594026342232936,27.594026342232937,3.4033606734832156,4106.221225775045
20.68,5.0,129.66942895481418,4.698897242122045,0.724463363804369,0.27553663619563096,27.553663619563096,3.4041789021988094,4107.388053242506
20.69,5.0,129.4451777906135,4.6973921437381785,0.724867313556435,0.27513268644356503,27.513268644356504,3.4049860239525964,4108.552606699228
20.7,5.0,129.22087088491455,4.6958711502688715,0.7252715890374198,0.27472841096258016,27.472841096258016,3.405781931070481,4109.71488464652
20.71,5.0,128.99650659692003,4.694334120172369,0.725676193500789,0.27432380649921095,27.432380649921097,3.406566515347561,4110.87488556074
20.72,5.0,128.77208326192968,4.6927809112472145,0.7260811302500552,0.27391886974994484,27.391886974994485,3.407339668054261,4112.032607893292
20.73,5.0,128.54759919133954,4.691211380643989,0.726486402638913,0.27351359736108705,27.351359736108705,3.40810127994278,4113.1880500706275
20.740000000000002,5.0,128.3230526726426,4.689625384877527,0.726892014071373,0.27310798592862695,27.310798592862696,3.4088512412538634,4114.341210494242
20.75,5.0,128.09844196942848,4.688022779839545,0.7272979680018976,0.2727020319981024,27.27020319981024,3.4095894417239085,4115.492087540678
20.76,5.0,127.87376532138323,4.686403420811763,0.7277042679355364,0.27229573206446356,27.229573206446357,3.4103157705924176,4116.640679561527
20.77,5.0,127.64902094428993,4.684767162479454,0.7281109174280619,0.2718890825719381,27.188908257193813,3.411030116609773,4117.7869848834225
20.78,5.0,127.42420703002797,4.683113858945493,0.7285179200861065,0.2714820799138935,27.14820799138935,3.4117323680453904,4118.931001808049
20.79,5.0,127.19932174657376,4.681443363744871,0.7289252795672991,0.27107472043270087,27.107472043270086,3.4124224126962077,4120.072728612133
20.8,5.0,126.974363238,4.679755529859694,0.7293329995804037,0.27066700041959635,27.066700041959635,3.413100137895552,4121.2121635474505
20.81,5.0,126.74932962447645,4.678050209734681,0.7297410838854552,0.2702589161145448,27.025891611454476,3.4137654305223673,4122.349304840823
20.82,5.0,126.52421900251514,4.676327255293162,0.7301495362934546,0.2698504637065454,26.98504637065454,3.414418177008746,4123.484150694141
20.830000000000002,5.0,126.29902959636982,4.6745865179535855,0.7305583603915674,0.2694416396084326,26.94416396084326,3.4150582620646976,4124.616699300924
20.84,5.0,126.07375979433085,4.672827848646531,0.7309675594765453,0.26903244052345465,26.903244052345464,3.4156855683791902,4125.746948852417
20.85,5.0,125.84840793090619,4.671051097832263,0.7313771369499057,0.2686228630500943,26.86228630500943,3.416299978479274,4126.874897511106
20.86,5.0,125.62297231814402,4.669256115518796,0.7317870962612435,0.2682129037387565,26.82129037387565,3.416901374475553,4128.0005434128
20.87,5.0,125.39745124563218,4.667442751280516,0.7321974409083644,0.26780255909163564,26.780255909163564,3.4174896380738895,4129.123884666626
20.88,5.0,125.17184298049882,4.665610854277328,0.732608174437414,0.267391825562586,26.7391825562586,3.418064650587497,4130.244919355036
20.89,5.0,124.94614576741166,4.663760273274368,0.7330193004430114,0.26698069955698855,26.698069955698855,3.4186262929494853,4131.363645533802
20.900000000000002,5.0,124.72035782857867,4.661890856662273,0.7334308225683804,0.26656917743161956,26.656917743161955,3.419174445725823,4132.480061232017
20.91,5.0,124.49447736374773,4.6600024524780075,0.7338427445054826,0.2661572554945174,26.615725549451742,3.4197089891287407,4133.594164452096
20.92,5.0,124.2685025502065,4.658094908426276,0.7342550699951511,0.2657449300048489,26.57449300048489,3.420229803030592,4134.705953169778
20.93,5.0,124.04243154278285,4.6561680719015035,0.7346678028272237,0.26533219717277634,26.533219717277635,3.420736766978148,4135.815425334118
20.94,5.0,123.8162624738443,4.65422179001041,0.7350809468406782,0.26491905315932185,26.491905315932186,3.421229760207368,4136.922578867498
20.95,5.0,123.58999345329867,4.6522559095951745,0.7354945059237662,0.2645054940762338,26.45054940762338,3.4217086616586245,4138.027411665617
20.96,5.0,123.36362256859343,4.6502702772572,0.7359084840141499,0.2640915159858501,26.409151598585012,3.4221733499924065,4139.129921597501
20.97,5.0,123.13714788471624,4.6482647393814815,0.7363228850990368,0.26367711490096324,26.367711490096323,3.4226237036054945,4140.2301065054935
20.98,5.0,122.9105674441945,4.6462391421615905,0.7367377132153172,0.2632622867846828,26.326228678468276,3.4230596006476275,4141.327964205259
20.990000000000002,5.0,122.68387926709573,4.6441933316252735,0.7371529724497011,0.2628470275502989,26.284702755029887,3.423480919038651,4142.4234924857865
21.0,5.0,122.45708135102744,4.642127153660681,0.7375686669388558,0.2624313330611442,26.24313330611442,3.4238875364861734,4143.516689109383
21.01,5.0,122.23017167113686,4.640040454043214,0.7379848008695445,0.26201519913045546,26.201519913045544,3.4242793305037122,4144.607551811681
21.02,5.0,122.00314818011148,4.637933078463023,0.738401378478765,0.26159862152123503,26.1598621521235,3.424656178429358,4145.696078301633
21.03,5.0,121.77600880817842,4.635804872553138,0.7388184040538895,0.26118159594611046,26.118159594611047,3.425017957444954,4146.782266261511
21.04,5.0,121.54875146310509,4.633655681918242,0.7392358819328042,0.2607641180671958,26.07641180671958,3.425364544595781,4147.86611334691
21.05,5.0,121.32137403019854,4.6314853521641055,0.7396538165040512,0.26034618349594885,26.034618349594886,3.42569581681079,4148.947617186749
21.06,5.0,121.09387437230608,4.629293728927675,0.7400722122069682,0.25992778779303183,25.992778779303183,3.4260116509233494,4150.026775383265
21.07,5.0,120.86625032981465,4.627080657907815,0.7404910735318325,0.2595089264681675,25.950892646816747,3.4263119236925355,4151.103585512017
21.080000000000002,5.0,120.63849974607565,4.624845984896726,0.7409104049731783,0.2590895950268217,25.908959502682173,3.4265965116084107,4152.178045127338
21.09,5.0,120.41062071460611,4.622589555812031,0.7413302105742766,0.2586697894257234,25.866978942572338,3.4268652888085844,4153.250151804646
21.1,5.0,120.18261135086382,4.620311216729524,0.7417504943466556,0.25824950565334437,25.824950565334436,3.4271181290445227,4154.319903084083
21.11,5.0,119.95446973113184,4.618010813916621,0.7421712603827583,0.25782873961724173,25.782873961724174,3.4273549062257063,4155.387296474198
21.12,5.0,119.72619391406576,4.615688193866462,0.7425925128163965,0.2574074871836035,25.74074871836035,3.4275754942602705,4156.452329458089
21.13,5.0,119.49778194069445,4.613343203332723,0.743014255822867,0.25698574417713305,25.698574417713303,3.4277797670797443,4157.514999493406
21.14,5.0,119.26923183441933,4.610975689365099,0.7434364936190697,0.2565635063809303,25.656350638093027,3.427967598664362,4158.575304012356
21.150000000000002,5.0,119.04054160101497,4.608585499345491,0.743859230463625,0.256140769536375,25.6140769536375,3.4281388630689578,4159.633240421692
21.16,5.0,118.81170922862883,4.606172481024875,0.7442824706569919,0.25571752934300807,25.571752934300807,3.4282934344494405,4160.688806102721
21.17,5.0,118.58273268778106,4.603736482560863,0.7447062185415879,0.2552937814584121,25.529378145841207,3.4284311870898514,4161.741998411305
21.18,5.0,118.35360993136501,4.601277352555975,0.7451304785019073,0.2548695214980927,25.486952149809273,3.428551995430023,4162.792814677853
21.19,5.0,118.12433889464661,4.598794940096593,0.7455552549646427,0.2544447450353573,25.44447450353573,3.4286557340938244,4163.841252207331
21.2,5.0,117.89491749526505,4.596289094792626,0.7459805523988046,0.25401944760119544,25.401944760119544,3.4287422779180043,4164.887308279254
21.21,5.0,117.66534363323204,4.593759666817859,0.7464063753158434,0.2535936246841566,25.359362468415657,3.4288115019816345,4165.930980147689
21.22,5.0,117.43561519093257,4.591206506951021,0.7468327282697712,0.2531672717302288,25.31672717302288,3.4288632816361577,4166.972265041258
21.23,5.0,117.20573003312415,4.588629466617531,0.7472596158572846,0.2527403841427154,25.274038414271537,3.4288974925360334,4168.01116016313
21.240000000000002,5.0,116.97568600693754,4.586028397931962,0.7476870427178872,0.2523129572821128,25.23129572821128,3.4289140106699985,4169.047662691031
21.25,5.0,116.74548094187627,4.583403153741186,0.748115013534014,0.251884986465986,25.1884986465986,3.4289127123929295,4170.081769777237
21.26,5.0,116.51511264981661,4.580753587668227,0.7485435330311563,0.2514564669688437,25.14564669688437,3.428893474458319,4171.1134785485765
21.27,5.0,116.28457892500806,4.578079554156802,0.7489726059779855,0.25102739402201446,25.102739402201447,3.4288561740513543,4172.1427861064285
21.28,5.0,116.05387754407266,4.575380908516554,0.7494022371864806,0.2505977628135194,25.059776281351944,3.428800688822618,4173.169689526726
21.29,5.0,115.82300626600572,4.57265750696898,0.7498324315120528,0.2501675684879472,25.01675684879472,3.428726896922392,4174.194185859954
21.3,5.0,115.59196283217507,4.5699092066940326,0.7502631938536746,0.24973680614632543,24.973680614632542,3.428634677035577,4175.216272131147
21.31,5.0,115.36074496632182,4.567135865877417,0.7506945291540056,0.24930547084599441,24.930547084599443,3.4285239084172194,4176.235945339895
21.32,5.0,115.12935037455964,4.564337343758556,0.7511264423995229,0.24887355760047714,24.887355760047715,3.428394470928652,4177.253202460339
21.330000000000002,5.0,114.89777680467567,4.561513500679231,0.7515589385098652,0.24844106149013478,24.844106149013477,3.428246244568902,4178.268040459632
21.34,5.0,114.66602229694361,4.5586641981328935,0.7519920218688106,0.24800797813118935,24.800797813118937,3.428079107374915,4179.280456348947
21.35,5.0,114.43408484974049,4.555789298814628,0.7524256969481422,0.2475743030518578,24.75743030518578,3.4278929383094847,4180.290447074621
21.36,5.0,114.20196243849945,4.552888666671782,0.7528599682724364,0.2471400317275636,24.71400317275636,3.427687617138453,4181.298009557037
21.37,5.0,113.9696530303002,4.549962166955236,0.7532948403918984,0.24670515960810158,24.670515960810157,3.427463024345721,4182.303140696699
21.38,5.0,113.73715458386961,4.547009666271315,0.7537303178824386,0.2462696821175614,24.62696821175614,3.427219041173199,4183.305837374225
21.39,5.0,113.5044650495811,4.544031032634332,0.7541664053457512,0.2458335946542488,24.58335946542488,3.426955549661376,4184.306096450351
21.400000000000002,5.0,113.27158236945523,4.541026135519756,0.7546031074093915,0.24539689259060848,24.53968925906085,3.4266724326904683,4185.30391476593
21.41,5.0,113.0385044771594,4.537994845917993,0.7550404287268557,0.24495957127314427,24.495957127314426,3.426369574022183,4186.29928914193
21.42,5.0,112.80522929800766,4.534937036388763,0.7554783739776604,0.24452162602233962,24.45216260223396,3.426046858342053,4187.292216379438
21.43,5.0,112.57175474896121,4.531852581116088,0.7559169478674211,0.24408305213257886,24.408305213257886,3.425704171302368,4188.282693259657
21.44,5.0,112.33807873862784,4.528741355963835,0.7563561551279341,0.24364384487206592,24.364384487206593,3.4253413995656734,4189.270716543907
21.45,5.0,112.10419916726252,4.525603238531854,0.7567960005172556,0.2432039994827444,24.320399948274442,3.4249584308488465,4190.2562829736235
21.46,5.0,111.87011392676676,4.522438108212649,0.7572364888197844,0.24276351118021555,24.276351118021555,3.4245551539677344,4191.239389270361
21.47,5.0,111.63582090068927,4.519245846248614,0.7576776248463428,0.24232237515365718,24.232237515365718,3.4241314588823504,4192.22003213579
21.48,5.0,111.40131796422529,4.516026335789775,0.758119413434259,0.24188058656574096,24.188058656574096,3.42368723674261,4193.198208251696
21.490000000000002,5.0,111.16660298421719,4.512779461952066,0.7585618594474501,0.24143814055254986,24.143814055254985,3.423222379934623,4194.173914279984
21.5,5.0,110.93167381915421,4.509505111876091,0.7590049677765047,0.24099503222349528,24.099503222349526,3.422736782127496,4195.147146862675
21.51,5.0,110.6965283191722,4.506203174786363,0.7594487433387679,0.24055125666123212,24.05512566612321,3.42223033832067,4196.117902621905
21.52,5.0,110.46116432605422,4.502873542051029,0.7598931910784239,0.2401068089215761,24.01068089215761,3.421702944891762,4197.086178159929
21.53,5.0,110.22557967322986,4.499516107242011,0.7603383159665827,0.23966168403341725,23.966168403341726,3.421154499644904,4198.051970059118
21.54,5.0,109.98977218577592,4.496130766195608,0.7607841230013638,0.23921587699863622,23.921587699863622,3.4205849018595758,4199.01527488196
21.55,5.0,109.75373968041572,4.492717417073477,0.7612306172079831,0.23876938279201687,23.87693827920169,3.4199940523398986,4199.976089171059
21.56,5.0,109.5174799655198,4.489275960424026,0.7616778036388387,0.23832219636116125,23.832219636116125,3.4193818534644103,4200.934409449137
21.57,5.0,109.28099086694024,4.485806299244156,0.7621256873246558,0.2378743126753442,23.78743126753442,3.418748209016723,4201.890232230194
21.580000000000002,5.0,109.04427052429868,4.482308339041369,0.7625742727127985,0.23742572728720146,23.742572728720145,3.4180930217189838,4202.843554115086
21.59,5.0,108.80731709135723,4.47878198789618,0.7630235642338583,0.2369764357661417,23.69764357661417,3.417416195830948,4203.7943716356285
21.6,5.0,108.5701286872092,4.475227156524839,0.7634735663942406,0.23652643360575942,23.652643360575944,3.416717637616375,4204.742681291118
21.61,5.0,108.33270343685852,4.471643758342338,0.7639242836993377,0.23607571630066226,23.607571630066225,3.415997255050285,4205.688479572059
21.62,5.0,108.09503947121908,4.468031709525646,0.7643757206535335,0.23562427934646646,23.562427934646646,3.4152549578715052,4206.631762960165
21.63,5.0,107.85713492711542,4.464390929077203,0.7648278817602062,0.23517211823979378,23.517211823979377,3.414490657635596,4207.572527928361
21.64,5.0,107.61898794728206,4.460721338888576,0.7652807715217325,0.23471922847826754,23.471922847826754,3.413704267768105,4208.510770940778
21.650000000000002,5.0,107.38059668036405,4.457022863804326,0.7657343944394907,0.23426560556050935,23.426560556050934,3.41289570361817,4209.446488452755
21.66,5.0,107.14195928091675,4.453295431685989,0.7661887550138652,0.23381124498613481,23.38112449861348,3.4120648825124213,4210.379676910844
21.67,5.0,106.90307390940559,4.449538973476185,0.7666438577442508,0.2333561422557492,23.33561422557492,3.4112117238091764,4211.310332752803
21.68,5.0,106.66393873220662,4.445753423262825,0.7670997071290553,0.23290029287094471,23.29002928709447,3.410336148952908,4212.238452407601
21.69,5.0,106.42455192160587,4.441938718343346,0.7675563076657054,0.23244369233429463,23.244369233429463,3.4094380815289544,4213.164032295414
21.7,5.0,106.18491165580001,4.4380947992890025,0.7680136638506495,0.2319863361493505,23.198633614935048,3.40851744731846,4214.087068827628
21.71,5.0,105.94501611889568,4.434221610009125,0.7684717801793635,0.23152821982063654,23.152821982063653,3.4075741743535155,4215.007558406838
21.72,5.0,105.70486350091014,4.430319097815358,0.7689306611463534,0.23106933885364656,23.106933885364654,3.4066081929724796,4215.925497426849
21.73,5.0,105.46445199777064,4.42638721348581,0.769390311245162,0.230609688754838,23.060968875483802,3.405619435875453,4216.8408822726715
21.740000000000002,5.0,105.22377981131497,4.422425911329111,0.7698507349683715,0.23014926503162847,23.014926503162847,3.4046078381798868,4217.75370932053
21.75,5.0,104.98284514929125,4.4184351492483165,0.7703119368076093,0.22968806319239066,22.968806319239064,3.4035733374762893,4218.663974937854
21.76,5.0,104.74164622535763,4.414414888804636,0.770773921253553,0.22922607874644696,22.922607874644697,3.4025158738840164,4219.571675483284
21.77,5.0,104.5001812590829,4.410365095280955,0.7712366927959345,0.22876330720406546,22.876330720406546,3.401435390107111,4220.476807306668
21.78,5.0,104.25844847594581,4.406285737745096,0.7717002559235455,0.22829974407645448,22.829974407645448,3.400331831490159,4221.3793667490645
21.79,5.0,104.01644610733578,4.402176789112799,0.7721646151242422,0.22783538487575783,22.783538487575782,3.3992051460741566,4222.27935014274
21.8,5.0,103.7741723905522,4.39803822621037,0.7726297748849507,0.22737022511504934,22.737022511504932,3.398055284652326,4223.176753811172
21.81,5.0,103.53162563070204,4.393870029836966,0.7730957395727239,0.22690426042727607,22.69042604272761,3.396882200303236,4224.071574100698
21.82,5.0,103.28880449239597,4.389672184826468,0.7735625128734922,0.2264374871265078,22.64374871265078,3.395685845985235,4224.963807481495
21.830000000000002,5.0,103.04570758140822,4.385444680108921,0.7740300985949143,0.22596990140508566,22.596990140508566,3.3944661781272507,4225.85345032011
21.84,5.0,102.80233350167482,4.381187508771474,0.7744985005570183,0.2255014994429817,22.55014994429817,3.393223156202645,4226.740498974132
21.85,5.0,102.5586808818211,4.376900668118789,0.774967722541143,0.225032277458857,22.503227745885702,3.391956742560825,4227.624949809551
21.86,5.0,102.31474837516235,4.372584159732904,0.7754377682898257,0.2245622317101743,22.45622317101743,3.390666902482726,4228.506799200763
21.87,5.0,102.07053465970304,4.368237989532446,0.7759086415066921,0.22409135849330786,22.409135849330784,3.389353604236044,4229.386043530563
21.88,5.0,101.82603843813763,4.363862167831218,0.7763803458563419,0.22361965414365814,22.361965414365812,3.388016819130207,4230.26267919015
21.89,5.0,101.58125843784975,4.359456709396067,0.7768528849642374,0.22314711503576257,22.314711503576255,3.386656521571036,4231.136702579127
21.900000000000002,5.0,101.33619341091288,4.355021633504021,0.7773262624165892,0.2226737375834108,22.26737375834108,3.385272689115069,4232.008110105495
21.91,5.0,101.09084213409012,4.3505569639986295,0.7778004817602414,0.2221995182397586,22.219951823975858,3.3838653025235073,4232.876898185663
21.92,5.0,100.84520340883384,4.346062729345469,0.7782755465025586,0.2217244534974414,22.17244534974414,3.3824343458157466,4233.743063244438
21.93,5.0,100.59927606128632,4.341538962686778,0.7787514601113081,0.22124853988869186,22.124853988869187,3.3809798063224625,4234.606601715035
21.94,5.0,100.35305894227913,4.336985701895155,0.7792282260145461,0.2207717739854539,22.077177398545388,3.3795016747382127,4235.467510039066
21.95,5.0,100.10655092733373,4.332402989626307,0.7797058476004989,0.22029415239950112,22.02941523995011,3.3779999451735154,4236.325784666548
21.96,5.0,99.8597509166608,4.327790873370752,0.7801843282174474,0.21981567178255257,21.981567178255258,3.37647461520636,4237.181422055903
21.97,5.0,99.61265783516096,4.323149405504491,0.7806636711736077,0.2193363288263923,21.93363288263923,3.374925685933136,4238.034418673949
21.98,5.0,99.36527063242404,4.318478643338542,0.7811438797370135,0.2188561202629865,21.885612026298652,3.3733531620189035,4238.884770995914
21.990000000000002,5.0,99.11758828272976,4.313778649167339,0.7816249571353956,0.2183750428646044,21.83750428646044,3.371757051747006,4239.732475505423
22.0,5.0,98.86960978504733,4.309049490315918,0.7821069065560632,0.21789309344393681,21.789309344393683,3.3701373670679637,4240.577528694508
22.01,5.0,98.62133416303536,4.304291239185854,0.7825897311457826,0.21741026885421744,21.741026885421743,3.368494123647605,4241.4199270636
22.02,5.0,98.37276046504232,4.299503973299904,0.7830734340106554,0.21692656598934457,21.692656598934455,3.3668273409144134,4242.259667121534
22.03,5.0,98.12388776410597,4.294687775345302,0.7835580182159978,0.2164419817840022,21.64419817840022,3.3651370421060376,4243.096745385548
22.04,5.0,97.87471515795396,4.289842733215678,0.7840434867862163,0.21595651321378373,21.595651321378373,3.3634232543149323,4243.931158381282
22.05,5.0,97.62524191893185,4.28496894005151,0.7845298424123045,0.2154701575876955,21.54701575876955,3.3616860072802304,4244.7629027299345
22.06,5.0,97.37546763504103,4.280066494279131,0.7850170871755974,0.21498291282440263,21.498291282440263,3.359925332256874,4245.591975161827
22.07,5.0,97.12539178834648,4.275135499648174,0.7855052233690618,0.2144947766309382,21.44947766309382,3.3581412655841447,4246.418372293228
22.080000000000002,5.0,96.8750139020034,4.270176065267458,0.785994253210698,0.21400574678930195,21.400574678930194,3.356333847498093,4247.242090768113
22.09,5.0,96.62433354512848,4.265188305639253,0.7864841788337832,0.2135158211662168,21.35158211662168,3.354503122132143,4248.063127261604
22.1,5.0,96.37335033279953,4.260172340691853,0.7869750022866081,0.2130249977133919,21.30249977133919,3.3526491375573158,4248.881478479971
22.11,5.0,96.1220639260562,4.255128295810486,0.7874667255322102,0.2125332744677898,21.25332744677898,3.3507719458213376,4249.69714116063
22.12,5.0,95.87047403189918,4.25005630186641,0.7879593504481078,0.21204064955189217,21.204064955189217,3.3488716029865437,4250.510112072145
22.13,5.0,95.61858040329093,4.244956495244254,0.7884528788260303,0.21154712117396968,21.15471211739697,3.346948169166588,4251.320388014226
22.14,5.0,95.36638283915505,4.239829017867482,0.7889473123716493,0.21105268762835072,21.105268762835074,3.3450017085618793,4252.127965817734
22.150000000000002,5.0,95.11388118437677,4.234674017221996,0.7894426527043056,0.21055734729569442,21.05573472956944,3.343032289493731,4252.93284234467
22.16,5.0,94.8610753298028,4.229491646377792,0.7899389013567367,0.21006109864326328,21.006109864326326,3.3410399844371685,4253.735014488188
22.17,5.0,94.60796521224098,4.224282064008644,0.7904360597748028,0.2095639402251972,20.95639402251972,3.339024870052364,4254.534479172589
22.18,5.0,94.35455081446099,4.219045434409795,0.790934129317209,0.20906587068279103,20.9065870682791,3.3369870272146565,4255.331233353318
22.19,5.0,94.10083216519351,4.213781927513566,0.7914331112552291,0.20856688874477092,20.856688874477094,3.334926541043118,4256.1252740169675
22.2,5.0,93.84680933913108,4.208491718902913,0.7919330067724248,0.20806699322757516,20.806699322757517,3.332843500927634,4256.916598181281
22.21,5.0,93.59248245692727,4.20317498982281,0.7924338169643668,0.20756618303563323,20.75661830356332,3.3307380005544527,4257.705202895146
22.22,5.0,93.33785168519748,4.197831927189512,0.7929355428383495,0.20706445716165045,20.706445716165046,3.3286101379301707,4258.491085238596
22.23,5.0,93.08291723651811,4.192462723597571,0.7934381853131104,0.2065618146868896,20.65618146868896,3.326460015404117,4259.274242322815
22.240000000000002,5.0,92.82767936942736,4.187067577324659,0.7939417452185416,0.20605825478145845,20.605825478145846,3.3242877396891104,4260.054671290131
22.25,5.0,92.57213838842479,4.181646692334086,0.7944462232954039,0.20555377670459607,20.555377670459606,3.3220934218805325,4260.832369314023
22.26,5.0,92.31629464397115,4.176200278275023,0.7949516201950392,0.20504837980496082,20.50483798049608,3.3198771774737033,4261.607333599112
22.27,5.0,92.06014853248897,4.170728550480414,0.7954579364790777,0.2045420635209223,20.45420635209223,3.317639126379525,4262.379561381172
22.28,5.0,91.80370049636187,4.165231729962476,0.7959651726191486,0.20403482738085144,20.403482738085145,3.3153793929383366,4263.149049927118
22.29,5.0,91.54695113223734,4.1597100434058625,0.7964733287821656,0.2035266712178344,20.35266712178344,3.3130981050400736,4263.915796611062
22.3,5.0,91.28990139185379,4.1541637231583515,0.7969824044314908,0.20301759556850918,20.301759556850918,3.310795392484817,4264.67979899411
22.31,5.0,91.03255212117897,4.1485930072191355,0.7974923992382681,0.2025076007617319,20.25076007617319,3.30847139079029,4265.441054507221
22.32,5.0,90.77490421754999,4.142998139224599,0.7980033127703715,0.2019966872296285,20.199668722962848,3.306126239902715,4266.199560626759
22.330000000000002,5.0,90.51695864410837,4.137379368431639,0.7985151444634131,0.2014848555365869,20.14848555365869,3.303760084083135,4266.95531488642
22.34,5.0,90.2587164297997,4.131736949698446,0.7990278936203099,0.2009721063796901,20.09721063796901,3.3013730719107537,4267.708314877241
22.35,5.0,90.00017866937343,4.12607114346276,0.7995415594108475,0.20045844058915252,20.04584405891525,3.298965356284314,4268.4585582475975
22.36,5.0,89.74134652338343,4.120382215717583,0.8000561408712406,0.19994385912875945,19.994385912875945,3.2965370944215007,4269.206042703202
22.37,5.0,89.48222121818739,4.114670437984304,0.8005716369036939,0.19942836309630607,19.942836309630607,3.2940884478563337,4269.950766007107
22.38,5.0,89.22280404594741,4.108936087283278,0.8010880462759575,0.19891195372404247,19.891195372404248,3.2916195824345387,4270.692725979702
22.39,5.0,88.96309636462937,4.103179446101766,0.8016053676208832,0.1983946323791168,19.83946323791168,3.289130668306858,4271.431920498717
22.400000000000002,5.0,88.70309959800349,4.097400802359313,0.8021235994359752,0.19787640056402478,19.787640056402477,3.286621879920305,4272.168347499217
22.41,5.0,88.44281523564415,4.091600449370491,0.8026427400829421,0.19735725991705788,19.735725991705788,3.2840933960073277,4272.902004973607
22.42,5.0,88.18224483292948,4.085778685805021,0.8031627877872446,0.1968372122127554,19.68372122127554,3.2815453995728654,4273.632890971633
22.43,5.0,87.92139001104219,4.079935815645298,0.8036837406376405,0.19631625936235952,19.631625936235952,3.278978077879296,4274.361003600374
22.44,5.0,87.66025245696865,4.074072148141248,0.8042055965857297,0.19579440341427035,19.579440341427034,3.2763916224292373,4275.086341024252
22.45,5.0,87.39883392349972,4.0681879977626085,0.8047283534454946,0.19527164655450535,19.527164655450534,3.2737862289462276,4275.808901465024
22.46,5.0,87.13713622923002,4.062283684148537,0.805252008892841,0.194747991107159,19.4747991107159,3.2711620973532205,4276.528683201789
22.47,5.0,86.87516125855863,4.056359532054639,0.805776560465133,0.19422343953486698,19.4223439534867,3.2685194317489437,4277.24568457098
22.48,5.0,86.61291096168837,4.050415871297349,0.8063020055607307,0.19369799443926927,19.369799443926926,3.265858440382067,4277.9599039663735
22.490000000000002,5.0,86.35038735462643,4.044453036695731,0.806828341438521,0.193171658561479,19.3171658561479,3.263179335623206,4278.671339839079
22.5,5.0,86.08759251918416,4.038471368010667,0.8073555652174494,0.19264443478255056,19.264443478255057,3.260482333934738,4279.379990697548
22.51,5.0,85.82452860297664,4.032471209881457,0.8078836738760494,0.19211632612395058,19.211632612395057,3.2577676558384296,4280.08585510757
22.52,5.0,85.56119781942351,4.0264529117598755,0.8084126642519673,0.19158733574803266,19.158733574803264,3.2550355258808925,4280.78893169227
22.53,5.0,85.29760244774813,4.020416827841634,0.808942533041489,0.191057466958511,19.1057466958511,3.2522861725968397,4281.489219132115
22.54,5.0,85.03374484602551,4.014363316995358,0.8094732767728077,0.19052672322719233,19.052672322719232,3.24951982836479,4282.186716173828
22.55,5.0,84.76962777693872,4.0082927426890045,0.8100048911495614,0.18999510885043858,18.999510885043858,3.246736726737384,4282.881421839411
22.56,5.0,84.5052539735913,4.002205472913827,0.8105373719229028,0.18946262807709724,18.946262807709722,3.243937105911032,4283.573335114699
22.57,5.0,84.24062612199374,3.9961018801058517,0.8110707149269492,0.18892928507305085,18.892928507305086,3.2411212088183787,4284.262454975539
22.580000000000002,5.0,83.97574698681002,3.9899823410649375,0.8116049158253557,0.18839508417464434,18.839508417464433,3.238289282064664,4284.948780479776
22.59,5.0,83.71061941135729,3.9838472368714175,0.8121399701107407,0.18786002988925932,18.786002988925933,3.23544157587851,4285.632310767252
22.6,5.0,83.44524631760555,3.977696952800361,0.8126758731041076,0.1873241268958924,18.73241268958924,3.232578344060582,4286.313045059811
22.61,5.0,83.17963070617844,3.9715318782335265,0.8132126199542634,0.18678738004573658,18.67873800457366,3.2296998439301627,4286.990982661292
22.62,5.0,82.91377565635236,3.9653524065689685,0.8137502056372382,0.1862497943627618,18.624979436276178,3.2268063362696155,4287.666122957536
22.63,5.0,82.64768432605725,3.9591589351284258,0.8142886249556982,0.1857113750443018,18.57113750443018,3.223898085266792,4288.338465416378
22.64,5.0,82.38135995187588,3.952951865062448,0.8148278725383609,0.18517212746163914,18.517212746163914,3.22097535845538,4289.008009587659
22.650000000000002,5.0,82.1148058490445,3.9467316012533704,0.8153679428394045,0.1846320571605955,18.463205716059548,3.2180384266532296,4289.674755103212
22.66,5.0,81.84802541145251,3.9404985522161438,0.8159088301378777,0.18409116986212226,18.409116986212226,3.215087563898675,4290.33870167687
22.67,5.0,81.58102211164221,3.9342531299970642,0.8164505285371074,0.18354947146289258,18.35494714628926,3.212123047384872,4290.999849104469
22.68,5.0,81.31379950080951,3.9279957500704965,0.8169930319641014,0.18300696803589855,18.300696803589855,3.2091451573921996,4291.658197263837
22.69,5.0,81.04636120880303,3.9217268312335714,0.8175363341689542,0.18246366583104578,18.246366583104578,3.206154177218723,4292.313746114806
22.7,5.0,80.77871094412505,3.9154467954989864,0.8180804287242455,0.18191957127575453,18.191957127575453,3.2031503931087837,4292.966495699205
22.71,5.0,80.51085249393059,3.9091560679858914,0.8186253090244415,0.18137469097555847,18.137469097555847,3.200134094179721,4293.616446140861
22.72,5.0,80.24278972402823,3.90285507680899,0.819170968285291,0.180829031714709,18.0829031714709,3.1971055723467843,4294.263597645599
22.73,5.0,79.9745265788794,3.8965442529658363,0.8197173995432219,0.18028260045677813,18.02826004567781,3.1940651222462413,4294.907950501244
22.740000000000002,5.0,79.70606708159895,3.8902240302224698,0.8202645956547344,0.17973540434526558,17.97354043452656,3.1910130411567654,4295.549505077622
22.75,5.0,79.43741533395492,3.8838948449973794,0.820812549295794,0.17918745070420605,17.918745070420606,3.1879496289190916,4296.188261826551
22.76,5.0,79.16857551636826,3.8775571362438956,0.8213612529612219,0.17863874703877813,17.863874703877812,3.1848751878540136,4296.824221281855
22.77,5.0,78.89955188791347,3.8712113453310897,0.8219106989640839,0.17808930103591614,17.808930103591614,3.181790022678767,4297.457384059352
22.78,5.0,78.63034878631788,3.8648579159231984,0.8224608794350784,0.1775391205649216,17.75391205649216,3.178694440421818,4298.08775085686
22.79,5.0,78.36097062796233,3.8584972938577025,0.8230117863219222,0.17698821367807782,17.69882136780778,3.1755887503361304,4298.715322454196
22.8,5.0,78.0914219078805,3.8521299270220695,0.823563411388736,0.176436588611264,17.643658861126397,3.172473263810938,4299.340099713177
22.81,5.0,77.82170720861664,3.84575626522929,0.8241157461972826,0.17588425380271744,17.588425380271744,3.169348294212311,4299.962083588255
22.82,5.0,77.55183126389356,3.83937676009222,0.8246687819757749,0.17533121802422513,17.533121802422514,3.166214156291348,4300.581275232312
22.830000000000002,5.0,77.28179878101129,3.832991864896866,0.8252225099820683,0.17477749001793175,17.477749001793175,3.1630711674910406,4301.197675820788
22.84,5.0,77.0116145122503,3.826602034474631,0.8257769213571965,0.1742230786428035,17.422307864280352,3.1599196472876456,4301.811286593698
22.85,5.0,76.7412832853364,3.820207725073624,0.8263320070624073,0.17366799293759272,17.36679929375927,3.156759916855401,4302.422108886445
22.86,5.0,76.47081000344129,3.813809394229128,0.8268877578785613,0.17311224212143872,17.311224212143873,3.1535922989703176,4303.030144129818
22.87,5.0,76.20019964518187,3.807407500633251,0.8274441644055339,0.17255583559446608,17.255583559446606,3.1504171179128426,4303.635393849999
22.88,5.0,75.929457264621,3.8010025040039057,0.8280012170616133,0.17199878293838666,17.199878293838665,3.1472346993694735,4304.237859668555
22.89,5.0,75.65858799126671,3.7945948649531274,0.8285589060828997,0.17144109391710027,17.14410939171003,3.1440453703333517,4304.837543302446
22.900000000000002,5.0,75.38759703007288,3.788185044854879,0.8291172215227018,0.17088277847729816,17.088277847729817,3.140849459003929,4305.434446564018
22.91,5.0,75.11648966143896,3.781773505712364,0.8296761532509349,0.1703238467490651,17.03238467490651,3.1376472946857366,4306.028571361007
22.92,5.0,74.84527124120967,3.7753607100249593,0.8302356909535176,0.16976430904648243,16.976430904648243,3.1344392076863348,4306.619919696539
22.93,5.0,74.57394720067569,3.76894712065486,0.8307958241317664,0.16920417586823355,16.920417586823355,3.131225529213503,4307.208493669127
22.94,5.0,74.30252304657286,3.7625332006934737,0.8313565421017934,0.16864345789820656,16.864345789820657,3.1280065912717196,4307.794295472675
22.95,5.0,74.03100436108298,3.7561194133277063,0.8319178339938997,0.16808216600610026,16.808216600610027,3.124782726558023,4308.377327396474
22.96,5.0,73.75939680183305,3.749706221706152,0.832479688751972,0.16752031124802802,16.7520311248028,3.1215542683572703,4308.957591825207
22.97,5.0,73.48770610189597,3.743294088805351,0.833042095132876,0.16695790486712403,16.695790486712404,3.1183215504369195,4309.53509123894
22.98,5.0,73.21593806978987,3.7368834772961055,0.8336050417058527,0.1663949582941473,16.63949582941473,3.1150849069413318,4310.109828213137
22.990000000000002,5.0,72.9440985894787,3.730474849410025,0.8341685168519121,0.16583148314808793,16.583148314808792,3.1118446722857205,4310.681805418642
23.0,5.0,72.67219362037198,3.724068666806316,0.8347325087632285,0.16526749123677154,16.526749123677153,3.108601181049768,4311.251025621695
23.01,5.0,72.40022919732452,3.7176653904389196,0.8352970054425357,0.1647029945574643,16.470299455746428,3.1053547678709847,4311.817491683919
23.02,5.0,72.12821143063708,3.711265480424113,0.8358619947025218,0.16413800529747824,16.413800529747824,3.1021057673379118,4312.3812065623315
23.03,5.0,71.85614649657748,3.704869395908575,0.8364274641849315,0.16357253581506848,16.357253581506846,3.0988545139561685,4312.942173311924
23.04,5.0,71.58404053296819,3.6984775949380952,0.8369934015772648,0.16300659842273524,16.300659842273525,3.0956013428445375,4313.500395086351
23.05,5.0,71.31189966996718,3.6920905343269106,0.8375597945488902,0.16244020545110982,16.24402054511098,3.0923465893867492,4314.055875120401
23.06,5.0,71.03973009619206,3.6857086695278305,0.8381266306132683,0.1618733693867317,16.18733693867317,3.0890905886134727,4314.60861674382
23.07,5.0,70.76753805967266,3.679332454503157,0.8386938971254859,0.16130610287451408,16.130610287451407,3.085833675087532,4315.158623382644
23.080000000000002,5.0,70.49532986785178,3.672962341596545,0.8392615812817685,0.16073841871823147,16.07384187182315,3.0825761827967035,4315.705898559198
23.09,5.0,70.22311188758486,3.6665987814058187,0.839829670118995,0.160170329881005,16.0170329881005,3.079318445046758,4316.250445892099
23.1,5.0,69.9508905451397,3.6602422226568514,0.8403981505142154,0.1596018494857846,15.96018494857846,3.076060794354859,4316.792269096251
23.11,5.0,69.6786723261971,3.653893112078596,0.8409670091841657,0.15903299081583433,15.903299081583434,3.0728035623433603,4317.3313719828475
23.12,5.0,69.40646377585018,3.647551894279285,0.841536232684788,0.15846376731521195,15.846376731521195,3.069547079634052,4317.867758459372
23.13,5.0,69.13427149860503,3.6412190116239476,0.8421058074107488,0.1578941925892512,15.789419258925118,3.0662916757429532,4318.401432529599
23.14,5.0,68.86210215838005,3.634894904113235,0.8426757195949609,0.1573242804050391,15.73242804050391,3.0630376789756766,4318.932398293591
23.150000000000002,5.0,68.58996247850655,3.628580009263694,0.8432459553081051,0.1567540446918949,15.675404469189491,3.059785416323457,4319.460659947699
23.16,5.0,68.3178592417285,3.6222747619895044,0.8438165004581543,0.15618349954184574,15.618349954184573,3.056535213359877,4319.986221784566
23.17,5.0,68.04579929020221,3.615979594485762,0.8443873407898996,0.15561265921010037,15.561265921010037,3.053287394138372,4320.509088193122
23.18,5.0,67.77378952549707,3.609694936113402,0.8449584618844765,0.15504153811552346,15.504153811552346,3.050042281090564,4321.029263658589
23.19,5.0,67.50183690859464,3.6034212132857646,0.8455298491588954,0.1544701508411046,15.447015084110461,3.0468001949254764,4321.546752762477
23.2,5.0,67.22994845988963,3.597158849356931,0.8461014878655703,0.15389851213442973,15.389851213442974,3.043561454529702,4322.061560182585
23.21,5.0,66.9581312591889,3.5909082645118238,0.8466733630918543,0.15332663690814574,15.332663690814574,3.0403263768685598,4322.573690693003
23.22,5.0,66.68639244571243,3.5846698756582,0.8472454597595719,0.15275454024042812,15.275454024042812,3.0370952768883193,4323.08314916411
23.23,5.0,66.4147392180924,3.578444096320513,0.8478177626245584,0.15218223737544156,15.218223737544157,3.0338684674195173,4323.589940562575
23.240000000000002,5.0,66.14317883437397,3.57223133653578,0.8483902562761971,0.15160974372380287,15.160974372380288,3.0306462590814527,4324.094069951354
23.25,5.0,65.8717184846957,3.5660320027514363,0.8489629254056434,0.15103707459435656,15.103707459435656,3.027428961146005,4324.595542453851
23.26,5.0,65.60036514841246,3.5598464977252635,0.8495357551079923,0.15046424489200771,15.04642448920077,3.0242168825135733,4325.094363242499
23.27,5.0,65.32912592706133,3.55367522042745,0.8501087301801427,0.14989126981985734,14.989126981985734,3.021010329110218,4325.590537623288
23.28,5.0,65.05800795817817,3.547518565944779,0.8506818353021427,0.1493181646978573,14.93181646978573,3.01780960444633,4326.08407098968
23.29,5.0,64.78701841271085,3.541376925387059,0.8512550550423821,0.14874494495761792,14.874494495761791,3.014615009546183,4326.574968821701
23.3,5.0,64.51616449501853,3.535250685795763,0.851828373857334,0.148171626142666,14.8171626142666,3.0114268428594295,4327.063236685938
23.31,5.0,64.24545344287236,3.5291402300549906,0.8524017760912965,0.14759822390870347,14.759822390870347,3.0082454001741206,4327.548880235542
23.32,5.0,63.974892527454756,3.523045936804717,0.8529752459761406,0.1470247540238594,14.70247540238594,3.0050709745312463,4328.031905210229
23.330000000000002,5.0,63.70448905336006,3.516968180356436,0.853548767631056,0.14645123236894397,14.645123236894397,3.0019038561408733,4328.512317436274
23.34,5.0,63.43425035859423,3.51090733061117,0.8541223250623048,0.1458776749376952,14.58776749376952,2.9987443322999026,4328.99012282652
23.35,5.0,63.164183814574585,3.504863752979908,0.8546959021629751,0.14530409783702491,14.530409783702492,2.9955926873114733,4329.465327380371
23.36,5.0,62.894296826130486,3.4988378083065106,0.8552694827127372,0.14473051728726283,14.473051728726283,2.9924492024060765,4329.937937183793
23.37,5.0,62.62459683150252,3.4928298527930695,0.8558430503776062,0.14415694962239378,14.415694962239378,2.989314155664386,4330.407958409319
23.38,5.0,62.3550913023433,3.4868402379277965,0.8564165887097028,0.14358341129029717,14.358341129029718,2.986187821941852,4330.87539731604
23.39,5.0,62.085787743716686,3.4808693104154074,0.8569900811470225,0.14300991885297754,14.300991885297753,2.98307047279508,4331.340260249615
23.400000000000002,5.0,61.81669369409848,3.474917412110083,0.8575635110132028,0.14243648898679717,14.243648898679718,2.9799623764100356,4331.802553642265
23.41,5.0,61.547816725376116,3.4689848799509693,0.8581368615172983,0.1418631384827017,14.18631384827017,2.9768637975320864,4332.2622840127715
23.42,5.0,61.27916444284836,3.463072045900258,0.8587101157535563,0.14128988424644373,14.128988424644373,2.9737749973979155,4332.719457966482
23.43,5.0,61.01074448522602,3.457179236883879,0.8592832567011963,0.14071674329880368,14.071674329880368,2.9706962336693366,4333.174082195306
23.44,5.0,60.742564524631135,3.451306774734763,0.8598562672241943,0.14014373277580572,14.014373277580571,2.9676277603690067,4333.626163477719
23.45,5.0,60.4746321902301,3.445454976138751,0.8604291302344034,0.13957086976559663,13.957086976559662,2.9645698283808626,4334.075708649496
23.46,5.0,60.206954801853485,3.4396241525830855,0.861001829262001,0.13899817073799903,13.899817073799902,2.9615226873477964,4334.522724538531
23.47,5.0,59.93953975022667,3.433814610307563,0.8615743476434016,0.13842565235659843,13.842565235659842,2.95848658280412,4334.96721811259
23.48,5.0,59.67239444607247,3.428026650258274,0.8621466686298626,0.13785333137013744,13.785333137013744,2.955461756494558,4335.409196416726
23.490000000000002,5.0,59.40552630550135,3.422260568044002,0.8627187754187092,0.13728122458129077,13.728122458129077,2.952448446426658,4335.8486665660175
23.5,5.0,59.138942750011225,3.416516653895229,0.8632906511533373,0.13670934884666275,13.670934884666275,2.9494468868174333,4336.285635745566
23.51,5.0,58.87265120648714,3.4107951926257547,0.8638622789232192,0.1361377210767808,13.613772107678079,2.946457308042045,4336.720111210496
23.52,5.0,58.60665910720193,3.4050964635969585,0.8644336417639107,0.1355663582360893,13.556635823608932,2.9434799365845326,4337.152100285955
23.53,5.0,58.34097388981547,3.3994207406846355,0.8650047226570653,0.1349952773429347,13.499527734293471,2.9405149949905884,4337.581610367118
23.54,5.0,58.07560299737545,3.3937682922484624,0.8655755045304471,0.13442449546955293,13.442449546955293,2.9375627018223964,4338.008648919177
23.55,5.0,57.81055387831657,3.3881393811040166,0.866145970257952,0.13385402974204796,13.385402974204796,2.9346232716155156,4338.433223477354
23.56,5.0,57.545833986461346,3.3825342644974055,0.8667161026596281,0.13328389734037194,13.328389734037193,2.931696914837843,4338.8553416468885
23.57,5.0,57.28145078101934,3.3769531940824153,0.8672858845017025,0.13271411549829748,13.271411549829748,2.928783837850617,4339.275011103048
23.580000000000002,5.0,57.01741172658778,3.3713964159002368,0.8678552984966099,0.13214470150339008,13.214470150339007,2.9258842428715006,4339.6922395911215
23.59,5.0,56.753724293151365,3.3658641703616885,0.868424327303025,0.131575672696975,13.157567269697502,2.9229983279397036,4340.107034926423
23.6,5.0,56.49039595608189,3.3603566922319485,0.8689929535258998,0.13100704647410022,13.100704647410023,2.920126286883164,4340.5194049942875
23.61,5.0,56.22743419613896,3.35487421061778,0.8695611597165017,0.13043884028349828,13.043884028349828,2.91726830928778,4340.929357750077
23.62,5.0,55.96484649946922,3.3494169489571872,0.8701289283724587,0.1298710716275413,12.98710716275413,2.9144245804686677,4341.336901219172
23.63,5.0,55.7026403576071,3.343985125011535,0.8706962419378039,0.12930375806219607,12.930375806219608,2.9115952814434607,4341.742043496983
23.64,5.0,55.44082321509233,3.3385789508600405,0.8712630829164729,0.12873691708352708,12.873691708352709,2.9087805892863625,4342.144792724689
23.650000000000002,5.0,55.17940219381071,3.333198632896673,0.8718294344701184,0.1281705655298816,12.81705655298816,2.9059806790948786,4342.545157005649
23.66,5.0,54.91838441138094,3.3278443718293804,0.8723952797300376,0.1276047202699624,12.76047202699624,2.9031957216601234,4342.943144562811
23.67,5.0,54.6577769827847,3.322516362681632,0.8729606017937596,0.12703939820624044,12.703939820624043,2.9004258834361707,4343.33876368053
23.68,5.0,54.39758700328434,3.3172147947962696,0.8735253837622527,0.12647461623774725,12.647461623774724,2.897671326646234,4343.732022693465
23.69,5.0,54.13782154842216,3.3119398518415757,0.8740896087401657,0.12591039125983428,12.591039125983428,2.894932209267165,4344.122929986567
23.7,5.0,53.87848767402113,3.3066917118195946,0.8746532598360672,0.12534674016393277,12.534674016393277,2.892208685015914,4344.511493995082
23.71,5.0,53.61959241618417,3.3014705470766006,0.8752163201626925,0.12478367983730754,12.478367983730754,2.8895009033378933,4344.8977232045545
23.72,5.0,53.36114279129487,3.296276524315744,0.8757787728371887,0.12422122716281125,12.422122716281125,2.886809009397276,4345.281626150822
23.73,5.0,53.10314579601676,3.2911098046117724,0.8763406009813679,0.1236593990186321,12.36593990186321,2.884133144069153,4345.663211420023
23.740000000000002,5.0,52.84560840729398,3.285970543427851,0.876901787721957,0.12309821227804296,12.309821227804296,2.881473443933573,4346.042487648587
23.75,5.0,52.58853758235096,3.28085889063439,0.8774623161908557,0.12253768380914432,12.253768380914432,2.878830041271413,4346.419463523241
23.76,5.0,52.33194025869216,3.2757749905298645,0.8780221695253946,0.12197783047460542,12.197783047460542,2.8762030640620604,4346.794147781009
23.77,5.0,52.075823354102724,3.2707189818635958,0.8785813308685955,0.12141866913140453,12.141866913140454,2.8735926359828956,4347.166549209212
23.78,5.0,51.82019376664775,3.2656909978604163,0.8791397833694367,0.12086021663056334,12.086021663056334,2.8709988764105256,4347.536676645463
23.79,5.0,51.565058374673,3.260691166247221,0.8796975101831184,0.12030248981688163,12.030248981688164,2.8684219004237685,4347.904538977674
23.8,5.0,51.310424036804186,3.2557196092813117,0.8802544944713332,0.1197455055286668,11.974550552866681,2.8658618188083276,4348.270145144054
23.81,5.0,51.05629759194769,3.250776443780549,0.8808107194025367,0.11918928059746325,11.918928059746325,2.8633187380631653,4348.633504133106
23.82,5.0,50.80268585639409,3.2458617811552006,0.881366168158568,0.11863383184143195,11.863383184143196,2.8607927604291037,4348.994624981899
23.830000000000002,5.0,50.54959541072905,3.2409757274415076,0.8819208244020853,0.1180791755979147,11.80791755979147,2.8582839854123625,4349.353516682522
23.84,5.0,50.297032639734695,3.2361183833368745,0.8824746721908048,0.11752532780919522,11.752532780919523,2.8557925095058456,4349.710188267436
23.85,5.0,50.04500392605284,3.2312898442366516,0.8830276955539036,0.11697230444609641,11.697230444609641,2.8533184248230223,4350.064648839411
23.86,5.0,49.793515613013916,3.226490200272486,0.8835798785738157,0.1164201214261843,11.64201214261843,2.8508618193763695,4350.416907531307
23.87,5.0,49.542574004636265,3.2217195363521522,0.8841312053866469,0.11586879461335309,11.58687946133531,2.8484227770927375,4350.76697350607
23.88,5.0,49.29218536562687,3.216977932200864,0.8846816601825885,0.11531833981741146,11.531833981741146,2.8460013778302113,4351.1148559567355
23.89,5.0,49.04235592138064,3.2122654624039706,0.8852312272063355,0.11476877279366449,11.476877279366448,2.843597697396394,4351.460564106426
23.900000000000002,5.0,48.79309185798103,3.207582196451042,0.8857798907575026,0.11422010924249737,11.422010924249737,2.8412118075681145,4351.804107208353
23.91,5.0,48.544399322199766,3.2029281987812537,0.8863276351910452,0.11367236480895482,11.367236480895482,2.8388437761125025,4352.145494545817
23.92,5.0,48.296284421496594,3.1983035288300408,0.8868744449176797,0.11312555508232025,11.312555508232025,2.8364936668093987,4352.484735432203
23.93,5.0,48.048753224019876,3.193708241076993,0.8874203044043055,0.11257969559569447,11.257969559569448,2.8341615394750845,4352.821839210987
23.94,5.0,47.801811758605915,3.1891423850948994,0.8879651981744292,0.1120348018255708,11.20348018255708,2.831847449987264,4353.156815255731
23.95,5.0,47.55546601477963,3.1846060055999486,0.8885091108085882,0.11149088919141181,11.149088919141182,2.8295514503113,4353.489672970088
23.96,5.0,47.30972194275389,3.1800991425029874,0.8890520269447777,0.1109479730552223,11.094797305522231,2.8272735885276306,4353.8204217877965
23.97,5.0,47.06458545343017,3.1756218309618403,0.889593931278877,0.11040606872112302,11.040606872112303,2.825013908860369,4354.149071172684
23.98,5.0,46.820062418397875,3.1711741014345907,0.8901348085650788,0.10986519143492124,10.986519143492124,2.822772451707015,4354.475630618665
23.990000000000002,5.0,46.57615866993497,3.1667559797338356,0.8906746436163171,0.1093253563836829,10.93253563836829,2.820549253669275,4354.800109649743
24.0,5.0,46.33287999956728,3.162367487081818,0.8912134213078894,0.10878657869211061,10.878657869211061,2.8183443475950196,4355.122517819026
24.01,5.0,46.09023198334938,3.158008640166414,0.8917511269651897,0.10824887303481034,10.824887303481034,2.8161577638342057,4355.442864625659
24.02,5.0,45.84821997027112,3.1536794511979425,0.8922877463910305,0.10771225360896952,10.771225360896953,2.813989530349114,4355.761159579593
24.03,5.0,45.6068492808408,3.1493799279667165,0.8928232654266,0.10717673457340005,10.717673457340005,2.811839671356234,4356.077412240485
24.04,5.0,45.36612518339876,3.1451100739013356,0.8933576700044129,0.10664232999558709,10.66423299955871,2.809708207527904,4356.391632179351
24.05,5.0,45.12605289411668,3.140869888127631,0.8938909461488227,0.1061090538511773,10.61090538511773,2.807595156028755,4356.703828978578
24.060000000000002,5.0,44.88663757699821,3.1366593655282626,0.8944230799765288,0.10557692002347119,10.55769200234712,2.8055005305530134,4357.014012231914
24.07,5.0,44.64788434387865,3.132478496802895,0.8949540576970878,0.1050459423029122,10.50459423029122,2.803424341362625,4357.322191544473
24.080000000000002,5.0,44.40979825442476,3.128327268528914,0.8954838656134231,0.10451613438657692,10.451613438657692,2.8013665953261526,4357.628376532733
24.09,5.0,44.1723843161353,3.1242056632226642,0.8960124901223326,0.10398750987766736,10.398750987766736,2.799327295958433,4357.932576824536
24.1,5.0,43.93564748434041,3.1201136594011336,0.8965399177149999,0.10346008228500014,10.346008228500015,2.7973064434609394,4358.234802059093
24.11,5.0,43.69959266220222,3.116051231644078,0.8970661349775005,0.10293386502249946,10.293386502249946,2.7953040347628333,4358.535061886975
24.12,5.0,43.46422470071425,3.112018350656506,0.8975911285913123,0.10240887140868771,10.240887140868772,2.7933200635626476,4358.833365970119
24.13,5.0,43.229548398702,3.1080149833315365,0.8981148853338213,0.10188511466617867,10.188511466617866,2.7913545203706014,4359.12972398183
24.14,5.0,42.995568502822366,3.104041092813531,0.8986373920788308,0.10136260792116925,10.136260792116925,2.7894073925514755,4359.424145606771
24.150000000000002,5.0,42.76228970756415,3.100096638561519,0.8991586357970662,0.10084136420293377,10.084136420293376,2.787478664368046,4359.716640540976
24.16,5.0,42.52971665524785,3.096181576412837,0.8996786035566823,0.10032139644331772,10.032139644331773,2.7855683170250285,4360.007218491843
24.17,5.0,42.297853936025405,3.092295858646961,0.9001972825237685,0.09980271747623148,9.98027174762315,2.783676328713498,4360.29588917813
24.18,5.0,42.066706081538555,3.0884394340495103,0.9007146599770525,0.09928534002294753,9.928534002294754,2.781802674699625,4360.5826623255325
24.19,5.0,41.83627738421792,3.0846122479763514,0.9012307237132546,0.09876927628674537,9.876927628674537,2.7799473286184964,4360.867547585442
24.2,5.0,41.60657194712456,3.0808142424178127,0.9017454619370677,0.09825453806293227,9.825453806293227,2.778110262171348,4361.150554623019
24.21,5.0,41.37759382612972,3.07704535606293,0.9022588629436501,0.0977411370563499,9.77411370563499,2.776291444187378,4361.43169312055
24.22,5.0,41.14934701885961,3.0733055243637346,0.9027709151438924,0.0972290848561076,9.722908485610759,2.774490840746629,4361.710972755682
24.23,5.0,40.9218354646947,3.0695946795995095,0.903281607064947,0.09671839293505302,9.671839293505302,2.772708415226656,4361.98840320142
24.240000000000002,5.0,40.69506304477033,3.0659127509410204,0.9037909273507518,0.09620907264924816,9.620907264924817,2.7709441283494796,4362.263994126132
24.25,5.0,40.46903358197642,3.062259664514663,0.9042988647625559,0.09570113523744406,9.570113523744405,2.7691979382287752,4362.537755193547
24.26,5.0,40.24375084095726,3.058635343466504,0.9048054081794423,0.09519459182055767,9.519459182055767,2.767469800417279,4362.809696062752
24.27,5.0,40.019218528112084,3.0550397080262033,0.905310546598847,0.09468945340115298,9.468945340115297,2.7657596679543843,4363.079826388195
24.28,5.0,39.795440291594375,3.0514726755707593,0.9058142691370805,0.09418573086291948,9.418573086291948,2.7640674914138987,4363.348155819686
24.29,5.0,39.57241972131257,3.047934160688081,0.9063165650298426,0.09368343497015741,9.36834349701574,2.7623932189519382,4363.614694002395
24.3,5.0,39.350160348929386,3.0444240752403293,0.9068174236327394,0.09318257636726057,9.318257636726058,2.7607367963549208,4363.87945057685
24.310000000000002,5.0,39.12866564786238,3.0409423284270334,0.9073168344217959,0.09268316557820411,9.26831655782041,2.7590981670876613,4364.142435178942
24.32,5.0,38.9079390332837,3.0374888268479294,0.9078147869939667,0.09218521300603333,9.218521300603333,2.757477272341507,4364.403657439923
24.330000000000002,5.0,38.687983862119886,3.0340634745655115,0.9083112710676468,0.09168872893235325,9.168872893235324,2.7558740510825204,4364.663126986403
24.34,5.0,38.46880343305238,3.0306661731672753,0.9088062764831768,0.0911937235168232,9.119372351682319,2.7542884400996703,4364.920853440354
24.35,5.0,38.25040098651692,3.027296821827613,0.9092997932033499,0.09070020679665014,9.070020679665014,2.7527203740530064,4365.176846419108
24.36,5.0,38.032779688111056,3.0239553173693636,0.9097918113514376,0.09020818864856239,9.020818864856238,2.751169785635285,4365.431115524104
24.37,5.0,37.81594245401639,3.0206415543249685,0.9102823216068132,0.08971767839318678,8.971767839318678,2.749636606812945,4365.683670275105
24.38,5.0,37.59989205504475,3.017355424997242,0.9107713149710565,0.08922868502894354,8.922868502894355,2.7481207681597892,4365.9345202029235
24.39,5.0,37.38463120790073,3.014096819519706,0.9112587825622463,0.08874121743775365,8.874121743775365,2.7466221982802663,4366.183674829931
24.400000000000002,5.0,37.170162570953735,3.0108656259165025,0.9117447156249999,0.08825528437500008,8.825528437500008,2.745140823886329,4366.431143661177
24.41,5.0,36.95648874423769,3.0076617301618356,0.9122291055309529,0.08777089446904707,8.777089446904707,2.7436765698452095,4366.67693618439
24.42,5.0,36.74361226945087,3.0044850162389416,0.912711943779238,0.08728805622076197,8.728805622076196,2.74222935922704,4366.92106186998
24.43,5.0,36.53153562995642,3.001335366198579,0.913193221996958,0.08680677800304204,8.680677800304204,2.7407991133523,4367.163530171034
24.44,5.0,36.32026125078173,2.9982126602169927,0.9136729319396594,0.08632706806034063,8.632706806034063,2.7393857518390656,4367.4043505233185
24.45,5.0,36.10979149861907,2.9951167766533775,0.9141510654918,0.08584893450819997,8.584893450819997,2.737989192650051,4367.6435323452815
24.46,5.0,35.900128681824924,2.9920475921067817,0.9146276146672173,0.08537238533278269,8.537238533278268,2.736609352139417,4367.881085038047
24.47,5.0,35.69127505042069,2.989004981472484,0.9151025716095899,0.08489742839041015,8.489742839041014,2.7352461450993446,4368.117017985422
24.48,5.0,35.48323279609199,2.9859888179977854,0.9155759285928996,0.0844240714071004,8.44240714071004,2.733899484806337,4368.35134055389
24.490000000000002,5.0,35.27600405218925,2.9829989733372413,0.9160476780218887,0.08395232197811131,8.395232197811131,2.732569283067258,4368.584062092615
24.5,5.0,35.06959089372743,2.9800353176072987,0.916517812432514,0.08348218756748604,8.348218756748604,2.731255450265073,4368.815191933439
24.51,5.0,34.86399533738585,2.977097719440331,0.9169863244923997,0.0830136755076003,8.30136755076003,2.7299578954042945,4369.044739390886
24.52,5.0,34.65921934150868,2.9741860460380742,0.9174532070012846,0.08254679299871537,8.254679299871537,2.7286765261561015,4369.272713762157
24.53,5.0,34.45526480610435,2.971300163224433,0.917918452891469,0.082081547108531,8.2081547108531,2.727411248903141,4369.499124327133
24.54,5.0,34.252133550798135,2.9684399354976683,0.918382055278588,0.08161794472141204,8.161794472141203,2.7261619689333876,4369.723980333736
24.55,5.0,34.04982716322942,2.965605226081939,0.9188440078084386,0.08115599219156144,8.115599219156145,2.7249285915107793,4369.947290950852
24.560000000000002,5.0,33.84834710914727,2.962795896978209,0.9193043044068232,0.0806956955931768,8.06956955931768,2.723711021170942,4370.169065344341
24.57,5.0,33.64769480194185,2.9600118090144947,0.9197629391213681,0.08023706087863192,8.023706087863191,2.722509161293129,4370.389312657157
24.580000000000002,5.0,33.44787160128315,2.957252821895454,0.9202199061250214,0.07978009387497864,7.978009387497864,2.721322914152589,4370.608042005694
24.59,5.0,33.248878813121394,2.9545187942513196,0.9206751997164417,0.07932480028355826,7.932480028355826,2.7201521809633142,4370.825262479784
24.6,5.0,33.05071768968654,2.9518095836861473,0.9211288143203855,0.07887118567961449,7.887118567961449,2.7189968619203717,4371.0409831427
24.61,5.0,32.8533894294888,2.949125046825406,0.9215807444880886,0.07841925551191142,7.841925551191142,2.717856856241827,4371.255213031149
24.62,5.0,32.65689517731809,2.9464650393628693,0.9220309848976477,0.07796901510235232,7.796901510235232,2.7167320622102324,4371.467961155279
24.63,5.0,32.46123602424462,2.94382941610684,0.9224795303543952,0.07752046964560477,7.752046964560478,2.7156223772136916,4371.6792364986795
24.64,5.0,32.26641300761828,2.9412180310256724,0.9229263757912748,0.07707362420872521,7.707362420872521,2.714527697786473,4371.889048018374
24.650000000000002,5.0,32.072427111069175,2.938630737292617,0.9233715162692091,0.0766284837307909,7.66284837307909,2.713447919649188,4372.0974046448255
24.66,5.0,31.879279264507392,2.9360673873299645,0.923814946977468,0.07618505302253198,7.618505302253197,2.712382937748504,4372.304315281937
24.67,5.0,31.6869703441228,2.9335278328524903,0.9242566632340323,0.07574333676596767,7.574333676596767,2.711332646296405,4372.509788807051
24.68,5.0,31.49550117238553,2.9310119249102167,0.9246966604859526,0.07530333951404744,7.530333951404744,2.710296938808981,4372.713834070947
24.69,5.0,31.304872518045435,2.9285195139304587,0.9251349343097073,0.07486506569029272,7.486506569029272,2.7092757081447507,4372.916459897842
24.7,5.0,31.115085096132624,2.9260504497591895,0.9255714804115552,0.07442851958844476,7.442851958844477,2.70826884654251,4373.117675085395
24.71,5.0,30.926139567956923,2.9236045817016882,0.9260062946278862,0.0739937053721138,7.3993705372113805,2.7072762456586914,4373.317488404698
24.72,5.0,30.738036528362997,2.921181758562506,0.926439372954918,0.07356062704508204,7.356062704508204,2.7062977966899924,4373.515908591291
24.73,5.0,30.55077637961608,2.9187818286847174,0.9268707118396693,0.07312928816033071,7.312928816033071,2.7053333912576956,4373.712944304117
24.740000000000002,5.0,30.36435939656275,2.916404639988487,0.9273003080308435,0.07269969196915649,7.269969196915649,2.7043829210039054,4373.908604180504
24.75,5.0,30.178785807894684,2.9140500400089318,0.9277281583921482,0.07227184160785183,7.227184160785183,2.703446277080052,4374.102896828466
24.76,5.0,29.994055796434072,2.9117178759332876,0.9281542599019196,0.07184574009808042,7.184574009808042,2.7025233501800496,4374.2958308234365
24.77,5.0,29.810169499134084,2.9094079946373888,0.9285786096533998,0.07142139034660022,7.142139034660023,2.7016140305748726,4374.487414708266
24.78,5.0,29.627127007078336,2.9071202427214486,0.929001204855013,0.07099879514498697,7.0998795144986975,2.7007182081466237,4374.677656993224
24.79,5.0,29.44492836548141,2.9048544665451583,0.9294220428306367,0.07057795716936333,7.057795716936333,2.6998357724221003,4374.866566156001
24.8,5.0,29.26357357368834,2.9026105122620938,0.9298411210198709,0.07015887898012907,7.015887898012907,2.698966612605847,4375.054150641703
24.810000000000002,5.0,29.083062585175064,2.9003882258534435,0.9302584369783042,0.06974156302169576,6.974156302169576,2.698110617612701,4375.240418862858
24.82,5.0,28.903395307548227,2.898187453161058,0.930673988377776,0.06932601162222396,6.9326011622223955,2.697267676099831,4375.425379199411
24.830000000000002,5.0,28.724571602544998,2.896008039919817,0.9310877730066373,0.06891222699336275,6.891222699336275,2.696437676498259,4375.609039998725
24.84,5.0,28.546591286033504,2.8938498317893346,0.9314997887700053,0.06850021122999472,6.850021122999472,2.6956205070438806,4375.791409575585
24.85,5.0,28.369454128012325,2.8917126743849866,0.9319100336900192,0.06808996630998077,6.8089966309980765,2.6948160558079683,4375.972496212192
24.86,5.0,28.193159852611014,2.889596413308283,0.9323185059060881,0.06768149409391189,6.768149409391189,2.6940242107271697,4376.152308158167
24.87,5.0,28.017708138089574,2.887500894176576,0.9327252036751401,0.06727479632485989,6.727479632485989,2.6932448596329963,4376.33085363055
24.88,5.0,27.84309861683897,2.8854259626521186,0.9331301253718646,0.06686987462813543,6.686987462813542,2.6924778902808044,4376.5081408137985
24.89,5.0,27.669330875380627,2.8833714644704678,0.9335332694889542,0.06646673051104579,6.646673051104579,2.6917231903782697,4376.684177859792
24.900000000000002,5.0,27.49640445356905,2.881337245468255,0.933934634639194,0.06606536536080598,6.606536536080599,2.690980647618696,4376.858972886946
24.91,5.0,27.32431877554186,2.8793231516103073,0.9343342197160687,0.06566578028393133,6.566578028393133,2.690250150170228,4377.0325339500905
24.92,5.0,27.153073104290847,2.8773290290161406,0.934732023999893,0.06526797600010703,6.526797600010703,2.689531587005904,4377.204869055292
24.93,5.0,26.98266665486532,2.87535472398583,0.9351280468954652,0.06487195310453475,6.487195310453475,2.6888248471725187,4377.37598617801
24.94,5.0,26.81309860609915,2.8734000830252517,0.9355222879050232,0.06447771209497677,6.447771209497677,2.688129819738267,4377.545893257901
24.95,5.0,26.64436810061124,2.871464952870717,0.9359147466284093,0.06408525337159066,6.408525337159066,2.6874463938183544,4377.714598198825
24.96,5.0,26.476474244805058,2.8695491805129913,0.936305422763235,0.06369457723676497,6.369457723676497,2.686774458600111,4377.8821088688355
24.97,5.0,26.3094161088691,2.867652613220719,0.9366943161050415,0.0633056838949585,6.33056838949585,2.6861139033676165,4378.048433100188
24.98,5.0,26.143192726776434,2.8657750985632426,0.9370814265474586,0.06291857345254137,6.291857345254137,2.6854646175258274,4378.213578689337
24.990000000000002,5.0,25.97780309628509,2.863916484432843,0.9374667540823606,0.06253324591763942,6.253324591763942,2.6848264906242227,4378.377553396934
25.0,5.0,25.8132461789379,2.862076619066389,0.9378502988000192,0.062149701199980756,6.214970119998076,2.6841994123799617,4378.54036494783
25.01,5.0,25.64952090006232,2.860255351066415,0.938232060889256,0.061767939110743963,6.176793911074396,2.6835832727005653,4378.702021031077
25.02,5.0,25.48662614877084,2.858452529421631,0.9386120406375884,0.06138795936241159,6.138795936241159,2.6829779617061136,4378.86252929992
25.03,5.0,25.324560777960503,2.856668003526866,0.9389902384313776,0.06100976156862237,6.100976156862236,2.6823833697509794,4379.02189737181
25.04,5.0,25.163323604313394,2.854901623202462,0.9393666547559704,0.060633345244029635,6.063334524402963,2.6817993874450865,4379.180132828392
25.05,5.0,25.00291340829616,2.8531532387131153,0.9397412901958404,0.060258709804159594,6.025870980415959,2.6812259056747036,4379.337243215511
25.060000000000002,5.0,24.843328934160414,2.8514227007861828,0.940114145434726,0.059885854565273955,5.988585456527396,2.6806628156227807,4379.493236043211
25.07,5.0,24.68456888994257,2.8497098606294493,0.9404852212557658,0.059514778744234165,5.951477874423416,2.680110008788825,4379.648118785736
25.080000000000002,5.0,24.526631947463674,2.8480145699483703,0.9408545185416322,0.05914548145836784,5.914548145836784,2.6795673770083277,4379.801898881527
25.09,5.0,24.36951673875155,2.8463366809628003,0.9412220382830322,0.05877796171696781,5.877796171696781,2.679034812495568,4379.954583730799
25.1,5.0,24.21322177754852,2.8446760464232015,0.941587781762567,0.05841221823743303,5.841221823743304,2.6785122083847313,4380.106180671511
25.11,5.0,24.057745464774502,2.8430325196263584,0.9419517505424355,0.05804824945756448,5.804824945756448,2.6779994587111196,4380.256696996011
25.12,5.0,23.903086171584093,2.8414059544305843,0.9423139462703513,0.057686053729648745,5.768605372964874,2.6774964578755576,4380.406139960932
25.13,5.0,23.7492422431292,2.8397962052704506,0.9426743706708092,0.05732562932919083,5.732562932919083,2.677003100636674,4380.55451678617
25.14,5.0,23.596211998558594,2.838203127171023,0.9430330255451522,0.056966974454847774,5.696697445484777,2.6765192821278023,4380.701834654884
25.150000000000002,5.0,23.4439937310183,2.8366265757616325,0.9433899127716342,0.0566100872283658,5.661008722836581,2.676044897873466,4380.848100713496
25.16,5.0,23.292585707651426,2.8350664072891743,0.943745034305482,0.056254965694518044,5.625496569451805,2.6755798438054414,4380.993322071692
25.17,5.0,23.141986169598006,2.8335224786309463,0.9440983921789555,0.055901607821044474,5.590160782104448,2.675124016278405,4381.137505802423
25.18,5.0,22.992193331995377,2.8319946473070416,0.9444499885014058,0.055550011498594176,5.555001149859418,2.674677312085178,4381.2806589419015
25.19,5.0,22.84320538397775,2.8304827714922904,0.9447998254593315,0.0552001745406685,5.52001745406685,2.674239628471561,4381.422788489603
25.2,5.0,22.695020488676633,2.828986710027767,0.9451479053164331,0.05485209468356689,5.485209468356689,2.6738108631507713,4381.563901408266
25.21,5.0,22.54763678322041,2.827506322431867,0.9454942304136661,0.05450576958633391,5.450576958633391,2.673390914317493,4381.704004623897
25.22,5.0,22.40105237873476,2.8260414689109643,0.9458388031692918,0.05416119683070819,5.41611968307082,2.672979680661534,4381.84310502576
25.23,5.0,22.255265360342243,2.824592010369647,0.9461816260789268,0.05381837392107325,5.381837392107325,2.672577061381097,4381.981209466387
25.240000000000002,5.0,22.11027378716266,2.823157808420553,0.94652270171559,0.053477298284409946,5.347729828440995,2.672182956195686,4382.118324761568
25.25,5.0,21.966075692312902,2.821738725393802,0.9468620327297488,0.05313796727025122,5.313796727025122,2.671797265358626,4382.254457690364
25.26,5.0,21.822669082906785,2.820334624346031,0.9471996218493626,0.05280037815063743,5.280037815063743,2.6714198896692247,4382.389614995092
25.27,5.0,21.68005194005542,2.818945369069052,0.9475354718799254,0.05246452812007463,5.246452812007463,2.6710507304845748,4382.5238033813375
25.28,5.0,21.538222218677344,2.817570824098121,0.9478695857049525,0.0521304142950475,5.2130414295047505,2.6706896897322476,4382.657029517811
25.29,5.0,21.397177806213715,2.8162108547198477,0.9482019663833284,0.05179803361667157,5.179803361667156,2.6703366701954336,4382.789300024939
25.3,5.0,21.25691647664454,2.8148653269797257,0.9485326172579341,0.05146738274206586,5.1467382742065855,2.6699915758286896,4382.920621467344
25.310000000000002,5.0,21.117435975127687,2.813534107689321,0.9488615417564076,0.05113845824359242,5.113845824359242,2.669654311206328,4383.051000371916
25.32,5.0,20.978734030608866,2.8122170644331006,0.9491887433614306,0.050811256638569446,5.081125663856945,2.669324781448826,4383.180443229623
25.330000000000002,5.0,20.840808355821487,2.8109140655749165,0.9495142256107154,0.05048577438928459,5.048577438928459,2.6690028922326348,4383.308956495516
25.34,5.0,20.70365664728699,2.809624980264163,0.9498379920969906,0.0501620079030094,5.01620079030094,2.6686885497996595,4383.43654658873
25.35,5.0,20.567276585314477,2.808349678441591,0.9501600464679855,0.049839953532014536,4.983995353201454,2.668381660966414,4383.563219892482
25.36,5.0,20.431665834001077,2.8070880308448136,0.9504803924264137,0.04951960757358631,4.951960757358631,2.6680821331328675,4383.688982754069
25.37,5.0,20.29682204123157,2.805839909013482,0.9507990337299561,0.04920096627004389,4.920096627004389,2.6677898742909667,4383.813841484873
25.38,5.0,20.16274283867878,2.804605185294163,0.9511159741912417,0.04888402580875828,4.8884025808758285,2.667504793032866,4383.937802360354
25.39,5.0,20.029425841803178,2.8033837328449063,0.9514312176778296,0.048568782322170434,4.856878232217044,2.6672267985588483,4384.060871620059
25.400000000000002,5.0,19.896868649853218,2.802175425639519,0.9517447681121868,0.04825523188781322,4.825523188781322,2.6669558006849523,4384.183055467614
25.41,5.0,19.765068845865205,2.800980138471549,0.952056629471668,0.047943370528331974,4.794337052833198,2.666691709850309,4384.304360070729
25.42,5.0,19.63402399666314,2.7997977469579847,0.9523668057884939,0.047633194211506136,4.763319421150614,2.6664344371241975,4384.424791561195
25.43,5.0,19.503731652859056,2.7986281275426794,0.9526753011497257,0.04732469885027435,4.7324698850274345,2.666183894212815,4384.544356034885
25.44,5.0,19.37418934885265,2.7974711574994986,0.9529821196972432,0.047017880302756776,4.701788030275678,2.6659399934657726,4384.663059551756
25.45,5.0,19.245394602831635,2.796326714935214,0.9532872656277182,0.04671273437228185,4.671273437228185,2.6657026478823296,4384.780908135845
25.46,5.0,19.117344916771398,2.7951946787921234,0.953590743192589,0.04640925680741104,4.640925680741104,2.665471771117351,4384.897907775272
25.47,5.0,18.990037776435344,2.794074928850434,0.9538925566980326,0.046107443301967366,4.610744330196736,2.665247277487014,4385.014064422239
25.48,5.0,18.863470650868546,2.7929673457303856,0.9541927105061382,0.045807289493861814,4.580728949386181,2.665029081977611,4385.129383993301
25.490000000000002,5.0,18.73764095075308,2.7918718108941407,0.9544912091336861,0.045508790866313875,4.5508790866313875,2.6648171005266024,4385.243872362958
25.5,5.0,18.612546003868655,2.7907882066474383,0.9547880573105144,0.045211942689485585,4.521194268948559,2.664611250190002,4385.357535350471
25.51,5.0,18.48818312355801,2.789716416141013,0.9550832598171886,0.04491674018281144,4.491674018281144,2.664411448693483,4385.47037873834
25.52,5.0,18.364549615630565,2.788656323371801,0.9553768214685638,0.04462317853143616,4.462317853143616,2.6642176143911627,4385.582408275223
25.53,5.0,18.241642778362085,2.787607813183915,0.955668747113718,0.044331252886282035,4.4331252886282035,2.664029666269883,4385.693629675943
25.54,5.0,18.11945990249503,2.786570771269418,0.9559590416358813,0.0440409583641187,4.404095836411869,2.6638475239532715,4385.80404862148
25.55,5.0,17.997998271238195,2.785545084168881,0.9562477099523691,0.043752290047630926,4.375229004763092,2.663671107705572,4385.913670758976
25.560000000000002,5.0,17.87725516026703,2.7845306392717477,0.9565347570145115,0.043465242985488484,4.346524298548848,2.663500338435264,4386.022501701732
25.57,5.0,17.757227837723498,2.7835273248164913,0.9568201878075842,0.043179812192415845,4.3179812192415845,2.6633351376984575,4386.130547029208
25.580000000000002,5.0,17.637913564215953,2.7825350298905898,0.9571040073507388,0.04289599264926125,4.2895992649261245,2.663175427702091,4386.237812287029
25.59,5.0,17.519309592819432,2.7815536444303097,0.9573862206969325,0.042613779303067534,4.261377930306754,2.6630211313069134,4386.344302986975
25.6,5.0,17.401413169075322,2.7805830592203105,0.9576668329328579,0.042333167067142075,4.2333167067142075,2.662872172030272,4386.45002460699
25.61,5.0,17.284221530991697,2.7796231658930703,0.957945849178872,0.042054150821127956,4.205415082112795,2.662728474048702,4386.554982591177
25.62,5.0,17.167731909042974,2.7786738569281435,0.9582232745889259,0.041776725411074134,4.177672541107413,2.662589962200326,4386.659182349798
25.63,5.0,17.051941526170264,2.777735025651247,0.9584991143504925,0.04150088564950749,4.1500885649507495,2.662456561987063,4386.762629259279
25.64,5.0,16.936847597781025,2.7768065662331893,0.9587733736844966,0.041226626315503445,4.1226626315503445,2.6623281995766575,4386.8653286622
25.650000000000002,5.0,16.822447331749345,2.775888373688638,0.9590460578452417,0.04095394215475834,4.095394215475833,2.6622048018045272,4386.967285867309
25.66,5.0,16.708737928415847,2.774980343874736,0.959317172120339,0.04068282787966104,4.068282787966105,2.6620862961754375,4387.068506149509
25.67,5.0,16.595716580587535,2.77408237348957,0.959586721830635,0.04041327816936502,4.0413278169365014,2.6619726108650035,4387.1689947498635
25.68,5.0,16.483380473538098,2.7731943600704945,0.9598547123301391,0.04014528766986092,4.014528766986092,2.6618636747210287,4387.268756875599
25.69,5.0,16.371726780112116,2.772316201992315,0.9601211490176346,0.03987885098236543,3.9878850982365432,2.661759417297066,4387.367797702629
25.7,5.0,16.260752609727103,2.771447798465336,0.9603860374583678,0.039613962541632186,3.9613962541632186,2.661659769190841,4387.466122364772
25.71,5.0,16.150455033657337,2.770589049533279,0.9606493833237827,0.03935061667621731,3.935061667621731,2.6615646618777697,4387.563735945028
25.72,5.0,16.040831122236842,2.7697398560710726,0.9609111923026818,0.03908880769731815,3.908880769731815,2.6614740274655126,4387.660643494759
25.73,5.0,15.931877945416387,2.7689001197825185,0.9611714700997981,0.038828529900201914,3.8828529900201914,2.6613877986908703,4387.756850034391
25.740000000000002,5.0,15.82359257276376,2.768069743197838,0.961430222435694,0.03856977756430602,3.856977756430602,2.6613059089202116,4387.852360553423
25.75,5.0,15.71597207346365,2.7672486296711063,0.961687455046662,0.038312544953338024,3.8312544953338024,2.661228292149769,4387.947180010416
25.76,5.0,15.609013516317527,2.7664366833775706,0.9619431736846259,0.038056826315374104,3.8056826315374104,2.661154883005791,4388.041313333003
25.77,5.0,15.502713969743915,2.7656338093108643,0.9621973841170411,0.03780261588295886,3.7802615882958857,2.6610856167445616,4388.134765417884
25.78,5.0,15.397070501778092,2.764839913280113,0.9624500921267962,0.03754990787320378,3.754990787320378,2.661020429252288,4388.2275411308265
25.79,5.0,15.292080180072379,2.7640549019069454,0.9627013035121136,0.03729869648788642,3.729869648788642,2.6609592570448637,4388.319645306664
25.8,5.0,15.187740071895854,2.7632786826223996,0.9629510240864522,0.03704897591354783,3.7048975913547832,2.660902037267502,4388.4110827493005
25.810000000000002,5.0,15.084047244134604,2.7625111636637434,0.9631992596784085,0.03680074032159153,3.680074032159153,2.660848707694256,4388.501858231708
25.82,5.0,14.980998763291616,2.7617522540712,0.9634460161316191,0.036553983868380935,3.6553983868380935,2.660799206727417,4388.591976495923
25.830000000000002,5.0,14.87859169548667,2.7610018636845854,0.9636912993046636,0.03630870069533643,3.6308700695336427,2.6607534733967957,4388.681442253052
25.84,5.0,14.776823106456586,2.760259903139867,0.9639351150709661,0.036064884929033925,3.6064884929033925,2.660711447358901,4388.770260183271
25.85,5.0,14.675690061554945,2.7595262838656356,0.9641774693186995,0.03582253068130048,3.582253068130048,2.6606730688960036,4388.85843493582
25.86,5.0,14.575189625752374,2.7588009180795066,0.9644183679506879,0.035581632049312084,3.5581632049312084,2.6606382789150973,4388.94597112901
25.87,5.0,14.47531886363625,2.7580837187844396,0.9646578168843108,0.03534218311568915,3.534218311568915,2.660607018946759,4389.032873350218
25.88,5.0,14.376074839411,2.7573745997649928,0.964895822051406,0.035104177948593995,3.5104177948593995,2.660579231143909,4389.11914615589
25.89,5.0,14.277454616897803,2.756673475583504,0.9651323893981746,0.034867610601825416,3.4867610601825416,2.6605548582804777,4389.204794071538
25.900000000000002,5.0,14.179455257275391,2.75598026157621,0.9653675248905066,0.03463247510949341,3.463247510949341,2.660533843764917,4389.28982159128
25.91,5.0,14.08207372272335,2.755294873849301,0.9656012347451707,0.03439876525482932,3.439876525482932,2.6605161322759243,4389.37423315799
25.92,5.0,13.985306994105787,2.754617229274912,0.9658335251474677,0.034166474852532325,3.4166474852532325,2.6605016689825387,4389.458033188067
25.93,5.0,13.889152097061594,2.7539472454870637,0.9660644021884245,0.03393559781157551,3.3935597811575513,2.6604903993699187,4389.541226077606
25.94,5.0,13.793606058489866,2.7532848408775417,0.9662938719690887,0.03370612803091133,3.370612803091133,2.660482269525356,4389.623816193515
25.95,5.0,13.698665906550167,2.752629934591728,0.9665219406004273,0.03347805939957271,3.3478059399572713,2.660477226136424,4389.705807873525
25.96,5.0,13.604328670662266,2.7519824465243783,0.966748614203228,0.033251385796772004,3.3251385796772004,2.6604752164890515,4389.787205426184
25.97,5.0,13.5105913815064,2.7513422973153574,0.9669738989079991,0.03302610109200088,3.302610109200088,2.6604761884655224,4389.868013130859
25.98,5.0,13.417451071023008,2.750709408345324,0.9671978008548712,0.03280219914512883,3.280219914512883,2.660480090542401,4389.9482352377345
25.990000000000002,5.0,13.324904772412967,2.7500837017313757,0.9674203261934982,0.03257967380650184,3.257967380650184,2.6604868717883905,4390.027875967816
26.0,5.0,13.232949520137492,2.7494651003226553,0.9676414810829599,0.03235851891704011,3.2358518917040113,2.6604964818621233,4390.106939512924
