time_week,dispose_rate_fixed,P,beta_base,suppression_multiplier,reduction_fraction,reduction_percent,beta_eff,DDI_cumulative_deaths
0.0,4.0,0.0,2.6069182730808174,1.0,0.0,0.0,2.6069182730808174,0.0
0.01,4.0,0.02506823066653166,2.606918273080845,0.9999374208549887,6.25791450112878e-05,0.006257914501128781,2.6067551343642013,0.014036323964064838
0.02,4.0,0.04982486777914864,2.6069182730808733,0.9998756234008208,0.00012437659917918786,0.012437659917918786,2.6065940334517292,0.028148851739314668
0.03,4.0,0.07428481675601166,2.606918273080903,0.9998145702896027,0.00018542971039725575,0.018542971039725575,2.6064348729804965,0.04234281227783323
0.04,4.0,0.09846245387899494,2.6069182730809337,0.9997542255048751,0.00024577449512486194,0.024577449512486194,2.6062775590585354,0.05662329196130389
0.05,4.0,0.12237168726902213,2.6069182730809657,0.9996945542087732,0.0003054457912268216,0.03054457912268216,2.606122000866381,0.07099525492767828
0.06,4.0,0.1460259697741893,2.606918273080999,0.9996355227092716,0.0003644772907284155,0.03644772907284155,2.605968110571676,0.08546354736741225
0.07,4.0,0.1694383087064414,2.6069182730810336,0.9995770984353273,0.00042290156467272855,0.042290156467272855,2.605815803264374,0.10003290076652414
0.08,4.0,0.1926212520413912,2.606918273081069,0.999519249970783,0.00048075002921699195,0.048075002921699195,2.6056649970451193,0.11470792731233853
0.09,4.0,0.21558696098401037,2.6069182730811065,0.9994619468727886,0.0005380531272114464,0.05380531272114464,2.6055156125518906,0.1294931440851394
0.1,4.0,0.2383472273869278,2.6069182730811447,0.9994051596278934,0.0005948403721065532,0.059484037210655316,2.605367572845534,0.1443929788635835
0.11,4.0,0.2609134757184012,2.6069182730811846,0.9993488596467163,0.0006511403532837301,0.06511403532837301,2.6052208033958686,0.15941177078181692
0.12,4.0,0.2832967698484236,2.606918273081226,0.9992930192466121,0.0007069807533879313,0.07069807533879313,2.6050752320365023,0.1745537726070563
0.13,4.0,0.30550779474100076,2.606918273081269,0.9992376116969564,0.0007623883030436485,0.07623883030436485,2.6049307890828812,0.18982314464093475
0.14,4.0,0.3275569329601899,2.606918273081314,0.9991826110279268,0.0008173889720731742,0.08173889720731742,2.6047874068338013,0.2052239802454282
0.15,4.0,0.349454278347798,2.60691827308136,0.9991279919960683,0.0008720080039317235,0.08720080039317235,2.6046450194816373,0.2207603104072168
0.16,4.0,0.3712096360233817,2.606918273081408,0.9990737300839958,0.0009262699160041965,0.09262699160041965,2.604503563111571,0.23643610373768476
0.17,4.0,0.39283252950890973,2.6069182730814577,0.9990198014823382,0.0009801985176618455,0.09801985176618455,2.6043629756545177,0.2522552688741892
0.18,4.0,0.4143321858003472,2.6069182730815093,0.9989661831266938,0.0010338168733061703,0.10338168733061703,2.6042231969834675,0.26822164954546995
0.19,4.0,0.4357175513164313,2.606918273081563,0.9989128526575857,0.0010871473424143296,0.10871473424143296,2.604084168809091,0.28433902987489557
0.2,4.0,0.45699735225801474,2.6069182730816185,0.9988597882696952,0.0011402117303047632,0.11402117303047632,2.603945834286705,0.30061115459132165
0.21,4.0,0.47818009637183395,2.6069182730816762,0.9988069687072572,0.001193031292742841,0.1193031292742841,2.6038081380042666,0.31704172962066246
0.22,4.0,0.49927407295050985,2.606918273081736,0.9987543732638611,0.0012456267361389273,0.12456267361389273,2.6036710259818565,0.3336344220858907
0.23,4.0,0.5202873564184067,2.6069182730817984,0.9987019817733177,0.001298018226682296,0.1298018226682296,2.603534445647867,0.35039286153349974
0.24,4.0,0.5412278038509343,2.6069182730818627,0.9986497746156601,0.0013502253843399314,0.13502253843399314,2.603398345854648,0.36732063925621605
0.25,4.0,0.5621030364990312,2.60691827308193,0.9985977327630204,0.0014022672369795597,0.14022672369795597,2.6032626769981038,0.3844213019770872
0.26,4.0,0.5829205085592633,2.606918273081999,0.998545837608014,0.0014541623919860358,0.14541623919860358,2.603127390570302,0.40169837502848077
0.27,4.0,0.603687514657131,2.6069182730820715,0.9984940709449471,0.0015059290550528681,0.1505929055052868,2.602992439110489,0.41915536488683197
0.28,4.0,0.6244111898470693,2.606918273082146,0.9984424149696896,0.0015575850303104488,0.15575850303104488,2.6028577762047505,0.4367957591726435
0.29,4.0,0.6450985096124479,2.6069182730822233,0.9983908522795493,0.001609147720450732,0.1609147720450732,2.6027233564856918,0.4546230266504856
0.3,4.0,0.6657562944976242,2.606918273082304,0.9983393658616082,0.0016606341383917922,0.16606341383917922,2.6025891356020265,0.47264061887209174
0.31,4.0,0.6863912009622049,2.6069182730823877,0.9982879391153997,0.0017120608846002972,0.17120608846002972,2.6024550702776934,0.49085196736754694
0.32,4.0,0.7070097092623694,2.6069182730824743,0.9982365558829925,0.0017634441170074622,0.17634441170074622,2.6023211183902877,0.5092604792282853
0.33,4.0,0.7276181838021808,2.606918273082564,0.99818520029848,0.0018147997015199868,0.18147997015199868,2.602187238578687,0.5278695577798153
0.34,4.0,0.7482228773948353,2.6069182730826572,0.9981338567772812,0.0018661432227188302,0.18661432227188302,2.602053390215162,0.5466826040576905
0.35000000000000003,4.0,0.7688299312626619,2.606918273082754,0.9980825100160671,0.0019174899839329296,0.19174899839329296,2.6019195334051863,0.5657030168075111
0.36,4.0,0.7894453750371226,2.6069182730828544,0.9980311449926877,0.0019688550073122535,0.19688550073122535,2.6017856289872414,0.5849341924849226
0.37,4.0,0.8100751267599078,2.6069182730829588,0.9979797469661004,0.0020202530338996327,0.20202530338996327,2.6016516385326347,0.6043795252560171
0.38,4.0,0.8307250019494754,2.6069182730830667,0.9979283014537137,0.0020716985462863047,0.20716985462863047,2.6015175242864332,0.6240424105702216
0.39,4.0,0.8514006788731221,2.606918273083179,0.9978767943178402,0.0021232056821598455,0.21232056821598455,2.6013832493928426,0.6439262331100855
0.4,4.0,0.8721077318685028,2.6069182730832954,0.9978252116826115,0.0021747883173884874,0.21747883173884874,2.6012487776786073,0.6640343780317179
0.41000000000000003,4.0,0.8928516619687471,2.606918273083416,0.9977735398576383,0.002226460142361719,0.22264601423617192,2.6011140734540015,0.6843702418898872
0.42,4.0,0.9136378969024603,2.6069182730835414,0.9977217653379739,0.0022782346620261462,0.22782346620261462,2.600979101512733,0.70493723263802
0.43,4.0,0.9344717910937235,2.6069182730836715,0.99766987480408,0.0023301251959200187,0.23301251959200187,2.600843827131855,0.7257387696282027
0.44,4.0,0.9553586256620918,2.6069182730838065,0.9976178551217944,0.00238214487820565,0.23821448782056498,2.6007082160716792,0.7467782836111803
0.45,4.0,0.9763036084225969,2.6069182730839464,0.9975656933422988,0.0024343066577011685,0.24343066577011685,2.6005722345756954,0.7680592167363568
0.46,4.0,0.9973118789266824,2.6069182730840916,0.997513376689537,0.0024866233104630098,0.24866233104630098,2.6004358493377686,0.7895850246922456
0.47000000000000003,4.0,1.0183884945078217,2.606918273084242,0.9974608925949358,0.002539107405064245,0.2539107405064245,2.6002990275926567,0.8113591724936771
0.48,4.0,1.0395384207000617,2.6069182730843985,0.9974082287212296,0.002591771278770416,0.2591771278770416,2.6001617371781167,0.8333851297822235
0.49,4.0,1.0607665776834307,2.606918273084561,0.9973553728467814,0.0026446271532185595,0.26446271532185595,2.60002394623334,0.8556663881978452
0.5,4.0,1.0820778424527806,2.6069182730847293,0.9973023128601748,0.002697687139825211,0.2697687139825211,2.5998856231848535,0.8782064622237821
0.51,4.0,1.1034770488177883,2.606918273084904,0.9972490367602103,0.0027509632397897388,0.2750963239789739,2.599746736746511,0.9010088891865534
0.52,4.0,1.1249689874029563,2.606918273085085,0.9971955326559019,0.002804467344098116,0.2804467344098116,2.5996072559194854,0.924077229255959
0.53,4.0,1.1465584056476112,2.6069182730852734,0.9971417887664749,0.002858211233525143,0.2858211233525143,2.5994671499922593,0.9474150654450783
0.54,4.0,1.1682500078059048,2.6069182730854683,0.9970877934213643,0.0029122065786356677,0.29122065786356677,2.5993263885406233,0.9710260036102702
0.55,4.0,1.190048457879601,2.606918273085671,0.9970335350529157,0.002966464947084302,0.2966464947084302,2.5991849414086485,0.9949136738712215
0.56,4.0,1.2119583763838055,2.606918273085881,0.9969790022044371,0.003020997795562863,0.3020997795562863,2.5990427787296757,1.019081731106331
0.5700000000000001,4.0,1.233984313377057,2.606918273086099,0.9969241835973219,0.0030758164026780666,0.30758164026780666,2.5988998711012994,1.0435338423016742
0.58,4.0,1.2561307938896913,2.606918273086325,0.9968690680179794,0.003130931982020635,0.3130931982020635,2.598756189290605,1.0682737048360982
0.59,4.0,1.2784023233337896,2.60691827308656,0.9968136443043872,0.0031863556956127637,0.31863556956127637,2.5986117041991137,1.0933050488299678
0.6,4.0,1.3008033875031786,2.6069182730868032,0.9967579013461126,0.0032420986538873597,0.324209865388736,2.598466386862834,1.1186316371451661
0.61,4.0,1.3233384525734297,2.606918273087056,0.9967018280843335,0.0032981719156665035,0.32981719156665035,2.5983202084523223,1.1442572653850949
0.62,4.0,1.3460119651018607,2.606918273087318,0.996645413511861,0.003354586488139022,0.3354586488139022,2.5981731402727366,1.170185761894675
0.63,4.0,1.368828352027534,2.60691827308759,0.9965886466731625,0.0034113533268375074,0.34113533268375074,2.598025153763899,1.1964209877603442
0.64,4.0,1.3917920206712577,2.606918273087872,0.9965315166643868,0.003468483335613226,0.3468483335613226,2.5978762205003614,1.2229668368100606
0.65,4.0,1.4149073601224105,2.6069182730881653,0.9964740126299392,0.0035259873700608235,0.35259873700608235,2.5977263121824756,1.249827236414529
0.66,4.0,1.4381787460546953,2.606918273088469,0.9964161237505292,0.0035838762494707632,0.3583876249470763,2.597575400605236,1.2770061526053718
0.67,4.0,1.4616105045560714,2.6069182730887843,0.9963578393331705,0.0036421606668295414,0.36421606668295414,2.597423457892901,1.3045075711702798
0.68,4.0,1.485206950760486,2.6069182730891116,0.9962991487151012,0.0037008512848988318,0.3700851284898832,2.5972704562485234,1.3323355146712683
0.6900000000000001,4.0,1.5089723987730894,2.606918273089451,0.9962400412391356,0.0037599587608644347,0.37599587608644347,2.5971163678896905,1.3604940475010818
0.7000000000000001,4.0,1.532911161670237,2.606918273089803,0.9961805062537071,0.003819493746292868,0.3819493746292868,2.59696116504864,1.388987275883195
0.71,4.0,1.557027551499488,2.6069182730901685,0.9961205331129129,0.0038794668870870685,0.38794668870870685,2.5968048199723732,1.417819347871812
0.72,4.0,1.5813258792796059,2.606918273090548,0.9960601111765595,0.0039398888234405405,0.39398888234405405,2.5966473049227754,1.4469944533518675
0.73,4.0,1.605810455000558,2.6069182730909413,0.9959992298102095,0.0040007701897905035,0.40007701897905035,2.596488592176739,1.4765168240390258
0.74,4.0,1.630485587623516,2.6069182730913494,0.9959378783852296,0.004062121614770375,0.40621216147703754,2.5963286540262853,1.5063907334796807
0.75,4.0,1.6553555850808557,2.606918273091773,0.9958760462788396,0.004123953721160367,0.4123953721160367,2.5961674627786953,1.5366204970509556
0.76,4.0,1.680424754276157,2.6069182730922127,0.9958137228741625,0.004186277125837523,0.4186277125837523,2.5960049907566387,1.5672104719607052
0.77,4.0,1.7056974108124379,2.6069182730926688,0.995750897536093,0.004249102463906973,0.4249102463906973,2.5958412102352666,1.5981650656592454
0.78,4.0,1.7311778494582999,2.6069182730931417,0.9956875596847687,0.0043124403152312585,0.43124403152312585,2.5956760936337417,1.6294887200665051
0.79,4.0,1.7568703536613204,2.606918273093633,0.995623698771963,0.004376301228037005,0.4376301228037005,2.595509613453701,1.6611859122689825
0.8,4.0,1.7827792209166435,2.6069182730941423,0.9955593042180803,0.004440695781919746,0.44406957819197457,2.5953417421150036,1.6932611702429228
0.81,4.0,1.8089087627736657,2.6069182730946707,0.9954943654122081,0.004505634587791851,0.45056345877918513,2.595172451955869,1.7257190728589658
0.8200000000000001,4.0,1.835263304836036,2.606918273095219,0.9954288717121859,0.004571128287814141,0.4571128287814141,2.595001715233054,1.7585642498821463
0.8300000000000001,4.0,1.8618471867616566,2.6069182730957885,0.9953628124446747,0.004637187555325273,0.4637187555325273,2.5948295041220386,1.7918013819718943
0.84,4.0,1.8886647622626815,2.6069182730963787,0.9952961769052302,0.004703823094769799,0.4703823094769799,2.5946557907172108,1.8254352006820342
0.85,4.0,1.9157203991055187,2.6069182730969915,0.9952289543583751,0.004771045641624894,0.47710456416248936,2.59448054703206,1.8594704884607864
0.86,4.0,1.943018479110828,2.606918273097627,0.9951611340376744,0.004838865962325634,0.48388659623256336,2.59430374499937,1.893912078650765
0.87,4.0,1.9705633981535218,2.606918273098287,0.9950927051458112,0.004907294854188837,0.4907294854188837,2.594125356471421,1.9287648554889794
0.88,4.0,1.9983595661627656,2.6069182730989713,0.995023656854665,0.004976343145335016,0.4976343145335016,2.5939453532201866,1.964033754106834
0.89,4.0,2.026411407994361,2.6069182730996814,0.9949539783032236,0.0050460216967763705,0.504602169677637,2.5937637069318975,1.9997237613432954
0.9,4.0,2.054723376552086,2.606918273100418,0.9948836585650758,0.005116341434924232,0.5116341434924232,2.5935803891222933,2.035839931668337
0.91,4.0,2.083299908820414,2.606918273101183,0.9948126867576977,0.0051873132423022605,0.518731324230226,2.593395371421525,2.0723873512389113
0.92,4.0,2.1121454541777345,2.606918273101976,0.9947410519722003,0.0052589480277996925,0.5258948027799693,2.593208625391011,2.1093711550116656
0.93,4.0,2.141264488971386,2.6069182731027993,0.9946687432372205,0.005331256762779457,0.5331256762779457,2.593020122429307,2.1467965387365826
0.9400000000000001,4.0,2.170661516517652,2.6069182731036533,0.9945957495190203,0.0054042504809797,0.54042504809797,2.5928298337723583,2.184668758956976
0.9500000000000001,4.0,2.200341067101763,2.6069182731045393,0.9945220597215866,0.005477940278413418,0.5477940278413418,2.592637730493768,2.222993133009493
0.96,4.0,2.2303076979778953,2.606918273105459,0.9944476626867331,0.005552337313266875,0.5552337313266875,2.5924437835050584,2.261775039024114
0.97,4.0,2.260565993369173,2.606918273106413,0.9943725471942051,0.005627452805794908,0.5627452805794908,2.592247963555942,2.301019915924152
0.98,4.0,2.2911205644676658,2.6069182731074028,0.9942967019617849,0.005703298038215121,0.5703298038215121,2.592050241234602,2.3407332634262525
0.99,4.0,2.3219760494343897,2.60691827310843,0.9942201156454,0.005779884354599973,0.5779884354599973,2.5918505869679698,2.3809206420403957
1.0,4.0,2.3531371133993084,2.6069182731094958,0.9941427768392336,0.005857223160766423,0.5857223160766423,2.5916489710220136,2.421587673069893
1.01,4.0,2.3846084484613312,2.6069182731106015,0.9940646740758358,0.005935325924164236,0.5935325924164236,2.591445363502031,2.4627400386113893
1.02,4.0,2.416394773688314,2.606918273111749,0.9939857958262386,0.006014204173761417,0.6014204173761417,2.5912397343529454,2.5043834815548625
1.03,4.0,2.4485008351170587,2.6069182731129397,0.9939061305000718,0.006093869499928184,0.6093869499928184,2.591032053359611,2.5465238055836226
1.04,4.0,2.4809314164541685,2.606918273114175,0.9938256664191326,0.006174333580867386,0.6174333580867386,2.5908222900779094,2.5891668886182457
1.05,4.0,2.513691329841314,2.6069182731154568,0.9937443918404263,0.006255608159573711,0.6255608159573711,2.590610413894814,2.632318680859541
1.06,4.0,2.546785382152833,2.606918273116787,0.9936622950398935,0.006337704960106549,0.6337704960106549,2.590396394246662,2.675985159976072
1.07,4.0,2.580218417465027,2.6069182731181666,0.9935793642071606,0.006420635792839358,0.6420635792839358,2.590180200344777,2.7201723742494086
1.08,4.0,2.613995318745233,2.606918273119599,0.9934955874414887,0.006504412558511308,0.6504412558511308,2.589961801164907,2.7648864444657972
1.09,4.0,2.648121007851823,2.6069182731210843,0.9934109527519146,0.0065890472480854,0.65890472480854,2.589741165447592,2.8101335639161586
1.1,4.0,2.6826004455342023,2.6069182731226257,0.9933254480573954,0.0066745519426045785,0.6674551942604579,2.5895182616985437,2.8559199983960895
1.11,4.0,2.7174386314328136,2.6069182731242253,0.9932390611869562,0.006760938813043849,0.6760938813043849,2.5892930581890266,2.902252086205862
1.12,4.0,2.7526406040791325,2.606918273125885,0.9931517798798388,0.006848220120161175,0.6848220120161175,2.5890655229562483,2.9491362381504245
1.1300000000000001,4.0,2.7882114408956693,2.606918273127607,0.9930635917856557,0.00693640821434427,0.693640821434427,2.5888356238037606,2.9965789375394003
1.1400000000000001,4.0,2.8241562581959707,2.6069182731293936,0.9929744844645444,0.0070255155354556065,0.7025515535455606,2.58860332830186,3.0445867401870883
1.1500000000000001,4.0,2.8604802111846173,2.6069182731312477,0.9928844453873262,0.007115554612673769,0.7115554612673769,2.588368603788005,3.0931662744124626
1.16,4.0,2.897188493957224,2.6069182731331715,0.9927934619356676,0.007206538064332357,0.7206538064332357,2.588131417367234,3.142324241039173
1.17,4.0,2.934286339500442,2.6069182731351677,0.992701521402244,0.0072984785977560085,0.7298478597756008,2.5878917359125917,3.192067413395546
1.18,4.0,2.971779019691957,2.6069182731372385,0.9926086109909068,0.007391389009093197,0.7391389009093197,2.587649526065568,3.2424026373145827
1.19,4.0,3.0096718453004887,2.6069182731393874,0.9925147178168542,0.007485282183145814,0.7485282183145814,2.5874047542365397,3.29333683113396
1.2,4.0,3.0479701668373393,2.606918273141617,0.9924198289046936,0.007580171095306398,0.7580171095306398,2.587157386599723,3.3448769869344943
1.21,4.0,3.086679405012648,2.606918273143931,0.9923239311131717,0.007676068886828258,0.7676068886828258,2.5869073888969467,3.3970302188202837
1.22,4.0,3.125804986277152,2.606918273146331,0.9922270112950557,0.00777298870494425,0.777298870494425,2.586654726854452,3.4498036757026616
1.23,4.0,3.165352362417402,2.606918273148822,0.9921290562487437,0.007870943751256299,0.7870943751256299,2.5863993660567455,3.503204558840299
1.24,4.0,3.2053270359440855,2.6069182731514062,0.9920300526555583,0.007969947344441675,0.7969947344441675,2.5861412717831267,3.5572401565805376
1.25,4.0,3.2457345600920284,2.606918273154088,0.9919299870799505,0.008070012920049496,0.8070012920049496,2.5858804090082215,3.6119178443593905
1.26,4.0,3.286580538820193,2.6069182731568703,0.9918288459697067,0.008171154030293337,0.8171154030293337,2.5856167424025194,3.6672450847015425
1.27,4.0,3.3278706268116784,2.6069182731597573,0.9917266156561597,0.008273384343840284,0.8273384343840284,2.585350236332926,3.7232294272203488
1.28,4.0,3.3696105294737206,2.606918273162753,0.9916232823544043,0.008376717645595666,0.8376717645595666,2.585080854863325,3.779878508617837
1.29,4.0,3.411806002937693,2.6069182731658613,0.9915188321635157,0.008481167836484338,0.8481167836484338,2.584808561755144,3.837200052684704
1.3,4.0,3.4544628540591065,2.6069182731690863,0.9914132510667724,0.00858674893322764,0.8586748933227639,2.58453332046794,3.8952018703003195
1.31,4.0,3.497586940417607,2.6069182731724325,0.991306524931884,0.008693475068116019,0.8693475068116019,2.584255094159992,3.9538918594327246
1.32,4.0,3.5411841703169795,2.606918273175905,0.9911986395112212,0.008801360488778776,0.8801360488778776,2.583973845688899,4.0132780051386305
1.33,4.0,3.585260502785145,2.6069182731795073,0.9910895804420522,0.008910419557947802,0.8910419557947802,2.583689537612197,4.073368379563421
1.34,4.0,3.6298219475741624,2.6069182731832456,0.9909793332467817,0.009020666753218332,0.9020666753218332,2.583402132187984,4.134171141941149
1.35,4.0,3.6748745651602266,2.6069182731871243,0.9908678833331948,0.009132116666805246,0.9132116666805246,2.583111591375553,4.195694538594541
1.36,4.0,3.72042446674367,2.6069182731911487,0.9907552159947052,0.009244784005294826,0.9244784005294826,2.58281787683604,4.257946902934993
1.37,4.0,3.766477814248962,2.606918273195325,0.9906413164106082,0.009358683589391847,0.9358683589391847,2.582520949933086,4.3209366554625745
1.3800000000000001,4.0,3.8130408203247086,2.6069182731996574,0.9905261696463377,0.009473830353662338,0.9473830353662338,2.5822207717335015,4.384672303766022
1.3900000000000001,4.0,3.8601197500730127,2.6069182732041534,0.9904097606494516,0.009590239350548369,0.9590239350548369,2.5819173029968074,4.449162445663409
1.4000000000000001,4.0,3.907720963252615,2.606918273208818,0.990292074145567,0.00970792585443303,0.970792585443303,2.5816105039039403,4.514415848825108
1.41,4.0,3.9558508317469387,2.606918273213658,0.9901730948427064,0.009826905157293564,0.9826905157293564,2.581300334589972,4.580441304379006
1.42,4.0,4.004515762948573,2.6069182732186804,0.9900528073737203,0.009947192626279744,0.9947192626279744,2.5809867549940058,4.6472476607517645
1.43,4.0,4.053722227019009,2.6069182732238914,0.9899311962291776,0.010068803770822421,1.006880377082242,2.580669724684229,4.714843871724934
1.44,4.0,4.103476756888647,2.606918273229298,0.9898082457576696,0.01019175424233043,1.019175424233043,2.5803492028587045,4.783238996434955
1.45,4.0,4.153785948256794,2.6069182732349083,0.989683940166119,0.010316059833880953,1.0316059833880953,2.5800251483461794,4.852442199373164
1.46,4.0,4.204656459591661,2.6069182732407294,0.9895582635200942,0.010441736479905761,1.044173647990576,2.5796975196068987,4.922462750385787
1.47,4.0,4.256095012130368,2.6069182732467695,0.9894311997441304,0.010568800255869593,1.0568800255869593,2.579366274733448,4.993310024673944
1.48,4.0,4.3081083898789405,2.6069182732530365,0.9893027326220549,0.010697267377945074,1.0697267377945074,2.579031371451598,5.064993502793646
1.49,4.0,4.360703439612312,2.6069182732595393,0.9891728457973199,0.0108271542026801,1.08271542026801,2.578692767121174,5.137522770655797
1.5,4.0,4.413887070874321,2.6069182732662863,0.9890415227733399,0.010958477226660102,1.0958477226660102,2.5783504187369335,5.210907519526193
1.51,4.0,4.467666255977714,2.606918273273287,0.988908746913836,0.011091253086163988,1.1091253086163988,2.5780042829294674,5.285157546025523
1.52,4.0,4.522048030004141,2.606918273280551,0.9887745014431859,0.011225498556814095,1.1225498556814095,2.577654315966108,5.3602827521293674
1.53,4.0,4.5770394908041645,2.6069182732880885,0.98863876944678,0.011361230553220025,1.1361230553220025,2.57730047375186,5.436293145168198
1.54,4.0,4.6326477989972465,2.606918273295909,0.9885015338713838,0.011498466128616158,1.1498466128616158,2.576942711830345,5.513198837827381
1.55,4.0,4.68888017797176,2.6069182733040233,0.9883627775255076,0.011637222474492392,1.1637222474492392,2.5765809853847648,5.591010048147172
1.56,4.0,4.745743913884985,2.606918273312443,0.9882224830797806,0.011777516920219444,1.1777516920219444,2.5762152492388766,5.669737099522723
1.57,4.0,4.803246355663105,2.6069182733211793,0.9880806330673335,0.011919366932666486,1.1919366932666486,2.575845457857991,5.749390420704074
1.58,4.0,4.861394915001212,2.606918273330244,0.9879372098841871,0.012062790115812905,1.2062790115812905,2.575471565349984,5.829980545796158
1.59,4.0,4.920197066363306,2.6069182733396494,0.9877921957896472,0.012207804210352835,1.2207804210352835,2.575093525466328,5.911518114258804
1.6,4.0,4.9796603470331755,2.6069182733494087,0.9876455729065806,0.012354427093419384,1.2354427093419384,2.5747112916028105,5.994013871025727
1.61,4.0,5.039792400059066,2.606918273359535,0.9874973231159573,0.012502676884042718,1.2502676884042718,2.574324816524614,6.07747876550364
1.62,4.0,5.100600921134159,2.6069182733700416,0.987347428188277,0.012652571811722968,1.2652571811722968,2.573934052708934,6.161923821748507
1.6300000000000001,4.0,5.162093637747475,2.6069182733809435,0.9871958698353571,0.01280413016464288,1.280413016464288,2.573538952479988,6.247360090963127
1.6400000000000001,4.0,5.224278351565095,2.606918273392255,0.9870426296062736,0.012957370393726353,1.2957370393726353,2.5731394677377377,6.333798751469308
1.6500000000000001,4.0,5.287162938430167,2.606918273403992,0.9868876888878212,0.01311231111217881,1.311231111217881,2.572735549959095,6.421251108707871
1.6600000000000001,4.0,5.350755348362897,2.6069182734161704,0.9867310289049802,0.013268971095019788,1.3268971095019788,2.5723271501991323,6.509728595238643
1.67,4.0,5.41506360556056,2.6069182734288066,0.9865726307213926,0.013427369278607437,1.3427369278607437,2.5719142190923283,6.599242770740465
1.68,4.0,5.480095808397494,2.606918273441918,0.9864124752398458,0.013587524760154235,1.3587524760154235,2.5714967068538273,6.689805322011188
1.69,4.0,5.5458601294250975,2.606918273455522,0.9862505432027655,0.013749456797234494,1.3749456797234494,2.571074563280724,6.781428062967672
1.7,4.0,5.612364815371835,2.6069182734696374,0.986086815192716,0.013913184807283985,1.3913184807283985,2.5706477377533687,6.874122934645788
1.71,4.0,5.679618187143234,2.606918273484284,0.9859212716329104,0.014078728367089566,1.4078728367089566,2.5702161792366964,6.9679020052004175
1.72,4.0,5.747628639821885,2.606918273499481,0.9857538927877286,0.014246107212271375,1.4246107212271375,2.5697798362815782,7.06277746990545
1.73,4.0,5.816404642667441,2.6069182735152494,0.9855846587632443,0.014415341236755697,1.4415341236755697,2.569338657026193,7.158761651153789
1.74,4.0,5.885954739116624,2.606918273531611,0.9854135495077614,0.014586450492238612,1.4586450492238612,2.56889258919743,7.255866998457346
1.75,4.0,5.956287546783213,2.6069182735485876,0.9852405448123595,0.014759455187640547,1.4759455187640547,2.568441580112306,7.354106088447043
1.76,4.0,6.027411757458053,2.606918273566202,0.9850656243114475,0.014934375688552493,1.4934375688552493,2.5679855766794115,7.453491624872813
1.77,4.0,6.099336137109054,2.6069182735844794,0.9848887674833283,0.01511123251667168,1.511123251667168,2.567524525400384,7.554036438603598
1.78,4.0,6.172069525881188,2.6069182736034433,0.9847099536507716,0.01529004634922837,1.529004634922837,2.5670583723713962,7.6557534876273525
1.79,4.0,6.245620838096492,2.606918273623121,0.9845291619815968,0.01547083801840321,1.547083801840321,2.566587063284682,7.758655857051039
1.8,4.0,6.319999062254064,2.606918273643538,0.984346371489265,0.01565362851073504,1.565362851073504,2.5661105434300753,7.862756759100633
1.81,4.0,6.395213261030069,2.6069182736647223,0.984161561033482,0.015838438966518043,1.5838438966518043,2.565628757696583,7.968069533121117
1.82,4.0,6.471272571277732,2.606918273686704,0.9839747093208101,0.016025290679189896,1.6025290679189896,2.5651416505739824,8.074607645576485
1.83,4.0,6.548186208553111,2.6069182737095113,0.9837857948941753,0.01621420510582472,1.621420510582472,2.564649166125463,8.182384706460024
1.84,4.0,6.625963508063008,2.6069182737331764,0.9835947960329638,0.016405203967036153,1.6405203967036153,2.5641512477271897,8.291414594345744
1.85,4.0,6.704613855815761,2.6069182737577314,0.9834016909227993,0.016598309077200724,1.6598309077200724,2.563647838510898,8.401711181398912
1.86,4.0,6.784146708481771,2.6069182737832093,0.983206457607393,0.016793542392606997,1.6793542392606997,2.5631388812383693,8.51328844323217
1.87,4.0,6.864571605119756,2.6069182738096455,0.9830090739604253,0.01699092603957475,1.699092603957475,2.56262431822813,8.62616050597789
1.8800000000000001,4.0,6.945898167176747,2.6069182738370755,0.98280951768624,0.01719048231375997,1.719048231375997,2.5621040913572615,8.740341646288181
1.8900000000000001,4.0,7.028136098488087,2.6069182738655368,0.9826077663205532,0.017392233679446756,1.7392233679446756,2.5615781420632473,8.855846291334888
1.9000000000000001,4.0,7.111295185277435,2.6069182738950682,0.982403797231172,0.017596202768828006,1.7596202768828006,2.5610464113458473,8.972689018809586
1.9100000000000001,4.0,7.195385296156761,2.60691827392571,0.9821975876187249,0.017802412381275112,1.7802412381275112,2.5605088397690023,9.090884556923589
1.92,4.0,7.280416382126349,2.6069182739575036,0.9819891145174053,0.018010885482594663,1.8010885482594663,2.559965367462772,9.210447784407943
1.93,4.0,7.366398476574801,2.606918273990493,0.9817783547957262,0.01822164520427383,1.8221645204273829,2.5594159341253,9.331393730513433
1.94,4.0,7.453341695279026,2.6069182740247223,0.9815652851572867,0.018434714842713307,1.8434714842713307,2.558860479024818,9.453737575010573
1.95,4.0,7.541256236404252,2.606918274060239,0.9813498821415522,0.018650117858447834,1.8650117858447834,2.558298941001674,9.577494648189614
1.96,4.0,7.6301523805040175,2.6069182740970906,0.9811321221246457,0.018867877875354266,1.8867877875354266,2.5577312584703975,9.702680430860543
1.97,4.0,7.720040490520175,2.6069182741353276,0.9809119813201523,0.019088018679847663,1.9088018679847663,2.5571573694217964,9.829310554353079
1.98,4.0,7.810931011782891,2.606918274175003,0.980689435779937,0.019310564220063053,1.9310564220063053,2.5565772114250906,9.957400800516677
1.99,4.0,7.902834472010646,2.6069182742161696,0.9804644613949737,0.019535538605026326,1.9535538605026326,2.5559907216300712,10.086967101720525
2.0,4.0,7.995761481310234,2.606918274258884,0.9802370338961898,0.01976296610381023,1.9762966103810231,2.555397836769302,10.21802554085355
2.0100000000000002,4.0,8.089722732176764,2.6069182743032044,0.9800071288553217,0.019992871144678293,1.9992871144678293,2.5547984931603533,10.350592351324412
2.02,4.0,8.18472899949365,2.606918274349191,0.9797747216857849,0.020225278314215056,2.0225278314215056,2.5541926267080655,10.484683917061496
2.0300000000000002,4.0,8.280791140532639,2.606918274396907,0.9795397876435574,0.020460212356442575,2.0460212356442575,2.5535801729068552,10.620316772512941
2.04,4.0,8.377920094953765,2.6069182744464166,0.9793023018280762,0.020697698171923795,2.0697698171923795,2.5529610668430522,10.757507602646598
2.05,4.0,8.4761268848054,2.606918274497788,0.9790622391831484,0.020937760816851614,2.0937760816851614,2.5523352431972737,10.896273242950071
2.06,4.0,8.575422614524218,2.6069182745510906,0.9788195744978758,0.02118042550212418,2.118042550212418,2.551702636246835,11.036630679430697
2.07,4.0,8.675818471102906,2.6069182746063975,0.9785742824071842,0.02142571759281575,2.142571759281575,2.55106317986713,11.1785971421725
2.08,4.0,8.777325752214766,2.6069182746637836,0.9783263373240872,0.021673662675912753,2.1673662675912753,2.5504168073550484,11.322190022185438
2.09,4.0,8.879955854740945,2.606918274723327,0.9780757134687552,0.021924286531244785,2.1924286531244785,2.5497634515047545,11.46742674971579
2.1,4.0,8.983720258288448,2.6069182747851096,0.9778223849097862,0.022177615090213765,2.2177615090213765,2.5491030447152814,11.614324926156746
2.11,4.0,9.088630525162873,2.6069182748492152,0.9775663255652736,0.022433674434726436,2.2433674434726436,2.5484355189933092,11.76290232446506
2.12,4.0,9.194698300368453,2.6069182749157305,0.9773075092038207,0.0226924907961793,2.26924907961793,2.5477608059558134,11.913176889161095
2.13,4.0,9.301935311608016,2.6069182749847473,0.9770459094455729,0.022954090554427098,2.29540905544271,2.5470788368327564,12.065166736328768
2.14,4.0,9.410353369283026,2.6069182750563584,0.9767814997632625,0.02321850023673755,2.321850023673755,2.546389542469807,12.218890153615607
2.15,4.0,9.519964366493538,2.606918275130662,0.9765142534832706,0.02348574651672941,2.348574651672941,2.545692853331114,12.374365600232693
2.16,4.0,9.630780279038241,2.6069182752077595,0.9762441437867044,0.023755856213295568,2.3755856213295568,2.5449886995021114,12.531611706954722
2.17,4.0,9.74281316541442,2.6069182752877555,0.9759711437104894,0.02402885628951057,2.402885628951057,2.544277010692367,12.690647276119943
2.18,4.0,9.856075166817995,2.6069182753707594,0.9756952261484777,0.0243047738515223,2.43047738515223,2.5435577162384724,12.851491281630214
2.19,4.0,9.970578507143477,2.6069182754568843,0.9754163638525728,0.0245836361474272,2.45836361474272,2.542830745106974,13.01416286895095
2.2,4.0,10.086335492984015,2.606918275546247,0.9751345294338704,0.024865470566129644,2.4865470566129644,2.5420960258973464,13.178681355111175
2.21,4.0,10.203358513631347,2.6069182756389693,0.9748496953638147,0.025150304636185283,2.5150304636185283,2.5413534868450105,13.345066228703473
2.22,4.0,10.321660041075852,2.606918275735178,0.9745618339753727,0.02543816602462734,2.543816602462734,2.5406030558243913,13.51333714988403
2.23,4.0,10.441252630006495,2.606918275835004,0.9742709174642231,0.02572908253577688,2.572908253577688,2.53984466035202,13.683513950372596
2.24,4.0,10.562148917810886,2.606918275938583,0.9739769178899638,0.026023082110036233,2.6023082110036233,2.539078227589679,13.855616633452527
2.25,4.0,10.684361624575217,2.6069182760460565,0.9736798071773353,0.026320192822664734,2.6320192822664734,2.5383036843475955,14.029665373970733
2.2600000000000002,4.0,10.807903553084323,2.606918276157571,0.9733795571174614,0.02662044288253862,2.662044288253862,2.537520957087672,14.20568051833774
2.27,4.0,10.932787588821629,2.606918276273278,0.9730761393691071,0.026923860630892915,2.6923860630892915,2.5367299719267686,14.383682584527621
2.2800000000000002,4.0,11.059026699969198,2.606918276393335,0.9727695254599535,0.027230474540046457,2.7230474540046457,2.535930654640025,14.563692262078067
2.29,4.0,11.18663393740768,2.6069182765179066,0.9724596867878915,0.02754031321210848,2.754031321210848,2.5351229306642336,14.745730412090321
2.3000000000000003,4.0,11.315622432373646,2.6069182766471615,0.9721465946280166,0.027853405371983442,2.785340537198344,2.5343067251160756,14.929818069407887
2.31,4.0,11.446005328797256,2.606918276781276,0.9718302202981045,0.028169779701895492,2.816977970189549,2.5334819632235024,15.115976521012987
2.32,4.0,11.577795954274789,2.606918276920433,0.9715105347450165,0.028489465254983526,2.8489465254983526,2.532648569247527,15.30422717479441
2.33,4.0,11.711007764950956,2.606918277064822,0.9711875086800976,0.028812491319902378,2.881249131990238,2.531806466835197,15.49459157379037
2.34,4.0,11.845654285267054,2.60691827721464,0.9708611127267801,0.029138887273219893,2.9138887273219893,2.530955579404386,15.687091444659087
2.35,4.0,11.981749107960999,2.6069182773700903,0.9705313174219309,0.029468682578069116,2.9468682578069116,2.5300958301473044,15.881748697678825
2.36,4.0,12.119305894067288,2.6069182775313857,0.9701980932172168,0.02980190678278316,2.980190678278316,2.5292271420340615,16.078585426747843
2.37,4.0,12.258338372917038,2.606918277698745,0.9698614104804862,0.03013858951951376,3.013858951951376,2.528349437816265,16.277623909384452
2.38,4.0,12.398860342137947,2.606918277872397,0.9695212394971668,0.030478760502833158,3.0478760502833158,2.5274626400306657,16.478886606726945
2.39,4.0,12.540885667654333,2.6069182780525777,0.9691775504716824,0.030822449528317586,3.0822449528317586,2.5265666710028536,16.682396163533678
2.4,4.0,12.684428283687094,2.606918278239533,0.9688303135288854,0.03116968647111462,3.116968647111462,2.5256614528509886,16.888175408182985
2.41,4.0,12.829502192753749,2.6069182784335174,0.968479498715507,0.03152050128449302,3.152050128449302,2.524746907489585,17.096247352673263
2.42,4.0,12.976121465668395,2.606918278634795,0.9681250760016253,0.03187492399837466,3.187492399837466,2.5238229566333374,17.306635192622885
2.43,4.0,13.124300241541754,2.6069182788436405,0.9677670152821504,0.03223298471784963,3.2232984717849633,2.5228895218009906,17.519362307270292
2.44,4.0,13.274052727781122,2.6069182790603382,0.9674052863783273,0.032594713621672655,3.2594713621672655,2.521946524319263,17.734452259473898
2.45,4.0,13.425393200090424,2.6069182792851833,0.9670398590392568,0.03296014096074318,3.296014096074318,2.5209938853268055,17.951928795712185
2.46,4.0,13.578336002470154,2.6069182795184815,0.9666707029434338,0.033329297056566176,3.3329297056566176,2.5200315257782178,18.171815846083607
2.47,4.0,13.732895547217435,2.606918279760552,0.966297787700304,0.033702212299696055,3.3702212299696055,2.5190593664481034,18.39413752430669
2.48,4.0,13.88908631492597,2.6069182800117234,0.965921082851838,0.034078917148162025,3.4078917148162025,2.518077327935175,18.618918127719926
2.49,4.0,14.046922854486077,2.6069182802723385,0.9655405578741247,0.03445944212587526,3.445944212587526,2.5170853306664074,18.846182137281883
2.5,4.0,14.206419783084657,2.606918280542752,0.9651561821789814,0.03484381782101864,3.484381782101864,2.5160832949012373,19.075954217571095
2.5100000000000002,4.0,14.367591786205235,2.6069182808233324,0.9647679251155834,0.0352320748844166,3.5232074884416598,2.5150711407358104,19.30825921678617
2.52,4.0,14.53045361762791,2.606918281114462,0.9643757559721118,0.03562424402788822,3.562424402788822,2.5140487881072775,19.54312216674569
2.5300000000000002,4.0,14.695020099429406,2.606918281416538,0.9639796439774191,0.03602035602258091,3.6020356022580913,2.5130161567981393,19.780568282888293
2.54,4.0,14.861306063090309,2.6069182817299708,0.9635795584443813,0.03642044155561874,3.6420441555618743,2.5119731668099505,20.020622957845397
2.5500000000000003,4.0,15.02932631298704,2.6069182820551884,0.9631754688590879,0.03682453114091211,3.682453114091211,2.510919738595834,20.263311746551512
2.56,4.0,15.199095973647548,2.606918282392633,0.9627673440474491,0.037232655952550875,3.7232655952550875,2.5098557908878933,20.508660400916
2.57,4.0,15.370630225131107,2.606918282742765,0.9623551528139547,0.03764484718604533,3.7644847186045327,2.508781242362406,20.756694852833867
2.58,4.0,15.543944279120108,2.6069182831060616,0.9619388640007906,0.03806113599920935,3.806113599920935,2.507696011793936,21.007441212117776
2.59,4.0,15.719053378920044,2.6069182834830174,0.961518446489435,0.038481553510565036,3.8481553510565036,2.5066000180594954,21.26092576649801
2.6,4.0,15.895972799459571,2.6069182838741454,0.9610938692022655,0.03890613079773453,3.890613079773453,2.5054931801427323,21.51717498162255
2.61,4.0,16.074717847290422,2.6069182842799794,0.9606651011041825,0.03933489889581754,3.933489889581754,2.5043754171381685,21.776215501057
2.62,4.0,16.2553038605875,2.6069182847010715,0.9602321112042443,0.03976788879575566,3.9767888795755657,2.503246648255457,22.038074146284647
2.63,4.0,16.437746209148784,2.606918285137996,0.9597948685573163,0.04020513144268367,4.020513144268367,2.5021067928236875,22.302777916706404
2.64,4.0,16.622060294395425,2.606918285591348,0.9593533422657333,0.04064665773426668,4.064665773426668,2.5009557702957155,22.57035398964088
2.65,4.0,16.808261549371654,2.6069182860617452,0.9589075014809753,0.041092498519024745,4.109249851902474,2.4997935002525344,22.840829720324294
2.66,4.0,16.99636543874486,2.606918286549828,0.9584573154053568,0.041542684594643164,4.154268459464316,2.498619902407681,23.114232641910565
2.67,4.0,17.18638745880552,2.606918287056262,0.9580027532937295,0.041997246706270475,4.199724670627047,2.497434896611672,23.390590465471227
2.68,4.0,17.378343137467276,2.606918287581737,0.9575437844551974,0.04245621554480261,4.245621554480261,2.496238402856479,23.66993107999551
2.69,4.0,17.572248034266856,2.6069182881269684,0.9570803782548466,0.0429196217451534,4.291962174515341,2.495030341280036,23.95228255239026
2.7,4.0,17.768117740364136,2.6069182886926994,0.9566125041154868,0.04338749588451318,4.338749588451318,2.4938106321707827,24.237673127480022
2.71,4.0,17.965967878542095,2.6069182892797005,0.9561401315194071,0.04385986848059287,4.385986848059287,2.4925791959722408,24.526131228006946
2.72,4.0,18.165814103206863,2.6069182898887715,0.9556632300101444,0.044336769989855584,4.4336769989855584,2.4913359532876256,24.8176854546309
2.73,4.0,18.367672100387658,2.606918290520743,0.9551817691942648,0.044818230805735215,4.4818230805735215,2.4900808248844917,25.112364585929342
2.74,4.0,18.571557587736855,2.6069182911764748,0.9546957187431581,0.04530428125684194,4.530428125684194,2.48881373169941,25.410197578397444
2.75,4.0,18.777486314529924,2.6069182918568607,0.9542050483948455,0.045794951605154455,4.579495160515446,2.4875345948426837,25.711213566447988
2.7600000000000002,4.0,18.98547406166549,2.6069182925628276,0.9537097279558001,0.04629027204419989,4.629027204419989,2.4862433356030933,26.015441862411453
2.77,4.0,19.1955364913588,2.6069182932953376,0.9532097276604524,0.04679027233954758,4.679027233954757,2.4849398763851003,26.322911875030343
2.7800000000000002,4.0,19.40768925004639,2.6069182940553883,0.9527050179273457,0.04729498207265426,4.729498207265426,2.4836241400731645,26.633653105435034
2.79,4.0,19.621948349748898,2.6069182948440153,0.9521955684541411,0.047804431545858894,4.780443154585889,2.4822960476724973,26.94769536651442
2.8000000000000003,4.0,19.838329779064413,2.606918295662293,0.951681349145814,0.04831865085418596,4.831865085418596,2.480955520728797,27.2650686214742
2.81,4.0,20.056849493470143,2.606918296511336,0.9511623301392266,0.048837669860773425,4.883766986077342,2.479602481392306,27.58580297925216
2.82,4.0,20.27752341532251,2.6069182973923017,0.9506384818046101,0.04936151819538992,4.936151819538992,2.4782368524216767,27.909928694518307
2.83,4.0,20.500367433857118,2.6069182983063897,0.9501097747470494,0.049890225252950615,4.989022525295061,2.476858557187845,28.23747616767481
2.84,4.0,20.72539740518871,2.606918299254845,0.9495761798079672,0.05042382019203284,5.042382019203284,2.475467519677899,28.56847594485595
2.85,4.0,20.952629152311246,2.6069183002389607,0.9490376680666085,0.0509623319333915,5.096233193339151,2.4740636644989498,28.90295871792824
2.86,4.0,21.182078465097824,2.6069183012600767,0.9484942108415262,0.051505789158473814,5.150578915847381,2.4726469168820087,29.240955324490297
2.87,4.0,21.413761100300764,2.6069183023195848,0.9479457796920653,0.05205422030793472,5.205422030793471,2.471217202685854,29.582496747872955
2.88,4.0,21.647692781551516,2.606918303418928,0.9473923464198477,0.05260765358015229,5.260765358015229,2.4697744484009068,29.92761411713916
2.89,4.0,21.883889199360752,2.6069183045596045,0.946833883070256,0.053166116929744045,5.316611692974405,2.4683185811530985,30.27633870708408
2.9,4.0,22.12236601111827,2.606918305743168,0.9462703619339164,0.05372963806608355,5.372963806608356,2.4668495287077397,30.628701938234983
2.91,4.0,22.3631388410931,2.6069183069712305,0.9457017555481811,0.054298244451818856,5.429824445181886,2.465367219473385,30.98473537685137
2.92,4.0,22.606223280433397,2.606918308245466,0.9451280366986082,0.05487196330139177,5.487196330139177,2.4638715825056945,31.344470734924833
2.93,4.0,22.851634887166536,2.6069183095676096,0.9445491784204416,0.055450821579558385,5.5450821579558385,2.462362547511292,31.7079398701792
2.94,4.0,23.099389186199033,2.6069183109394634,0.9439651540000877,0.056034845999912264,5.603484599991226,2.460840044851619,32.0751747860704
2.95,4.0,23.349501669316616,2.606918312362896,0.9433759369765912,0.05662406302340883,5.662406302340884,2.4593040055467807,32.44620763178658
2.96,4.0,23.601987795184147,2.6069183138398464,0.9427815011431077,0.05721849885689234,5.721849885689235,2.4577543612793895,32.821070702247994
2.97,4.0,23.856862989345714,2.6069183153723268,0.9421818205483742,0.05781817945162582,5.781817945162581,2.4561910443983996,33.199796438107136
2.98,4.0,24.114142644224533,2.6069183169624255,0.9415768694981773,0.058423130501822684,5.842313050182268,2.454613987922938,33.582417425748574
2.99,4.0,24.373841860846245,2.606918318612309,0.9409666231635244,0.05903337683647558,5.903337683647559,2.453023127127757,33.96896619144831
3.0,4.0,24.63597577222041,2.606918320324224,0.9403510568209765,0.05964894317902347,5.964894317902347,2.4514183975628487,34.35947533550264
3.0100000000000002,4.0,24.900559835434787,2.6069183221005034,0.9397301451693305,0.06026985483066949,6.026985483066949,2.4497997332720938,34.753977820616974
3.02,4.0,25.16760938176364,2.6069183239435674,0.9391038633885704,0.06089613661142956,6.089613661142956,2.448167069553861,35.152506691522575
3.0300000000000002,4.0,25.437139614958575,2.6069183258559265,0.9384721871446124,0.061527812855387554,6.152781285538755,2.446520342973383,35.55509507378287
3.04,4.0,25.709165611248473,2.6069183278401864,0.93783509259001,0.06216490740999003,6.216490740999003,2.4448594913645953,35.96177617379336
3.0500000000000003,4.0,25.98370231933956,2.60691832989905,0.9371925563646349,0.06280744363536506,6.280744363536506,2.4431844538319156,36.37258327878172
3.06,4.0,26.26076456041534,2.6069183320353226,0.9365445555963349,0.06345544440366513,6.345544440366513,2.44149517075196,36.78754975680767
3.0700000000000003,4.0,26.540367028136657,2.606918334251915,0.9358910679015663,0.06410893209843371,6.410893209843371,2.439791583775197,37.20670905676313
3.08,4.0,26.822524288641628,2.606918336551846,0.9352320713860016,0.06476792861399838,6.476792861399838,2.4380736358275326,37.63009470837206
3.09,4.0,27.107250780545712,2.6069183389382498,0.9345675446451129,0.06543245535488706,6.5432455354887065,2.436341271111836,38.057740322190604
3.1,4.0,27.394560814941677,2.606918341414377,0.9338974667647277,0.06610253323527226,6.6102533235272265,2.434594435109392,38.489679589607
3.11,4.0,27.684468575399567,2.6069183439836014,0.9332218173215606,0.06677818267843938,6.6778182678439375,2.43283307458129,38.92594628284158
3.12,4.0,27.976988117966783,2.6069183466494237,0.9325405763837169,0.0674594236162831,6.74594236162831,2.43105713756974,39.36657425494685
3.13,4.0,28.272133371167982,2.6069183494154746,0.9318537245111701,0.0681462754888299,6.81462754888299,2.429266573399322,39.81159743980736
3.14,4.0,28.569918136005185,2.6069183522855237,0.9311612427562121,0.06883875724378785,6.883875724378785,2.427461332678165,40.261049852139855
3.15,4.0,28.870356085957678,2.6069183552634803,0.9304631126638758,0.06953688733612418,6.953688733612418,2.4256413672990496,40.71496558749314
3.16,4.0,29.17346076698209,2.6069183583534015,0.9297593162723284,0.07024068372767156,7.024068372767156,2.4238066304404393,41.17337882224819
3.17,4.0,29.479245597512325,2.6069183615594977,0.9290498361132384,0.07095016388676156,7.095016388676156,2.4219570765674434,41.63632381361803
3.18,4.0,29.787723868459643,2.606918364886136,0.9283346552121124,0.07166534478788755,7.166534478788755,2.4200926614326947,42.10383489964789
3.19,4.0,30.098908743212554,2.606918368337849,0.9276137570886028,0.07238624291139717,7.2386242911397165,2.4182133420771623,42.57594649921503
3.2,4.0,30.412812952752226,2.6069183719193387,0.9268871264622622,0.07311287353773777,7.311287353773777,2.416319078669995,43.05269280870843
3.21,4.0,30.729449207648397,2.6069183756354852,0.926154748297437,0.07384525170256295,7.384525170256295,2.4144098320186465,43.53410802028686
3.22,4.0,31.04883048717678,2.6069183794913506,0.9254166071364989,0.07458339286350113,7.458339286350113,2.4124855618306653,44.02022670277125
3.23,4.0,31.37096952490616,2.6069183834921885,0.9246726882911444,0.07532731170885565,7.532731170885565,2.4105462298193263,44.51108340745825
3.24,4.0,31.695878807457614,2.6069183876434496,0.9239229778443372,0.07607702215566281,7.607702215566281,2.4085917997086943,45.00671266704837
3.25,4.0,32.02357057450436,2.606918391950789,0.9231674626493199,0.07683253735068007,7.683253735068007,2.4066222372310553,45.50714899564576
3.2600000000000002,4.0,32.35405681877193,2.6069183964200757,0.9224061303285683,0.07759386967143167,7.759386967143167,2.4046375101241986,46.0124268887584
3.27,4.0,32.687349286037986,2.606918401057398,0.9216389692726876,0.07836103072731238,7.8361030727312375,2.402637588128543,46.52258082329796
3.2800000000000002,4.0,33.023459475132505,2.6069184058690733,0.9208659686392511,0.07913403136074892,7.913403136074892,2.4006224429841163,47.0376452575799
3.29,4.0,33.362398637937595,2.6069184108616574,0.9200871183515797,0.07991288164842025,7.991288164842025,2.398592048427382,47.55765463132336
3.3000000000000003,4.0,33.70417777938768,2.6069184160419523,0.9193024090974636,0.08069759090253636,8.069759090253637,2.3965463801879108,48.08264336565133
3.31,4.0,34.04880765746932,2.6069184214170154,0.9185118323278227,0.08148816767217726,8.148816767217726,2.394485415984898,48.61264586309043
3.3200000000000003,4.0,34.39629878322137,2.606918426994169,0.9177153802553097,0.08228461974469026,8.228461974469026,2.3924091355235277,49.147696507571126
3.33,4.0,34.74666142073485,2.606918432781012,0.916913045852852,0.08308695414714795,8.308695414714794,2.3903175204911813,49.68782966442754
3.34,4.0,35.099905587153046,2.6069184387854283,0.9161048228521335,0.08389517714786654,8.389517714786654,2.3882105545534853,50.2330796803976
3.35,4.0,35.45604105267147,2.6069184450155976,0.9152907057420162,0.08470929425798379,8.47092942579838,2.386088223350206,50.783480883623
3.36,4.0,35.815077340537805,2.606918451480008,0.9144706897669018,0.08552931023309818,8.552931023309817,2.3839505144909863,51.3390675836491
3.37,4.0,36.177023727052024,2.6069184581874665,0.9136447709250307,0.08635522907496929,8.635522907496929,2.381797417550922,51.89987407142509
3.38,4.0,36.54188924156626,2.6069184651471113,0.9128129459667218,0.0871870540332782,8.71870540332782,2.3796289240659796,52.465934619303816
3.39,4.0,36.909682666484926,2.606918472368424,0.9119752123925499,0.08802478760745014,8.802478760745014,2.377445027528255,53.037283481041975
3.4,4.0,37.28041236039988,2.6069184798612426,0.9111315688537542,0.08886843114624576,8.886843114624575,2.375245724429818,53.61395468396492
3.41,4.0,37.65408628814473,2.606918487635775,0.9102820150801213,0.0897179849198787,8.97179849198787,2.3730310140747157,54.195981851942086
3.42,4.0,38.03071273840819,2.6069184957026135,0.909426550247171,0.090573449752829,9.057344975282899,2.370800894322372,54.783399058086715
3.43,4.0,38.4102996572677,2.606918504072748,0.9085651744918372,0.09143482550816284,9.143482550816284,2.3685553655388554,55.37624026370354
3.44,4.0,38.79285461172111,2.6069185127575816,0.9076978889919747,0.09230211100802532,9.230211100802531,2.366294430804155,55.97453928186593
3.45,4.0,39.17838478968679,2.6069185217689466,0.9068246959627495,0.0931753040372505,9.31753040372505,2.3640180959027854,56.57832977741615
3.46,4.0,39.566897000003486,2.6069185311191196,0.9059455986529366,0.09405440134706344,9.405440134706344,2.361726369314145,57.18764526696509
3.47,4.0,39.9583976724305,2.6069185408208395,0.9050606013411278,0.09493939865887224,9.493939865887224,2.3594192622026444,57.80251911889255
3.48,4.0,40.35289285764751,2.606918550887323,0.9041697093318479,0.09583029066815207,9.583029066815207,2.3570967884075933,58.42298455334694
3.49,4.0,40.75038822725471,2.606918561332285,0.90327292895158,0.09672707104842004,9.672707104842004,2.354758964432852,59.04907464224557
3.5,4.0,41.15088907377271,2.6069185721699557,0.9023702675446992,0.09762973245530082,9.762973245530082,2.352405809436248,59.68082230927439
3.5100000000000002,4.0,41.55440031064262,2.606918583415099,0.9014617334693172,0.09853826653068276,9.853826653068277,2.350037345218752,60.31826032988824
3.52,4.0,41.96092647222596,2.6069185950830365,0.9005473360930348,0.09945266390696517,9.945266390696517,2.3476535962134255,60.96142133131059
3.5300000000000002,4.0,42.37047171380477,2.6069186071896633,0.8996270857886048,0.10037291421139516,10.037291421139516,2.3452545894741252,61.61033779253379
3.54,4.0,42.78303981158148,2.606918619751473,0.8987009939295051,0.10129900607049491,10.12990060704949,2.3428403546639824,62.265042044318854
3.5500000000000003,4.0,43.198634162679056,2.6069186327855807,0.8977690728854221,0.10223092711457793,10.223092711457793,2.340410924043643,62.925566269195656
3.56,4.0,43.617257785140836,2.6069186463097425,0.8968313360176448,0.10316866398235525,10.316866398235526,2.3379663324592763,63.591942501462725
3.5700000000000003,4.0,44.03891331793071,2.606918660342384,0.8958877976743697,0.10411220232563034,10.411220232563034,2.3355066173303567,64.26420262718747
3.58,4.0,44.46360302093293,2.6069186749026234,0.894938473185918,0.10506152681408198,10.5061526814082,2.3330318186372105,64.94237838420594
3.59,4.0,44.891328773842055,2.6069186900102963,0.8939833788623425,0.10601662113765753,10.601662113765753,2.330541978914796,65.62650136065562
3.6,4.0,45.32209178737391,2.6069187056859855,0.8930225326322725,0.10697746736772751,10.69774673677275,2.3280371449181447,66.31660250276006
3.61,4.0,45.75589324124566,2.6069187219510472,0.8920559526136173,0.10794404738638275,10.794404738638274,2.325517363896315,67.01271267932052
3.62,4.0,46.19273419633686,2.6069187388276402,0.8910836573080184,0.10891634269198158,10.891634269198159,2.3229826840993404,67.71486288226406
3.63,4.0,46.63261520971855,2.6069187563387572,0.890105666454256,0.10989433354574396,10.989433354574397,2.3204331570030097,68.42308380705411
3.64,4.0,47.0755363346534,2.606918774508255,0.8891220010214604,0.11087799897853956,11.087799897853955,2.317868837291193,69.1374058526908
3.65,4.0,47.52149712059554,2.606918793360887,0.888132683202213,0.11186731679778705,11.186731679778706,2.31528978283788,69.85785912171058
3.66,4.0,47.97049661319074,2.6069188129223377,0.8871377364055362,0.11286226359446383,11.286226359446383,2.31269605468893,70.58447342018655
3.67,4.0,48.42253335427622,2.606918833219257,0.8861371852497762,0.11386281475022375,11.386281475022376,2.3100877170435434,71.31727825772823
3.68,4.0,48.87760538188084,2.606918854279297,0.8851310555553755,0.11486894444462448,11.486894444462447,2.3074648372354445,72.05630284748173
3.69,4.0,49.33571023022494,2.6069188761311493,0.8841193743375405,0.11588062566245949,11.588062566245949,2.304827485713796,72.80157610612957
3.7,4.0,49.79684492972047,2.6069188988045844,0.8831021697988024,0.1168978302011976,11.689783020119759,2.302175736023833,73.5531266538909
3.71,4.0,50.26100600697086,2.6069189223304923,0.8820794713214746,0.11792052867852543,11.792052867852544,2.299509664787229,74.31098281452125
3.72,4.0,50.72818948477117,2.6069189467409237,0.8810513094600059,0.11894869053999413,11.894869053999413,2.2968293516821903,75.07517261531281
3.73,4.0,51.19839088210792,2.6069189720691353,0.8800177159332337,0.11998228406676625,11.998228406676626,2.294134879423294,75.84572378709412
3.74,4.0,51.67160521415927,2.606918998349633,0.8789787236165352,0.12102127638346483,12.102127638346483,2.291426333741057,76.62266376423038
3.75,4.0,52.14782699229484,2.6069190256182213,0.8779343665338808,0.1220656334661192,12.20656334661192,2.288703803361255,77.40601968462316
3.7600000000000002,4.0,52.62705022407588,2.60691905391205,0.8768846798497898,0.1231153201502102,12.31153201502102,2.2859673799839846,78.19581838971068
3.77,4.0,53.10926841325511,2.6069190832696654,0.875829699861191,0.12417030013880903,12.417030013880904,2.2832171582624823,78.99208642446754
3.7800000000000002,4.0,53.594474559776884,2.6069191137310646,0.8747694639891875,0.12523053601081247,12.523053601081246,2.280453235781691,79.79485003740497
3.79,4.0,54.082661058301596,2.6069191453377463,0.8737040109920644,0.1262959890079356,12.62959890079356,2.2776757136135934,80.6041348797278
3.8000000000000003,4.0,54.57382001244685,2.6069191781327716,0.8726333802709494,0.1273666197290506,12.736661972905061,2.2748846945071657,81.41996605981917
3.81,4.0,55.06794335909984,2.606919212160819,0.8715576115936745,0.1284423884063255,12.84423884063255,2.272080282168547,82.24236880606838
3.8200000000000003,4.0,55.5650224455204,2.606919247468248,0.8704767460097361,0.12952325399026388,12.952325399026387,2.2692625836463107,83.07136791288252
3.83,4.0,56.06504802350654,2.6069192841031605,0.869390825853172,0.13060917414682804,13.060917414682805,2.2664317093390065,83.90698773001682
3.84,4.0,56.568010249394625,2.6069193221154663,0.8682998947325962,0.13170010526740383,13.170010526740384,2.26358777296923,84.74925216257493
3.85,4.0,57.07389868405925,2.6069193615569524,0.8672039975211345,0.13279600247886547,13.279600247886547,2.260730891557433,85.59818467100871
3.86,4.0,57.58270229291325,2.6069194024813536,0.8661031803462638,0.13389681965373623,13.389681965373622,2.2578611853954818,86.4538082711182
3.87,4.0,58.09440944590776,2.606919444944424,0.8649974905795548,0.13500250942044523,13.500250942044524,2.2549787780199724,87.31614553405188
3.88,4.0,58.60900791753214,2.6069194890040137,0.8638869768263252,0.1361130231736748,13.61130231736748,2.252083796185306,88.1852185863063
3.89,4.0,59.12648488681407,2.6069195347201486,0.8627716889152012,0.13722831108479883,13.722831108479882,2.2491763698365332,89.06104910972648
3.9,4.0,59.64682693731943,2.606919582155111,0.8616516778875929,0.1383483221124071,13.83483221124071,2.246256632081974,89.94365834150553
3.91,4.0,60.17002005715244,2.6069196313735254,0.8605269959870852,0.13947300401291485,13.947300401291486,2.2433247191656194,90.83306707418497
3.92,4.0,60.6960496389555,2.606919682442445,0.8593976966487472,0.1406023033512528,14.06023033512528,2.240380770439321,91.72929565565444
3.93,4.0,61.22490047990935,2.6069197354314455,0.8582638344883622,0.1417361655116378,14.173616551163782,2.237424928334779,92.63236398915203
3.94,4.0,61.75655678173293,2.606919790412717,0.8571254652915814,0.1428745347084186,14.28745347084186,2.234457338335332,93.5422915332639
3.95,4.0,62.29100215068351,2.606919847461165,0.8559826460030051,0.1440173539969949,14.40173539969949,2.2314781489475584,94.45909730192469
3.96,4.0,62.828219597556554,2.60691990665451,0.8548354347151927,0.14516456528480726,14.516456528480726,2.228487511672698,95.38279986441707
3.97,4.0,63.368191537685874,2.6069199680733957,0.8536838906576055,0.14631610934239447,14.631610934239447,2.2254855809778973,96.31341734537222
3.98,4.0,63.91089985327334,2.6069200318014976,0.8525280740528297,0.1474719259471703,14.74719259471703,2.2224725139214723,97.25096713443062
3.99,4.0,64.45632623532491,2.606920097925637,0.8513680453795519,0.1486319546204481,14.863195462044809,2.2194484682316196,98.19546607780805
4.0,4.0,65.00445190963212,2.6069201665358994,0.8502038659487958,0.14979613405120418,14.979613405120418,2.2164136038087,99.14693085681468
4.01,4.0,65.55525747429508,2.606920237725757,0.8490355982389521,0.15096440176104786,15.096440176104785,2.2133680835987195,100.10537758490143
4.0200000000000005,4.0,66.1087228995606,2.6069203115921975,0.84786330588436,0.15213669411564001,15.213669411564002,2.2103120735636463,101.07082180604282
4.03,4.0,66.66482752782223,2.606920388235854,0.8466870536634884,0.1533129463365116,15.33129463365116,2.2072457426506924,102.04327849473658
4.04,4.0,67.22355007362033,2.6069204677611433,0.8455069074870641,0.15449309251293586,15.449309251293586,2.204169262761455,103.02276205600421
4.05,4.0,67.7848686236421,2.606920550276408,0.8443229343861529,0.1556770656138471,15.567706561384709,2.2010828087209413,104.0092863253906
4.0600000000000005,4.0,68.34876063672152,2.6069206358940655,0.8431352025001937,0.1568647974998063,15.68647974998063,2.197986558246477,105.00286456896426
4.07,4.0,68.91520294383919,2.6069207247307573,0.8419437810649933,0.15805621893500665,15.805621893500666,2.1948806919165067,106.00350948331692
4.08,4.0,69.48417174812268,2.606920816907513,0.8407487404006804,0.15925125959931963,15.925125959931963,2.191765393139304,107.01123319556405
4.09,4.0,70.05564262484624,2.60692091254991,0.8395501518996276,0.16044984810037244,16.044984810037242,2.1886408481215924,108.02604726334455
4.1,4.0,70.62959052143096,2.606921011788249,0.8383480880143408,0.1616519119856592,16.16519119856592,2.185507245837089,109.04796267482087
4.11,4.0,71.2059897574447,2.606921114757729,0.8371426222453235,0.16285737775467646,16.285737775467645,2.1823647779949873,110.07698984867895
4.12,4.0,71.78481402460201,2.6069212215986326,0.8359338291289159,0.1640661708710841,16.406617087108412,2.179213639008376,111.11313863412802
4.13,4.0,72.36603638676432,2.6069213324565155,0.8347217842251158,0.16527821577488422,16.52782157748842,2.176054025962619,112.15641831090107
4.14,4.0,72.94962927993983,2.6069214474824074,0.8335065641053828,0.16649343589461718,16.64934358946172,2.1728861385836926,113.20683758925452
4.15,4.0,73.53556451228354,2.6069215668330155,0.8322882463404319,0.16771175365956814,16.771175365956815,2.1697101792065014,114.26440460996832
4.16,4.0,74.12381327407202,2.6069216906709385,0.8310669094673234,0.16893309053267658,16.893309053267657,2.1665263526892264,115.3291269365079
4.17,4.0,74.71434661192868,2.606921819164889,0.8298426319949704,0.17015736800502956,17.015736800502957,2.163334863820908,116.40101132814577
4.18,4.0,75.30713527552871,2.606921952489923,0.8286154927164401,0.17138450728355992,17.13845072835599,2.1601359181357416,117.4800640915677
4.19,4.0,75.90214935610125,2.6069220908276773,0.8273855714485306,0.17261442855146936,17.261442855146935,2.156929723841256,118.56629101229962
4.2,4.0,76.4993583633413,2.606922234366618,0.8261529488605223,0.17384705113947774,17.384705113947774,2.1537164913720432,119.65969722839151
4.21,4.0,77.09873122541006,2.6069223833022974,0.8249177064627446,0.17508229353725535,17.508229353725536,2.1504964333601233,120.76028723041806
4.22,4.0,77.70023628893469,2.6069225378376197,0.8236799265951624,0.17632007340483757,17.632007340483757,2.1472697646053653,121.86806486147819
4.23,4.0,78.30384131900844,2.606922698183118,0.8224396924159805,0.17756030758401953,17.756030758401952,2.1440367020459616,122.98303331719535
4.24,4.0,78.90951349919044,2.6069228645572404,0.8211970878902752,0.17880291210972477,17.880291210972477,2.1407974647289802,124.10519514571702
4.25,4.0,79.517219431506,2.6069230371866485,0.819952197778652,0.18004780222134797,18.004780222134798,2.137552273780991,125.23455224771538
4.26,4.0,80.12692513644643,2.606923216306526,0.8187051076259358,0.18129489237406415,18.129489237406414,2.1343013523787855,126.37110587638688
4.2700000000000005,4.0,80.73859605296907,2.606923402160898,0.8174559037498976,0.18254409625010237,18.254409625010236,2.131044925720195,127.51485663745244
4.28,4.0,81.3521970384972,2.6069235950029643,0.8162046732300192,0.18379532676998078,18.37953267699808,2.1277832209950214,128.66580448915707
4.29,4.0,81.96769236892024,2.6069237950954456,0.814951503896302,0.185048496103698,18.5048496103698,2.1245164673560883,129.82394874227046
4.3,4.0,82.58504573859359,2.6069240027109384,0.8136964843181224,0.18630351568187764,18.630351568187763,2.1212448958904178,130.98928806008655
4.3100000000000005,4.0,83.20422026033877,2.606924218132289,0.8124397037931378,0.1875602962068622,18.75602962068622,2.117968739590554,132.1618204584238
4.32,4.0,83.82517846544314,2.6069244416529775,0.811181252336248,0.18881874766375195,18.881874766375194,2.1146882333260364,133.34154330562467
4.33,4.0,84.44788230366025,2.606924673577519,0.8099212206686137,0.19007877933138628,19.00787793313863,2.1114036138150314,134.52845332255637
4.34,4.0,85.07229314320965,2.6069249142218758,0.8086597002067374,0.1913402997932626,19.13402997932626,2.1081151195961367,135.7225465826104
4.3500000000000005,4.0,85.69837193926327,2.6069251639138904,0.8073967827120088,0.19260321728799124,19.260321728799124,2.1048229901150513,136.92381851513005
4.36,4.0,86.32608005901045,2.606925422993731,0.8061325586221739,0.19386744137782608,19.386744137782607,2.1015274613751296,138.13226392713452
4.37,4.0,86.95537814455429,2.606925691814355,0.8048671193411023,0.19513288065889767,19.513288065889768,2.09822877190693,139.34787697337765
4.38,4.0,87.58622630659818,2.60692597074199,0.8036005568373558,0.19639944316264424,19.639944316264422,2.094927161722027,140.57065114675444
4.39,4.0,88.21858420462374,2.606926260156632,0.8023329634738605,0.19766703652613948,19.76670365261395,2.0916228718692986,141.80057927926984
4.4,4.0,88.85241104689077,2.6069265604525644,0.8010644319995249,0.19893556800047507,19.893556800047506,2.0883161444134086,143.03765354203884
4.41,4.0,89.48766559043708,2.606926872038894,0.7997950555409445,0.20020494445905546,20.020494445905545,2.085007222413528,144.28186544528614
4.42,4.0,90.1243061410788,2.6069271953401087,0.7985249275941977,0.2014750724058023,20.147507240580232,2.0816963499023053,145.5332058383467
4.43,4.0,90.7622905534102,2.6069275307966557,0.7972541420167352,0.20274585798326483,20.274585798326484,2.0783837718650937,146.79166490966537
4.44,4.0,91.40157623080376,2.606927878865541,0.7959827930193659,0.20401720698063408,20.401720698063407,2.0750697342194444,148.05723218679708
4.45,4.0,92.04212012540992,2.6069282400209537,0.7947109751583414,0.20528902484165856,20.528902484165855,2.0717544837948707,149.32989653640635
4.46,4.0,92.6838787381575,2.6069286147549087,0.7934387833275408,0.2065612166724592,20.65612166724592,2.068438268312886,150.6096461642681
4.47,4.0,93.32680811875343,2.606929003577921,0.7921663127507618,0.20783368724923823,20.78336872492382,2.0651213363673393,151.896468615267
4.48,4.0,93.97086386568282,2.606929407019698,0.7908936589741162,0.20910634102588377,20.910634102588375,2.061803937405032,153.19035077339794
4.49,4.0,94.61600112620881,2.606929825629862,0.7896209178585378,0.21037908214146217,21.037908214146217,2.0584863217066496,154.49127886176532
4.5,4.0,95.26217459637287,2.6069302599786988,0.7883481855723992,0.21165181442760084,21.165181442760083,2.05516874036799,155.79923844258394
4.51,4.0,95.90933852099457,2.6069307106579362,0.787075558584245,0.21292444141575495,21.292444141575494,2.051851445281518,157.1142144171784
4.5200000000000005,4.0,96.5574466936717,2.606931178281547,0.7858031336556428,0.2141968663443572,21.41968663443572,2.048534689118237,158.43619102598342
4.53,4.0,97.20645245678004,2.6069316634865882,0.7845310078341531,0.21546899216584692,21.54689921658469,2.045218725309898,159.76515184854335
4.54,4.0,97.85630936034903,2.6069321669340666,0.783259277158088,0.21674072284191204,21.674072284191205,2.0419038046729447,161.1010799864785
4.55,4.0,98.50697144245459,2.60693268930984,0.781988036112807,0.21801196388719302,21.8011963887193,2.0385901739916803,162.44395800419483
4.5600000000000005,4.0,99.15839188170406,2.6069332313255527,0.7807173802652658,0.21928261973473417,21.92826197347342,2.0352780828869497,163.79376760197843
4.57,4.0,99.810523599132,2.606933793719603,0.7794474050798014,0.22055259492019863,22.055259492019864,2.0319677807295866,165.15048987470183
4.58,4.0,100.4633192653708,2.60693437725815,0.7781782059008483,0.2218217940991517,22.18217940991517,2.0286595165959924,166.5141053142297
4.59,4.0,101.11673130065053,2.606934982736156,0.7769098779498238,0.2230901220501762,22.30901220501762,2.025353539260673,167.88459380941873
4.6000000000000005,4.0,101.770711874799,2.6069356109784723,0.7756425163221354,0.22435748367786457,22.435748367786456,2.0220500971891258,169.26193464611754
4.61,4.0,102.42521290724159,2.6069362628409585,0.7743762159843134,0.2256237840156866,22.56237840156866,2.018749438531069,170.6461065071664
4.62,4.0,103.0801860670015,2.606936939211652,0.773111071771268,0.22688892822873197,22.688892822873196,2.0154518111140294,172.03708747239781
4.63,4.0,103.73558277269963,2.6069376410119762,0.7718471783836734,0.22815282161632655,22.815282161632656,2.0121574624372838,173.43485501863626
4.64,4.0,104.39135419255456,2.606938369197995,0.7705846303854783,0.2294153696145217,22.94153696145217,2.0088666396661585,174.83938601969803
4.65,4.0,105.04745124438261,2.606939124761714,0.7693235222015437,0.23067647779845635,23.067647779845636,2.005579589626691,176.25065674639157
4.66,4.0,105.70382459559768,2.606939908732436,0.7680639481154096,0.23193605188459043,23.193605188459042,2.0022965588006603,177.66864286651688
4.67,4.0,106.36042466321152,2.6069407221781584,0.7668060022671903,0.2331939977328097,23.31939977328097,1.9990177933209756,179.09331944486624
4.68,4.0,107.0172016138335,2.60694156620703,0.7655497786515999,0.2344502213484001,23.44502213484001,1.9957435389674472,180.52466094322384
4.69,4.0,107.67410536367083,2.6069424419688594,0.7642953711161071,0.23570462888389287,23.570462888389287,1.99247404116292,181.9626412203659
4.7,4.0,108.33108557852816,2.606943350656682,0.7630428733592233,0.23695712664077673,23.69571266407767,1.989209544969796,183.40723353206016
4.71,4.0,108.9880916738081,2.606944293508385,0.7617923789289195,0.2382076210710805,23.820762107108052,1.985950295086924,184.8584105310668
4.72,4.0,109.64507282875317,2.606945271808392,0.7605439811941379,0.2394560188058621,23.94560188058621,1.9826965357763884,186.3161442743653
4.73,4.0,110.30197920641743,2.6069462868894133,0.7592977710311989,0.2407022289688011,24.07022289688011,1.9794485048331918,187.78040673397282
4.74,4.0,110.95876114249121,2.606947340134261,0.7580538383768737,0.24194616162312632,24.19461616231263,1.9762064376351578,189.25116915818325
4.75,4.0,111.61536846108675,2.6069484329777324,0.7568122735265254,0.24318772647347464,24.318772647347465,1.9729705705282903,190.7284019962157
4.76,4.0,112.27175097587735,2.606949566908564,0.7555731661837841,0.24442683381621588,24.44268338162159,1.9697411383505483,192.2120752164045
4.7700000000000005,4.0,112.92785849009752,2.6069507434714576,0.7543366054633786,0.24566339453662145,24.566339453662145,1.9665183744404904,193.70215830619946
4.78,4.0,113.58364079654275,2.606951964269187,0.753102679894072,0.24689732010592802,24.689732010592802,1.9633025106462398,195.19862027216536
4.79,4.0,114.23904767756983,2.6069532309647787,0.7518714774217045,0.24812852257829554,24.812852257829555,1.9600937773347742,196.7014296399827
4.8,4.0,114.8940289050966,2.6069545452837755,0.7506430854123392,0.24935691458766085,24.935691458766087,1.956892403401535,198.21055445444725
4.8100000000000005,4.0,115.54853424060215,2.6069559090165897,0.7494175906555101,0.25058240934448994,25.058240934448996,1.9536986162803578,199.72596227947017
4.82,4.0,116.2025134351265,2.6069573240209385,0.748195079367573,0.251804920632427,25.1804920632427,1.9505126419537218,201.2476201980777
4.83,4.0,116.85591622927097,2.606958792224375,0.7469756371951548,0.2530243628048452,25.30243628048452,1.9473347049633138,202.7754948124117
4.84,4.0,117.50869235319801,2.606960315626914,0.7457593492187037,0.2542406507812963,25.424065078129633,1.9441650284209135,204.30955224372937
4.8500000000000005,4.0,118.16079152663121,2.6069618963037526,0.744546299956136,0.25545370004386403,25.545370004386402,1.9410038340195908,205.84975813240328
4.86,4.0,118.81216345885517,2.6069635364080987,0.7433365733665809,0.2566634266334191,25.66634266334191,1.93785134204522,207.39607763792108
4.87,4.0,119.46275784871575,2.606965238174103,0.7421302528542197,0.25786974714578026,25.786974714578026,1.934707771388308,208.94847543888602
4.88,4.0,120.11252438461995,2.606967003919898,0.7409274212722212,0.2590725787277788,25.907257872777876,1.9315733395561387,210.5069157330167
4.89,4.0,120.76141274453586,2.6069688360507595,0.7397281609267686,0.26027183907323137,26.02718390732314,1.9284482626852268,212.07136223714704
4.9,4.0,121.40937259599279,2.6069707370623765,0.7385325535811806,0.26146744641881936,26.146744641881938,1.9253327555540896,213.6417781872264
4.91,4.0,122.0563536208064,2.606972709544253,0.7373406804146105,0.26265931958538946,26.265931958538946,1.9222270314776804,215.2181263548313
4.92,4.0,122.70230682575394,2.606974756183232,0.736152619618016,0.26384738038198396,26.384738038198396,1.919131296042325,216.80036975036333
4.93,4.0,123.34718359864911,2.606976879767155,0.7349684481501982,0.26503155184980176,26.503155184980177,1.916045751685912,218.3884706737991
4.94,4.0,123.99093510165557,2.6069790831886555,0.7337882428592728,0.2662117571407272,26.62117571407272,1.9129706006238814,219.98239072248808
4.95,4.0,124.63351272338926,2.606981369449098,0.7326120796570397,0.26738792034296033,26.738792034296033,1.9099060426992611,221.58209117969415
4.96,4.0,125.27486807891876,2.606983741662667,0.7314400335269367,0.26855996647306335,26.855996647306334,1.9068522754059198,223.18753301459654
4.97,4.0,125.91495300976511,2.606986203060601,0.7302721785320351,0.2697278214679649,26.972782146796494,1.9038094939120234,224.79867688228921
4.98,4.0,126.5537195839019,2.6069887569955967,0.7291085878230757,0.27089141217692425,27.089141217692426,1.9007778910836952,226.41548312378112
4.99,4.0,127.19112009575495,2.60699140694637,0.7279493336465419,0.2720506663534581,27.20506663534581,1.897757657508871,228.03791176599566
5.0,4.0,127.82710706620284,2.606994156522392,0.7267944873527656,0.27320551264723436,27.320551264723434,1.8947489815213476,229.6659225217715
5.01,4.0,128.4616332425765,2.6069970094688037,0.7256441194040695,0.2743558805959305,27.43558805959305,1.8917520492250326,231.29947478986216
5.0200000000000005,4.0,129.09465159865945,2.606999969671511,0.7244982993829362,0.2755017006170638,27.550170061706382,1.888767044518376,232.93852765493602
5.03,4.0,129.7261153346875,2.607003041162477,0.7233570960002076,0.2766429039997924,27.66429039997924,1.8857941491189991,234.58303988757598
5.04,4.0,130.3559778773491,2.6070062281252078,0.7222205771033089,0.2777794228966911,27.77794228966911,1.882833542588508,236.23296994428023
5.05,4.0,130.98419287978513,2.6070095349004476,0.7210888096844967,0.27891119031550327,27.891119031550325,1.8798854023574971,237.8882759674617
5.0600000000000005,4.0,131.61071422158903,2.6070129659920855,0.7199618598891295,0.28003814011087047,28.003814011087048,1.876949903750738,239.54891578544834
5.07,4.0,132.23549600880656,2.6070165260732856,0.7188397930239564,0.2811602069760436,28.11602069760436,1.8740272200125545,241.21484691248247
5.08,4.0,132.85849257393608,2.6070202199928465,0.7177226735654243,0.2822773264345757,28.22773264345757,1.8711175223323864,242.88602654872182
5.09,4.0,133.47965847592843,2.6070240527818003,0.716610565168,0.28338943483199996,28.338943483199998,1.8682209798705358,244.56241158023877
5.1000000000000005,4.0,134.098948500187,2.607028029660257,0.7155035306725069,0.28449646932749306,28.449646932749307,1.865337759784103,246.24395857902078
5.11,4.0,134.71631840049722,2.6070321560445096,0.7144016307912747,0.2855983692087253,28.559836920872527,1.8624680238034905,247.9306243355498
5.12,4.0,135.33172528708891,2.607036437554402,0.7133049234356248,0.2866950765643752,28.66950765643752,1.8596119264836266,249.6223656146839
5.13,4.0,135.94512615283858,2.6070408800209766,0.7122134663599333,0.2877865336400667,28.77865336400667,1.8567696221017909,251.31913832207746
5.14,4.0,136.55647840400306,2.6070454894944066,0.7111273162228915,0.2888726837771085,28.88726837771085,1.8539412622151519,253.0208982291242
5.15,4.0,137.16573986505773,2.6070502722522275,0.710046528589619,0.28995347141038097,28.995347141038096,1.8511269956713154,254.7276009774862
5.16,4.0,137.772868778696,2.607055234807877,0.7089711579423797,0.29102884205762025,29.102884205762024,1.8483269686414834,256.43920207909326
5.17,4.0,138.37782380582988,2.607060383919555,0.7079012576912529,0.2920987423087471,29.20987423087471,1.8455413246536936,258.15565691614387
5.18,4.0,138.98056402558962,2.607065726599415,0.7068368801847607,0.29316311981523935,29.316311981523935,1.8427702046261465,259.87692074110464
5.19,4.0,139.58104893532388,2.607071270123104,0.7057780767204466,0.29422192327955343,29.422192327955344,1.8400137469006161,261.60294867671035
5.2,4.0,140.17923845059946,2.6070770220396557,0.7047248975554057,0.2952751024445943,29.52751024445943,1.8372720872759485,263.3336957159637
5.21,4.0,140.7750929052017,2.6070829901817585,0.7036773919167603,0.29632260808323974,29.632260808323974,1.8345453590416485,265.069116722136
5.22,4.0,141.36857305113418,2.6070891826764053,0.7026356080120837,0.2973643919879163,29.73643919879163,1.8318336930115624,266.8091664287666
5.23,4.0,141.95964005861893,2.607095607955946,0.7015995930397657,0.2984004069602343,29.84004069602343,1.8291372175576524,268.5537994396631
5.24,4.0,142.5482555160961,2.6071022747695523,0.7005693931993209,0.2994306068006791,29.943060680067912,1.8264560586438743,270.3029702289011
5.25,4.0,143.1343814302244,2.607109192195112,0.6995450537016354,0.30045494629836456,30.045494629836455,1.8237903398601572,272.0566331408245
5.26,4.0,143.71798022588075,2.607116369651572,0.698526618779152,0.301473381220848,30.1473381220848,1.8211401824564903,273.8147423900456
5.2700000000000005,4.0,144.29901474616048,2.60712381691174,0.6975141316959906,0.30248586830400936,30.248586830400935,1.8185057053771292,275.5772520614449
5.28,4.0,144.87744825237715,2.6071315441155707,0.696507634758003,0.30349236524199696,30.349236524199696,1.8158870252949164,277.34411611017055
5.29,4.0,145.45324442406275,2.6071395617839443,0.6955071693227587,0.3044928306772413,30.44928306772413,1.8132842566457286,279.1152883616395
5.3,4.0,146.0263673892869,2.6071478808329682,0.694512775756895,0.30548722424310504,30.548722424310505,1.810697511526011,280.89072254734907
5.3100000000000005,4.0,146.5967827260929,2.607156512588807,0.6935244917125141,0.30647550828748593,30.647550828748592,1.8081268952081233,282.67037309087345
5.32,4.0,147.16445696151212,2.607165468803076,0.6925423530157463,0.3074576469842537,30.745764698425372,1.8055725084662837,284.4541939296641
5.33,4.0,147.72935698568097,2.6071747616688024,0.6915663946942465,0.3084336053057535,30.843360530575346,1.803034450265125,286.2421386940613
5.34,4.0,148.29145022272166,2.6071844038369942,0.6905966506912988,0.30940334930870117,30.940334930870115,1.800512817024419,288.03416105873123
5.3500000000000005,4.0,148.85070463074206,2.6071944084338217,0.6896331538765115,0.3103668461234885,31.036684612348854,1.798007702657422,289.83021474266656
5.36,4.0,149.40708870183573,2.607204789078445,0.6886759360564042,0.3113240639435958,31.13240639435958,1.7955191986093382,291.6302535091855
5.37,4.0,149.96057146208202,2.6072155599015114,0.6877250279848841,0.3122749720151159,31.22749720151159,1.7930473938958922,293.4342311659327
5.38,4.0,150.51112247154597,2.60722673556434,0.6867804593736118,0.31321954062638824,31.321954062638824,1.7905923751420396,295.24210156487914
5.39,4.0,151.05871182427848,2.6072383312788294,0.6858422589022525,0.3141577410977475,31.415774109774752,1.7881542266208117,297.0538186023216
5.4,4.0,151.603310148316,2.6072503628281076,0.6849104542286153,0.3150895457713847,31.50895457713847,1.7857330302923213,298.8693362188833
5.41,4.0,152.14488860568082,2.6072628465879544,0.6839850719986745,0.31601492800132547,31.601492800132547,1.7833288658429312,300.68860839951316
5.42,4.0,152.68341889238087,2.6072757995490257,0.6830661378564756,0.31693386214352437,31.693386214352437,1.7809418107246076,302.5115891734865
5.43,4.0,153.21887323840994,2.60728923933991,0.6821536764539221,0.3178463235460779,31.78463235460779,1.7785719401944695,304.33823261440494
5.44,4.0,153.7512244077475,2.6073031842510437,0.6812477114604442,0.31875228853955584,31.875228853955583,1.7762193273545523,306.16849284019605
5.45,4.0,154.2804456983586,2.6073176532595252,0.6803482655725464,0.31965173442745365,31.965173442745364,1.7738840431917997,308.0023240131133
5.46,4.0,154.80651094219425,2.6073326660548526,0.6794553605232337,0.32054463947676626,32.05446394767662,1.771566156618304,309.83968033973656
5.47,4.0,155.32939450519106,2.6073482430656223,0.6785690170913168,0.3214309829086832,32.14309829086832,1.769265734511811,311.68051607097186
5.48,4.0,155.84907128727147,2.6073644054872314,0.677689255110592,0.32231074488940803,32.231074488940806,1.7669828417565132,313.5247855020514
5.49,4.0,156.36551672234344,2.6073811753106053,0.6768160934788994,0.32318390652110063,32.31839065211006,1.7647175412841452,315.37244297253307
5.5,4.0,156.87870677830094,2.6073985753520073,0.6759495501670536,0.3240504498329464,32.40504498329464,1.7624698941154058,317.2234428663015
5.51,4.0,157.38861836541798,2.6074166292839527,0.6750896415393782,0.3249103584606218,32.491035846062175,1.7602399576071175,319.07774014109367
5.5200000000000005,4.0,157.8952298590226,2.6074353616672834,0.6742363814869787,0.32576361851302127,32.576361851302124,1.7580277832117408,320.93528989168425
5.53,4.0,158.39852024656375,2.607454797984435,0.673389782879907,0.32661021712009297,32.661021712009294,1.7558334202839105,322.7960468814647
5.54,4.0,158.8984690768819,2.6074749646739455,0.6725498576613569,0.3274501423386431,32.74501423386431,1.7536569163470137,324.6599660597205
5.55,4.0,159.39505646020888,2.6074958891662505,0.6717166168560079,0.3282833831439921,32.82833831439921,1.751498317136702,326.52700256163035
5.5600000000000005,4.0,159.888263068168,2.6075175999208144,0.6708900705782349,0.3291099294217651,32.910992942176506,1.749357666644865,328.39711170826666
5.57,4.0,160.37807013377375,2.6075401264646434,0.6700702280401791,0.32992977195982087,32.992977195982085,1.7472350071640812,330.2702490065947
5.58,4.0,160.86445945143223,2.6075634994322328,0.6692570975596824,0.33074290244031757,33.07429024403176,1.7451303793325847,332.14637014947374
5.59,4.0,161.34741337694084,2.607587750607003,0.6684506865680849,0.33154931343191507,33.15493134319151,1.7430438221797793,334.02543101565624
5.6000000000000005,4.0,161.82691482748848,2.607612912964277,0.6676510016178834,0.3323489983821166,33.23489983821166,1.740975373172326,335.90738766978836
5.61,4.0,162.3029472816553,2.6076390207158577,0.6668580483902532,0.3331419516097468,33.31419516097468,1.738925068260848,337.79219636240913
5.62,4.0,162.7754947794129,2.607666109356262,0.6660718317024307,0.3339281682975693,33.39281682975693,1.7368929419272763,339.6798135299517
5.63,4.0,163.2445419221243,2.607694215710674,0.6652923555149581,0.33470764448504187,33.470764448504184,1.7348790272328858,341.57019579474223
5.64,4.0,163.710073872544,2.6077233779846827,0.6645196229387901,0.3354803770612099,33.548037706120994,1.7328833558670493,343.4632999650006
5.65,4.0,164.1720763548178,2.6077536358158633,0.6637536362422605,0.33624636375773953,33.62463637577395,1.7309059581967547,345.35908303484007
5.66,4.0,164.63053565448283,2.607785030327275,0.6629943968579128,0.33700560314208716,33.700560314208715,1.7289468633169258,347.257502184267
5.67,4.0,165.08543861846772,2.607817604182947,0.6622419053891897,0.3377580946108103,33.77580946108103,1.7270060991015865,349.1585147791817
5.68,4.0,165.53677265509253,2.607851401645418,0.6614961616169854,0.33850383838301457,33.850383838301454,1.7250836922559194,351.06207837137765
5.69,4.0,165.98452573406868,2.607886468635411,0.6607571645060599,0.3392428354939401,33.924283549394005,1.723179668369256,352.968150698542
5.7,4.0,166.42868638649892,2.6079228527937204,0.6600249122113139,0.3399750877886861,33.997508778868614,1.7212940519690545,354.87668968425487
5.71,4.0,166.86924370487745,2.607960603545388,0.6592994020839263,0.34070059791607366,34.07005979160736,1.71942686657591,356.7876534379903
5.72,4.0,167.30618744768847,2.6079997721662576,0.6585806305053828,0.34141936949461715,34.141936949461716,1.7175781343111487,358.70100062870415
5.73,4.0,167.73950880622473,2.608040411851989,0.6578685916349035,0.3421314083650965,34.213140836509645,1.7157478726719817,360.6166902110762
5.74,4.0,168.16919983462532,2.608082577789621,0.6571632783578791,0.34283672164212087,34.283672164212085,1.7139360970482957,362.53468104355005
5.75,4.0,168.59525309577188,2.6081263272317856,0.6564646828742361,0.3435353171257639,34.35353171257639,1.7121428223021602,364.45493226729764
5.76,4.0,169.01766166126544,2.6081717195736527,0.655772796703255,0.34422720329674505,34.422720329674505,1.7103680628271518,366.37740330629316
5.7700000000000005,4.0,169.43641911142635,2.6082188164327196,0.6550876106882297,0.34491238931177026,34.49123893117702,1.7086118326089927,368.30205386731313
5.78,4.0,169.85151953529416,2.608267681731538,0.6544091150010043,0.3455908849989957,34.55908849989957,1.706874145287657,370.2288439399359
5.79,4.0,170.262957530628,2.6083183817834934,0.6537372991463867,0.3462627008536133,34.626270085361334,1.7051550142210148,372.1577337965427
5.8,4.0,170.67072820390618,2.608370985381734,0.6530721519664421,0.3469278480335579,34.69278480335579,1.7034544525500779,374.08868399231653
5.8100000000000005,4.0,171.07482717032647,2.6084255638913776,0.6524136616446654,0.3475863383553346,34.75863383553346,1.7017724732659247,376.02165536524325
5.82,4.0,171.47525055380586,2.6084821913451024,0.6517618157100334,0.34823818428996656,34.82381842899665,1.7001090892783708,377.95660903611025
5.83,4.0,171.87199498698078,2.608540944542249,0.651116601040936,0.34888339895906395,34.8883398959064,1.698464313486462,379.8935064085076
5.84,4.0,172.26505761120697,2.6086019031515537,0.6504780038689899,0.3495219961310101,34.95219961310101,1.6968381588508707,381.8323091688278
5.8500000000000005,4.0,172.65443607655956,2.6086651498176545,0.649846009782732,0.350153990217268,35.0153990217268,1.6952306384682756,383.77297928626547
5.86,4.0,173.0401285418329,2.6087307702714857,0.6492206037311962,0.35077939626880383,35.07793962688039,1.6936417656478024,385.7154790128172
5.87,4.0,173.42213367454085,2.6087988534447177,0.6486017700273711,0.35139822997262893,35.13982299726289,1.69207155398962,387.6597708832822
5.88,4.0,173.8004506509165,2.6088694915883743,0.6479894923515424,0.35201050764845765,35.20105076484577,1.690520017465777,389.6058177152619
5.89,4.0,174.17507915591233,2.6089427803957768,0.6473837537545182,0.3526162462454818,35.26162462454818,1.6889871705033674,391.55358260915995
5.9,4.0,174.54601938320022,2.6090188191299717,0.6467845366607389,0.3532154633392611,35.321546333926115,1.687473028070127,393.5030289481825
5.91,4.0,174.91327203517125,2.6090977107557976,0.646191822871273,0.35380817712872703,35.380817712872705,1.6859776057625542,395.4541203983374
5.92,4.0,175.27683832293596,2.60917956207675,0.645605593566698,0.354394406433302,35.4394406433302,1.6845009198966574,397.4068209084353
5.93,4.0,175.6367199663242,2.6092644838768204,0.6450258293098686,0.3549741706901314,35.49741706901314,1.6830429876014323,399.36109471008893
5.94,4.0,175.9929190734128,2.6093525910674753,0.6444525102423916,0.3555474897576084,35.554748975760845,1.681603827420923,401.3169064944864
5.95,4.0,176.3454388951155,2.6094440028399597,0.6438856148733771,0.35611438512662286,35.61143851266229,1.6801834562462539,403.27422137655583
5.96,4.0,176.69428376706668,2.6095388428231048,0.6433251201796631,0.35667487982033685,35.667487982033684,1.678781889672673,405.2330045616838
5.97,4.0,177.03945843271856,2.6096372392468368,0.6427710026982206,0.35722899730177937,35.722899730177936,1.6773991449493055,407.1932215881695
5.98,4.0,177.38096803908516,2.609739325111573,0.6422232385343277,0.3577767614656723,35.77767614656723,1.6760352411035453,409.1548383297767
5.99,4.0,177.71881813674227,2.609845238363723,0.6416818033628084,0.35831819663719155,35.83181966371916,1.6746901990510723,411.117820995733
6.0,4.0,178.05301467982747,2.6099551220774826,0.6411466724291903,0.3588533275708097,35.88533275708097,1.6733640417094993,413.0821361307309
6.01,4.0,178.38356402604012,2.6100691246431578,0.6406178205507801,0.3593821794492199,35.93821794492199,1.6720567941157822,415.04775061492705
6.0200000000000005,4.0,178.71047293664142,2.6101873999622214,0.6400952221176606,0.35990477788233943,35.990477788233946,1.670768483547537,417.01463166394274
6.03,4.0,179.0337485764542,2.61031010764934,0.639578851093608,0.360421148906392,36.0421148906392,1.669499139648397,418.982746828863
6.04,4.0,179.35339851386325,2.610437413241604,0.6390686810169293,0.36093131898307074,36.09313189830707,1.6682487945575566,420.9520639962378
6.05,4.0,179.66943072081503,2.6105694884152,0.6385646850012237,0.36143531499877635,36.14353149987763,1.667017483043658,422.9225513880814
6.0600000000000005,4.0,179.98185357281784,2.6107065112097727,0.6380668357360656,0.3619331642639344,36.19331642639344,1.6658052426431629,424.89417756187237
6.07,4.0,180.2906758489417,2.6108486662607344,0.637575105487612,0.362424894512388,36.242489451238804,1.6646121138033787,426.8669114105533
6.08,4.0,180.59590673181845,2.610996145039781,0.637089466099134,0.36291053390086603,36.2910533900866,1.6634381400302911,428.8407221625317
6.09,4.0,180.8975558076417,2.6111491461038843,0.6366098889914734,0.3633901110085266,36.33901110085266,1.6622833680413744,430.8155793816791
6.1000000000000005,4.0,181.1956330661669,2.6113078753530363,0.6361363451634258,0.36386365483657424,36.38636548365742,1.661147847923551,432.79145296733174
6.11,4.0,181.49014890071118,2.611472546297028,0.6356688051920499,0.36433119480795007,36.43311948079501,1.6600316332964722,434.7683131542896
6.12,4.0,181.7811141081535,2.6116433803315577,0.6352072392329055,0.36479276076709455,36.47927607670945,1.6589347814813016,436.7461305128176
6.13,4.0,182.06853988893465,2.6118206070239536,0.6347516170202182,0.3652483829797818,36.52483829797818,1.6578573536751824,438.7248759486449
6.140000000000001,4.0,182.35243784705713,2.6120044644088356,0.6343019078669755,0.3656980921330245,36.56980921330245,1.656799415131582,440.7045207029651
6.15,4.0,182.63281999008527,2.612195199294007,0.6338580806649515,0.36614191933504847,36.61419193350485,1.6557610353466998,442.68503635243565
6.16,4.0,182.9096987291451,2.612393067576909,0.6334201038846633,0.3665798961153367,36.65798961153367,1.6547422882521399,444.66639480917905
6.17,4.0,183.18308687516145,2.6125983345719637,0.6329879455812052,0.3670120544187948,36.70120544187948,1.6537432524295854,446.64856832335875
6.18,4.0,183.45299755243948,2.6128112753491277,0.632561573530517,0.367438426469483,36.7438426469483,1.6527640116731213,448.63152966434774
6.19,4.0,183.71944491072347,2.613032175084012,0.6321409541049683,0.3678590458950317,36.78590458950317,1.651804652264588,450.6152518726105
6.2,4.0,183.98244367884996,2.6132613294199003,0.6317260529801969,0.3682739470198031,36.82739470198031,1.6508652650402158,452.59970823288245
6.21,4.0,184.24200888279242,2.613499044842032,0.631316835579928,0.368683164420072,36.8683164420072,1.649945946780836,454.58487239200207
6.22,4.0,184.49815584566096,2.6137456390644984,0.6309132670748999,0.3690867329251001,36.90867329251001,1.6490468004449548,456.57071835890997
6.23,4.0,184.7509001877026,2.614001441430127,0.63051531238175,0.36948468761825004,36.948468761825005,1.6481679354096612,458.55722050464937
6.24,4.0,185.00025782630098,2.61426679332372,0.6301229361618635,0.36987706383813646,36.987706383813645,1.647309467719602,460.54435356236525
6.25,4.0,185.2462449759767,2.6145420485990214,0.6297361028201833,0.37026389717981667,37.026389717981665,1.6464715203442462,462.5320926273056
6.26,4.0,185.48887814838702,2.614827574019808,0.6293547765039829,0.37064522349601714,37.06452234960172,1.645654223443688,464.5204131568205
6.2700000000000005,4.0,185.72817415232603,2.6151237497154702,0.6289789211016024,0.37102107889839764,37.102107889839765,1.6448577146432133,466.5092909703627
6.28,4.0,185.96415009372458,2.6154309696514906,0.6286085002411494,0.37139149975885055,37.139149975885054,1.6440821393168787,468.4987022494867
6.29,4.0,186.19682337565027,2.615749642115206,0.6282434772891644,0.3717565227108356,37.17565227108356,1.6433276508803443,470.4886235378501
6.3,4.0,186.42621169830755,2.6160801902172484,0.6278838153492501,0.3721161846507499,37.21161846507499,1.6425944110931978,472.4790317412124
6.3100000000000005,4.0,186.65233305903766,2.6164230524090657,0.6275294772606688,0.37247052273933123,37.24705227393312,1.6418825903710244,474.46990412743594
6.32,4.0,186.87520575231846,2.616778683016924,0.6271804255969057,0.3728195744030943,37.281957440309434,1.6411923681074647,476.46121832648475
6.33,4.0,187.0948483697648,2.6171475527927814,0.6268366226641988,0.3731633773358012,37.31633773358012,1.6405239330065,478.4529523304259
6.34,4.0,187.31127980012818,2.617530149482444,0.6264980305000386,0.3735019694999614,37.35019694999614,1.6398774834252228,480.44508449342845
6.3500000000000005,4.0,187.52451922929694,2.617926978411391,0.6261646108716347,0.37383538912836534,37.383538912836535,1.639253227727323,482.4375935317642
6.36,4.0,187.73458614029613,2.618338563088667,0.625836325274353,0.37416367472564704,37.4163674725647,1.6386513846475408,484.4304585238068
6.37,4.0,187.94150031328766,2.6187654458292235,0.6255131349301228,0.37448686506987716,37.44868650698771,1.6380721836673184,486.42365891003266
6.38,4.0,188.1452818255702,2.6192081883951066,0.6251950007858154,0.37480499921418464,37.48049992141846,1.6375158654018926,488.4171744930206
6.390000000000001,4.0,188.34595105157916,2.619667372655842,0.6248818835115922,0.37511811648840776,37.51181164884078,1.6369826819990467,490.4109854374518
6.4,4.0,188.54352866288676,2.620143601268403,0.6245737434992282,0.37542625650077177,37.54262565007718,1.6364728975497558,492.40507227010943
6.41,4.0,188.73803562820197,2.6206374983771035,0.624270540860406,0.375729459139594,37.5729459139594,1.6359867885109358,494.39941587987954
6.42,4.0,188.92949321337062,2.6211497103337513,0.6239722354249846,0.3760277645750154,37.60277645750154,1.6355246441405016,496.39399751775034
6.43,4.0,189.11792298137522,2.621680906438398,0.6236787867392428,0.3763212132607572,37.63212132607572,1.6350867669449385,498.3887987968124
6.44,4.0,189.30334679233513,2.6222317797009724,0.6233901540640978,0.3766098459359022,37.66098459359022,1.6346734731395627,500.383801692259
6.45,4.0,189.48578727800682,2.6228030476240893,0.6231062956351946,0.3768937043648054,37.68937043648054,1.6342850911857452,502.3789885875244
6.46,4.0,189.66526750805593,2.6233954530072907,0.622827169181626,0.37717283081837405,37.71728308183741,1.63392196364048,504.37434222321434
6.47,4.0,189.84181005090323,2.6240097647729432,0.622552733384103,0.377447266615897,37.7447266615897,1.633584451485973,506.36984563736183
6.48,4.0,190.01543774952344,2.6246467788139953,0.6222829466651308,0.37771705333486916,37.77170533348691,1.633272931475517,508.3654822646912
6.49,4.0,190.1861737294368,2.625307318863753,0.6220177671746528,0.37798223282534715,37.798223282534714,1.632987796626906,510.3612359374989
6.5,4.0,190.35404139870923,2.625992237387801,0.6217571527881137,0.3782428472118863,37.824284721188626,1.6327294567619277,512.3570908856552
6.51,4.0,190.51906444795233,2.6267024164981447,0.621501061104506,0.378498938895494,37.8498938895494,1.632498339059367,514.3530317366032
6.5200000000000005,4.0,190.68126685032323,2.6274387688896104,0.6212494494443995,0.3787505505556005,37.87505505556005,1.6322948886215414,516.3490435153587
6.53,4.0,190.84067286152472,2.628202238798475,0.6210022748479563,0.37899772515204366,37.89977251520437,1.6321195690543449,518.3451116445107
6.54,4.0,190.9973070198053,2.628993802983252,0.6207594940729293,0.3792405059270707,37.92405059270707,1.6319728630607497,520.3412219442212
6.55,4.0,191.15119414595895,2.629814471727479,0.6205210635926474,0.37947893640735264,37.947893640735266,1.6318552730476712,522.337360632225
6.5600000000000005,4.0,191.30235934332543,2.6306652898643033,0.6202869395939877,0.37971306040601227,37.97130604060123,1.6317673217460593,524.3335143238304
6.57,4.0,191.45082799779001,2.6315473378225573,0.6200570779753354,0.3799429220246646,37.99429220246646,1.6317095528440277,526.3296700319181
6.58,4.0,191.59662577778366,2.6324617326939577,0.6198314343445301,0.38016856565546986,38.01685656554699,1.631682531632783,528.325815166942
6.59,4.0,191.73977863428294,2.6334096293209526,0.6196099640168042,0.38039003598319576,38.039003598319574,1.6316868456650613,530.3219375369292
6.6000000000000005,4.0,191.88031280081006,2.634392221404647,0.6193926220127085,0.3806073779872915,38.06073779872915,1.6317231054257082,532.3180253474799
6.61,4.0,192.01825479343282,2.6354107426321307,0.61917936305603,0.38082063694396995,38.08206369439699,1.631791945013982,534.3140672017664
6.62,4.0,192.15363141076472,2.636466467822409,0.6189701415717019,0.38102985842829806,38.10298584282981,1.6318940228370813,536.3100521005351
6.63,4.0,192.2864697339648,2.6375607140900152,0.6187649116837043,0.3812350883162957,38.12350883162957,1.6320300223143163,538.3059694421048
6.640000000000001,4.0,192.4167971267378,2.638694842025249,0.6185636272129594,0.38143637278704057,38.143637278704055,1.6322006525912651,540.3018090223677
6.65,4.0,192.54464123550218,2.639870256889822,0.6183662416749621,0.3816337583250379,38.16337583250379,1.632406649262476,542.2975610348766
6.66,4.0,192.67003035893262,2.6410884098265566,0.6181727077073761,0.3818272922926239,38.18272922926239,1.6326487735970507,544.2932163282234
6.67,4.0,192.79299247288364,2.642350799081593,0.6179829785730919,0.3820170214269081,38.201702142690806,1.6329278172514323,546.2887660887109
6.68,4.0,192.91355529670295,2.6436589712373832,0.6177970080543892,0.3822029919456108,38.22029919456108,1.6332446027465999,548.2842017126029
6.69,4.0,193.03174693754715,2.6450145224545634,0.6176147494561812,0.3823852505438188,38.23852505438188,1.6335999815937359,550.2795150886293
6.7,4.0,193.14759589038187,2.6464190997205654,0.6174361556041941,0.38256384439580593,38.25638443958059,1.6339948350489781,552.274698597986
6.71,4.0,193.2611310379816,2.647874402102629,0.6172611788431303,0.38273882115686975,38.27388211568697,1.6344300748704172,554.2697451143354
6.72,4.0,193.37238165092995,2.6493821820026153,0.6170897710348163,0.3829102289651837,38.29102289651837,1.634906644075716,556.264648003806
6.73,4.0,193.48137738761935,2.650944246410787,0.6169218835563378,0.3830781164436622,38.30781164436622,1.6354255176985792,558.2594011249928
6.74,4.0,193.58814829425123,2.6525624581554292,0.6167574672981608,0.38324253270183917,38.32425327018392,1.6359877035421262,560.2539988289566
6.75,4.0,193.692724804836,2.6542387371449228,0.6165964726622439,0.38340352733775607,38.3403527337756,1.6365942429270481,562.2484359592246
6.76,4.0,193.795137741193,2.655975061598553,0.61643884956014,0.38356115043986005,38.35611504398601,1.637246211432234,564.2427078517904
6.7700000000000005,4.0,193.8954183129506,2.657773469262037,0.6162845474110896,0.3837154525889104,38.37154525889104,1.637944719625356,566.236810335114
6.78,4.0,193.99359811754601,2.659636058603391,0.6161335151401097,0.3838664848598903,38.38664848598903,1.6386909137806942,568.2307397301207
6.79,4.0,194.08970914022552,2.661564989984429,0.6159857011760751,0.3840142988239249,38.40142988239249,1.6394859765812517,570.2244928502031
6.8,4.0,194.18378375404433,2.6635624868027756,0.6158410534497981,0.3841589465502019,38.41589465502019,1.6403311278019854,572.2180670012194
6.8100000000000005,4.0,194.27585471986657,2.6656308365989085,0.6156995193921058,0.38430048060789423,38.430048060789424,1.6412276249707247,574.2114599814946
6.82,4.0,194.3659551863654,2.6677723921223087,0.6155610459319164,0.3844389540680836,38.44389540680836,1.6421767640030989,576.204670081819
6.83,4.0,194.45411869002285,2.669989572350387,0.6154255794943179,0.38457442050568214,38.45744205056821,1.6431798798075228,578.19769608545
6.84,4.0,194.5403792980362,2.6722848634533736,0.6152930657791391,0.3847069342208609,38.470693422086086,1.6442383462694143,580.1905373880217
6.8500000000000005,4.0,194.62477159485354,2.674660819697916,0.6151634497799441,0.3848365502200559,38.48365502200559,1.645353576836623,582.1831944021325
6.86,4.0,194.70732920772755,2.6771200642816178,0.6150366780461772,0.38496332195382277,38.49633219538228,1.6465270310665345,584.1756675205019
6.87,4.0,194.78808623339484,2.6796652900902584,0.6149126964890855,0.38508730351091447,38.508730351091444,1.6477602092176085,586.1679577174721
6.88,4.0,194.86707742402504,2.6822992603689095,0.6147914500946321,0.3852085499053679,38.52085499053679,1.6490546518699611,588.160066662108
6.890000000000001,4.0,194.94433818722092,2.685024809297607,0.6146728829220776,0.38532711707792244,38.532711707792245,1.6504119402482615,590.1519967181966
6.9,4.0,195.0199045860183,2.6878448424617183,0.6145569381025441,0.3854430618974559,38.54430618974559,1.6518336964779885,592.1437509442478
6.91,4.0,195.09381333888615,2.6907623372065403,0.614443557837567,0.385556442162433,38.5556442162433,1.6533215837685138,594.135333093494
6.92,4.0,195.16610181972646,2.69378034286512,0.6143326833976359,0.3856673166023641,38.56673166023641,1.654877306516133,596.1267476138898
6.93,4.0,195.2368080578744,2.6969019808476835,0.6142242551207284,0.3857757448792716,38.57757448792716,1.6565026103197853,598.117999648113
6.94,4.0,195.3059707380982,2.7001304445804757,0.6141182124108407,0.38588178758915925,38.58817875891592,1.6581992819018505,600.1090950335634
6.95,4.0,195.3736292005992,2.703468999281231,0.6140144937365171,0.38598550626348294,38.59855062634829,1.6599691489260335,602.1000403023636
6.96,4.0,195.43982344101175,2.7069209815578867,0.6139130366293818,0.3860869633706182,38.60869633706182,1.661814079703989,604.0908426813584
6.97,4.0,195.50459411040345,2.7104897988165773,0.6138137776826779,0.38618622231732214,38.61862223173221,1.6637359827819649,606.0815100921156
6.98,4.0,195.56798251527485,2.7141789284643703,0.6137166525498144,0.38628334745018555,38.628334745018556,1.6657368063983955,608.0720511509256
6.99,4.0,195.6300306175597,2.717991916891641,0.6136215959429276,0.38637840405707236,38.63784040570724,1.667818537803026,610.0624751688006
7.0,4.0,195.6907810351849,2.72193237821845,0.6135285416305999,0.3864714583694001,38.64714583694001,1.6699832024254762,612.0527921517813
7.01,4.0,195.7502782957245,2.726003992788767,0.6134374205166068,0.38656257948339323,38.656257948339324,1.672232857654312,614.0430136582936
7.0200000000000005,4.0,195.80856603109922,2.7302105053959123,0.6133481649353588,0.3866518350646412,38.66518350646412,1.6745696033718214,616.0331518016769
7.03,4.0,195.86568708177063,2.734555723222152,0.6132607084892825,0.3867392915107175,38.67392915107175,1.6769955802266392,618.0232188534748
7.04,4.0,195.92168548487402,2.7390435134749964,0.6131749830026345,0.3868250169973655,38.68250169973655,1.6795129598185072,620.0132281725975
7.05,4.0,195.97660647421844,2.7436778007024216,0.6130909185208574,0.3869090814791426,38.69090814791426,1.6821239429579335,622.0031942053217
7.0600000000000005,4.0,196.0304964802865,2.748462563768982,0.613008443309937,0.386991556690063,38.6991556690063,1.6848307577116621,623.9931324852909
7.07,4.0,196.0834031302346,2.753401832474598,0.6129274838557657,0.3870725161442343,38.707251614423434,1.6876356572225097,625.9830596335142
7.08,4.0,196.1353752478927,2.758499683797729,0.6128479648635227,0.38715203513647733,38.71520351364774,1.690540917292109,627.9729933583683
7.09,4.0,196.18646285376457,2.7637602377446377,0.6127698092570749,0.3872301907429251,38.72301907429251,1.6935488337150697,629.9629524555959
7.1000000000000005,4.0,196.23671716502756,2.769187652786598,0.6126929381784099,0.38730706182159014,38.73070618215901,1.6966617193531952,631.9529568083063
7.11,4.0,196.28619059553267,2.774786120867152,0.6126172709871055,0.3873827290128945,38.73827290128945,1.6998819009385313,633.9430273869751
7.12,4.0,196.33493675580473,2.78055986196192,0.6125427252598471,0.3874572747401529,38.74572747401529,1.7032117155942987,635.9331862494446
7.13,4.0,196.38301045304206,2.7865131181740206,0.6124692167899988,0.38753078321000123,38.753078321000125,1.7066535070630997,637.9234565409238
7.140000000000001,4.0,196.43046769111683,2.792650147348894,0.6123966595872374,0.38760334041276256,38.76033404127626,1.710209621632269,639.913862493988
7.15,4.0,196.47736567057473,2.7989752161932064,0.6123249658772599,0.38767503412274007,38.76750341227401,1.7138824037468015,641.9044294285786
7.16,4.0,196.52376278863525,2.8054925928836583,0.6122540461015692,0.3877459538984308,38.77459538984308,1.7176741913010023,643.8951837520044
7.17,4.0,196.56971897747374,2.812206539152798,0.6121838084003636,0.38781619159963643,38.78161915996364,1.7215873091469662,645.8861533017181
7.18,4.0,196.61529579883813,2.8191213018405246,0.6121141584682227,0.3878858415317773,38.78858415317773,1.7256240632959532,647.8773685423912
7.19,4.0,196.66055325745268,2.8262411039017366,0.6120450044234506,0.38795499557654944,38.79549955765494,1.7297867489392762,649.8688597722376
7.2,4.0,196.7055530049612,2.8335701348626294,0.6119762519110631,0.3880237480889369,38.80237480889369,1.7340776306603576,651.8606587438613
7.21,4.0,196.750358748593,2.8411125407204607,0.6119078034792483,0.38809219652075166,38.809219652075164,1.7384989342296036,653.8527989656999
7.22,4.0,196.795036251163,2.8488724132841803,0.6118395585805717,0.3881604414194283,38.81604414194283,1.7430528397961609,655.8453157020241
7.23,4.0,196.83965333107176,2.8568537789561974,0.6117714135733175,0.38822858642668245,38.822858642668244,1.747741474724307,657.8382459729381
7.24,4.0,196.88427986230528,2.865060586958723,0.6117032617229862,0.38829673827701383,38.829673827701384,1.7525669060766242,659.8316285543793
7.25,4.0,196.92898777443517,2.873496697011591,0.6116349932039641,0.3883650067960359,38.83650067960359,1.7575311327482976,661.8255039781184
7.26,4.0,196.97385105261867,2.8821658664722043,0.6115664951013856,0.3884335048986144,38.843350489861436,1.7626360772592542,663.8199145317594
7.2700000000000005,4.0,197.0189457375985,2.8910717369523318,0.611497651413208,0.388502348586792,38.8502348586792,1.7678835772134547,665.8149042587402
7.28,4.0,197.06434992570297,2.90021782043081,0.6114283430525171,0.38857165694748286,38.85716569474829,1.7732753764373927,667.8105189583308
7.29,4.0,197.110143768846,2.9096074848858566,0.6113584478500863,0.3886415521499137,38.86415521499137,1.7788131158128107,669.8068061856355
7.3,4.0,197.156409474527,2.91924393947558,0.6112878405572089,0.38871215944279114,38.871215944279115,1.7844983238217464,671.8038152515919
7.3100000000000005,4.0,197.20323130583103,2.929130219300441,0.6112163928488268,0.3887836071511732,38.878360715117324,1.7903324068253086,673.8015972229707
7.32,4.0,197.2506958594497,2.9392691697867956,0.6111439729028058,0.38885602709719425,38.88560270971942,1.796316637854234,675.8002052477924
7.33,4.0,197.29889235687895,2.9496634307362313,0.6110704449597562,0.38892955504024385,38.892955504024386,1.8024521451015096,677.7996962188164
7.34,4.0,197.34790931141634,2.96031542009114,0.6109956744115815,0.38900432558841846,38.90043255884185,1.8087399165695905,679.8001275623237
7.3500000000000005,4.0,197.3978378483143,2.971227317472861,0.6109195227397929,0.3890804772602071,38.90804772602071,1.8151807747419555,681.8015589414595
7.36,4.0,197.44877223470365,2.9824010475546388,0.6108418467128374,0.38915815328716263,38.91581532871626,1.8217753635265763,683.8040526931733
7.37,4.0,197.5008098795937,2.993838263337648,0.6107624983925019,0.38923750160749815,38.92375016074981,1.8285241374991708,685.8076738282215
7.38,4.0,197.55405133387208,3.005540329404221,0.6106813251408445,0.3893186748591555,38.93186748591555,1.83542735112482,687.8124900311653
7.390000000000001,4.0,197.60860029030493,3.017508305228285,0.6105981696276911,0.3894018303723089,38.94018303723089,1.8424850480087471,689.818571660372
7.4,4.0,197.66456358353682,3.0297429286286373,0.6105128698387412,0.3894871301612588,38.94871301612588,1.8496970502307017,691.8259917480138
7.41,4.0,197.7220511900907,3.042244599456132,0.6104252590843233,0.3895747409156767,38.95747409156767,1.8570629478208929,693.834826000069
7.42,4.0,197.78117622836797,3.055013363610886,0.6103351660088459,0.38966483399115415,38.96648339911542,1.8645820884386928,695.8451527963214
7.43,4.0,197.84205495864842,3.0680488974903137,0.6102424146009872,0.38975758539901284,38.975758539901285,1.8722535673183855,697.8570531903601
7.44,4.0,197.90480678309038,3.0813504929729376,0.6101468242046708,0.3898531757953292,38.98531757953292,1.8800762175489347,699.8706109095805
7.45,4.0,197.96955424573048,3.0949170430464923,0.6100482095308759,0.3899517904691241,38.99517904691241,1.8880486007571053,701.8859123551823
7.46,4.0,198.0364232689548,3.108747028191747,0.6099463803102554,0.3900536196897446,39.00536196897446,1.8961689971458195,703.9030470389933
7.47,4.0,198.10554264102268,3.1228385036355344,0.6098411420872774,0.39015885791272265,39.01588579127227,1.9044353996112184,705.9221089835888
7.48,4.0,198.1770422402029,3.13718908758778,0.6097322989376158,0.3902677010623842,39.026770106238416,1.9128455145768986,707.9431939182382
7.49,4.0,198.25105575502815,3.151795950577585,0.6096196493410206,0.39038035065897936,39.03803506589794,1.9213967421855562,709.9664009321874
7.5,4.0,198.3277209303241,3.166655806002745,0.6095029858244566,0.3904970141755434,39.04970141755434,1.9300861688370243,711.9918327344577
7.51,4.0,198.40717956720934,3.181764902005222,0.609382094981194,0.390617905018806,39.0617905018806,1.9389105617215756,714.0195956538444
7.5200000000000005,4.0,198.48957752309556,3.197119014782179,0.6092567574912315,0.39074324250876846,39.07432425087685,1.9478663642597511,716.0497996389176
7.53,4.0,198.57506471168736,3.2127134434379743,0.6091267481431278,0.39087325185687216,39.08732518568721,1.956949692517084,718.0825582580215
7.54,4.0,198.66379510298233,3.2285430064771523,0.6089918358573156,0.39100816414268436,39.10081641426844,1.9661563326588183,720.1179886992753
7.55,4.0,198.7559267232711,3.2446020400317406,0.6088517837109753,0.39114821628902474,39.114821628902476,1.9754817395055944,722.1562117705724
7.5600000000000005,4.0,198.85162165513725,3.2608843979082818,0.6087063489645488,0.3912936510354512,39.12936510354512,1.984921036246211,724.197351899581
7.57,4.0,198.95104603745733,3.2773834535308017,0.6085552830899723,0.3914447169100277,39.14447169100277,1.9944690153578282,726.2415371337433
7.58,4.0,199.05437006540095,3.294092103845541,0.6083983318007123,0.39160166819928766,39.16016681992877,2.004120140777526,728.2888991402766
7.59,4.0,199.16176789303623,3.3110027752416475,0.6082352352315726,0.39176476476842736,39.17647647684274,2.0138685518514934,730.3395733065066
7.6000000000000005,4.0,199.27341603566006,3.3281074315293893,0.6080657303976365,0.39193426960236355,39.19342696023635,2.02370807619472,732.393699684487
7.61,4.0,199.38949403535645,3.3453975840037478,0.6078895502164557,0.39211044978354426,39.21104497835442,2.033632232635256,734.4514219084417
7.62,4.0,199.5101855066322,3.3628643036066896,0.6077064219571582,0.3922935780428418,39.229357804284184,2.0436342334722717,736.512887515327
7.63,4.0,199.63567808506633,3.380498235186045,0.6075160673581839,0.39248393264181614,39.248393264181615,2.053706993551507,738.5782481378765
7.640000000000001,4.0,199.76616342730998,3.398289613833032,0.6073182026693104,0.39268179733068964,39.26817973306896,2.0638431404228617,740.647659504602
7.65,4.0,199.90183721108644,3.416228283264035,0.60711253869605,0.39288746130395,39.288746130395005,2.0740350258176767,742.7212814397917
7.66,4.0,200.0428991351913,3.4343037161956596,0.6068987808465099,0.39310121915349006,39.31012191534901,2.0842747384157843,744.7992778635127
7.67,4.0,200.1895529194922,3.4525050366453183,0.6066766291808113,0.39332337081918867,39.332337081918865,2.094554117861755,746.8818167916085
7.68,4.0,200.34200630492907,3.4708210440731,0.6064457784631585,0.3935542215368415,39.35542215368415,2.104864769979224,748.9690703357007
7.69,4.0,200.50047105351396,3.4892402392644275,0.6062059182166565,0.3937940817833435,39.37940817833435,2.1151980831217982,751.0612147031887
7.7,4.0,200.6651629483311,3.5077508518373506,0.6059567327809733,0.3940432672190267,39.40432672190267,2.125545245589037,753.1584301972487
7.71,4.0,200.8363017935369,3.526340869243475,0.6056979013729414,0.39430209862705856,39.43020986270586,2.135897264026407,755.2609012168348
7.72,4.0,201.01411016406956,3.5449980671175525,0.605429100039905,0.394570899960095,39.4570899960095,2.1462449894181828,757.3688159145528
7.73,4.0,201.19880996199382,3.5637100408180693,0.6051500069245268,0.3948499930754732,39.48499930754732,2.1565791558780605,759.4823658973553
7.74,4.0,201.3906285662661,3.582464237989749,0.6048602930314055,0.39513970696859446,39.513970696859445,2.1668903687650105,761.6017479672819
7.75,4.0,201.58979592964758,3.6012479919690223,0.604559626685718,0.39544037331428195,39.54403733142819,2.177169141627484,763.7271625377838
7.76,4.0,201.7965442066847,3.620048555845268,0.6042476741642301,0.3957523258357699,39.57523258357699,2.1874059202310834,765.8588134980362
7.7700000000000005,4.0,202.01110775370927,3.6388531369842334,0.6039240997664556,0.39607590023354444,39.60759002335445,2.197591104935546,767.9969082129385
7.78,4.0,202.23372312883836,3.657648931815442,0.6035885658885375,0.3964114341114625,39.64114341114625,2.207715073278224,770.1416575231138
7.79,4.0,202.46462909197436,3.6764231606828357,0.6032407330998917,0.3967592669001083,39.67592669001083,2.217768202635735,772.29327574491
7.8,4.0,202.704066604805,3.695163102557199,0.6028802602226572,0.39711973977734283,39.71197397773428,2.2277408928348454,774.4519806703985
7.8100000000000005,4.0,202.95227883080338,3.713856129410362,0.6025068044139954,0.3974931955860046,39.74931955860046,2.2376235885843667,776.6179935673753
7.82,4.0,203.20951113522773,3.7324897400544463,0.6021200212512788,0.39787997874872116,39.78799787487212,2.2474068016017634,778.7915391793599
7.83,4.0,203.47601108512177,3.751051593254777,0.6017195648202096,0.3982804351797904,39.82804351797904,2.2570811323114186,780.9728457255965
7.84,4.0,203.75202844931445,3.7695295399320856,0.6013050878059042,0.3986949121940958,39.86949121940958,2.2666372909958126,783.162144901053
7.8500000000000005,4.0,204.0378100300783,3.787911654278581,0.6008762493397344,0.3991237506602656,39.91237506602656,2.2760661476531823,785.3596694415862
7.86,4.0,204.33360033312195,3.806186263622868,0.6004327140635651,0.39956728593643487,39.95672859364349,2.2853587484985387,787.5656545456712
7.87,4.0,204.6396486484824,3.8243419768906444,0.5999741415965509,0.40002585840344906,40.002585840344906,2.294506294756621,789.7803406008858
7.88,4.0,204.95620270152745,3.8423677115212795,0.5995001961519423,0.4004998038480577,40.04998038480577,2.3035001967448965,792.003969424131
7.890000000000001,4.0,205.28350861690197,3.8602527187146873,0.5990105466715149,0.4009894533284851,40.098945332848515,2.3123320913274865,794.2367842426029
7.9,4.0,205.62181091852798,3.877986606898114,0.5985048669066351,0.40149513309336493,40.14951330933649,2.320993858027269,796.4790296937908
7.91,4.0,205.97135252960462,3.8955593633183483,0.5979828355,0.4020171645,40.20171645,2.3294776339356806,798.73095182548
7.92,4.0,206.3323747726082,3.91296137368119,0.5974441360679683,0.4025558639320317,40.25558639320317,2.337775827366289,800.9927980957493
7.930000000000001,4.0,206.70511736929217,3.930183439776721,0.5968884572833953,0.40311154271660465,40.31115427166046,2.345881130209075,803.2648173729727
7.94,4.0,207.089818440687,3.9472167950455543,0.5963154929588891,0.4036845070411109,40.36845070411109,2.353786528953196,805.5472599358179
7.95,4.0,207.4867145071004,3.964053118057878,0.5957249421304004,0.4042750578695996,40.42750578695996,2.3614853143568624,807.8403774732477
7.96,4.0,207.89604048811725,3.9806845438932528,0.5951165091410627,0.40488349085893727,40.488349085893724,2.3689710897535363,810.1444230845192
7.97,4.0,208.31802970259943,3.9971036734249568,0.5944899037251947,0.4055100962748053,40.551009627480525,2.376237777994025,812.459651279184
7.98,4.0,208.75290731522443,4.01330358052766,0.5938448508078372,0.4061551491921628,40.61551491921628,2.3832796660250075,814.7863140094312
7.99,4.0,209.20089063295742,4.029277817241512,0.5931810900954978,0.4068189099045022,40.68189099045022,2.3900914079289284,817.1246620432291
8.0,4.0,209.66219962869783,4.0450204169390425,0.5924983605378408,0.4075016394621592,40.75016394621592,2.3966679653784757,819.4749507398822
8.01,4.0,210.13704788616968,4.0605258955535195,0.5917964138204898,0.40820358617951025,40.82035861795102,2.4030046632138053,821.8374336824448
8.02,4.0,210.62564251074616,4.07578925093862,0.5910750145327297,0.4089249854672703,40.892498546727026,2.4090971907308885,824.212362619638
8.03,4.0,211.12818412944998,4.0908059604391775,0.5903339401988069,0.4096660598011931,40.96660598011931,2.4149416012148244,826.599987465849
8.040000000000001,4.0,211.64486689095315,4.105571976761521,0.5895729813049954,0.41042701869500464,41.04270186950046,2.420534310301533,829.0005563011314
8.05,4.0,212.1758784655769,4.120083722239376,0.5887919413222605,0.41120805867773946,41.120805867773946,2.4258720932275675,831.4143153712035
8.06,4.0,212.72140004529194,4.134338081597528,0.5879906367243578,0.4120093632756422,41.20093632756422,2.4309520810322907,833.8415090874518
8.07,4.0,213.28160634371832,4.148332393320309,0.5871688970012144,0.41283110299878556,41.28311029987856,2.435771755780294,836.2823800269277
8.08,4.0,213.85666559612545,4.162064439735768,0.5863265646674491,0.41367343533255085,41.36734353325509,2.440328944874824,838.7371689323493
8.09,4.0,214.44673955943207,4.175532435928883,0.5854634952658958,0.4145365047341042,41.45365047341042,2.444621814535044,841.2061147121005
8.1,4.0,215.05198351220625,4.188735017598549,0.5845795573660034,0.4154204426339966,41.54204426339966,2.4486488625112384,843.6894544402318
8.11,4.0,215.6725462540488,4.201671227973412,0.5836746325578926,0.41632536744210735,41.63253674421073,2.452408910116451,846.1874233559322
8.120000000000001,4.0,216.3085615315471,4.214340503900978,0.582748627913607,0.41725137208639296,41.725137208639296,2.455901146209034,848.7002480179793
8.13,4.0,216.96015336281383,4.226742661222801,0.5818014681345905,0.41819853186540945,41.819853186540946,2.459125085726532,851.2281522696674
8.14,4.0,217.62744269968684,4.238877879546186,0.5808330858244156,0.4191669141755844,41.91669141755844,2.4620805192096666,853.7713614733433
8.15,4.0,218.31053985275267,4.250746686519664,0.5798434324609016,0.42015656753909836,42.01565675390984,2.464767549233366,856.33009556093
8.16,4.0,219.0095444913467,4.262349941715705,0.578832478304575,0.42116752169542504,42.1167521695425,2.467186580164662,858.9045690339264
8.17,4.0,219.72454564355323,4.273688820219787,0.5778002122980403,0.42219978770195965,42.219978770195965,2.4693383076187545,861.4949909634079
8.18,4.0,220.45562169620538,4.284764796020103,0.57674664195622,0.42325335804377995,42.32533580437799,2.4712237076768226,864.1015649900262
8.19,4.0,221.2028403948852,4.295579625286966,0.5756717932474298,0.4243282067525702,42.43282067525702,2.4728440259260704,866.7244893240094
8.2,4.0,221.96625884392344,4.306135329625495,0.5745757104652915,0.42542428953470846,42.542428953470846,2.474200766379261,869.3639567451615
8.21,4.0,222.74592350640006,4.3164341793793986,0.5734584560914936,0.4265415439085064,42.65415439085064,2.475295680327463,872.020154602864
8.22,4.0,223.5418702041433,4.32647867705781,0.5723201106494359,0.4276798893505641,42.76798893505641,2.4761307551761504,874.6932648160723
8.23,4.0,224.35412411773075,4.33627154095121,0.5711607725488118,0.4288392274511882,42.88392274511882,2.47670820331112,877.3834638733204
8.24,4.0,225.1826997864887,4.3458156889964465,0.5699805579212034,0.4300194420787966,43.00194420787966,2.4770304510369137,880.0909228327176
8.25,4.0,226.02760110849235,4.355114222944988,0.5687796004467829,0.4312203995532171,43.12203995532171,2.477100127626752,882.8158073219497
8.26,4.0,226.88882134056567,4.364170412882714,0.5675580511722303,0.43244194882776965,43.244194882776966,2.4769200545192214,885.5582775382786
8.27,4.0,227.7663430835478,4.372987682143837,0.5663160783408321,0.4336839216591679,43.36839216591679,2.4764932347844626,888.3184882196099
8.28,4.0,228.66013445297378,4.381569592656064,0.5650538725947205,0.4349461274052795,43.49461274052795,2.475822866373581,891.096582572623
8.290000000000001,4.0,229.57014987605086,4.389919830748813,0.5637716455840952,0.4362283544159048,43.62283544159048,2.4749123269635107,893.8926972819218
8.3,4.0,230.49633353679332,4.398042193451184,0.5624696248625325,0.4375303751374675,43.75303751374675,2.4737651426800773,896.7069652123602
8.31,4.0,231.43861786751773,4.405940575301683,0.5611480557797495,0.43885194422025053,43.88519442202505,2.47238498771165,899.539511362805
8.32,4.0,232.3969235488423,4.413618955687047,0.559807201228556,0.440192798771444,44.0192798771444,2.470775674872468,902.3904528661333
8.33,4.0,233.37115950968706,4.421081386723375,0.5584473413836137,0.44155265861638626,44.155265861638625,2.468941146456249,905.2598989892336
8.34,4.0,234.3612229272738,4.428331981688786,0.557068773432293,0.442931226567707,44.2931226567707,2.4668854653903676,908.1479511330054
8.35,4.0,235.3669992271261,4.435374904013162,0.5556718112979316,0.44432818870206836,44.43281887020684,2.464612806698383,911.0547028323597
8.36,4.0,236.38836208306935,4.4422143568272086,0.5542567853558192,0.44574321464418076,44.57432146441808,2.4621274492765166,913.980239756218
8.370000000000001,4.0,237.425173417231,4.44885457307001,0.5528240421422472,0.44717595785775277,44.71759578577527,2.4594337679875844,916.9246397075143
8.38,4.0,238.47728340003962,4.455299806151457,0.5513739440569813,0.44862605594301874,44.862605594301876,2.4565362260740327,919.8879726231916
8.39,4.0,239.5445304502262,4.4615543211635105,0.5499068690595245,0.45009313094047554,45.009313094047556,2.453439367890018,922.8703005742058
8.4,4.0,240.62674123482333,4.467622386631975,0.548423210359562,0.451576789640438,45.157678964043804,2.450147811950956,925.8716777655236
8.41,4.0,241.72373066916538,4.473508266798559,0.5469233761019837,0.4530766238980163,45.30766238980163,2.4466662442976017,928.8921505361226
8.42,4.0,242.83530191688857,4.4792162144213075,0.5454077890468997,0.4545922109531003,45.459221095310035,2.442999412170549,931.9317573589918
8.43,4.0,243.96124638993084,4.484750464079979,0.5438768862450754,0.45612311375492465,45.61231137549247,2.4391521179899756,934.9905288411312
8.44,4.0,245.10134758609803,4.490115225971762,0.5423311135135712,0.4576688864864288,45.766888648642876,2.435129190305506,938.0684875884134
8.45,4.0,246.2553800550414,4.4953146801816315,0.540770926574001,0.45922907342599895,45.92290734259989,2.43093548484353,941.165646583441
8.46,4.0,247.4230996026074,4.500352971410881,0.5391968039589183,0.46080319604108166,46.08031960410817,2.4265759388717685,944.282009731253
8.47,4.0,248.60425274297089,4.505234204146614,0.5376092338512866,0.46239076614871344,46.239076614871344,2.422055508811872,947.417572866607
8.48,4.0,249.79857696537766,4.509962438254583,0.536008713435752,0.46399128656424804,46.39912865642481,2.417379164172406,950.57232376487
8.49,4.0,251.0058007341439,4.514541684977328,0.5343957486115638,0.4656042513884362,46.56042513884362,2.41255188338157,953.7462421420161
8.5,4.0,252.22564348865612,4.5189759033194274,0.5327708537053405,0.4672291462946595,46.72291462946595,2.4075786498853535,956.9392996546269
8.51,4.0,253.4578156433714,4.523268996801544,0.5311345511840494,0.4688654488159506,46.88654488159506,2.4024644485009135,960.151459899892
8.52,4.0,254.70201858781718,4.527424810564991,0.5294873713685778,0.4705126286314222,47.05126286314222,2.3972142620149386,963.3826784156082
8.53,4.0,255.95794468659136,4.531447128808666,0.5278298521482653,0.4721701478517347,47.217014785173475,2.3918330680167594,966.6329026801805
8.540000000000001,4.0,257.2252772793626,4.53533967254041,0.5261625386967698,0.47383746130323023,47.383746130323026,2.3863258359560384,969.9020721126216
8.55,4.0,258.5036906808692,4.539106097625105,0.5244859831896473,0.47551401681035266,47.551401681035266,2.3806975244150266,973.1901180725507
8.56,4.0,259.79285018092077,4.542749993112231,0.5228007445240088,0.4771992554759912,47.71992554759912,2.3749530785855106,976.4969638601959
8.57,4.0,261.0924120443969,4.546274879825949,0.5211073880406356,0.4788926119593644,47.88926119593644,2.369097427940855,979.8225247163928
8.58,4.0,262.4020235112479,4.549684209201249,0.5194064852489197,0.48059351475108025,48.05935147510802,2.363135484093732,983.1667078225844
8.59,4.0,263.7213227964943,4.552981362350234,0.5176986135550014,0.48230138644499865,48.23013864449987,2.3570721388304774,986.5294123008214
8.6,4.0,265.04994204588894,4.556169649343049,0.5159843521862231,0.48401564781377693,48.401564781377694,2.3509122449668043,989.910530316598
8.61,4.0,266.3875180927356,4.559252308688607,0.5142642681803437,0.48573573181965635,48.573573181965635,2.3446605519772885,993.309950310162
8.620000000000001,4.0,267.73366834077365,4.5622325070007435,0.5125389472794346,0.4874610527205654,48.74610527205654,2.338321846382177,996.7275475706762
8.63,4.0,269.08800375855634,4.56511333883609,0.5108089768812432,0.48919102311875684,48.91910231187568,2.331900873957779,1000.1631901367165
8.64,4.0,270.45013140402517,4.567897826690476,0.5090749426367592,0.49092505736324077,49.09250573632408,2.3254023240930315,1003.6167398136893
8.65,4.0,271.81965442450894,4.570588921141312,0.5073374283164499,0.4926625716835501,49.26625716835501,2.3188308291434905,1007.0880521738292
8.66,4.0,273.19617205672404,4.573189501123961,0.5055970156824858,0.49440298431751417,49.440298431751415,2.312190963918751,1010.5769765561993
8.67,4.0,274.57927962677434,4.575702374330731,0.5038542843670405,0.4961457156329595,49.614571563295954,2.3054872452949784,1014.083356066692
8.68,4.0,275.9685685501512,4.578130277721652,0.5021098117567362,0.4978901882432638,49.789018824326384,2.298724131944633,1017.607027578028
8.69,4.0,277.3636263317337,4.5804758781368475,0.5003641728833079,0.4996358271166921,49.963582711669204,2.291906024175887,1021.1478217297572
8.700000000000001,4.0,278.7640365657886,4.582741773000777,0.49861794032055157,0.5013820596794485,50.13820596794485,2.2850372638746,1024.7055629282586
8.71,4.0,280.1693789359694,4.58493049110926,0.4968716840876196,0.5031283159123804,50.31283159123804,2.278122134542135,1028.2800693467382
8.72,4.0,281.57922921531804,4.58704449349069,0.4951259715587189,0.5048740284412812,50.48740284412811,2.2711648614226494,1031.8711529252328
8.73,4.0,282.99315926626366,4.589086174333337,0.49338136737927213,0.5066186326207278,50.661863262072785,2.2641696117138945,1035.4786193706068
8.74,4.0,284.4107370406229,4.591057861971201,0.4916384333885885,0.5083615666114115,50.83615666114115,2.257140494855884,1039.1022681565544
8.75,4.0,285.83152666342835,4.592961819921293,0.4898977284465722,0.5101022715534278,51.01022715534278,2.250081562421276,1042.7418925709
8.76,4.0,287.2551006789827,4.594800247965747,0.48815979344763344,0.5118402065523666,51.184020655236665,2.242996739980094,1046.3972861753468
8.77,4.0,288.6810272741055,4.596575283272548,0.48642516704527694,0.5135748329547231,51.357483295472306,2.2358899000020402,1050.0682344669121
8.78,4.0,290.1088673622172,4.598289001549163,0.4846943891186874,0.5153056108813125,51.53056108813126,2.2287648785970506,1053.7545143227621
8.790000000000001,4.0,291.5381833455341,4.599943418223683,0.48296799009011815,0.5170320099098819,51.70320099098819,2.22162542722776,1057.4558992457805
8.8,4.0,292.9685391150671,4.601540489648554,0.4812464910021584,0.5187535089978417,51.875350899784166,2.21447521384772,1061.172159364564
8.81,4.0,294.3995000506231,4.6030821143222855,0.4795304036004564,0.5204695963995436,52.04695963995436,2.2073178240870077,1064.9030614334288
8.82,4.0,295.83063302080427,4.6045701341249154,0.47782023042169214,0.5221797695783079,52.21797695783079,2.200156762480409,1068.6483688324054
8.83,4.0,297.2615063830081,4.6060063355633005,0.47611646488658776,0.5238835351134122,52.38835351134122,2.192995453733625,1072.4078415672407
8.84,4.0,298.6916899834274,4.60739245102268,0.47441959139775197,0.525580408602248,52.5580408602248,2.1858372440232667,1076.1812362693981
8.85,4.0,300.12075515705055,4.608730160021181,0.4727300854421598,0.5272699145578402,52.726991455784024,2.1786854023266713,1079.9683061960573
8.86,4.0,301.5482747276611,4.610021090464286,0.4710484136980709,0.5289515863019292,52.89515863019292,2.171543121777853,1083.7688012301135
8.870000000000001,4.0,302.97382300783835,4.611266819896493,0.4693750341461941,0.5306249658538059,53.06249658538059,2.164413521046128,1087.582467880179
8.88,4.0,304.39697579895613,4.612468876747677,0.46771039618491367,0.5322896038150864,53.22896038150864,2.1572996457342395,1091.4090492805803
8.89,4.0,305.8173103911846,4.613628741571891,0.4660549407493888,0.5339450592506112,53.39450592506112,2.150204469792965,1095.2482851913621
8.9,4.0,307.2344055634888,4.614747848276563,0.46440910043435546,0.5355908995656445,53.559089956564456,2.143130896949496,1099.0999119982844
8.91,4.0,308.64784724545126,4.615827585340222,0.46277329307945203,0.537226706920548,53.7226706920548,2.13608173195487,1102.9636667452007
8.92,4.0,310.05722976235694,4.616869297017138,0.4611479205803954,0.5388520794196046,53.88520794196046,2.1290596759109253,1106.8392862672888
8.93,4.0,311.4621439532421,4.617874284527383,0.45953338279040595,0.540466617209594,54.0466617209594,2.122067391269694,1110.7264991376817
8.94,4.0,312.86218613717597,4.618843807230997,0.45793006730279334,0.5420699326972067,54.20699326972067,2.1151074555063807,1114.6250333486728
8.950000000000001,4.0,314.2569582889025,4.619779083785142,0.4563383494665561,0.543661650533444,54.366165053344396,2.1081823619946305,1118.5346164488174
8.96,4.0,315.6460680388396,4.620681293283192,0.45475859260633755,0.5452414073936624,54.524140739366246,2.101294521815896,1122.4549755429293
8.97,4.0,317.0291286730804,4.621551576374927,0.4531911482428278,0.5468088517571722,54.68088517571722,2.094446265560804,1126.3858372920856
8.98,4.0,318.4057591333923,4.622391036367049,0.4516363563133563,0.5483636436866437,54.83636436866437,2.087639845120333,1130.3269279136234
8.99,4.0,319.77558401721745,4.623200740303396,0.4500945453924224,0.5499054546075777,54.990545460757765,2.080877435464768,1134.2779731811406
9.0,4.0,321.13823357767257,4.623981720024327,0.4485660329119259,0.5514339670880741,55.143396708807416,2.074161136408576,1138.2386984244968
9.01,4.0,322.49334372354883,4.62473497320482,0.4470511253808707,0.5529488746191293,55.294887461912936,2.0674929743594856,1142.2088285298114
9.02,4.0,323.8405560193121,4.625461464370979,0.4455501186043231,0.5544498813956769,55.444988139567684,2.0608749040502157,1146.1880879394655
9.03,4.0,325.1795176851028,4.62616212589464,0.4440632979014187,0.5559367020985813,55.593670209858125,2.054308810251412,1150.176200652101
9.040000000000001,4.0,326.509881596736,4.626837858965917,0.4425909383222201,0.5574090616777799,55.74090616777799,2.047796509464497,1154.172890222621
9.05,4.0,327.83130628570103,4.627489534543553,0.44113330486323965,0.5588666951367603,55.88666951367603,2.0413397515932523,1158.177879762188
9.06,4.0,329.1434570045,4.628117994283036,0.43969065151207054,0.5603093484879295,56.030934848792946,2.0349402161810453,1162.1908931716646
9.07,4.0,330.44601092587857,4.628724051442447,0.4382632157902477,0.5617367842097523,56.17367842097523,2.0285994877908307,1166.2116590718317
9.08,4.0,331.73864982259397,4.629308491766124,0.4368512270569468,0.5631487729430532,56.31487729430532,2.0223190950531746,1170.2399012923747
9.09,4.0,333.02106256593436,4.629872074346217,0.4354549039801028,0.5645450960198972,56.45450960198972,2.0161004995745913,1174.2753445354556
9.1,4.0,334.2929458032596,4.6304155324622815,0.4340744540308824,0.5659255459691176,56.59255459691176,2.0099450941896824,1178.3177153483107
9.11,4.0,335.5540039580014,4.630939574399082,0.43271007372070364,0.5672899262792963,56.72899262792963,2.0038542046343504,1182.3667421232506
9.120000000000001,4.0,336.8039492296634,4.631444884242818,0.43136194883449513,0.5686380511655049,56.863805116550495,1.9978290911865346,1186.4221550976606
9.13,4.0,338.04250159382036,4.631932122656016,0.43003025466005035,0.5699697453399497,56.99697453399497,1.991870950273834,1190.4836863539983
9.14,4.0,339.2693888021195,4.632401927631349,0.4287151562133369,0.5712848437866631,57.128484378666315,1.9859809160474369,1194.551069819798
9.15,4.0,340.48434638227974,4.632854915224671,0.4274168084596385,0.5725831915403615,57.25831915403615,1.980160061921878,1198.6240412676666
9.16,4.0,341.68711763809154,4.6332916802675905,0.4261353565304111,0.5738646434695889,57.38646434695889,1.9744094020802174,1202.7023383152862
9.17,4.0,342.8774536494173,4.633712797059896,0.4248709359357465,0.5751290640642535,57.512906406425344,1.9687298929442838,1206.7857004254124
9.18,4.0,344.0551132721912,4.634118820042188,0.42362367277234464,0.5763763272276554,57.637632722765545,1.9631224346097156,1210.873868905876
9.19,4.0,345.21986313841904,4.6345102844490675,0.42239368392690685,0.5776063160730931,57.76063160730931,1.9575878722455786,1214.9665869095809
9.200000000000001,4.0,346.3714776561788,4.634887706943259,0.42118107727486687,0.5788189227251331,57.88189227251331,1.952126997458399,1219.0635994345066
9.21,4.0,347.5097390094314,4.635251586231034,0.4199859518745864,0.5800140481254136,58.00140481254136,1.9467405496214274,1223.1646533243668
9.22,4.0,348.63443722772735,4.635602403659327,0.41880839808366993,0.5811916019163301,58.119160191633014,1.9414292168293725,1227.2694996559464
9.23,4.0,349.74537317917407,4.635940623794935,0.4176484946237507,0.5823515053762494,58.23515053762493,1.9361936226930465,1231.3778912910432
9.24,4.0,350.84235695634885,4.636266694986177,0.41650631048184605,0.583493689518154,58.34936895181539,1.9310343355385549,1235.4895817517342
9.25,4.0,351.9252064985391,4.636581049907451,0.41538190653246876,0.5846180934675312,58.46180934675312,1.9259518763028727,1239.6043277354372
9.26,4.0,352.993747591742,4.636884106087038,0.41427533570604275,0.5857246642939573,58.57246642939573,1.9209467196792216,1243.7218891149103
9.27,4.0,354.0478138686647,4.6371762664185905,0.41318664315223574,0.5868133568477643,58.68133568477643,1.916019295226715,1247.8420289382516
9.28,4.0,355.0872468087243,4.637457919656686,0.41211586639818787,0.5878841336018121,58.78841336018121,1.9111699884444533,1251.9645134289003
9.290000000000001,4.0,356.11189573804796,4.637729440896845,0.4110630355016166,0.5889369644983834,58.89369644983834,1.9063991418102721,1256.0891119856362
9.3,4.0,357.12161782947237,4.637991192040418,0.4100281731987871,0.5899718268012129,58.997182680121284,1.9017070557843974,1260.215597182578
9.31,4.0,358.1162781025446,4.638243522244721,0.4090112950473373,0.5909887049526628,59.098870495266276,1.8970939897782366,1264.343744769186
9.32,4.0,359.0957494235214,4.6384867683588205,0.4080124095639589,0.5919875904360411,59.19875904360411,1.8925601630886233,1268.4733336702616
9.33,4.0,360.05991250536965,4.63872125534534,0.4070315183569328,0.5929684816430671,59.29684816430672,1.888105755797791,1272.604145985945
9.34,4.0,361.00865590776607,4.638947296688679,0.406068616253527,0.593931383746473,59.3931383746473,1.8837309096394117,1276.735966991718
9.35,4.0,361.94187603709724,4.639165194790015,0.40512369142226706,0.5948763085777329,59.48763085777329,1.8794357288310317,1280.8685851384023
9.36,4.0,362.85947714645977,4.6393752413494695,0.4041967254900927,0.5958032745099073,59.58032745099074,1.8752202808732643,1285.0017920521605
9.370000000000001,4.0,363.76137128099845,4.63957771773576,0.40328769370945194,0.5967123062905481,59.671230629054804,1.8710845975714172,1289.135382540749
9.38,4.0,364.6474748054205,4.639772895343758,0.40239656855298594,0.597603431447014,59.7603431447014,1.8670286919514807,1293.269155026693
9.39,4.0,365.51771610076366,4.639961035940258,0.40152331206199854,0.5984766879380015,59.847668793800146,1.8630525229893544,1297.4029108362663
9.4,4.0,366.3720335575156,4.640142391998316,0.4006678779968558,0.5993321220031442,59.93321220031442,1.85915600580522,1301.5364544753033
9.41,4.0,367.21037198774167,4.64031720702049,0.39983021553249765,0.6001697844675024,60.01697844675024,1.85533902902216,1305.6695940333911
9.42,4.0,368.0326826250849,4.64048571585133,0.3990102693296148,0.6009897306703852,60.09897306703852,1.8516014553020697,1309.8021411838706
9.43,4.0,368.83892312476615,4.6406481449794175,0.3982079796018605,0.6017920203981395,60.17920203981395,1.8479431218553757,1313.9339111838347
9.44,4.0,369.62905756358407,4.64080471282929,0.39742328217913325,0.6025767178208667,60.257671782086675,1.8443638409250063,1318.06472287413
9.450000000000001,4.0,370.403056439915,4.640955630043544,0.3966561085669642,0.6033438914330358,60.33438914330358,1.840863400245016,1322.1943986793572
9.46,4.0,371.16089667371284,4.6411010997554385,0.39590638600204714,0.6040936139979529,60.409361399795294,1.8374415634743022,1326.3227646078678
9.47,4.0,371.90256160650944,4.641241317852266,0.3951740375039482,0.6048259624960518,60.48259624960518,1.8340980706058254,1330.4496502517682
9.48,4.0,372.62804100141443,4.641376473229809,0.39445898192303586,0.6055410180769641,60.55410180769641,1.8308326383517612,1334.5748887869177
9.49,4.0,373.3373310431151,4.641506748038147,0.39376113398467183,0.6062388660153282,60.62388660153282,1.8276449605050071,1338.698316972928
9.5,4.0,374.0304343378765,4.641632317919072,0.39308040432970365,0.6069195956702964,60.69195956702964,1.8245347082774483,1342.8197751531652
9.51,4.0,374.7073599135414,4.641753352235417,0.392416699551304,0.607583300448696,60.7583300448696,1.8215015306154239,1346.9391072547471
9.52,4.0,375.3681232195303,4.641870014292522,0.39176992222819995,0.6082300777718,60.82300777718,1.8185450544927946,1351.0561607885454
9.53,4.0,376.01274612684153,4.641982461552098,0.39113997095433767,0.6088600290456623,60.886002904566226,1.8156648851820327,1355.1707868491849
9.540000000000001,4.0,376.64125492764134,4.642090845838759,0.390526742315276,0.6094732576847239,60.947325768472396,1.8128606155569746,1359.2828396546772
9.55,4.0,377.2536782921024,4.642195313539411,0.38993013288484885,0.6100698671151512,61.00698671151512,1.8101318354858453,1363.3921755692827
9.56,4.0,377.85005929978297,4.6422960057957825,0.38935002752164277,0.6106499724783572,61.06499724783572,1.8074780776202002,1367.4986558730127
9.57,4.0,378.4304461887765,4.642393058690287,0.38878630842222855,0.6112136915777715,61.12136915777715,1.8048988595331747,1371.602145326852
9.58,4.0,378.9948914388041,4.64248660342545,0.388238856012962,0.6117611439870381,61.17611439870381,1.8023936879693983,1375.7025119934133
9.59,4.0,379.5434517712141,4.642576766497111,0.3877075489445335,0.6122924510554665,61.229245105546646,1.7999620589254328,1379.799627236937
9.6,4.0,380.07618814898274,4.642663669861599,0.3871922640846152,0.6128077359153847,61.28077359153848,1.797603457717101,1383.893365723292
9.61,4.0,380.59316577671336,4.642747431097101,0.3866928765086366,0.6133071234913634,61.33071234913634,1.795317359034021,1387.9836054199743
9.620000000000001,4.0,381.0944541006372,4.642828163559393,0.38620925948871776,0.6137907405112822,61.37907405112822,1.7931032269816367,1392.0702275961094
9.63,4.0,381.58012680861276,4.642905976532139,0.3857412844807932,0.6142587155192067,61.42587155192067,1.790960515111059,1396.1531168224476
9.64,4.0,382.05026183012603,4.642980975371936,0.38528882110995427,0.6147111788900457,61.47111788900457,1.7888886664369987,1400.23216097137
9.65,4.0,382.50494133629076,4.643053261648278,0.38485173715404325,0.6151482628459568,61.51482628459568,1.7868871134440865,1404.3072512168844
9.66,4.0,382.944251739848,4.643122933278615,0.3844298985255301,0.6155701014744699,61.55701014744699,1.7849552780818598,1408.378282034627
9.67,4.0,383.3682836951665,4.643190084658673,0.38402316925170227,0.6159768307482978,61.59768307482978,1.7830925717487032,1412.4451512018616
9.68,4.0,383.77713209824236,4.643254806788192,0.3836314114532009,0.6163685885467991,61.63685885467991,1.7812983952650137,1416.5077597974796
9.69,4.0,384.17089608669926,4.643317187392239,0.38325448532093387,0.6167455146790661,61.67455146790661,1.779572138835859,1420.5660122020008
9.700000000000001,4.0,384.54967903978843,4.64337731103826,0.38289224909139985,0.6171077509086002,61.71077509086002,1.777913182003416,1424.6198160975734
9.71,4.0,384.9135883548672,4.643435259248983,0.3825445592339167,0.6174554407660833,61.745544076608326,1.7763208945806301,1428.669082382507
9.72,4.0,385.2627285448077,4.643491110611362,0.38221127700813917,0.6177887229918608,61.778872299186084,1.774794667162711,1432.713722164371
9.73,4.0,385.59721452654094,4.6435449408816485,0.3818922557376465,0.6181077442623535,61.81077442623535,1.773333852092429,1436.7536512521403
9.74,4.0,385.91716807847445,4.6435968230867655,0.38158734417996854,0.6184126558200315,61.841265582003146,1.7719377791642181,1440.7887897526773
9.75,4.0,386.22271295135835,4.643646827622089,0.38129639115822994,0.6187036088417701,61.87036088417701,1.7706057771856654,1444.819060384195
9.76,4.0,386.51397486828523,4.643695022345753,0.3810192455192626,0.6189807544807374,61.89807544807374,1.769337173835734,1448.8443884762587
9.77,4.0,386.7910815246904,4.643741472669634,0.38075575609153806,0.619244243908462,61.9244243908462,1.768131295519959,1452.8647019697848
9.78,4.0,387.05416258835163,4.643786241647087,0.38050577164292676,0.6194942283570732,61.949422835707324,1.7669874672227315,1456.8799314170415
9.790000000000001,4.0,387.30334969938934,4.643829390057573,0.3802691408382896,0.6197308591617103,61.97308591617103,1.7659050123567919,1460.890009981649
9.8,4.0,387.5387764702663,4.643870976488285,0.38004571219690914,0.6199542878030908,61.99542878030908,1.764883252610046,1464.8948734385774
9.81,4.0,387.76057848578824,4.643911057412861,0.379835334049766,0.620164665950234,62.0164665950234,1.7639215077898163,1468.8944601741505
9.82,4.0,387.9688933031031,4.643949687267305,0.3796378544966686,0.6203621455033315,62.03621455033315,1.763019095664635,1472.8887111860427
9.83,4.0,388.16386045170157,4.643986918523195,0.37945312136324294,0.6205468786367571,62.0546878636757,1.7621753318036946,1476.8775700832798
9.84,4.0,388.3456214334169,4.644022801758297,0.37928098215779005,0.62071901784221,62.071901784221,1.7613895294140587,1480.8609830862397
9.85,4.0,388.5143197224249,4.644057385724636,0.3791212840280192,0.6208787159719809,62.08787159719809,1.7606609991757303,1484.8388990266517
9.86,4.0,388.67010076524383,4.644090717414171,0.378973873717665,0.621026126282335,62.1026126282335,1.7599890490746983,1488.8112693475969
9.870000000000001,4.0,388.8131119807348,4.644122842122101,0.37883859752299687,0.6211614024770031,62.116140247700315,1.759372984234051,1492.778048103508
9.88,4.0,388.9435027601012,4.644153803507914,0.37871530124923086,0.6212846987507692,62.12846987507692,1.758812106743261,1496.7391919601678
9.89,4.0,389.0614244668891,4.644183643654266,0.37860383016685145,0.6213961698331485,62.13961698331485,1.758305715485749,1500.694660194713
9.9,4.0,389.1670293516954,4.644212403123744,0.3785040299933566,0.6214959700066434,62.149597000664336,1.7578531107274682,1504.6444140909882
9.91,4.0,389.2604651407886,4.644240121013598,0.37841575196030486,0.6215842480396951,62.15842480396952,1.757453617677578,1508.5884133077911
9.92,4.0,389.3418901221285,4.644266835008523,0.3783388385148049,0.6216611614851951,62.166116148519514,1.7571065201099534,1512.526623892319
9.93,4.0,389.4114649559396,4.644292581431541,0.37827313101828863,0.6217268689817114,62.172686898171136,1.7568110961431194,1516.4590148226118
9.94,4.0,389.46935038740037,4.644317395293072,0.3782184718621744,0.6217815281378256,62.17815281378256,1.7565666280906598,1520.3855568398556
9.950000000000001,4.0,389.5157072466431,4.6443413103382305,0.37817470442243145,0.6218252955775685,62.18252955775685,1.7563724022740483,1524.3062224483822
9.96,4.0,389.55069644875385,4.644364359092444,0.3781416730149023,0.6218583269850977,62.18583269850977,1.7562277088380014,1528.2209859156667
9.97,4.0,389.5744789937728,4.644386572905424,0.37811922285136995,0.6218807771486301,62.18807771486301,1.7561318415683365,1532.129823272332
9.98,4.0,389.5872159666938,4.6444079819935595,0.3781071999963582,0.6218928000036418,62.18928000036418,1.7560840977123213,1536.032712312146
9.99,4.0,389.58906853746464,4.644428615480795,0.3781054513246524,0.6218945486753475,62.18945486753476,1.7560837778014964,1539.9296325920213
10.0,4.0,389.58019796098705,4.64444850143804,0.378113824479529,0.621886175520471,62.1886175520471,1.7561301854769547,1543.8205654320166
10.01,4.0,389.5607655771165,4.644467666921158,0.378132167831684,0.621867832168316,62.1867832168316,1.7562226273170611,1547.7054939153354
10.02,4.0,389.53093281066253,4.644486138007592,0.3781603304388483,0.6218396695611517,62.183966956115164,1.7563604126676011,1551.5844028883273
10.03,4.0,389.49086117138836,4.6445039398316785,0.3781981620060809,0.6218018379939191,62.180183799391905,1.7565428534743424,1555.457278960487
10.040000000000001,4.0,389.4407122540112,4.644521096618687,0.3782455128467302,0.6217544871532699,62.175448715326986,1.756769264117993,1559.3241105044553
10.05,4.0,389.38064773820213,4.64453763171764,0.37830223384405404,0.621697766155946,62.1697766155946,1.7570389612515553,1563.1848876560166
10.06,4.0,389.31082938858606,4.644553567632943,0.3783681764134896,0.6216318235865104,62.163182358651035,1.7573512636400437,1567.0396023141025
10.07,4.0,389.2314190547419,4.644568926054893,0.3784431924655657,0.6215568075344343,62.155680753443434,1.7577054920025774,1570.8882481407893
10.08,4.0,389.1425786712022,4.644583727889069,0.3785271343694487,0.6214728656305513,62.147286563055125,1.7581009688568205,1574.7308205612992
10.09,4.0,389.04447025745367,4.644597993284686,0.3786198549171148,0.6213801450828852,62.13801450828852,1.7585370183657703,1578.5673167639995
10.1,4.0,388.93725591793674,4.644611741661903,0.3787212072881427,0.6212787927118573,62.127879271185726,1.759012966186879,1582.3977357004032
10.11,4.0,388.8210953295857,4.644624991738173,0.3788310473912154,0.6211689526087846,62.11689526087846,1.7595281503595872,1586.222075888358
10.120000000000001,4.0,388.6961465353726,4.64463776155363,0.3789492330831302,0.6210507669168698,62.105076691686975,1.760081917689695,1590.0403348675786
10.13,4.0,388.56257461155195,4.644650068495556,0.37907561593650996,0.62092438406349,62.092438406349004,1.7606735855245061,1593.852517018751
10.14,4.0,388.4205438077657,4.644661929321982,0.3792100486369336,0.6207899513630664,62.07899513630664,1.7613024761203027,1597.6586279309352
10.15,4.0,388.2702172154757,4.644673360184428,0.3793523852657956,0.6206476147342044,62.06476147342044,1.7619679179664607,1601.4586741387654
10.16,4.0,388.1117567679645,4.644684376649823,0.37950248127065445,0.6204975187293456,62.04975187293456,1.762669245657651,1605.2526631224518
10.17,4.0,387.9453232403344,4.644694993721636,0.37966019343652974,0.6203398065634702,62.03398065634702,1.7634057997700376,1609.04060330778
10.18,4.0,387.7710762495083,4.6447052258602515,0.37982537985812787,0.6201746201418721,62.01746201418721,1.7641769267414016,1612.822504066111
10.19,4.0,387.5891742542292,4.644715087002597,0.3799978999129776,0.6200021000870224,62.00021000870224,1.76498197875511,1616.5983757143815
10.200000000000001,4.0,387.39977455506016,4.644724590581074,0.38017761423545676,0.6198223857645433,61.98223857645433,1.7658203136278714,1620.368229515104
10.21,4.0,387.2030332943848,4.6447337495418,0.3803643846916911,0.6196356153083089,61.96356153083089,1.766691294701198,1624.1320776763653
10.22,4.0,386.9991054564067,4.644742576362193,0.3805580743553082,0.6194419256446918,61.94419256446918,1.767594290736509,1627.8899333518289
10.23,4.0,386.7881448671498,4.644751083067924,0.3807585474840287,0.6192414525159713,61.92414525159713,1.7685286758138121,1631.6418106407334
10.24,4.0,386.57030419445823,4.6447592812492555,0.38096566949707794,0.619034330502922,61.9034330502922,1.769493829233889,1635.387724587893
10.25,4.0,386.34573494799633,4.6447671820767855,0.3811793069534009,0.6188206930465991,61.882069304659915,1.77048913542393,1639.1276911836974
10.26,4.0,386.11458747924877,4.644774796316632,0.38139932753066547,0.6186006724693345,61.86006724693345,1.7715139838465472,1642.8617273641119
10.27,4.0,385.8770109815203,4.644782134345068,0.3816256000050368,0.6183743999949631,61.83743999949631,1.772567768912112,1646.5898510106772
10.28,4.0,385.633153489936,4.644789206162612,0.3818579942317081,0.6181420057682919,61.814200576829194,1.7736498898943425,1650.3120809505094
10.290000000000001,4.0,385.3831618814411,4.644796021407637,0.3820963811261724,0.6179036188738276,61.79036188738276,1.7747597508491015,1654.028436956301
10.3,4.0,385.12718187480124,4.644802589369465,0.3823406326462205,0.6176593673537796,61.765936735377956,1.775896760536324,1657.738939746318
10.31,4.0,384.86535803060207,4.644808919000996,0.38259062177465136,0.6174093782253487,61.74093782253487,1.7770603323450371,1661.4436109844037
10.32,4.0,384.5978337512496,4.644815018930883,0.3828462225026791,0.6171537774973209,61.71537774973209,1.7782498842213983,1665.1424732799762
10.33,4.0,384.32475128097,4.644820897475267,0.38310730981402447,0.6168926901859755,61.68926901859755,1.7794648385997123,1668.8355501880296
10.34,4.0,384.0462513090697,4.6448265626490794,0.3833737600493826,0.6166262399506174,61.662623995061736,1.7807046241000268,1672.5228653347594
10.35,4.0,383.7624722899478,4.644832022176953,0.38364545154444074,0.6163545484555593,61.63545484555593,1.7819686784961548,1676.204438645258
10.36,4.0,383.473555633433,4.644837283503717,0.38392225964510884,0.6160777403548912,61.607774035489115,1.7832564255665961,1679.880296521834
10.370000000000001,4.0,383.1796417811742,4.644842353804529,0.3842040604432116,0.6157959395567885,61.579593955678845,1.7845672924503047,1683.5504669163206
10.38,4.0,382.8808694904364,4.644847239994636,0.3844907314502448,0.6155092685497552,61.550926854975515,1.7859007127801885,1687.2149780688662
10.39,4.0,382.5773758341001,4.644851948738777,0.384782151586874,0.615217848413126,61.5217848413126,1.7872561266381914,1690.8738585079377
10.4,4.0,382.2692962006618,4.6448564864602595,0.38507820117313424,0.6149217988268658,61.492179882686585,1.7886329805134813,1694.5271370503192
10.41,4.0,381.9567642942337,4.644860859349685,0.38537876191931497,0.614621238080685,61.462123808068505,1.790030727263667,1698.1748428011115
10.42,4.0,381.6399121345438,4.644865073373387,0.3856837169175122,0.6143162830824878,61.431628308248776,1.7914488260789807,1701.8170051537322
10.43,4.0,381.318870056936,4.644869134281537,0.3859929506338303,0.6140070493661697,61.40070493661697,1.7928867424493355,1705.4536537899169
10.44,4.0,380.99376671236996,4.644873047615978,0.3863063489012185,0.6136936510987815,61.369365109878146,1.7943439481342043,1709.0848186797175
10.450000000000001,4.0,380.664729067421,4.644876818717762,0.38662379891292387,0.6133762010870761,61.33762010870761,1.7958199211352375,1712.710530081504
10.46,4.0,380.33188240428046,4.644880452734424,0.38694518921654525,0.6130548107834548,61.30548107834548,1.797314145671554,1716.3308185419612
10.47,4.0,379.9953503207554,4.644883954626977,0.38727040970867393,0.6127295902913261,61.272959029132615,1.798826112157635,1719.9457148960935
10.48,4.0,379.6552547302686,4.644887329176678,0.3875993516301026,0.6124006483698974,61.24006483698974,1.8003553171837594,1723.5552502672213
10.49,4.0,379.3117158618588,4.644890580991527,0.38793190756158963,0.6120680924384103,61.20680924384103,1.8019012634989033,1727.1594560669823
10.5,4.0,378.9648522601804,4.644893714512545,0.3882679714201626,0.6117320285798373,61.17320285798373,1.8034634599960497,1730.7583639953311
10.51,4.0,378.6147807855036,4.644896734019815,0.3886074384559469,0.6113925615440531,61.13925615440531,1.805041421699834,1734.3520060405401
10.52,4.0,378.26161661371464,4.644899643638313,0.3889502052495037,0.6110497947504963,61.104979475049625,1.8066346697564684,1737.9404144791977
10.53,4.0,377.90547323631523,4.644902447343522,0.38929616970966435,0.6107038302903356,61.07038302903356,1.808242731425879,1741.52362187621
10.540000000000001,4.0,377.54646246042296,4.644905148966847,0.3896452310718465,0.6103547689281534,61.035476892815346,1.8098651400759969,1745.1016610848012
10.55,4.0,377.1846944087715,4.644907752200828,0.3899972898968371,0.6100027101031629,61.00027101031629,1.811501435179132,1748.67456524651
10.56,4.0,376.82027751971003,4.644910260604171,0.3903522480700307,0.6096477519299692,60.964775192996925,1.8131511623103902,1752.2423677911943
10.57,4.0,376.45331854720365,4.644912677606593,0.390710008801108,0.609289991198892,60.928999119889205,1.81481387314805,1755.8051024370286
10.58,4.0,376.0839225608332,4.644915006513493,0.39107047662414124,0.6089295233758587,60.89295233758587,1.8164891254758577,1759.3628031905048
10.59,4.0,375.71219294579527,4.644917250510456,0.3914335573981147,0.6085664426018853,60.85664426018853,1.8181764831871778,1762.9155043464311
10.6,4.0,375.3382314096382,4.644919412667588,0.3917991583012581,0.6082008416987419,60.82008416987419,1.819875516260335,1766.4632404793963
10.61,4.0,374.9621410617644,4.644921495943697,0.3921671848174371,0.6078328151825629,60.783281518256295,1.8215857867622383,1770.0060435717885
10.620000000000001,4.0,374.5840247607016,4.644923503190324,0.39253754234315225,0.6074624576568477,60.74624576568477,1.8233068563142751,1773.5439476735128
10.63,4.0,374.20398208835917,4.644925437155634,0.39291013915061984,0.6070898608493802,60.70898608493802,1.825038299857074,1777.076989674144
10.64,4.0,373.82211102010274,4.644927300488147,0.3932848847576934,0.6067151152423066,60.67151152423066,1.826779698080345,1780.6052063305397
10.65,4.0,373.43850792475445,4.644929095740359,0.3936616899301055,0.6063383100698945,60.633831006989446,1.8285306374346664,1784.1286342668384
10.66,4.0,373.0532675645929,4.644930825372206,0.3940404666840454,0.6059595333159546,60.59595333159547,1.830290710144772,1787.6473099744599
10.67,4.0,372.6664830953531,4.644932491754428,0.39442112828906023,0.6055788717109398,60.55788717109398,1.8320595142242975,1791.1612698121055
10.68,4.0,372.27824606622664,4.644934097171793,0.39480358927126813,0.6051964107287319,60.519641072873185,1.8338366534919213,1794.6705500057576
10.69,4.0,371.88864641986135,4.6449356438262095,0.39518776541687445,0.6048122345831255,60.48122345831255,1.8356217375888708,1798.17518664868
10.700000000000001,4.0,371.4977724923616,4.64493713383973,0.39557357377597685,0.6044264262240231,60.44264262240231,1.8374143819977249,1801.675215701419
10.71,4.0,371.10571101328844,4.644938569257438,0.3959609326666517,0.6040390673333482,60.40390673333482,1.839214208062478,1805.1706729917996
10.72,4.0,370.71254710565904,4.644939952050242,0.3963497616793105,0.6036502383206894,60.36502383206894,1.8410208430098216,1808.6615942149306
10.73,4.0,370.31836428594715,4.6449412841175555,0.39673998168131447,0.6032600183186856,60.32600183186856,1.8428339199715802,1812.1480149332012
10.74,4.0,369.923244464083,4.644942567289887,0.397131514821839,0.6028684851781609,60.2868485178161,1.8446530780082748,1815.6299705762824
10.75,4.0,369.5272679434532,4.644943803331338,0.39752428453697713,0.6024757154630229,60.24757154630229,1.8464779621337555,1819.107496441126
10.76,4.0,369.1305134209009,4.644944993942005,0.3979182155550721,0.6020817844449279,60.20817844449279,1.8483082233408679,1822.5806276919652
10.77,4.0,368.7330579867256,4.644946140760297,0.3983132339022696,0.6016867660977304,60.168676609773044,1.8501435186281006,1826.0493993603152
10.78,4.0,368.3349771246834,4.644947245365168,0.39870926690827957,0.6012907330917204,60.12907330917204,1.851983511027179,1829.513846344972
10.790000000000001,4.0,367.93634471198664,4.644948309278276,0.39910624321233906,0.6008937567876609,60.08937567876609,1.8538278696315589,1832.9740034120136
10.8,4.0,367.5372330193043,4.644949333966052,0.3995040927693656,0.6004959072306344,60.04959072306344,1.8556762696257765,1836.4299051947978
10.81,4.0,367.1377127107618,4.644950320841696,0.39990274685629357,0.6000972531437064,60.00972531437064,1.8575283923156163,1839.8815861939654
10.82,4.0,366.7378528439408,4.6449512712671135,0.4003021380785829,0.599697861921417,59.969786192141704,1.8593839251590571,1843.3290807774379
10.83,4.0,366.33772086987966,4.644952186554768,0.4007022003768925,0.5992977996231075,59.92977996231075,1.8612425617979538,1846.772423180418
10.84,4.0,365.93738263307307,4.644953067969469,0.4011028690339097,0.5988971309660903,59.88971309660903,1.863104002090415,1850.2116475053904
10.85,4.0,365.5369023714722,4.644953916730101,0.40150408068132587,0.5984959193186741,59.84959193186741,1.864967952143843,1853.6467877221205
10.86,4.0,365.1363427164846,4.644954734011284,0.4019057733069523,0.5980942266930477,59.809422669304766,1.8668341243485942,1857.0778776676552
10.870000000000001,4.0,364.7357646929744,4.644955520944976,0.4023078862619656,0.5976921137380344,59.769211373803444,1.8687022374122209,1860.5049510463239
10.88,4.0,364.3352277192621,4.644956278622019,0.40271036026827606,0.597289639731724,59.7289639731724,1.8705720163942643,1863.9280414297348
10.89,4.0,363.93478968656217,4.644957008093625,0.4031131373460698,0.5968868626539302,59.688686265393024,1.872443192370235,1867.3471822454992
10.9,4.0,363.5345137780024,4.644957710372812,0.4035161539518591,0.596483846048141,59.6483846048141,1.8743154705586704,1870.7624062527489
10.91,4.0,363.1344605045174,4.644958386435786,0.4039193489821131,0.5960806510178869,59.60806510178869,1.8761885674981496,1874.1737475825387
10.92,4.0,362.7346851665407,4.644959037223276,0.4043226663484584,0.5956773336515415,59.567733365154155,1.8780622230094834,1877.5812408938555
10.93,4.0,362.3352418639548,4.644959663641812,0.4047260509521553,0.5952739490478447,59.52739490478447,1.8799361814978022,1880.9849205224634
10.94,4.0,361.93618349609056,4.6449602665649685,0.40512944869001444,0.5948705513099856,59.487055130998556,1.8818101919804882,1884.3848204809044
10.950000000000001,4.0,361.53756176172743,4.644960846834554,0.4055328064603894,0.5944671935396106,59.446719353961065,1.8836840081154436,1887.7809744584974
10.96,4.0,361.13942715909377,4.644961405261764,0.4059360721692407,0.5940639278307593,59.40639278307594,1.8855573882296772,1891.1734158213378
10.97,4.0,360.7418289858663,4.644961942628285,0.40633919473626706,0.5936608052637329,59.36608052637329,1.8874300953481842,1894.5621776122991
10.98,4.0,360.3448153391704,4.6449624596873615,0.4067421241010973,0.5932578758989027,59.32578758989027,1.8893018972230948,1897.9472925510318
10.99,4.0,359.94843311558014,4.644962957164831,0.4071448112295395,0.5928551887704605,59.28551887704605,1.8911725663630787,1901.3287930339636
11.0,4.0,359.5527280111181,4.6449634357601095,0.40754720811988165,0.5924527918801183,59.245279188011835,1.8930418800629658,1904.7067111342997
11.01,4.0,359.15774452125567,4.644963896147152,0.4079492678092388,0.5920507321907612,59.20507321907612,1.8949096204335796,1908.0810786020222
11.02,4.0,358.76352594091264,4.644964338975367,0.4083509443799431,0.5916490556200569,59.164905562005686,1.8967755744317494,1911.4519268638903
11.03,4.0,358.3701143644576,4.6449647648705135,0.40875219296597165,0.5912478070340283,59.124780703402834,1.8986395338904913,1914.8192870234413
11.040000000000001,4.0,357.97755068570757,4.644965174435548,0.40915296975940685,0.5908470302405932,59.084703024059316,1.9005012955493257,1918.1831898609892
11.05,4.0,357.5858745979284,4.644965568251456,0.409553232016926,0.590446767983074,59.04467679830741,1.902360661084721,1921.5436658336241
11.06,4.0,357.1951245938345,4.644965946878038,0.4099529380663159,0.5900470619336842,59.00470619336842,1.9042174371406386,1924.9007450752154
11.07,4.0,356.80533796558876,4.64496631085469,0.4103520473130069,0.5896479526869931,58.96479526869931,1.9060714353591668,1928.254457396408
11.08,4.0,356.41655080480285,4.644966660701122,0.4107505202466236,0.5892494797533764,58.92494797533764,1.907922472411208,1931.6048322846254
11.09,4.0,356.028798002537,4.644966996918086,0.41114831844754784,0.5888516815524522,58.88516815524522,1.9097703700272273,1934.9518989040673
11.1,4.0,355.6421132493,4.644967319988053,0.41154540459348954,0.5884545954065105,58.84545954065105,1.9116149550280201,1938.2956860957115
11.11,4.0,355.25652903504937,4.644967630375877,0.41194174246606247,0.5880582575339375,58.80582575339375,1.913456059355496,1941.6362223773122
11.120000000000001,4.0,354.8720766491911,4.6449679285294305,0.4123372969573602,0.5876627030426398,58.766270304263976,1.9152935201034542,1944.973535943402
11.13,4.0,354.4887861805801,4.644968214880215,0.41273203407652936,0.5872679659234706,58.726796592347064,1.917127179548337,1948.307654665289
11.14,4.0,354.1066865175196,4.644968489843961,0.41312592095633677,0.5868740790436633,58.68740790436633,1.9189568851799514,1951.6386060910597
11.15,4.0,353.72580534776154,4.644968753821191,0.4135189258597259,0.5864810741402742,58.648107414027415,1.9207824897321284,1954.966417445578
11.16,4.0,353.3461691585065,4.644969007197766,0.41391101818636106,0.586088981813639,58.6088981813639,1.922603851213318,1958.2911156304842
11.17,4.0,352.9678032364036,4.644969250345422,0.4143021684791547,0.5856978315208453,58.56978315208453,1.924420832937102,1961.612727224197
11.18,4.0,352.59073166755076,4.6449694836222815,0.4146923484307748,0.5853076515692253,58.53076515692253,1.9262333035526071,1964.931278481911
11.19,4.0,352.21497733749436,4.644969707373333,0.4150815308901308,0.5849184691098692,58.49184691098692,1.9280411370748058,1968.2467953355992
11.200000000000001,4.0,351.8405643388607,4.644969921930921,0.4154696873716591,0.5845303126283409,58.45303126283409,1.9298442013153996,1971.5593038062593
11.21,4.0,351.46752195667125,4.6449701276151885,0.41585678391273595,0.584143216087264,58.414321608726404,1.931642338640783,1974.8688312578074
11.22,4.0,351.09587127230816,4.644970324734524,0.41624279496944466,0.5837572050305553,58.375720503055526,1.9334354305176273,1978.175404137114
11.23,4.0,350.7256319209718,4.644970513585989,0.41662769642852315,0.5833723035714768,58.33723035714768,1.9352233650537445,1981.479048444346
11.24,4.0,350.35682280832947,4.644970694455713,0.41701146486886825,0.5829885351311317,58.29885351311317,1.9370060335679413,1984.7797898279305
11.25,4.0,349.98946211051503,4.644970867619309,0.41739407756563157,0.5826059224343685,58.26059224343685,1.9387833306091926,1988.077653584554
11.26,4.0,349.62356727412947,4.6449710333422285,0.41777551249429545,0.5822244875057045,58.22244875057046,1.9405551539757067,1991.3726646591629
11.27,4.0,349.25915501624047,4.644971191880149,0.41815574833473007,0.58184425166527,58.184425166527,1.9423214047339068,1994.6648476449639
11.28,4.0,348.8962413243824,4.6449713434793125,0.4185347644752288,0.5814652355247711,58.14652355247711,1.9440819872373012,1997.9542267834233
11.290000000000001,4.0,348.5348414565566,4.64497148837687,0.41891254101652015,0.5810874589834798,58.108745898347976,1.945836809145242,2001.2408259642682
11.3,4.0,348.1749699412313,4.644971626801208,0.41928905877575656,0.5807109412242435,58.07109412242435,1.9475857814415733,2004.5246687254837
11.31,4.0,347.81664057734145,4.644971758972268,0.4196642992904778,0.5803357007095222,58.03357007095222,1.9493288184531552,2007.8057782533165
11.32,4.0,347.4598664342888,4.644971885101844,0.4200382448225478,0.5799617551774522,57.99617551774522,1.95106583786826,2011.0841773822729
11.33,4.0,347.104659851942,4.64497200539388,0.4204108783620635,0.5795891216379365,57.958912163793656,1.9527967607548367,2014.3598885951187
11.34,4.0,346.7510324406365,4.644972120044752,0.4207821836312357,0.5792178163687642,57.921781636876425,1.9545215115786412,2017.6329340228801
11.35,4.0,346.3989950811744,4.644972229243537,0.4211521450882398,0.5788478549117602,57.88478549117602,1.9562400182212187,2020.903335444843
11.36,4.0,346.048557924825,4.64497233317228,0.4215207479310352,0.5784792520689648,57.84792520689648,1.9579522119977453,2024.1711142885529
11.370000000000001,4.0,345.699730393324,4.6449724320062415,0.42188797810115414,0.5781120218988458,57.81120218988458,1.959658027674714,2027.4362916298164
11.38,4.0,345.35252117887427,4.644972525914145,0.4222538222874559,0.5777461777125441,57.77461777125441,1.9613574034874666,2030.698888192698
11.39,4.0,345.0069382441453,4.644972615058414,0.4226182679298496,0.5773817320701504,57.738173207015045,1.963050281157571,2033.9589243495236
11.4,4.0,344.6629888222735,4.644972699595387,0.4229813032229805,0.5770186967770194,57.70186967770194,1.9647366059100226,2037.2164201208793
11.41,4.0,344.32067941686205,4.644972779675548,0.42334291711988253,0.5766570828801174,57.66570828801174,1.966416326490296,2040.4713951756098
11.42,4.0,343.9800158019809,4.64497285544373,0.42370309933559336,0.5762969006644066,57.629690066440666,1.9680893951812095,2043.7238688308212
11.43,4.0,343.641003022167,4.644972927039321,0.42406184035073424,0.5759381596492658,57.59381596492658,1.9697557678196314,2046.973860051878
11.44,4.0,343.30364539242396,4.644972994596452,0.42441913141505094,0.5755808685849491,57.5580868584949,1.9714154038129945,2050.221387452406
11.450000000000001,4.0,342.9679464982222,4.6449730582441955,0.42477496455091784,0.5752250354490822,57.52250354490822,1.9730682661556467,2053.4664692942906
11.46,4.0,342.63390919549914,4.644973118106735,0.4251293325568026,0.5748706674431974,57.48706674431973,1.9747143214450065,2056.709123487676
11.47,4.0,342.3015356106589,4.6449731743035505,0.4254822290106922,0.5745177709893078,57.451777098930776,1.9763535398975451,2059.9493675909675
11.48,4.0,341.9708271405724,4.644973226949578,0.4258336482734795,0.5741663517265205,57.41663517265205,1.9779858953645757,2063.18721881083
11.49,4.0,341.64178445257744,4.644973276155373,0.4261835854923092,0.5738164145076907,57.381641450769074,1.9796113653478549,2066.422694002188
11.5,4.0,341.31440748447864,4.644973322027274,0.42653203660388417,0.5734679633961158,57.346796339611586,1.9812299310150028,2069.655809668227
11.51,4.0,340.9886957997187,4.644973364667544,0.42687899795923356,0.5731210020407664,57.31210020407664,1.9828415754566109,2072.886582084438
11.52,4.0,340.66465403332984,4.64497340417452,0.42722446051710145,0.5727755394828986,57.277553948289864,1.9844462567147434,2076.1150294382005
11.53,4.0,340.3422822609426,4.644973440642749,0.42756842010230783,0.5724315798976922,57.24315798976922,1.9860439554328013,2079.341168746353
11.540000000000001,4.0,340.02157794466365,4.644973474163127,0.42791087534680927,0.5720891246531907,57.208912465319074,1.9876346652918533,2082.565016014844
11.55,4.0,339.7025382116978,4.644973504823026,0.42825182526482736,0.5717481747351727,57.17481747351727,1.9892183817472233,2085.7865869574193
11.56,4.0,339.38515985434765,4.644973532706421,0.4285912692542526,0.5714087307457474,57.14087307457474,1.990795102035055,2089.005896995629
11.57,4.0,339.06943933001395,4.644973557894009,0.42892920709802823,0.5710707929019718,57.107079290197184,1.9923648251787842,2092.2229612588244
11.58,4.0,338.7553727611954,4.644973580463322,0.42926563896551484,0.5707343610344852,57.073436103448515,1.9939275519955233,2095.4377945841575
11.59,4.0,338.44295593548895,4.644973600488843,0.4296005654138349,0.5703994345861652,57.03994345861651,1.9954832851023434,2098.650411516581
11.6,4.0,338.1321843055892,4.644973618042114,0.4299339873891991,0.5700660126108009,57.00660126108009,1.9970320289224806,2101.8608263088495
11.61,4.0,337.82305298928907,4.644973633191837,0.4302659062282111,0.569734093771789,56.973409377178896,1.998573789691432,2105.069052921519
11.620000000000001,4.0,337.5155567694793,4.644973646003972,0.43059632365915557,0.5694036763408444,56.940367634084446,2.000108575462974,2108.275105022947
11.63,4.0,337.20969009414887,4.6449736565418425,0.4309252418032637,0.5690747581967364,56.907475819673635,2.0016363961150834,2111.4789959892914
11.64,4.0,336.90544707638463,4.644973664866216,0.4312526631759623,0.5687473368240377,56.874733682403765,2.003157263355765,2114.680738904511
11.65,4.0,336.6028214943715,4.644973671035403,0.4315785906881016,0.5684214093118984,56.842140931189846,2.004671190728797,2117.880346560368
11.66,4.0,336.3018067913923,4.644973675105336,0.4319030276471648,0.5680969723528352,56.809697235283515,2.0061781936193728,2121.077831456423
11.67,4.0,336.0023960758281,4.64497367712966,0.43222597775845834,0.5677740222415417,56.77740222415417,2.007678289259669,2124.273205800041
11.68,4.0,335.7045821211578,4.644973677159804,0.4325474451262829,0.567452554873717,56.74525548737171,2.009171496734309,2127.4664815063857
11.69,4.0,335.40835736595835,4.644973675245067,0.4328674342550862,0.5671325657449138,56.713256574491375,2.01065783698575,2130.6576701984236
11.700000000000001,4.0,335.11371391390475,4.64497367143268,0.4331859500505965,0.5668140499494034,56.681404994940344,2.012137332819573,2133.846783206922
11.71,4.0,334.8206435337701,4.644973665767891,0.4335029978209372,0.5664970021790627,56.64970021790627,2.013610008909689,2137.0338315704485
11.72,4.0,334.5291376594255,4.644973658294025,0.4338185832777246,0.5661814167222754,56.61814167222754,2.0150758918034635,2140.2188260353732
11.73,4.0,334.23918738983986,4.644973649052552,0.43413271253714536,0.5658672874628546,56.586728746285466,2.0165350099267467,2143.4017770558676
11.74,4.0,333.9507834890804,4.6449736380831546,0.4344453921210173,0.5655546078789827,56.55546078789827,2.0179873935888244,2146.582694793903
11.75,4.0,333.66391638631217,4.644973625423781,0.43475662895783185,0.5652433710421682,56.52433710421681,2.0194330749872815,2149.7615891192545
11.76,4.0,333.3785761757983,4.644973611110711,0.43506643038377935,0.5649335696162207,56.49335696162206,2.02087208821279,2152.9384696094958
11.77,4.0,333.09475261689994,4.644973595178616,0.4353748041437557,0.5646251958562443,56.46251958562443,2.0223044692538066,2156.113345550003
11.78,4.0,332.81243513407634,4.644973577660604,0.43568175839235324,0.5643182416076468,56.43182416076468,2.023730256001192,2159.286225933954
11.790000000000001,4.0,332.53161281688455,4.644973558588282,0.4359873016948344,0.5640126983051656,56.40126983051657,2.0251494882527576,2162.457119462328
11.8,4.0,332.2522744199799,4.6449735379917945,0.4362914430280875,0.5637085569719125,56.370855697191246,2.026562207717721,2165.626034543903
11.81,4.0,331.97440836311563,4.644973515899891,0.43659419178156783,0.5634058082184321,56.34058082184321,2.0279684580211006,2168.792979295262
11.82,4.0,331.698002731143,4.6449734923399575,0.43689555775822164,0.5631044422417784,56.310444224177836,2.0293682847080206,2171.957961540786
11.83,4.0,331.4230452740112,4.644973467338067,0.4371955511753946,0.5628044488246053,56.280444882460536,2.03076173524795,2175.12098881266
11.84,4.0,331.14952592742105,4.644973440919023,0.43749417991273293,0.562505820087267,56.2505820087267,2.0321488462512933,2178.2820699058902
11.85,4.0,330.8774344049405,4.644973413106406,0.4377914521353228,0.5622085478646772,56.220854786467726,2.0335296556538203,2181.4412137761287
11.86,4.0,330.60675725580586,4.644973383922606,0.4380873795119722,0.5619126204880278,56.191262048802784,2.0349042176655123,2184.598427500264
11.870000000000001,4.0,330.3374809638427,4.644973353388867,0.4383819738351211,0.5616180261648789,56.16180261648789,2.0362725870701532,2187.7537179566493
11.88,4.0,330.06959195090514,4.644973321525322,0.43867524701691574,0.5613247529830843,56.13247529830843,2.037634819207104,2190.9070918270936
11.89,4.0,329.8030765768756,4.644973288351036,0.43896721108903497,0.561032788910965,56.103278891096494,2.038990969970518,2194.0585555968637
11.9,4.0,329.53792113966483,4.644973253884025,0.4392578782025178,0.5607421217974822,56.074212179748216,2.040341095808542,2197.2081155546807
11.91,4.0,329.27411187521216,4.64497321814131,0.4395472606275897,0.5604527393724104,56.045273937241035,2.0416852537225325,2200.3557777927235
11.92,4.0,329.0116349574853,4.644973181138931,0.43983537075348955,0.5601646292465104,56.016462924651044,2.043023501266257,2203.501548206627
11.93,4.0,328.75047649848017,4.644973142891991,0.4401222210882967,0.5598777789117033,55.98777789117033,2.044355896545109,2206.6454324954816
11.94,4.0,328.4906225482214,4.644973103414678,0.44040782425875785,0.5595921757412421,55.95921757412421,2.0456824982153083,2209.7874361618346
11.950000000000001,4.0,328.2320590947617,4.644973062720297,0.4406921930101151,0.5593078069898849,55.93078069898849,2.0470033654831186,2212.927564511691
11.96,4.0,327.97477206418256,4.644973020821296,0.44097534020593354,0.5590246597940665,55.90246597940664,2.0483185581040537,2216.065822654508
11.97,4.0,327.7187473205936,4.644972977729296,0.4412572788279301,0.5587427211720699,55.87427211720699,2.0496281363820965,2219.202215503203
11.98,4.0,327.4639706661329,4.6449729334551115,0.4415380219758026,0.5584619780241974,55.84619780241974,2.0509321611689115,2222.3367477741485
11.99,4.0,327.21042784096704,4.6449728880087795,0.4418175828670599,0.5581824171329401,55.818241713294015,2.0522306938630654,2225.4694239871733
12.0,4.0,326.9581045232909,4.6449728413995786,0.44209597483685287,0.5579040251631471,55.79040251631471,2.053523796409253,2228.6002484655623
12.01,4.0,326.70698632932783,4.644972793636058,0.4423732113378061,0.557626788662194,55.762678866219396,2.0548115312975237,2231.7292253360565
12.02,4.0,326.4570588133296,4.6449727447260525,0.4426493059398508,0.5573506940601491,55.735069406014915,2.056093961562511,2234.8563585288534
12.030000000000001,4.0,326.2083074675763,4.644972694676709,0.4429242723300595,0.5570757276699405,55.70757276699405,2.057371150782677,2237.9816517776076
12.040000000000001,4.0,325.96071772237656,4.6449726434945,0.4431981243124809,0.556801875687519,55.680187568751904,2.058643163079548,2241.105108619428
12.05,4.0,325.7142749460673,4.644972591185253,0.4434708758079774,0.5565291241920226,55.65291241920226,2.059910063116974,2244.2267323948818
12.06,4.0,325.4689644450139,4.644972537754159,0.44374254085406317,0.5562574591459368,55.62574591459368,2.0611719161003763,2247.3465262479917
12.07,4.0,325.2247714636102,4.644972483205796,0.44401313360474426,0.5559868663952557,55.598686639525575,2.062428787776016,2250.4644931262364
12.08,4.0,324.9816811842783,4.644972427544146,0.4442826683303608,0.5557173316696392,55.571733166963924,2.0636807444302665,2253.580635780552
12.09,4.0,324.73967872746886,4.644972370772609,0.4445511594174304,0.5554488405825696,55.54488405825696,2.0649278528888937,2256.6949567653282
12.1,4.0,324.4987491516609,4.644972312894021,0.4448186213684941,0.5551813786315059,55.518137863150585,2.0661701805163437,2259.807458438415
12.11,4.0,324.25887745336183,4.644972253910666,0.44508506880196397,0.554914931198036,55.4914931198036,2.0674077952150425,2262.9181429611153
12.120000000000001,4.0,324.0200485671074,4.644972193824296,0.4453505164519735,0.5546494835480265,55.464948354802644,2.0686407654247065,2266.0270122981906
12.13,4.0,323.78224736546196,4.644972132636141,0.4456149791682292,0.5543850208317709,55.438502083177085,2.0698691601216592,2269.1340682178566
12.14,4.0,323.5454586590181,4.644972070346922,0.4458784719158664,0.5541215280841336,55.41215280841336,2.071093048818164,2272.2393122917865
12.15,4.0,323.30966719639684,4.644972006956868,0.44614100977530574,0.5538589902246942,55.38589902246942,2.0723125015617656,2275.3427458951096
12.16,4.0,323.0748576642477,4.644971942465722,0.4464026079421135,0.5535973920578865,55.35973920578865,2.073527588934643,2278.444370206412
12.17,4.0,322.84101482160696,4.6449718768727575,0.4466632815770462,0.5533367184229538,55.33367184229539,2.0747383813570774,2281.5441863775977
12.18,4.0,322.60812470122244,4.644971810176791,0.4469230444651476,0.5530769555348525,55.307695553485246,2.075944942858999,2284.6421972147705
12.19,4.0,322.3761719324432,4.644971742376189,0.44718191199991986,0.5528180880000801,55.281808800008015,2.0771473449413835,2287.738403924315
12.200000000000001,4.0,322.14514072750063,4.644971673468876,0.4474399000858686,0.5525600999141314,55.25600999141314,2.078345661478604,2290.8328070172183
12.21,4.0,321.9150153841524,4.644971603452355,0.44769702457774274,0.5523029754222573,55.23029754222573,2.079539966113726,2293.925406903617
12.22,4.0,321.68578028568163,4.644971532323705,0.4479533012799366,0.5520466987200634,55.20466987200634,2.0807303322557296,2297.0162038928
12.23,4.0,321.4574199008973,4.6449714600795975,0.44820874594589855,0.5517912540541015,55.17912540541015,2.081916833076766,2300.105198193208
12.24,4.0,321.22991878413427,4.644971386716305,0.44846337427754895,0.551536625722451,55.153662572245096,2.0830995415094598,2303.192389912431
12.25,4.0,321.003261575253,4.644971312229704,0.44871720192470593,0.5512827980752941,55.12827980752941,2.0842785302442426,2306.2777790572113
12.26,4.0,320.77743299964,4.644971236615287,0.44897024448451867,0.5510297555154813,55.10297555154813,2.0854538717267226,2309.361365533443
12.27,4.0,320.55241786820727,4.64497115986817,0.44922251750090925,0.5507774824990908,55.07774824990908,2.086625638155098,2312.4431491461696
12.280000000000001,4.0,320.32820107739286,4.6449710819831,0.4494740364640221,0.5505259635359778,55.052596353597785,2.0877939014776,2315.5231295995877
12.290000000000001,4.0,320.10476760916055,4.64497100295446,0.449724816809681,0.550275183190319,55.0275183190319,2.088958733389975,2318.601306497042
12.3,4.0,319.8821025309998,4.644970922776272,0.4499748739188542,0.5500251260811457,55.00251260811457,2.090120205332997,2321.6776793410318
12.31,4.0,319.66019099592603,4.644970841442216,0.4502242231171265,0.5497757768828735,54.97757768828735,2.0912783884900272,2324.7522475332057
12.32,4.0,319.4390182424802,4.644970758945623,0.45047287967417954,0.5495271203258205,54.95271203258205,2.092433353784594,2327.825010374363
12.33,4.0,319.2185695947293,4.644970675279485,0.4507208588032787,0.5492791411967213,54.927914119672124,2.093585171878015,2330.895967064455
12.34,4.0,318.99883046226597,4.6449705904364595,0.4509681756607681,0.5490318243392319,54.90318243392319,2.094733913167051,2333.965116702584
12.35,4.0,318.7797863402087,4.644970504408879,0.4512148453455721,0.5487851546544279,54.87851546544279,2.0958796477815964,2337.032458287004
12.36,4.0,318.5614228092019,4.64497041718875,0.45146088289870456,0.5485391171012954,54.853911710129545,2.097022445582397,2340.097990715118
12.370000000000001,4.0,318.34372553541533,4.644970328767761,0.45170630330278516,0.5482936966972148,54.82936966972149,2.098162376158808,2343.1617127834834
12.38,4.0,318.12668027054514,4.644970239137285,0.4519511214815615,0.5480488785184385,54.80488785184385,2.099299508826573,2346.223623187805
12.39,4.0,317.9102728518128,4.644970148288386,0.45219535229944025,0.5478046477005598,54.78046477005598,2.10043391262565,2349.283720522941
12.4,4.0,317.6944892019658,4.644970056211816,0.4524390105610229,0.547560989438977,54.756098943897705,2.101565656318053,2352.3420032829013
12.41,4.0,317.4793153292773,4.64496996289803,0.45268211101064965,0.5473178889893504,54.731788898935044,2.1026948083857393,2355.3984698608447
12.42,4.0,317.26473732754636,4.64496986833718,0.45292466833194944,0.5470753316680506,54.70753316680506,2.103821437028516,2358.4531185490832
12.43,4.0,317.0507413760978,4.64496977251912,0.4531666971473961,0.5468333028526039,54.68333028526039,2.1049456101619817,2361.5059475390785
12.44,4.0,316.83731373978213,4.644969675433412,0.4534082120178723,0.5465917879821277,54.65917879821277,2.1060673954155,2364.5569549214442
12.450000000000001,4.0,316.6244407689758,4.644969577069326,0.45364922744223796,0.5463507725577621,54.63507725577621,2.1071868601301986,2367.6061386859456
12.46,4.0,316.4121088995809,4.644969477415845,0.45388975785690644,0.5461102421430936,54.61102421430935,2.1083040713569994,2370.653496721497
12.47,4.0,316.20030465302546,4.644969376461663,0.4541298176354266,0.5458701823645734,54.58701823645734,2.109419095854676,2373.6990268161653
12.48,4.0,315.9890146362632,4.644969274195191,0.45436942108807,0.54563057891193,54.563057891193,2.1105320000879413,2376.7427266571685
12.49,4.0,315.7782255417737,4.6449691706045595,0.45460858246142577,0.5453914175385742,54.53914175385742,2.1116428502255635,2379.784593830876
12.5,4.0,315.56792414756217,4.644969065677616,0.45484731593800004,0.545152684062,54.5152684062,2.1127517121385035,2382.824625822808
12.51,4.0,315.35809731715983,4.6449689594019326,0.4550856356358218,0.5449143643641783,54.49143643641783,2.11385865139809,2385.8628200176345
12.52,4.0,315.14873188131736,4.644968851764801,0.4553235557425309,0.5446764442574691,54.46764442574691,2.1149637338988505,2388.8991743668116
12.530000000000001,4.0,314.9398146243469,4.644968742753241,0.4555610905308797,0.5444389094691203,54.443890946912035,2.116067025930515,2391.9336868850014
12.540000000000001,4.0,314.7313325568864,4.644968632353992,0.45579825404837465,0.5442017459516253,54.42017459516253,2.1171685927364163,2394.966354555992
12.55,4.0,314.5232728219481,4.644968520553526,0.45603506022344664,0.5439649397765534,54.39649397765534,2.118268499006641,2397.997174327971
12.56,4.0,314.31562269406373,4.644968407338039,0.45627152286591915,0.5437284771340809,54.37284771340809,2.1193668088802102,2401.026143119743
12.57,4.0,314.1083695792844,4.6449682926934575,0.4565076556665115,0.5434923443334885,54.34923443334885,2.120463585942769,2404.053257820727
12.58,4.0,313.9015010151806,4.644968176605433,0.4567434721963476,0.5432565278036524,54.32565278036524,2.121558893224303,2407.0785152909575
12.59,4.0,313.6950046708423,4.64496805905935,0.45697898590647035,0.5430210140935297,54.302101409352964,2.1226527931968877,2410.101912361084
12.6,4.0,313.48886834687886,4.64496794004032,0.45721421012736246,0.5427857898726376,54.27857898726376,2.1237453477724566,2413.123445832373
12.61,4.0,313.283079975419,4.644967819533186,0.45744915806847136,0.5425508419315286,54.25508419315286,2.124836618300599,2416.143112476705
12.620000000000001,4.0,313.07762762011095,4.644967697522521,0.45768384281774027,0.5423161571822597,54.23161571822597,2.125926665566378,2419.1609090365782
12.63,4.0,312.87249947612236,4.644967573992627,0.45791827734114393,0.5420817226588561,54.208172265885615,2.1270155497881764,2422.1768322251028
12.64,4.0,312.6676838701402,4.644967448927536,0.4581524744822302,0.5418475255177698,54.18475255177698,2.128103330615563,2425.1908787260077
12.65,4.0,312.4631692603708,4.644967322311009,0.4583864469616651,0.5416135530383349,54.16135530383349,2.129190067127183,2428.2030451936357
12.66,4.0,312.25894423654023,4.644967194126539,0.45862020737678366,0.5413797926232163,54.137979262321636,2.1302758178286703,2431.213328252946
12.67,4.0,312.05499751989356,4.6449670643573455,0.45885376820114543,0.5411462317988546,54.114623179885456,2.1313606406505805,2434.221724499513
12.68,4.0,311.8513179631955,4.6449669329863745,0.45908714178409343,0.5409128582159066,54.09128582159066,2.1324445929463414,2437.2282304995265
12.69,4.0,311.6478945507302,4.644966799996302,0.4593203403503189,0.5406796596496811,54.06796596496811,2.1335277314902332,2440.2328427897914
12.700000000000001,4.0,311.444716398301,4.644966665369532,0.4595533759994286,0.5404466240005714,54.04466240005714,2.1346101124753765,2443.235557877729
12.71,4.0,311.24177275323103,4.644966529088192,0.45978626070551754,0.5402137392944825,54.021373929448245,2.1356917915117464,2446.236372241376
12.72,4.0,311.0390529943625,4.644966391134134,0.4600190063167455,0.5399809936832545,53.99809936832545,2.136772823624204,2449.2352823293836
12.73,4.0,310.8365466320572,4.6449662514889365,0.4602516245549164,0.5397483754450836,53.97483754450836,2.1378532632505434,2452.2322845610197
12.74,4.0,310.63424330819623,4.644966110133898,0.46048412701506247,0.5395158729849375,53.951587298493756,2.1389331642395586,2455.227375326167
12.75,4.0,310.43213279618016,4.644965967050041,0.4607165251650313,0.5392834748349686,53.928347483496864,2.1400125798491243,2458.2205509853247
12.76,4.0,310.23020500092906,4.644965822218104,0.4609488303450769,0.5390511696549232,53.90511696549232,2.1410915627442937,2461.211807869606
12.77,4.0,310.0284499588822,4.6449656756185504,0.46118105376745366,0.5388189462325463,53.88189462325463,2.1421701649954152,2464.201142280741
12.780000000000001,4.0,309.82685783799855,4.644965527231555,0.4614132065160135,0.5385867934839865,53.85867934839865,2.143248438076257,2467.188550491075
12.790000000000001,4.0,309.6254189377562,4.644965377037012,0.46164529954580663,0.5383547004541933,53.83547004541933,2.1443264328621523,2470.1740287435678
12.8,4.0,309.4241236891529,4.644965225014528,0.46187734368268485,0.5381226563173152,53.81226563173151,2.1454041996281545,2473.157573251796
12.81,4.0,309.22296265470567,4.64496507114342,0.4621093496229076,0.5378906503770924,53.789065037709236,2.1464817880472085,2476.1391801999507
12.82,4.0,309.02192652845093,4.644964915402719,0.46234132793275146,0.5376586720672485,53.76586720672485,2.1475592471883336,2479.11884574284
12.83,4.0,308.82100613594463,4.644964757771162,0.46257328904812106,0.5374267109518789,53.74267109518789,2.1486366255148153,2482.096566005886
12.84,4.0,308.62019243426204,4.644964598227191,0.4628052432741641,0.5371947567258359,53.71947567258359,2.149713970882415,2485.072337085127
12.85,4.0,308.41947651199786,4.644964436748957,0.4630372007848874,0.5369627992151126,53.696279921511255,2.1507913305375883,2488.046155047217
12.86,4.0,308.21884931173327,4.64496427331431,0.4632691719437481,0.5367308280562519,53.67308280562519,2.151868752606614,2491.0180160767486
12.870000000000001,4.0,308.01830149901906,4.6449641079007975,0.46350116745567804,0.536498832544322,53.6498832544322,2.1529462868017415,2493.9879164885774
12.88,4.0,307.8178246510236,4.644963940485669,0.46373319699181875,0.5362668030081812,53.62668030081812,2.1540239780331354,2496.955852117198
12.89,4.0,307.6174105078985,4.6449637710458695,0.46396527005399896,0.5360347299460011,53.60347299460011,2.155101870424338,2499.9218187830575
12.9,4.0,307.41705092753017,4.6449635995580305,0.46419739602670596,0.535802603973294,53.580260397329404,2.156180007553673,2502.8858123183513
12.91,4.0,307.2167378855399,4.64496342599848,0.4644295841767543,0.5355704158232457,53.55704158232457,2.1572584324527058,2505.8478285670235
12.92,4.0,307.01646347528396,4.644963250343232,0.4646618436529561,0.5353381563470438,53.53381563470438,2.1583371876047135,2508.8078633847663
12.93,4.0,306.8162199078532,4.644963072567986,0.46489418348579337,0.5351058165142066,53.510581651420665,2.159416314943156,2511.765912639022
12.94,4.0,306.6159995120737,4.64496289264812,0.4651266125870908,0.5348733874129092,53.48733874129093,2.160495855850155,2514.7219722089812
12.950000000000001,4.0,306.415794734506,4.644962710558696,0.46535913974969123,0.5346408602503088,53.46408602503088,2.1615758511549887,2517.6760379855828
12.96,4.0,306.21559813944566,4.64496252627445,0.46559177364713106,0.5344082263528689,53.44082263528689,2.16265634113258,2520.628105871514
12.97,4.0,306.0154024089232,4.644962339769792,0.46582452283331793,0.534175477166682,53.4175477166682,2.1637373655019956,2523.578171781212
12.98,4.0,305.8152003427037,4.644962151018805,0.46605739574220933,0.5339426042577906,53.39426042577906,2.1648189634249553,2526.526231640862
12.99,4.0,305.61498485828736,4.644961959995235,0.46629040068749117,0.5337095993125088,53.37095993125088,2.1659011735043325,2529.4722813883986
13.0,4.0,305.4147489909091,4.644961766672495,0.4665235458622591,0.5334764541377409,53.34764541377409,2.1669840337826756,2532.4163169735048
13.01,4.0,305.21448589353867,4.644961571023659,0.4667568393386996,0.5332431606613004,53.32431606613004,2.168067581740724,2535.3583343576115
13.02,4.0,305.01418883688075,4.644961373021458,0.4669902890677715,0.5330097109322285,53.30097109322285,2.169151854295923,2538.2983295138997
13.030000000000001,4.0,304.8138512093747,4.644961172638279,0.4672239028788896,0.5327760971211104,53.277609712111044,2.1702368878009604,2541.236298427299
13.040000000000001,4.0,304.613466517195,4.644960969846159,0.46745768847960734,0.5325423115203927,53.25423115203927,2.1713227180422807,2544.1722370944867
13.05,4.0,304.4130283842507,4.644960764616782,0.4676916534553015,0.5323083465446985,53.23083465446985,2.172409380238624,2547.1061415238896
13.06,4.0,304.21253055218585,4.644960556921475,0.4679258052688563,0.5320741947311437,53.20741947311437,2.1734969090395566,2550.038007735683
13.07,4.0,304.01196688037936,4.64496034673121,0.4681601512603482,0.5318398487396518,53.18398487396519,2.174585338524003,2552.967831761792
13.08,4.0,303.81133134594484,4.644960134016591,0.46839469864673206,0.531605301353268,53.1605301353268,2.1756747021987852,2555.8956096458883
13.09,4.0,303.61061804373094,4.6449599187478565,0.4686294545215252,0.5313705454784747,53.13705454784747,2.176765032997156,2558.821337443395
13.1,4.0,303.4098211863209,4.644959700894875,0.4688644258544948,0.5311355741455053,53.11355741455053,2.1778563632773413,2561.7450112214815
13.11,4.0,303.2089351040332,4.644959480427138,0.4690996194913425,0.5309003805086575,53.09003805086575,2.1789487248210744,2564.666627059068
13.120000000000001,4.0,303.0079542449207,4.644959257313761,0.46933504215339106,0.5306649578466089,53.066495784660894,2.180042148832138,2567.5861810468227
13.13,4.0,302.8068731747715,4.644959031523474,0.4695707004372702,0.5304292995627298,53.04292995627298,2.181136665934902,2570.5036692871613
13.14,4.0,302.6056865771083,4.644958803024622,0.4698066008146025,0.5301933991853975,53.01933991853976,2.1822323061728626,2573.41908789425
13.15,4.0,302.4043892531888,4.6449585717851605,0.47004274963168896,0.529957250368311,52.9957250368311,2.18332909900718,2576.332432994003
13.16,4.0,302.20297612200545,4.644958337772644,0.47027915310919477,0.5297208468908052,52.972084689080525,2.1844270733152125,2579.2437007240833
13.17,4.0,302.00144222028547,4.644958100954236,0.4705158173418348,0.5294841826581652,52.94841826581652,2.1855262573890593,2582.1528872339027
13.18,4.0,301.7997827024912,4.644957861296687,0.4707527482980581,0.529247251701942,52.9247251701942,2.1866266789340854,2585.0599886846226
13.19,4.0,301.5979928408195,4.644957618766347,0.4709899518197333,0.5290100481802666,52.901004818026664,2.187728365067465,2587.9650012491506
13.200000000000001,4.0,301.3960675231005,4.6449573733291505,0.47122743421249774,0.5287725657875022,52.87725657875022,2.1888313450603185,2590.867921110854
13.21,4.0,301.1940019960255,4.644957124950611,0.47146520137216735,0.5285347986278326,52.85347986278326,2.1899356462799235,2593.7687443632585
13.22,4.0,300.99179221758646,4.6449568735958255,0.47170325836868254,0.5282967416313175,52.82967416313175,2.1910412922571596,2596.6674670749826
13.23,4.0,300.7894342254217,4.644956619229463,0.47194161018822306,0.528058389811777,52.8058389811777,2.1921483061335976,2599.564085343475
13.24,4.0,300.5869241368161,4.644956361815758,0.4721802617330005,0.5278197382669996,52.781973826699954,2.1932567106605303,2602.458595295017
13.25,4.0,300.3842581487008,4.644956101318512,0.4724192178210515,0.5275807821789484,52.75807821789484,2.1943665281980125,2605.350993084722
13.26,4.0,300.18143253765334,4.644955837701085,0.4726584831860295,0.5273415168139706,52.73415168139706,2.1954777807138877,2608.2412748965357
13.27,4.0,299.9784436598977,4.64495557092639,0.47289806247699673,0.5271019375230033,52.71019375230033,2.196590489782822,2611.129436943237
13.280000000000001,4.0,299.7752879513043,4.644955300956891,0.4731379602582155,0.5268620397417845,52.68620397417845,2.1977046765853285,2614.015475466437
13.290000000000001,4.0,299.5719619273899,4.644955027754591,0.4733781810089386,0.5266218189910614,52.662181899106145,2.198820361906792,2616.8993867365766
13.3,4.0,299.3684621833177,4.644954751281036,0.47361872912320035,0.5263812708767996,52.63812708767996,2.1999375661364953,2619.7811670529327
13.31,4.0,299.1647853938973,4.6449544714973054,0.47385960890960604,0.5261403910903939,52.61403910903939,2.201056309266639,2622.660812743612
13.32,4.0,298.9609283135847,4.644954188364004,0.4741008245911208,0.5258991754088792,52.58991754088792,2.2021766108913545,2625.5383201655554
13.33,4.0,298.7568877764822,4.644953901841259,0.47434238030485887,0.5256576196951411,52.565761969514114,2.203298490205724,2628.413685704535
13.34,4.0,298.5526606963386,4.6449536118887185,0.47458428010187076,0.5254157198981293,52.54157198981293,2.2044219660047917,2631.286905775155
13.35,4.0,298.34824406654917,4.644953318465539,0.474826527946931,0.525173472053069,52.5173472053069,2.2055470566825672,2634.1579768208526
13.36,4.0,298.1436349601554,4.644953021530385,0.4750691277183247,0.5249308722816752,52.493087228167525,2.2066737802310366,2637.0268953138975
13.370000000000001,4.0,297.9388305298453,4.644952721041417,0.4753120832076335,0.5246879167923665,52.468791679236645,2.2078021542391615,2639.8936577553914
13.38,4.0,297.73382800795326,4.644952416956297,0.4755553981195204,0.5244446018804796,52.444460188047955,2.2089321958918804,2642.758260675267
13.39,4.0,297.5286247064601,4.644952109232168,0.47579907607151434,0.5242009239284857,52.420092392848574,2.2100639219690974,2645.620700632292
13.4,4.0,297.32321801699294,4.644951797825662,0.47604312059379383,0.5239568794062062,52.39568794062062,2.211197348844681,2648.4809742140646
13.41,4.0,297.11760541082543,4.6449514826928855,0.47628753512896965,0.5237124648710303,52.37124648710303,2.2123324924854475,2651.3390780370155
13.42,4.0,296.91178443887753,4.644951163789413,0.47653232303186666,0.5234676769681333,52.34676769681334,2.2134693684501414,2654.195008746409
13.43,4.0,296.7057527317156,4.644950841070289,0.4767774875693052,0.5232225124306948,52.32225124306949,2.2146079918884234,2657.0487630163398
13.44,4.0,296.49950799955246,4.644950514490011,0.4770230319198809,0.5229769680801191,52.29769680801191,2.215748377539836,2659.9003375497364
13.450000000000001,4.0,296.29304803224727,4.644950184002532,0.47726895917374407,0.522731040826256,52.2731040826256,2.2168905397327796,2662.7497290783595
13.46,4.0,296.08637069930563,4.644949849561248,0.47751527233237817,0.5224847276676219,52.24847276676219,2.2180344923834783,2665.5969343628008
13.47,4.0,295.8794739498796,4.644949511118995,0.4777619743083771,0.5222380256916229,52.223802569162295,2.2191802489949417,2668.4419501924863
13.48,4.0,295.6723558127674,4.644949168628042,0.4780090679252216,0.5219909320747784,52.199093207477844,2.220327822655923,2671.284773385673
13.49,4.0,295.465014396414,4.644948822040083,0.47825655591705474,0.5217434440829453,52.17434440829452,2.2214772260398705,2674.1254007894504
13.5,4.0,295.25744788891046,4.6449484713062335,0.4785044409284565,0.5214955590715435,52.14955590715435,2.222628471403878,2676.9638292797413
13.51,4.0,295.0496545579944,4.644948116377018,0.4787527255142169,0.5212472744857831,52.12472744857831,2.223781570587625,2679.800055761299
13.52,4.0,294.8416327510499,4.644947757202368,0.4790014121391084,0.5209985878608916,52.09985878608916,2.2249365350123185,2682.6340771677114
13.530000000000001,4.0,294.6333808221124,4.644947393731613,0.4792505032649895,0.5207494967350105,52.074949673501045,2.226093376085277,2685.4658904398602
13.540000000000001,4.0,294.4248968759612,4.644947025913473,0.4795000016571339,0.5204999983428661,52.04999983428661,2.2272521066228097,2688.295492367572
13.55,4.0,294.21617983021804,4.644946653696056,0.4797499091129906,0.5202500908870094,52.02500908870093,2.228412734945373,2691.1228798471375
13.56,4.0,294.00722879179307,4.644946277026842,0.48000022720686153,0.5199997727931385,51.999977279313846,2.22957526833655,2693.9480498366693
13.57,4.0,293.798042906724,4.644945895852683,0.48025095746935254,0.5197490425306475,51.97490425306475,2.23073971387659,2696.7709993249623
13.58,4.0,293.5886213601758,4.644945510119793,0.4805021013872614,0.5194978986127385,51.94978986127386,2.231906078441886,2699.5917253314988
13.59,4.0,293.37896337644094,4.644945119773739,0.4807536604034657,0.5192463395965343,51.924633959653434,2.2330743687044396,2702.4102249064445
13.6,4.0,293.16906821893934,4.644944724759437,0.4810056359168093,0.5189943640831907,51.89943640831907,2.2342445911313416,2705.2264951306493
13.61,4.0,292.9589351902182,4.644944325021142,0.4812580292819897,0.5187419707180103,51.874197071801035,2.2354167519842365,2708.0405331156494
13.620000000000001,4.0,292.74856363195215,4.64494392050244,0.4815108418094436,0.5184891581905564,51.84891581905564,2.236590857318787,2710.8523360036656
13.63,4.0,292.53795292494334,4.64494351114624,0.48176407476523214,0.5182359252347679,51.82359252347679,2.237766912984137,2713.6619009676015
13.64,4.0,292.3271024891212,4.644943096894765,0.48201772937092585,0.5179822706290742,51.79822706290742,2.2389449246223707,2716.4692252110476
13.65,4.0,292.11601178354266,4.644942677689549,0.48227180680348897,0.517728193196511,51.7728193196511,2.240124897667975,2719.2743059682784
13.66,4.0,291.9046803063919,4.644942253471424,0.482526308195163,0.517473691804837,51.7473691804837,2.2413068373472873,2722.0771405042537
13.67,4.0,291.6931075949807,4.644941824180512,0.4827812346333496,0.5172187653666505,51.72187653666504,2.2424907486779504,2724.8777261146174
13.68,4.0,291.48129322574806,4.644941389756216,0.4830365871604932,0.5169634128395069,51.69634128395069,2.243676636468361,2727.6760601256983
13.69,4.0,291.2692368142605,4.644940950137217,0.48329236677396276,0.5167076332260372,51.67076332260372,2.244864505317115,2730.4721398945107
13.700000000000001,4.0,291.05693801521187,4.644940505261458,0.483548574425933,0.516451425574067,51.6451425574067,2.246054359612451,2733.2659628087536
13.71,4.0,290.84439652242355,4.644940055066138,0.48380521102326485,0.5161947889767351,51.61947889767351,2.2472462035316885,2736.057526286809
13.72,4.0,290.6316120688443,4.64493959948771,0.4840622774273858,0.5159377225726143,51.59377225726143,2.24844004104067,2738.846827777746
13.73,4.0,290.41858442655,4.644939138461858,0.4843197744541691,0.5156802255458308,51.56802255458308,2.2496358758931896,2741.6338647613175
13.74,4.0,290.2053134067443,4.644938671923499,0.48457770287381274,0.5154222971261873,51.54222971261873,2.2508337116304276,2744.4186347479604
13.75,4.0,289.9917988597582,4.644938199806772,0.484836063410717,0.5151639365892831,51.51639365892831,2.2520335515803778,2747.2011352787986
13.76,4.0,289.77804067504985,4.644937722045026,0.4850948567433628,0.5149051432566372,51.49051432566372,2.253235398857274,2749.981363925638
13.77,4.0,289.564038781205,4.644937238570812,0.48535408350418807,0.5146459164958119,51.464591649581195,2.2544392563610103,2752.759318290972
13.780000000000001,4.0,289.3497931459368,4.644936749315874,0.4856137442794642,0.5143862557205359,51.43862557205359,2.2556451267765643,2755.534996007977
13.790000000000001,4.0,289.1353037760859,4.644936254211139,0.4858738396091716,0.5141261603908285,51.41261603908285,2.256853012573409,2758.3083947405144
13.8,4.0,288.92057071762,4.644935753186706,0.486134369986875,0.513865630013125,51.3865630013125,2.25806291600493,2761.0795121831306
13.81,4.0,288.7055940556346,4.644935246171838,0.48639533585959766,0.5136046641404024,51.36046641404024,2.259274839107834,2763.848346061058
13.82,4.0,288.4903739143524,4.644934733094952,0.4866567376276948,0.5133432623723052,51.33432623723052,2.2604887837015566,2766.614894130211
13.83,4.0,288.27491045712355,4.644934213883609,0.4869185756447274,0.5130814243552726,51.30814243552726,2.2617047513876685,2769.3791541771916
13.84,4.0,288.05920388642556,4.644933688464501,0.48718085021733415,0.5128191497826659,51.281914978266585,2.262922743549274,2772.141124019285
13.85,4.0,287.8432544438634,4.644933156763447,0.48744356160510355,0.5125564383948964,51.255643839489636,2.2641427613504113,2774.900801504462
13.86,4.0,287.6270624101694,4.644932618705369,0.4877067100204449,0.5122932899795551,51.22932899795551,2.2653648057354454,2777.6581845113774
13.870000000000001,4.0,287.41062802014716,4.644932074214302,0.4879702957320732,0.5120297042679268,51.20297042679268,2.266588877909745,2780.4132708693605
13.88,4.0,287.1939516841272,4.644931523213366,0.4882343187952394,0.5117656812047606,51.17656812047606,2.2678149780866113,2783.1660582898617
13.89,4.0,286.97703431419296,4.644930965624761,0.48849877865331676,0.5115012213466832,51.15012213466832,2.269043103636667,2785.9165446929283
13.9,4.0,286.7598768484176,4.644930401369759,0.48876367471664856,0.5112363252833514,51.123632528335136,2.270273251776561,2788.664728034247
13.91,4.0,286.54248023205867,4.644929830368689,0.4890290063854123,0.5109709936145876,51.09709936145877,2.2715054196751616,2791.4106062944406
13.92,4.0,286.3248454175583,4.6449292525409245,0.4892947730495873,0.5107052269504126,51.07052269504126,2.2727396044534007,2794.154177479064
13.93,4.0,286.10697336454314,4.64492866780488,0.4895609740889223,0.5104390259110777,51.04390259110777,2.273975803184117,2796.895439618607
13.94,4.0,285.88886503982417,4.6449280760779885,0.48982760887290344,0.5101723911270966,51.01723911270965,2.275214012891897,2799.6343907684927
13.950000000000001,4.0,285.67052141739674,4.644927477276698,0.490094676760722,0.5099053232392781,50.99053232392781,2.276454230552919,2802.37102900908
13.96,4.0,285.4519434784411,4.644926871316459,0.4903621771012409,0.509637822898759,50.9637822898759,2.2776964530947943,2805.1053524456597
13.97,4.0,285.2331322113215,4.644926258111706,0.4906301092329631,0.509369890767037,50.936989076703696,2.2789406773964047,2807.837359208459
13.98,4.0,285.01408861158694,4.644925637575855,0.490898472483998,0.509101527516002,50.9101527516002,2.2801869002877475,2810.567047452637
13.99,4.0,284.79481368197077,4.644925009621284,0.4911672661720291,0.5088327338279709,50.88327338279709,2.281435118549772,2813.294415358288
14.0,4.0,284.57530843239084,4.644924374159324,0.4914364896042806,0.5085635103957193,50.85635103957193,2.282685328914218,2816.0194611304405
14.01,4.0,284.35557387994953,4.644923731100244,0.4917061420774843,0.5082938579225157,50.82938579225157,2.283937528063455,2818.7421829990567
14.02,4.0,284.1356110489336,4.64492308035324,0.49197622287784687,0.5080237771221532,50.80237771221532,2.2851917126303207,2821.462579219033
14.030000000000001,4.0,283.9154209708142,4.644922421826427,0.49224673128101587,0.5077532687189841,50.77532687189841,2.2864478791979588,2824.1806480702007
14.040000000000001,4.0,283.69500468424724,4.644921755426816,0.49251766655204643,0.5074823334479536,50.74823334479536,2.2877060242996508,2826.8963878573227
14.05,4.0,283.4743632350729,4.644921081060307,0.4927890279453681,0.5072109720546318,50.72109720546318,2.288966144418657,2829.609796910099
14.06,4.0,283.25349767631576,4.644920398631676,0.49306081470475094,0.5069391852952491,50.69391852952491,2.290228235988051,2832.3208735831613
14.07,4.0,283.0324090681851,4.644919708044559,0.4933330260632715,0.5066669739367284,50.66669739367284,2.2914922953905497,2835.0296162560767
14.08,4.0,282.81109847807437,4.644919009201441,0.49360566124327954,0.5063943387567205,50.63943387567205,2.2927583189583562,2837.7360233333466
14.09,4.0,282.5895669805618,4.644918302003642,0.49387871945636347,0.5061212805436366,50.61212805436366,2.294026302972985,2840.440093244405
14.1,4.0,282.3678156574099,4.6449175863513,0.4941521999033167,0.5058478000966833,50.58478000966833,2.295296243665099,2843.141824443622
14.11,4.0,282.14584559756565,4.64491686214336,0.49442610177410334,0.5055738982258966,50.55738982258966,2.2965681372143414,2845.8412154103
14.120000000000001,4.0,281.9236578971606,4.644916129277559,0.49470042424782357,0.5052995757521764,50.529957575217644,2.2978419797491667,2848.538264648677
14.13,4.0,281.70125365951066,4.64491538765041,0.49497516649268003,0.50502483350732,50.502483350732,2.2991177673466727,2851.2329706879227
14.14,4.0,281.47863399511635,4.644914637157191,0.4952503276659424,0.5047496723340577,50.47496723340576,2.3003954960324307,2853.9253320821435
14.15,4.0,281.25580002166254,4.644913877691925,0.49552590691391374,0.5044740930860863,50.44740930860863,2.301675161780315,2856.615347410379
14.16,4.0,281.0327528640186,4.644913109147373,0.4958019033718951,0.5041980966281049,50.419809662810486,2.3029567605123344,2859.303015276602
14.17,4.0,280.8094936542384,4.644912331415009,0.49607831616415116,0.5039216838358489,50.39216838358489,2.3042402880984594,2861.9883343097204
14.18,4.0,280.5860235315602,4.64491154438501,0.496355144403875,0.503644855596125,50.364485559612504,2.305525740356448,2864.671303163576
14.19,4.0,280.36234364240687,4.644910747946245,0.49663238719315356,0.5033676128068465,50.33676128068465,2.30681311305168,2867.3519205169446
14.200000000000001,4.0,280.1384551403856,4.644909941986247,0.4969100436229321,0.5030899563770679,50.308995637706786,2.3081024018969774,2870.030185073536
14.21,4.0,279.91435920208835,4.644909126391212,0.49718811275336816,0.5028118872466318,50.28118872466318,2.309393602461343,2872.706095488611
14.22,4.0,279.6900573220851,4.64490830104597,0.4974665932473917,0.5025334067526084,50.25334067526084,2.310686708467869,2875.3796503406415
14.23,4.0,279.4655512222712,4.6449074658339775,0.49774548348223163,0.5022545165177683,50.22545165177683,2.3119817123117605,2878.050848401133
14.24,4.0,279.2408426158594,4.644906620637296,0.49802478184203425,0.5019752181579658,50.19752181579658,2.3132786064195097,2880.7196884666814
14.25,4.0,279.01593320321837,4.644905765336579,0.49830448672305466,0.5016955132769454,50.16955132769454,2.314577383273001,2883.3861693508893
14.26,4.0,278.7908246718731,4.64490489981105,0.49858459653368514,0.5014154034663149,50.14154034663149,2.3158780354096296,2886.0502898843606
14.27,4.0,278.5655186965044,4.644904023938492,0.49886510969448505,0.501134890305515,50.11348903055149,2.317180555422431,2888.712048914706
14.280000000000001,4.0,278.3400169389492,4.644903137595228,0.49914602463820995,0.50085397536179,50.085397536179,2.3184849359602064,2891.371445306539
14.290000000000001,4.0,278.1143210482005,4.6449022406561,0.49942733980984155,0.5005726601901584,50.05726601901584,2.3197911697276483,2894.028477941476
14.3,4.0,277.8884326604073,4.6449013329944515,0.4997090536666175,0.5002909463333824,50.02909463333825,2.3210992494854676,2896.6831457181397
14.31,4.0,277.66235339887476,4.6449004144821195,0.49999116467806176,0.5000088353219383,50.00088353219383,2.3224091680505268,2899.3354475521555
14.32,4.0,277.43608487406385,4.644899484989402,0.5002736713260152,0.4997263286739848,49.97263286739848,2.3237209182959653,2901.9853823761528
14.33,4.0,277.2096286835919,4.64489854438505,0.5005565721046658,0.49944342789533425,49.94434278953342,2.3250344931513323,2904.6329491397664
14.34,4.0,276.98298641223204,4.644897592536248,0.5008398655205801,0.49916013447941987,49.916013447941985,2.326349885602721,2907.2781468096337
14.35,4.0,276.7561596319135,4.644896629308587,0.5011235500927345,0.49887644990726554,49.88764499072656,2.327667088692895,2909.9209743693964
14.36,4.0,276.5291499017216,4.6448956545660565,0.5014076243525455,0.4985923756474545,49.85923756474545,2.328986095521428,2912.5614308197014
14.370000000000001,4.0,276.30195876789776,4.644894668171017,0.5016920868439029,0.4983079131560971,49.830791315609716,2.3303068992448353,2915.199515178199
14.38,4.0,276.07458776383936,4.644893669984187,0.5019769361232007,0.4980230638767993,49.80230638767993,2.3316294930767114,2917.8352264795426
14.39,4.0,275.84703841009986,4.644892659864618,0.5022621707593693,0.4977378292406307,49.77378292406307,2.332953870287864,2920.4685637753905
14.4,4.0,275.6193122143887,4.6448916376696765,0.502547789333908,0.497452210666092,49.745221066609204,2.334280024206451,2923.099526134406
14.41,4.0,275.39141067157146,4.6448906032550275,0.5028337904409174,0.49716620955908264,49.71662095590826,2.335607948218125,2925.728112642255
14.42,4.0,275.16333526366975,4.644889556474608,0.5031201726871322,0.49687982731286784,49.68798273128678,2.3369376357661613,2928.354322401608
14.43,4.0,274.93508745986117,4.644888497180608,0.5034069346919542,0.4965930653080458,49.65930653080458,2.3382690803516075,2930.97815453214
14.44,4.0,274.70666871647944,4.6448874252234535,0.5036940750874851,0.4963059249125149,49.63059249125149,2.3396022755334176,2933.5996081705293
14.450000000000001,4.0,274.47808047701426,4.6448863404517855,0.5039815925185609,0.4960184074814391,49.601840748143914,2.3409372149286014,2936.2186824704595
14.46,4.0,274.24932417211147,4.644885242712428,0.5042694856427842,0.4957305143572158,49.57305143572158,2.342273892212355,2938.8353766026166
14.47,4.0,274.0204012195728,4.644884131850382,0.5045577531305594,0.4954422468694406,49.54422468694406,2.3436123011182177,2941.4496897546915
14.48,4.0,273.79131302435627,4.644883007708793,0.5048463936651254,0.4951536063348746,49.51536063348746,2.3449524354382048,2944.0616211313795
14.49,4.0,273.5620609785757,4.64488187012893,0.505135405942591,0.494864594057409,49.4864594057409,2.346294289022958,2946.67116995438
14.5,4.0,273.33264646150104,4.644880718950167,0.505424788671969,0.49457521132803095,49.457521132803095,2.3476378557818918,2949.2783354623953
14.51,4.0,273.1030708395583,4.644879554009959,0.5057145405752107,0.4942854594247893,49.42854594247893,2.348983129683336,2951.8831169111336
14.52,4.0,272.87333546632965,4.644878375143818,0.5060046603872407,0.4939953396127593,49.399533961275935,2.350330104754686,2954.4855135733055
14.530000000000001,4.0,272.6434416825531,4.6448771821852874,0.5062951468559924,0.4937048531440076,49.37048531440076,2.3516787750825485,2957.085524738627
14.540000000000001,4.0,272.41339081612284,4.6448759749659265,0.5065859987424436,0.4934140012575564,49.34140012575564,2.3530291348128953,2959.6831497138173
14.55,4.0,272.1831842218722,4.6448747533152765,0.5068772147703099,0.4931227852296901,49.31227852296901,2.3543811779173778,2962.278387798767
14.56,4.0,271.9528236307178,4.644873517060844,0.5071687931838813,0.4928312068161187,49.28312068161187,2.3557348961395186,2964.871238218075
14.57,4.0,271.7223108880892,4.644872266028074,0.507460732078008,0.492539267921992,49.253926792199195,2.357090280527442,2967.4617003385424
14.58,4.0,271.4916478055527,4.644871000040326,0.5077530295857456,0.49224697041425436,49.224697041425436,2.3584473223054476,2970.0497735576937
14.59,4.0,271.26083617237055,4.644869718918846,0.5080456838638019,0.4919543161361981,49.19543161361981,2.3598060128063905,2972.6354572830414
14.6,4.0,271.0298777555012,4.644868422482747,0.5083386930926037,0.4916613069073963,49.16613069073963,2.3611663434719836,2975.2187509320847
14.61,4.0,270.7987742995994,4.644867110548978,0.5086320554763636,0.4913679445236364,49.13679445236364,2.3625283058530844,2977.7996539323094
14.620000000000001,4.0,270.56752752701584,4.6448657829323015,0.5089257692431468,0.4910742307568532,49.10742307568532,2.3638918916099927,2980.378165721188
14.63,4.0,270.33613913779755,4.644864439445266,0.5092198326449385,0.49078016735506147,49.07801673550615,2.3652570925127447,2982.95428574618
14.64,4.0,270.10461080968753,4.64486307989818,0.5095142439577126,0.4904857560422874,49.04857560422874,2.3666239004414136,2985.528013464732
14.65,4.0,269.8729441981251,4.6448617040990845,0.5098090014814988,0.49019099851850123,49.01909985185012,2.367992307386407,2988.0993483442767
14.66,4.0,269.6411409362455,4.644860311853728,0.5101041035404514,0.48989589645954856,48.98958964595486,2.369362305448768,2990.6682898622353
14.67,4.0,269.40920263488044,4.644858902965536,0.5103995484829191,0.48960045151708087,48.96004515170809,2.3707338868404766,2993.2348375060133
14.68,4.0,269.1771308825576,4.644857477235588,0.5106953346815125,0.4893046653184875,48.93046653184875,2.3721070438847547,2995.7989907730057
14.69,4.0,268.94492724550076,4.644856034462583,0.5109914605331755,0.48900853946682454,48.90085394668245,2.3734817690163688,2998.360749170593
14.700000000000001,4.0,268.7125932676299,4.644854574442815,0.5112879244592535,0.48871207554074647,48.871207554074644,2.374858054781936,3000.9201122161426
14.71,4.0,268.4801304705613,4.644853096970144,0.5115847249055653,0.4884152750944347,48.84152750944347,2.376235893840234,3003.4770794370083
14.72,4.0,268.2475403536071,4.64485160183597,0.5118818603424719,0.48811813965752815,48.81181396575281,2.3776152789625065,3006.0316503705317
14.73,4.0,268.01482439377594,4.644850088829195,0.5121793292649485,0.48782067073505153,48.782067073505154,2.378996203032773,3008.583824564041
14.74,4.0,267.7819840457723,4.644848557736202,0.5124771301926558,0.48752286980734416,48.75228698073442,2.3803786590481453,3011.1336015748516
14.75,4.0,267.5490207419969,4.644847008340818,0.5127752616700108,0.48722473832998925,48.72247383299892,2.38176264011913,3013.6809809702645
14.76,4.0,267.3159358925468,4.6448454404242945,0.5130737222662588,0.4869262777337412,48.69262777337412,2.383148139469953,3016.225962327568
14.77,4.0,267.08273088521497,4.644843853765259,0.5133725105755461,0.4866274894244539,48.66274894244539,2.384535150438866,3018.768545234039
14.780000000000001,4.0,266.8494070854906,4.644842248139701,0.5136716252169918,0.48632837478300817,48.632837478300814,2.3859236664784667,3021.308729286939
14.790000000000001,4.0,266.61596583655916,4.644840623320931,0.5139710648347611,0.48602893516523893,48.60289351652389,2.3873136811560145,3023.8465140935173
14.8,4.0,266.3824084593021,4.64483897907955,0.5142708280981376,0.4857291719018624,48.57291719018624,2.3887051881537484,3026.3818992710094
14.81,4.0,266.1487362522971,4.644837315183418,0.5145709137015978,0.4854290862984022,48.54290862984022,2.3900981812692077,3028.914884446639
14.82,4.0,265.914950491818,4.644835631397623,0.5148713203648839,0.4851286796351161,48.51286796351161,2.3914926544155533,3031.4454692576155
14.83,4.0,265.6810524318347,4.644833927484443,0.5151720468330783,0.48482795316692173,48.482795316692176,2.3928886016218867,3033.973653351136
14.84,4.0,265.44704330401345,4.64483220320332,0.515473091876677,0.484526908123323,48.4526908123323,2.394286017033573,3036.499436384383
14.85,4.0,265.21292431771644,4.644830458310819,0.5157744542916656,0.4842255457083344,48.42255457083344,2.3956848949125695,3039.0228180245276
14.86,4.0,264.97869666000213,4.644828692560594,0.516076132899593,0.483923867100407,48.392386710040704,2.397085229637744,3041.543797948727
14.870000000000001,4.0,264.744361495625,4.644826905703361,0.5163781265476471,0.48362187345235286,48.362187345235284,2.3984870157052067,3044.062375844125
14.88,4.0,264.509919967036,4.6448250974868515,0.5166804341087301,0.4833195658912699,48.33195658912699,2.399890247728631,3046.5785514078525
14.89,4.0,264.27537319852195,4.644823267655788,0.5169830544761911,0.4830169455238089,48.301694552380894,2.401294920414772,3049.0923243460566
14.9,4.0,264.04072263812634,4.6448214159518395,0.517285986122341,0.482714013877659,48.2714013877659,2.4027010265128155,3051.6036943310855
14.91,4.0,263.8059699562014,4.6448195421135905,0.5175892272283027,0.4824107727716973,48.24107727716973,2.404108557417492,3054.112661097757
14.92,4.0,263.57111672568266,4.6448176458765005,0.5178927760965254,0.4821072239034746,48.21072239034746,2.4055175050851085,3056.6192244238814
14.93,4.0,263.336164494981,4.644815726972868,0.5181966310568461,0.4818033689431539,48.18033689431539,2.406927861597196,3059.1233840923387
14.94,4.0,263.10111478798314,4.644813785131797,0.51850079046657,0.48149920953342995,48.14992095334299,2.408339619160858,3061.625139891082
14.950000000000001,4.0,262.86596910405126,4.644811820079149,0.5188052527105534,0.48119474728944656,48.11947472894465,2.4097527701091286,3064.124491613134
14.96,4.0,262.63072891802324,4.644809831537515,0.5191100162012856,0.4808899837987144,48.08899837987144,2.41116730690133,3066.6214390565888
14.97,4.0,262.39539568021246,4.64480781922617,0.5194150793789718,0.4805849206210282,48.05849206210282,2.41258322212343,3069.115982024611
14.98,4.0,262.15997081640796,4.644805782861033,0.5197204407116156,0.4802795592883844,48.02795592883844,2.414000508488397,3071.608120325438
14.99,4.0,261.9244557278744,4.644803722154633,0.5200260986951026,0.47997390130489737,47.997390130489734,2.4154191588365657,3074.097853772376
15.0,4.0,261.68885179135196,4.644801636816061,0.520332051853284,0.479667948146716,47.9667948146716,2.4168391661359934,3076.585182183804
15.01,4.0,261.4531603590566,4.644799526550935,0.5206382987380601,0.4793617012619399,47.936170126193986,2.418260523482826,3079.0701053831713
15.02,4.0,261.2173827586796,4.6447973910613545,0.5209448379294656,0.47905516207053445,47.905516207053445,2.4196832241016617,3081.552623198999
15.030000000000001,4.0,260.98152029338803,4.64479523004586,0.5212516680357524,0.4787483319642476,47.87483319642476,2.421107261345911,3084.032735464878
15.040000000000001,4.0,260.7455742418246,4.644793043199391,0.5215587876934757,0.47844121230652426,47.844121230652426,2.422532628698164,3086.5104420194707
15.05,4.0,260.5095458581076,4.644790830213243,0.521866195567579,0.47813380443242104,47.8133804432421,2.4239593197705616,3088.9857427065112
15.06,4.0,260.2734363718307,4.644788590775021,0.5221738903514791,0.4778261096485209,47.78261096485209,2.425387328305157,3091.4586373748048
15.07,4.0,260.03724698806354,4.644786324568603,0.522481870767152,0.477518129232848,47.751812923284795,2.4268166481742877,3093.9291258782264
15.08,4.0,259.800978887351,4.644784031274085,0.5227901355652191,0.47720986443478086,47.72098644347808,2.428247273380944,3096.397208075723
15.09,4.0,259.56463322571386,4.644781710567746,0.5230986835250334,0.4769013164749666,47.690131647496656,2.429679198059141,3098.8628838313134
15.1,4.0,259.32821113464826,4.644779362121993,0.5234075134547657,0.47659248654523434,47.65924865452343,2.4311124164742846,3101.3261530140862
15.11,4.0,259.09171372112615,4.644776985605324,0.5237166241914921,0.4762833758085079,47.62833758085079,2.432546923023555,3103.787015498201
15.120000000000001,4.0,258.8551420675949,4.644774580682274,0.524026014601281,0.47597398539871905,47.597398539871904,2.4339827122362676,3106.24547116289
15.13,4.0,258.61849723197764,4.644772147013372,0.5243356835792801,0.47566431642071993,47.56643164207199,2.4354197787742566,3108.7015198924546
15.14,4.0,258.38178024767296,4.644769684255092,0.5246456300498049,0.4753543699501951,47.53543699501951,2.436858117432246,3111.1551615762683
15.15,4.0,258.1449921235552,4.644767192059801,0.5249558529664261,0.4750441470335739,47.50441470335739,2.438297723138225,3113.6063961087752
15.16,4.0,257.9081338439742,4.644764670075719,0.5252663513120579,0.4747336486879421,47.47336486879421,2.4397385909538274,3116.055223389491
15.17,4.0,257.6712063687554,4.6447621179468594,0.5255771240990471,0.4744228759009529,47.44228759009529,2.4411807160747094,3118.501643323002
15.18,4.0,257.4342106331998,4.644759535312986,0.5258881703692614,0.4741118296307386,47.41118296307386,2.4426240938309265,3120.9456558189663
15.19,4.0,257.1971475480842,4.644756921809556,0.5261994891941787,0.4738005108058213,47.38005108058213,2.4440687196873143,3123.3872607921116
15.200000000000001,4.0,256.9600179996608,4.644754277067676,0.5265110796749762,0.47348892032502377,47.34889203250238,2.445514589243866,3125.826458162239
15.21,4.0,256.72282284965746,4.644751600714046,0.5268229409426206,0.4731770590573794,47.31770590573794,2.446961698236118,3128.2632478542173
15.22,4.0,256.4855629352777,4.644748892370902,0.5271350721579575,0.4728649278420425,47.28649278420425,2.448410042535529,3130.69762979799
15.23,4.0,256.24823906920057,4.644746151655976,0.5274474725118016,0.4725525274881984,47.25525274881984,2.4498596181498615,3133.1296039285685
15.24,4.0,256.01085217661057,4.644743378182425,0.5277601410444883,0.4722398589555117,47.223985895551166,2.45131042038501,3135.559170183177
15.25,4.0,255.77340363548686,4.644740571558792,0.5280730761968264,0.4719269238031736,47.19269238031736,2.452762441759257,3137.9863285238744
15.26,4.0,255.53589469460718,4.644737731388943,0.5283862765760212,0.4716137234239788,47.161372342397875,2.4542156755607594,3140.411078948016
15.27,4.0,255.29832656566106,4.6447348572720095,0.5286997408345948,0.4713002591654052,47.13002591654052,2.45567011528512,3142.8334214563097
15.280000000000001,4.0,255.06070043746473,4.644731948802338,0.5290134676517498,0.47098653234825016,47.098653234825015,2.4571257545487946,3145.2533560517163
15.290000000000001,4.0,254.82301747596148,4.644729005569429,0.529327455733452,0.47067254426654803,47.067254426654806,2.4585825870894324,3147.670882739447
15.3,4.0,254.58527882422123,4.644726027157881,0.5296417038125119,0.47035829618748815,47.035829618748814,2.4600406067662193,3150.0860015269664
15.31,4.0,254.34748560244083,4.644723013147329,0.5299562106486677,0.4700437893513323,47.00437893513323,2.461499807560221,3152.4987124239924
15.32,4.0,254.10963890794395,4.644719963112392,0.530270975028668,0.46972902497133195,46.9729024971332,2.4629601835747272,3154.909015442494
15.33,4.0,253.8717398151811,4.644716876622601,0.5305859957663546,0.46941400423364543,46.94140042336454,2.464421729035595,3157.3169105966927
15.34,4.0,253.6337893757296,4.644713753242353,0.5309012717027456,0.4690987282972544,46.909872829725444,2.4658844382915976,3159.7223979030623
15.35,4.0,253.39578861829372,4.6447105925308385,0.5312168017061195,0.4687831982938805,46.87831982938805,2.467348305814767,3162.125477380329
15.36,4.0,253.15773854870443,4.644707394041985,0.5315325846720983,0.4684674153279017,46.84674153279017,2.4688133262007423,3164.526149049471
15.370000000000001,4.0,252.91964014991956,4.644704157324393,0.5318486195237317,0.46815138047626825,46.815138047626824,2.470279494169116,3166.92441293372
15.38,4.0,252.6814943820239,4.644700881921271,0.5321649052115816,0.46783509478841845,46.78350947884184,2.4717468045637827,3169.3202690585576
15.39,4.0,252.44330218222902,4.644697567370374,0.5324814407138055,0.46751855928619446,46.75185592861945,2.4732152523532847,3171.71371745172
15.4,4.0,252.2050644648732,4.644694213203934,0.5327982250362432,0.4672017749637568,46.72017749637568,2.474684832631166,3174.1047581431944
15.41,4.0,251.96678212142174,4.6446908189486,0.5331152572124995,0.4668847427875005,46.68847427875005,2.4761555406163183,3176.493391165221
15.42,4.0,251.7284560204667,4.6446873841253655,0.5334325363040304,0.4665674636959696,46.65674636959696,2.4776273716533264,3178.8796165522917
15.43,4.0,251.49008700772697,4.644683908249506,0.5337500614002286,0.4662499385997714,46.62499385997714,2.4791003212128278,3181.2634343411514
15.44,4.0,251.2516759060483,4.644680390830509,0.534067831618509,0.465932168381491,46.5932168381491,2.480574384891859,3183.6448445707965
15.450000000000001,4.0,251.0132235154032,4.644676831372001,0.5343858461043942,0.4656141538956058,46.56141538956058,2.4820495584142037,3186.0238472824763
15.46,4.0,250.77473061289123,4.644673229371685,0.5347041040316005,0.4652958959683995,46.52958959683995,2.4835258376307476,3188.4004425196918
15.47,4.0,250.53619795273855,4.644669584321264,0.535022604602125,0.46497739539787497,46.497739539787496,2.485003218519832,3190.7746303281965
15.48,4.0,250.29762626629832,4.644665895706371,0.5353413470463309,0.46465865295366915,46.46586529536692,2.4864816971876014,3193.146410755997
15.49,4.0,250.05901626205042,4.644662163006502,0.5356603306230352,0.4643396693769648,46.43396693769648,2.4879612698683644,3195.5157838533505
15.5,4.0,249.82036862560167,4.64465838569493,0.5359795546195951,0.4640204453804049,46.402044538040485,2.489441932924936,3197.882749672768
15.51,4.0,249.5816840196857,4.6446545632386425,0.5362990183519954,0.46370098164800455,46.37009816480045,2.490923682849,3200.247308269013
15.52,4.0,249.34296308416293,4.644650695098266,0.5366187211649356,0.4633812788350644,46.338127883506445,2.4924065162614606,3202.6094596990997
15.530000000000001,4.0,249.1042064360206,4.644646780727982,0.5369386624319176,0.46306133756808243,46.306133756808244,2.493890429912794,3204.969204022296
15.540000000000001,4.0,248.865414669373,4.644642819575456,0.5372588415553334,0.46274115844466657,46.27411584446666,2.495375420683407,3207.3265413001204
15.55,4.0,248.62658835546097,4.644638811081759,0.5375792579665535,0.4624207420334465,46.24207420334465,2.496861485583987,3209.6814715963465
15.56,4.0,248.3877280426524,4.644634754681292,0.5378999111260144,0.46210008887398557,46.21000888739856,2.4983486217558646,3212.033994976997
15.57,4.0,248.14883425644192,4.644630649801698,0.5382208005233076,0.46177919947669244,46.177919947669245,2.49983682647136,3214.3841115103496
15.58,4.0,247.9099075203762,4.644626495863791,0.5385419256491355,0.4614580743508645,46.14580743508645,2.5013260970034823,3216.7318212679534
15.59,4.0,247.6709487718265,4.644622292281465,0.5388632854360043,0.46113671456399574,46.11367145639957,2.5028164280280953,3219.0771243524837
15.6,4.0,247.4319590118468,4.644618038461623,0.5391848787278646,0.4608151212721354,46.08151212721354,2.504307813805182,3221.4200208894654
15.610000000000001,4.0,247.1929391486183,4.64461373380408,0.5395067044907053,0.46049329550929474,46.04932955092947,2.505800249156909,3223.7605110040804
15.620000000000001,4.0,246.95389007050036,4.644609377701496,0.5398287617144744,0.46017123828552564,46.01712382855256,2.5072937290120336,3226.0985948225098
15.63,4.0,246.71481264603045,4.644604969539268,0.540151049413154,0.45984895058684605,45.98489505868461,2.5087882484061854,3228.4342724719354
15.64,4.0,246.47570772392424,4.644600508695465,0.5404735666248349,0.4595264333751651,45.952643337516506,2.5102838024821605,3230.7675440805397
15.65,4.0,246.23657613307552,4.64459599454073,0.5407963124117919,0.45920368758820806,45.92036875882081,2.511780386490206,3233.0984097775035
15.66,4.0,245.99741868255632,4.64459142643819,0.5411192858605586,0.4588807141394414,45.88807141394414,2.5132779957883065,3235.4268696930103
15.67,4.0,245.75823616161682,4.644586803743372,0.5414424860820024,0.4585575139179976,45.85575139179976,2.5147766258424724,3237.752923958242
15.68,4.0,245.51902933968532,4.644582125804108,0.5417659122114017,0.4582340877885983,45.82340877885983,2.5162762722270338,3240.07657270538
15.69,4.0,245.2797989663684,4.64457739196045,0.5420895634085192,0.4579104365914808,45.79104365914808,2.517776930624919,3242.3978160676083
15.700000000000001,4.0,245.0405457714506,4.644572601544565,0.5424134388576806,0.45758656114231944,45.75865611423195,2.5192785968279514,3244.716654179109
15.71,4.0,244.80127046489494,4.644567753880654,0.542737537767848,0.45726246223215194,45.72624622321519,2.520781266737131,3247.0330871750643
15.72,4.0,244.5619737368424,4.644562848284851,0.5430618593726984,0.45693814062730165,45.69381406273016,2.522284936362927,3249.347115191658
15.73,4.0,244.3226562576121,4.644557884065124,0.5433864029306986,0.4566135970693014,45.661359706930135,2.5237896018255643,3251.6587383660726
15.74,4.0,244.08331867770147,4.644552860521186,0.5437111677251829,0.4562888322748171,45.62888322748171,2.5252952593553126,3253.967956836492
15.75,4.0,243.843961627786,4.644547776944386,0.5440361530644294,0.45596384693557057,45.596384693557056,2.5268019052927717,3256.2747707420986
15.76,4.0,243.6045857187194,4.644542632617622,0.5443613582817369,0.45563864171826307,45.56386417182631,2.528309536089163,3258.579180223077
15.77,4.0,243.36519154153356,4.644537426815226,0.5446867827355023,0.4553132172644977,45.53132172644977,2.5298181483066142,3260.8811854206097
15.780000000000001,4.0,243.12577966743845,4.6445321588028765,0.545012425809298,0.454987574190702,45.4987574190702,2.5313277386184514,3263.1807864768816
15.790000000000001,4.0,242.8863506478224,4.644526827837482,0.5453382869119491,0.4546617130880509,45.466171308805094,2.5328383038094815,3265.477983535076
15.8,4.0,242.64690501425173,4.644521433167087,0.5456643654776111,0.4543356345223889,45.43356345223889,2.5343498407762834,3267.7727767393767
15.81,4.0,242.407443278471,4.64451597403076,0.5459906609658483,0.45400933903415175,45.40093390341517,2.5358623465274954,3270.065166234968
15.82,4.0,242.1679659324029,4.64451044965849,0.5463171728617108,0.4536828271382892,45.368282713828926,2.5373758181840995,3272.3551521680342
15.83,4.0,241.92847344814837,4.644504859271076,0.5466439006758136,0.4533560993241864,45.33560993241864,2.5388902529797117,3274.6427346857604
15.84,4.0,241.68896627798642,4.64449920208002,0.5469708439444145,0.45302915605558547,45.302915605558546,2.5404056482608683,3276.9279139363302
15.85,4.0,241.44944485437432,4.644493477287412,0.5472980022294925,0.45270199777050746,45.27019977705075,2.5419220014873094,3279.2106900689287
15.860000000000001,4.0,241.20990958994742,4.644487684085824,0.5476253751188269,0.4523746248811731,45.23746248811731,2.543439310232271,3281.491063233741
15.870000000000001,4.0,240.97036087751937,4.644481821658193,0.5479529622260754,0.45204703777392463,45.20470377739246,2.5449575721827653,3283.7690335819516
15.88,4.0,240.73079909008186,4.644475889177704,0.5482807631908536,0.4517192368091464,45.17192368091464,2.5464767851398697,3286.044601265746
15.89,4.0,240.49122458080484,4.64446988580768,0.5486087776788147,0.45139122232118534,45.13912223211853,2.547996947019015,3288.3177664383093
15.9,4.0,240.25163768303634,4.644463810701458,0.5489370053817271,0.4510629946182729,45.10629946182729,2.549518055850263,3290.5885292538264
15.91,4.0,240.01203871030265,4.644457663002278,0.5492654460175558,0.4507345539824442,45.07345539824442,2.551040109778601,3292.856889867484
15.92,4.0,239.77242795630818,4.644451441843151,0.5495940993305407,0.4504059006694593,45.04059006694593,2.5525631070642176,3295.1228484354665
15.93,4.0,239.53280591139549,4.644445146346748,0.5499229647941112,0.4500770352058888,45.00770352058888,2.5540870447026234,3297.3864051361606
15.94,4.0,239.2931734063143,4.644438775625275,0.5502520414125858,0.44974795858741423,44.97479585874142,2.555611917503578,3299.647560186047
15.950000000000001,4.0,239.05353113033487,4.644432328780344,0.5505813283821184,0.4494186716178816,44.94186716178816,2.557137721160738,3301.906313791422
15.96,4.0,238.81387975450897,4.64442580490285,0.5509108249217535,0.4490891750782465,44.908917507824654,2.558664451466908,3304.16266615914
15.97,4.0,238.57421993308535,4.644419203072841,0.5512405302715498,0.44875946972845016,44.875946972845014,2.560192104305242,3306.4166174967495
15.98,4.0,238.33455230350964,4.644412522359394,0.5515704436926463,0.4484295563073537,44.84295563073537,2.5617206756494535,3308.6681680124916
15.99,4.0,238.0948774864246,4.644405761820479,0.5519005644673274,0.4480994355326726,44.80994355326726,2.5632501615640297,3310.9173179153017
16.0,4.0,237.85519608566983,4.644398920502828,0.5522308918990898,0.4477691081009102,44.77691081009102,2.564780558204447,3313.164067414807
16.01,4.0,237.6155086882819,4.644391997441806,0.5525614253127082,0.44743857468729176,44.743857468729175,2.5663118618173804,3315.4084167213286
16.02,4.0,237.37581586449457,4.644384991661267,0.5528921640543016,0.44710783594569836,44.71078359456983,2.567844068740918,3317.65036604588
16.03,4.0,237.1361181677382,4.644377902173426,0.5532231074914002,0.44677689250859975,44.67768925085998,2.569377175404773,3319.8899156001703
16.04,4.0,236.8964161346405,4.644370727978712,0.5535542550130114,0.44644574498698864,44.644574498698866,2.570911178330493,3322.1270655965977
16.05,4.0,236.65671028502584,4.64436346806564,0.553885606029687,0.44611439397031305,44.611439397031305,2.5724460741316757,3324.3618162482576
16.06,4.0,236.41700112191586,4.644356121410651,0.5542171599735897,0.44578284002641033,44.578284002641034,2.573981859514167,3326.594167768936
16.07,4.0,236.17728913152885,4.644348686977985,0.5545489162985604,0.4454510837014396,44.54510837014396,2.575518531276283,3328.824120373114
16.080000000000002,4.0,235.9375747832803,4.644341163719529,0.5548808744801855,0.4451191255198145,44.511912551981446,2.577056086309015,3331.051674275964
16.09,4.0,235.69785852978274,4.644333550574671,0.5552130340158632,0.4447869659841368,44.47869659841368,2.5785945215962296,3333.2768296933527
16.1,4.0,235.45814080684534,4.6443258464701485,0.5555453944248723,0.4444546055751277,44.445460557512774,2.5801338342148874,3335.49958684184
16.11,4.0,235.2184220334746,4.644318050319903,0.5558779552484382,0.4441220447515618,44.41220447515618,2.5816740213352407,3337.719945938678
16.12,4.0,234.9787026118737,4.644310161024926,0.5562107160498024,0.44378928395019757,44.378928395019756,2.583215080221047,3339.937907201814
16.13,4.0,234.73898292744312,4.644302177473101,0.5565436764142883,0.44345632358571174,44.34563235857117,2.5847570082297637,3342.1534708498857
16.14,4.0,234.4992633487799,4.644294098539051,0.5568768359493704,0.44312316405062957,44.31231640506296,2.58629980281276,3344.3666371022273
16.15,4.0,234.25954422767848,4.644285923083986,0.5572101942847422,0.44278980571525783,44.278980571525786,2.5878434615155212,3346.5774061788625
16.16,4.0,234.0198258991299,4.644277649955531,0.5575437510723839,0.44245624892761615,44.24562489276161,2.5893879819778425,3348.785778300512
16.17,4.0,233.78010868132242,4.6442692779875765,0.557877505986631,0.442122494013369,44.2122494013369,2.5909333619340407,3350.991753688587
16.18,4.0,233.54039287564126,4.64426080600011,0.5582114587242426,0.4417885412757574,44.17885412757574,2.5924795992131484,3353.1953325651916
16.19,4.0,233.30067876666843,4.644252232799049,0.5585456090044705,0.4414543909955295,44.14543909955295,2.5940266917391166,3355.396515153126
16.2,4.0,233.06096662218312,4.644243557176077,0.5588799565691268,0.4411200434308732,44.11200434308732,2.595574637531013,3357.5953016758804
16.21,4.0,232.8212566931613,4.6442347779084745,0.5592145011826538,0.4407854988173462,44.07854988173462,2.5971234347032204,3359.791692357641
16.22,4.0,232.58154921377616,4.644225893758942,0.5595492426321921,0.4404507573678079,44.045075736780795,2.5986730814656314,3361.9856874232833
16.23,4.0,232.34184440139754,4.644216903475437,0.5598841807276503,0.44011581927234966,44.011581927234964,2.60022357612385,3364.177287098381
16.240000000000002,4.0,232.1021424565925,4.644207805790989,0.5602193153017738,0.4397806846982262,43.97806846982262,2.6017749170793816,3366.3664916091975
16.25,4.0,231.86244356312514,4.644198599423527,0.5605546462102137,0.43944535378978633,43.944535378978635,2.6033271028298253,3368.5533011826897
16.26,4.0,231.62274788795617,4.644189283075699,0.5608901733315975,0.4391098266684025,43.91098266684025,2.604880131969076,3370.737716046509
16.27,4.0,231.38305564323952,4.644179855434691,0.5612258964807373,0.4387741035192627,43.87741035192627,2.6064340027841157,3372.9197364362703
16.28,4.0,231.14336745498258,4.644170315172045,0.5615618148916144,0.4384381851083856,43.84381851083856,2.6079887108537743,3375.099362636454
16.29,4.0,230.9036839065413,4.644160660943465,0.5618979278559997,0.4381020721440003,43.81020721440003,2.6095442520144827,3377.276594925718
16.3,4.0,230.66400553641876,4.644150891388639,0.5622342347267195,0.4377657652732805,43.77657652732805,2.6111006223753037,3379.45143357977
16.31,4.0,230.42433286867143,4.644141005131045,0.5625707348751383,0.4374292651248617,43.74292651248617,2.6126578181203355,3381.6238788751325
16.32,4.0,230.18466641290848,4.644131000777758,0.5629074276912169,0.43709257230878307,43.70925723087831,2.614215835508845,3383.7939310891516
16.330000000000002,4.0,229.94500666429246,4.644120876919253,0.5632443125835711,0.4367556874164289,43.67556874164289,2.615774670875396,3385.9615904999914
16.34,4.0,229.7053541035389,4.644110632129211,0.5635813889795296,0.4364186110204704,43.641861102047045,2.6173343206299817,3388.1268573866364
16.35,4.0,229.46570919691615,4.644100264964319,0.5639186563251927,0.43608134367480733,43.60813436748073,2.61889478125815,3390.289732028892
16.36,4.0,229.22607239624597,4.644089773964068,0.5642561140854909,0.4357438859145091,43.574388591450905,2.620456049321131,3392.450214707382
16.37,4.0,228.98644413890278,4.64407915765055,0.5645937617442438,0.4354062382557562,43.54062382557562,2.6220181214559632,3394.608305703553
16.38,4.0,228.74682484781448,4.644068414528247,0.5649315988042181,0.43506840119578194,43.50684011957819,2.623580994375613,3396.764005299667
16.39,4.0,228.5072149314616,4.644057543083829,0.5652696247871877,0.4347303752128123,43.473037521281235,2.6251446648691044,3398.9173137788116
16.4,4.0,228.26761478387812,4.644046541785935,0.5656078392339914,0.4343921607660086,43.439216076600864,2.6267091298016325,3401.0682314248897
16.41,4.0,228.02802478465068,4.644035409084965,0.5659462417045932,0.4340537582954068,43.40537582954068,2.628274386114689,3403.216758522627
16.42,4.0,227.78844529891933,4.64402414341286,0.5662848317781408,0.4337151682218592,43.37151682218592,2.6298404308261762,3405.3628953575676
16.43,4.0,227.54887667737705,4.644012743182887,0.5666236090530249,0.4333763909469751,43.33763909469751,2.631407261030526,3407.506642216076
16.44,4.0,227.3093192562697,4.644001206789411,0.5669625731469393,0.4330374268530607,43.30374268530607,2.632974873898816,3409.6479993853386
16.45,4.0,227.06977335739649,4.643989532607675,0.5673017236969397,0.43269827630306035,43.26982763030603,2.634543266678879,3411.786967153358
16.46,4.0,226.83023928810937,4.643977718993575,0.5676410603595039,0.4323589396404961,43.23589396404961,2.636112436695423,3413.923545808961
16.47,4.0,226.59071734131368,4.6439657642834264,0.5679805828105907,0.4320194171894093,43.20194171894093,2.637682381350131,3416.0577356417903
16.48,4.0,226.35120779546747,4.643953666793733,0.568320290745701,0.431679709254299,43.1679709254299,2.6392530981217788,3418.1895369423128
16.490000000000002,4.0,226.1117109145821,4.643941424820953,0.5686601838799368,0.4313398161200632,43.13398161200632,2.6408245845663387,3420.318950001812
16.5,4.0,225.87222694822194,4.643929036641261,0.5690002619480613,0.4309997380519387,43.09997380519387,2.6423968383170853,3422.4459751123927
16.51,4.0,225.63275613150427,4.643916500510305,0.5693405247045595,0.43065947529544046,43.06594752954405,2.643969857084699,3424.5706125669803
16.52,4.0,225.39329868509964,4.643903814662969,0.5696809719236982,0.43031902807630185,43.03190280763018,2.6455436386573696,3426.6928626593185
16.53,4.0,225.15385481523137,4.64389097731312,0.5700216033995863,0.4299783966004137,42.99783966004137,2.6471181809008963,3428.8127256839734
16.54,4.0,224.9144247136762,4.643877986653363,0.5703624189462353,0.4296375810537647,42.96375810537647,2.648693481758785,3430.9302019363286
16.55,4.0,224.67500855776353,4.643864840854789,0.57070341839762,0.42929658160238005,42.929658160238006,2.6502695392523474,3433.04529171259
16.56,4.0,224.4356065103762,4.643851538066715,0.5710446016077388,0.42895539839226116,42.89553983922612,2.651846351480793,3435.157995309781
16.57,4.0,224.19621871994974,4.643838076416436,0.5713859684506749,0.4286140315493251,42.86140315493251,2.6534239166213247,3437.2683130257487
16.580000000000002,4.0,223.95684532047295,4.643824454008952,0.5717275188206569,0.42827248117934313,42.82724811793431,2.6550022329292293,3439.376245159156
16.59,4.0,223.71748643148777,4.643810668926713,0.5720692526321193,0.4279307473678807,42.79307473678807,2.656581298737967,3441.4817920094874
16.6,4.0,223.47814215808887,4.643796719229349,0.5724111698197649,0.4275888301802351,42.75888301802351,2.658161112459258,3443.584953877049
16.61,4.0,223.23881259498378,4.643782602953397,0.5727532703328198,0.42724672966718025,42.724672966718025,2.6597416725562124,3445.6857310634705
16.62,4.0,222.99949812894002,4.643768318112031,0.573095553702369,0.426904446297631,42.6904446297631,2.661322975533933,3447.7841239074064
16.63,4.0,222.76019931677777,4.643753862694786,0.5734380192147661,0.4265619807852339,42.65619807852339,2.662905016744617,3449.8801327654596
16.64,4.0,222.52091662911803,4.643739234667273,0.5737806662779609,0.42621933372203913,42.62193337220391,2.664487792088496,3451.973757985074
16.65,4.0,222.28165052368615,4.6437244319709015,0.5741234943168027,0.42587650568319735,42.58765056831974,2.6660712975274437,3454.0649999147176
16.66,4.0,222.0424014453111,4.6437094525225895,0.5744665027730939,0.42553349722690614,42.55334972269061,2.6676555290850104,3456.153858903892
16.67,4.0,221.8031698259261,4.643694294214472,0.5748096911056431,0.42519030889435694,42.5190308894357,2.669240482846458,3458.240335303124
16.68,4.0,221.56395608456833,4.643678954913616,0.575153058790318,0.424846941209682,42.4846941209682,2.6708261549587933,3460.32442946397
16.69,4.0,221.3247606273788,4.6436634324617145,0.5754966053200996,0.4245033946799004,42.45033946799004,2.6724125416307984,3462.4061417390176
16.7,4.0,221.0855838476027,4.643647724674787,0.5758403302051348,0.4241596697948652,42.41596697948652,2.6739996391330525,3464.4854724818792
16.71,4.0,220.84642612558895,4.643631829342885,0.5761842329727904,0.4238157670272096,42.381576702720956,2.675587443797966,3466.562422047201
16.72,4.0,220.60728782879085,4.643615744229774,0.5765283131677065,0.4234716868322935,42.347168683229356,2.6771759520197955,3468.636990790653
16.73,4.0,220.3681693117652,4.643599467072628,0.5768725703518506,0.4231274296481494,42.312742964814944,2.6787651602546703,3470.709179068938
16.740000000000002,4.0,220.1290709161732,4.643582995581713,0.5772170041045708,0.4227829958954292,42.278299589542925,2.680355065020605,3472.7789872397857
16.75,4.0,219.88999297077987,4.643566327440073,0.5775616140226502,0.42243838597734984,42.243838597734985,2.6819456628975185,3474.846415661954
16.76,4.0,219.65093579145415,4.6435494603032,0.5779063997203611,0.42209360027963894,42.209360027963896,2.683536950527248,3476.911464695232
16.77,4.0,219.41189968116913,4.643532391798718,0.5782513608295181,0.4217486391704819,42.174863917048185,2.685128924613556,3478.9741347004356
16.78,4.0,219.17288493000166,4.643515119526045,0.5785964969995336,0.42140350300046636,42.140350300046634,2.68672158192214,3481.034426039411
16.79,4.0,218.93389181513288,4.643497641056065,0.5789418078974707,0.42105819210252926,42.105819210252925,2.688314919280639,3483.092339075031
16.8,4.0,218.69492060084755,4.64347995393079,0.5792872932080987,0.4207127067919013,42.07127067919013,2.689908933578634,3485.1478741712003
16.81,4.0,218.45597153853478,4.643462055663017,0.5796329526339467,0.42036704736605335,42.03670473660534,2.69150362176765,3487.20103169285
16.82,4.0,218.21704486668736,4.643443943735982,0.5799787858953585,0.42002121410464155,42.002121410464156,2.69309898086115,3489.2518120059417
16.830000000000002,4.0,217.97814081090226,4.643425615603018,0.5803247927305472,0.41967520726945284,41.96752072694528,2.6946950079345346,3491.300215477465
16.84,4.0,217.73925958388045,4.643407068687191,0.5806709728956496,0.4193290271043504,41.93290271043504,2.6962917001251276,3493.346242475437
16.85,4.0,217.5004013854267,4.643388300380952,0.5810173261647815,0.4189826738352185,41.89826738352185,2.69788905463217,3495.3898933689075
16.86,4.0,217.26156640244997,4.643369308045768,0.5813638523300919,0.4186361476699081,41.86361476699081,2.699487068716801,3497.431168527951
16.87,4.0,217.02275480896301,4.643350089011764,0.5817105512018187,0.4182894487981813,41.82894487981813,2.701085739702047,3499.4700683236733
16.88,4.0,216.7839667660828,4.6433306405773465,0.5820574226083426,0.4179425773916574,41.794257739165744,2.7026850649727945,3501.506593128208
16.89,4.0,216.54520242203003,4.64331096000883,0.5824044663962434,0.41759553360375656,41.759553360375655,2.704285041975772,3503.5407433147184
16.9,4.0,216.30646191212963,4.643291044540065,0.5827516824303546,0.4172483175696454,41.72483175696454,2.705885668219521,3505.572519257395
16.91,4.0,216.06774535881027,4.643270891372044,0.5830990705938186,0.4169009294061814,41.69009294061814,2.7074869412743703,3507.6019213314603
16.92,4.0,215.82905287160483,4.6432504976725255,0.5834466307881422,0.4165533692118578,41.65533692118578,2.7090888587723994,3509.628949913162
16.93,4.0,215.59038454715014,4.643229860575632,0.583794362933252,0.41620563706674796,41.620563706674794,2.7106914184074036,3511.6536053797786
16.94,4.0,215.35174046918678,4.643208977181457,0.5841422669675503,0.41585773303244966,41.58577330324496,2.712294617934857,3513.675888109618
16.95,4.0,215.1131207085597,4.643187844555671,0.5844903428479697,0.41550965715203025,41.55096571520303,2.71389845517187,3515.6957984820147
16.96,4.0,214.87452543196923,4.643166459729104,0.5848385903912515,0.4151614096087485,41.51614096087485,2.7155029272599065,3517.7133368898917
16.97,4.0,214.63595516872493,4.643144819697337,0.5851870088838335,0.41481299111616654,41.48129911161666,2.717108028853151,3519.728503768372
16.98,4.0,214.39741036979876,4.643122921420297,0.5855355977248247,0.41446440227517534,41.446440227517535,2.7187137551036678,3521.7412995439254
16.990000000000002,4.0,214.15889146485236,4.643100761821827,0.5858843563429351,0.4141156436570649,41.41156436570649,2.720320101275373,3523.751724643007
17.0,4.0,213.92039887148528,4.643078337789261,0.5862332841830324,0.41376671581696756,41.376671581696755,2.7219270626812935,3525.7597794931776
17.01,4.0,213.68193299523475,4.643055646172999,0.5865823807061921,0.41341761929380794,41.341761929380795,2.723534634683485,3527.7654645231037
17.02,4.0,213.44349422957603,4.6430326837860685,0.5869316453897485,0.4130683546102515,41.30683546102515,2.725142812692937,3529.768780162555
17.03,4.0,213.2050829559221,4.643009447403687,0.5872810777273456,0.4127189222726544,41.27189222726544,2.7267515921694847,3531.769726842408
17.04,4.0,212.96669954362395,4.642985933762814,0.5876306772289883,0.4123693227710117,41.23693227710117,2.728360968621709,3533.768304994642
17.05,4.0,212.7283443499702,4.642962139561702,0.5879804434210931,0.4120195565789069,41.201955657890686,2.7299709376068364,3535.764515052344
17.06,4.0,212.49001772018764,4.642938061459443,0.5883303758465391,0.41166962415346087,41.166962415346084,2.731581494730636,3537.7583574497035
17.07,4.0,212.25171998744054,4.642913696075505,0.5886804740647202,0.41131952593527976,41.13195259352798,2.7331926356473106,3539.7498326220166
17.080000000000002,4.0,212.01345147283132,4.642889039989267,0.5890307376515951,0.4109692623484049,41.096926234840495,2.734804356059384,3541.7389410056835
17.09,4.0,211.77521248540026,4.642864089739547,0.589381166199739,0.410618833800261,41.061883380026096,2.7364166517175836,3543.725683038209
17.1,4.0,211.53700332212523,4.642838841824127,0.589731759318396,0.41026824068160395,41.026824068160394,2.738029518420727,3545.710059158204
17.11,4.0,211.29882426792224,4.642813292699268,0.5900825166335295,0.4099174833664705,40.99174833664705,2.7396429520155876,3547.692069805383
17.12,4.0,211.06067559564494,4.642787438779223,0.5904334377878742,0.40956656221212584,40.95665622121258,2.741256948396776,3549.6717154205676
17.13,4.0,210.82255756608507,4.6427612764357455,0.5907845224409877,0.40921547755901233,40.92154775590123,2.7428715035066022,3551.6489964456814
17.14,4.0,210.5844704279719,4.6427348019975865,0.5911357702693025,0.40886422973069747,40.88642297306975,2.7444866133349413,3553.623913323756
17.150000000000002,4.0,210.34641441797288,4.642708011749991,0.5914871809661777,0.4085128190338223,40.85128190338223,2.74610227391909,3555.5964664989256
17.16,4.0,210.10838976069323,4.642680901934188,0.5918387542419504,0.4081612457580496,40.816124575804956,2.747718481343625,3557.5666564164303
17.17,4.0,209.87039666867582,4.642653468746875,0.5921904898239888,0.4078095101760112,40.78095101760112,2.7493352317402526,3559.534483522615
17.18,4.0,209.6324353424017,4.642625708339688,0.592542387456743,0.40745761254325696,40.7457612543257,2.7509525212876516,3561.49994826493
17.19,4.0,209.39450597028946,4.642597616818685,0.5928944469017979,0.40710555309820207,40.71055530982021,2.7525703462113196,3563.46305109193
17.2,4.0,209.15660872869586,4.6425691902437976,0.5932466679379251,0.40675333206207487,40.67533320620748,2.754188702783404,3565.423792453275
17.21,4.0,208.91874378191517,4.642540424628301,0.5935990503611357,0.4064009496388643,40.64009496388643,2.755807587322543,3567.3821727997297
17.22,4.0,208.68091128217986,4.64251131593826,0.5939515939847315,0.4060484060152685,40.604840601526845,2.7574269961936833,3569.3381925831636
17.23,4.0,208.44311136966,4.642481860091981,0.5943042986393589,0.40569570136064115,40.569570136064115,2.759046925807911,3571.2918522565524
17.240000000000002,4.0,208.20534417246358,4.642452052959444,0.5946571641730598,0.4053428358269402,40.534283582694016,2.760667372622263,3573.243152273975
17.25,4.0,207.96760980663666,4.642421890361748,0.5950101904513256,0.40498980954867436,40.498980954867434,2.7622883331395465,3575.1920930906153
17.26,4.0,207.72990837616277,4.642391368070523,0.5953633773571492,0.40463662264285083,40.463662264285084,2.763909803908143,3577.1386751627647
17.27,4.0,207.49223997296366,4.642360481807369,0.5957167247910774,0.4042832752089226,40.42832752089226,2.765531781521814,3579.082898947816
17.28,4.0,207.25460467689862,4.642329227243252,0.5960702326712644,0.40392976732873564,40.392976732873564,2.767154262619496,3581.02476490427
17.29,4.0,207.01700255576512,4.642297599997925,0.596423900933524,0.40357609906647596,40.357609906647596,2.768777243885099,3582.9642734917297
17.3,4.0,206.7794336769587,4.642265595639321,0.5967777295140111,0.4032222704859889,40.32222704859889,2.7704007219666424,3584.901425172129
17.31,4.0,206.54189841399509,4.6422332096829475,0.5971317178922914,0.40286828210770864,40.286828210770864,2.7720246913546243,3586.836220442156
17.32,4.0,206.30439724560532,4.642200437591276,0.5974858653896542,0.4025141346103458,40.25141346103458,2.773649145766455,3588.7686598124906
17.330000000000002,4.0,206.06693058865545,4.642167274773121,0.5978401714180072,0.40215982858199284,40.21598285819928,2.775274079301426,3590.6987437895873
17.34,4.0,205.82949884821673,4.642133716583011,0.5981946354053758,0.40180536459462424,40.180536459462424,2.776899486094376,3592.626472880824
17.35,4.0,205.59210241756506,4.642099758320553,0.5985492567959543,0.4014507432040457,40.145074320404575,2.778525360315446,3594.551847594506
17.36,4.0,205.3547416781819,4.642065395229794,0.598904035050156,0.401095964949844,40.1095964949844,2.780151696169821,3596.4748684398583
17.37,4.0,205.11741699975343,4.642030622498572,0.5992589696446643,0.4007410303553357,40.07410303553357,2.7817784878974736,3598.3955359270344
17.38,4.0,204.8801287401711,4.641995435257854,0.5996140600724826,0.40038593992751736,40.038593992751736,2.7834057297728934,3600.3138505671086
17.39,4.0,204.6428772455313,4.641959828581081,0.5999693058429864,0.40003069415701364,40.00306941570136,2.785033416104819,3602.2298128720818
17.400000000000002,4.0,204.40566285013563,4.641923797483486,0.6003247064819729,0.3996752935180271,39.96752935180271,2.7866615412359583,3604.1434233548775
17.41,4.0,204.16848587649073,4.641887336921423,0.6006802615317131,0.39931973846828694,39.9319738468287,2.7882900995427073,3606.0546825293427
17.42,4.0,203.93134663530822,4.641850441791679,0.6010359705510022,0.3989640294489978,39.896402944899776,2.78991908543486,3607.9635909102512
17.43,4.0,203.69424542550493,4.641813106930773,0.6013918331152107,0.3986081668847893,39.86081668847893,2.791548493355309,3609.8701490132985
17.44,4.0,203.45718253420262,4.64177532711426,0.6017478488163361,0.39825215118366386,39.82521511836639,2.793178317779751,3611.774357355106
17.45,4.0,203.2201582367283,4.641737097056023,0.6021040172630537,0.39789598273694626,39.78959827369463,2.7948085532163764,3613.6762164532174
17.46,4.0,202.98317279661384,4.641698411407541,0.6024603380807683,0.39753966191923173,39.753966191923176,2.796439194205552,3615.5757268261023
17.47,4.0,202.74622646559644,4.6416592647571795,0.6028168109116647,0.3971831890883353,39.718318908833524,2.7980702353195053,3617.472888993153
17.48,4.0,202.5093194836181,4.641619651629442,0.6031734354147609,0.3968265645852391,39.682656458523915,2.7997016711619964,3619.3677034746875
17.490000000000002,4.0,202.2724520788261,4.641579566484234,0.6035302112659578,0.39646978873404215,39.646978873404215,2.801333496367983,3621.2601707919466
17.5,4.0,202.0356244675728,4.641539003716106,0.603887138158092,0.39611286184190797,39.611286184190796,2.802965705603281,3623.1502914670955
17.51,4.0,201.79883685441544,4.641497957653501,0.6042442158009872,0.3957557841990128,39.575578419901284,2.804598293564223,3625.0380660232245
17.52,4.0,201.5620894321166,4.641456422557977,0.6046014439215054,0.3953985560784946,39.53985560784946,2.806231254977298,3626.9234949843462
17.53,4.0,201.32538238164364,4.641414392623435,0.6049588222635998,0.39504117773640024,39.504117773640026,2.8078645845987946,3628.8065788754
17.54,4.0,201.0887158721693,4.641371861975333,0.6053163505883655,0.3946836494116345,39.46836494116345,2.809498277214436,3630.687318222247
17.55,4.0,200.85209006107107,4.641328824669886,0.6056740286740926,0.3943259713259074,39.43259713259074,2.811132327639001,3632.565713551674
17.56,4.0,200.61550509393192,4.641285274693265,0.606031856316317,0.39396814368368305,39.396814368368304,2.8127667307159467,3634.4417653913906
17.57,4.0,200.37896110453943,4.64124120596079,0.6063898333278737,0.39361016667212634,39.36101666721263,2.814401481317023,3636.315474270032
17.580000000000002,4.0,200.1424582148866,4.641196612316094,0.6067479595389481,0.3932520404610519,39.32520404610519,2.8160365743418683,3638.1868407171573
17.59,4.0,199.90599653517148,4.641151487530301,0.6071062347971284,0.39289376520287156,39.289376520287156,2.817672004717613,3640.0558652632476
17.6,4.0,199.66957616379696,4.641105825301189,0.6074646589674586,0.3925353410325414,39.25353410325414,2.819307767398472,3641.9225484397116
17.61,4.0,199.43319718737132,4.641059619252328,0.6078232319324892,0.3921767680675108,39.21767680675108,2.8209438573653176,3643.7868907788793
17.62,4.0,199.19685968070755,4.641012862932229,0.6081819535923318,0.39181804640766815,39.18180464076681,2.8225802696252638,3645.648892814007
17.63,4.0,198.96056370682413,4.64096554981347,0.6085408238647096,0.39145917613529035,39.145917613529036,2.8242169992112243,3647.508555079273
17.64,4.0,198.7243093169442,4.640917673291822,0.6088998426850115,0.3911001573149885,39.11001573149885,2.82585404118148,3649.365878109782
17.650000000000002,4.0,198.4880966555449,4.640869226685355,0.6092590098465673,0.39074099015343267,39.074099015343265,2.827491389877724,3651.220862451236
17.66,4.0,198.25192620014752,4.640820203233542,0.6096183246353,0.39038167536470003,39.038167536470006,2.829129037228884,3653.073508685702
17.67,4.0,198.0157983593642,4.640770596096347,0.6099777864403124,0.3900222135596876,39.00222135596876,2.830766975584139,3654.9238173940075
17.68,4.0,197.77971352271734,4.640720398353309,0.6103373946782862,0.3896626053217138,38.96626053217138,2.832405197361337,3656.7717891568013
17.69,4.0,197.54367206775635,4.640669603002612,0.6106971487827163,0.3893028512172837,38.93028512172837,2.8340436949963155,3658.6174245551438
17.7,4.0,197.30767436005814,4.640618202960146,0.6110570482039629,0.3889429517960371,38.89429517960371,2.835682460942406,3660.4607241704985
17.71,4.0,197.0717207532266,4.6405661910585545,0.611417092409304,0.388582907590696,38.858290759069604,2.83732148766994,3662.30168858474
17.72,4.0,196.83581158889316,4.6405135600462755,0.6117772808829872,0.3882227191170128,38.82227191170128,2.8389607676657413,3664.140318380147
17.73,4.0,196.59994719671624,4.640460302586568,0.6121376131262838,0.3878623868737162,38.78623868737162,2.8406002934326144,3665.976614139409
17.740000000000002,4.0,196.36412789438165,4.640406411256539,0.6124980886575394,0.3875019113424606,38.75019113424606,2.8422400574888216,3667.810576445619
17.75,4.0,196.12835398760262,4.640351878546133,0.6128587070122282,0.3871412929877718,38.71412929877718,2.843880052367547,3669.642205882279
17.76,4.0,195.8926257701192,4.640296696857146,0.6132194677430052,0.3867805322569948,38.678053225699486,2.8455202706163645,3671.4715030332995
17.77,4.0,195.65694352369914,4.640240858502202,0.6135803704197585,0.38641962958024145,38.641962958024145,2.8471607047966794,3673.2984684829958
17.78,4.0,195.42130751813713,4.640184355703726,0.6139414146296632,0.38605858537033677,38.605858537033676,2.8488013474831777,3675.1231028160937
17.79,4.0,195.18571801125535,4.640127180592906,0.6143025999772335,0.38569740002276653,38.56974000227665,2.850442191263252,3676.945406617722
17.8,4.0,194.95017524890295,4.640069325208652,0.6146639260843763,0.38533607391562374,38.53360739156238,2.8520832287364324,3678.7653804734214
17.81,4.0,194.71467946495673,4.640010781496525,0.6150253925904435,0.38497460740955647,38.497460740955646,2.8537244525137906,3680.583024969136
17.82,4.0,194.47923088132026,4.639951541307669,0.6153869991522863,0.38461300084771366,38.461300084771366,2.855365855217352,3682.3983406912203
17.830000000000002,4.0,194.2438297079248,4.639891596397729,0.6157487454443075,0.38425125455569253,38.42512545556925,2.8570074294794865,3684.2113282264345
17.84,4.0,194.00847614272868,4.639830938425753,0.6161106311585147,0.3838893688414853,38.38893688414853,2.8586491679422945,3686.0219881619446
17.85,4.0,193.77317037171738,4.639769558953086,0.6164726560045749,0.3835273439954251,38.35273439954251,2.860291063256984,3687.830321085328
17.86,4.0,193.5379125689039,4.639707449442243,0.6168348197098659,0.38316518029013413,38.316518029013416,2.8619331080832278,3689.6363275845647
17.87,4.0,193.30270289632813,4.639644601255787,0.6171971220195319,0.3828028779804681,38.28028779804681,2.8635752950885305,3691.440008248046
17.88,4.0,193.06754150405763,4.639581005655179,0.6175595626965351,0.3824404373034649,38.24404373034649,2.865217616947563,3693.2413636645674
17.89,4.0,192.83242853018683,4.639516653799619,0.6179221415217112,0.3820778584782888,38.20778584782888,2.8668600663415043,3695.0403944233344
17.900000000000002,4.0,192.59736410083764,4.639451536744879,0.6182848582938212,0.3817151417061788,38.17151417061788,2.868502635957358,3696.837101113958
17.91,4.0,192.36234833015928,4.63938564544212,0.6186477128296063,0.3813522871703937,38.13522871703937,2.8701453184872743,3698.6314843264554
17.92,4.0,192.12738132032794,4.6393189707366975,0.6190107049638417,0.3809892950361583,38.09892950361583,2.8717881066278474,3700.4235446512553
17.93,4.0,191.8924631615474,4.639251503366952,0.6193738345493894,0.38062616545061057,38.062616545061054,2.873430993079409,3702.213282679188
17.94,4.0,191.65759393204837,4.639183233962985,0.6197371014572537,0.3802628985427463,38.02628985427463,2.8750739705453086,3704.000699001497
17.95,4.0,191.42277369808912,4.639114153045432,0.6201005055766337,0.37989949442336635,37.98994944233664,2.876717031731189,3705.785794209828
17.96,4.0,191.1880025139549,4.6390442510242025,0.6204640468149781,0.37953595318502187,37.95359531850219,2.8783601693442358,3707.568568896238
17.97,4.0,190.95328042195848,4.638973518197232,0.6208277250980392,0.3791722749019608,37.91722749019608,2.880003376092435,3709.3490236531875
17.98,4.0,190.7186074524396,4.638901944749197,0.621191540369927,0.37880845963007304,37.8808459630073,2.8816466446838036,3711.1271590735482
17.990000000000002,4.0,190.48398363051143,4.638829520750231,0.6215554925826957,0.3784445074173043,37.84445074173043,2.88328996777706,3712.902975751044
18.0,4.0,190.2494092461547,4.638756236154618,0.6219195812770248,0.37808041872297515,37.808041872297515,2.884933336035468,3714.676474302685
18.01,4.0,190.0148847183526,4.638682080799481,0.6222838057920796,0.37771619420792035,37.771619420792035,2.886576739099424,3716.4476553667046
18.02,4.0,189.78041040496763,4.638607044403446,0.6226481655604501,0.3773518344395499,37.73518344395499,2.888220166953587,3718.2165195794864
18.03,4.0,189.54598665132218,4.638531116565298,0.6230126600328706,0.3769873399671294,37.69873399671294,2.889863609576588,3719.9830675769017
18.04,4.0,189.3116137901991,4.638454286762627,0.6233772886782741,0.37662271132172587,37.662271132172584,2.8915070569402044,3721.7472999943056
18.05,4.0,189.07729214184099,4.638376544350445,0.6237420509838497,0.3762579490161503,37.62579490161503,2.8931504990085277,3723.5092174665406
18.06,4.0,188.843022013951,4.638297878559802,0.624106946455097,0.375893053544903,37.5893053544903,2.8947939257371127,3725.268820627931
18.07,4.0,188.6088037016921,4.638218278496386,0.6244719746158836,0.37552802538411645,37.55280253841165,2.8964373270721224,3727.0261101122896
18.080000000000002,4.0,188.37463748768752,4.638137733139098,0.6248371350084999,0.3751628649915001,37.516286499150006,2.8980806929494527,3728.781086552913
18.09,4.0,188.1405236420208,4.6380562313386235,0.6252024271937162,0.3747975728062838,37.47975728062838,2.8997240132938478,3730.5337505825823
18.1,4.0,187.90646242223525,4.63797376181598,0.625567850750839,0.374432149249161,37.4432149249161,2.901367278018006,3732.2841028335665
18.11,4.0,187.6724540733347,4.637890313161055,0.6259334052777662,0.3740665947222338,37.40665947222338,2.9030104770216645,3734.032143937617
18.12,4.0,187.43849882778278,4.63780587383113,0.626299090391045,0.37370090960895497,37.370090960895496,2.9046536001906826,3735.777874525972
18.13,4.0,187.20459690550365,4.6377204321493775,0.6266649057259269,0.3733350942740731,37.33350942740731,2.906296637396095,3737.5212952293546
18.14,4.0,186.97074851388115,4.637633976303357,0.6270308509364254,0.3729691490635746,37.29691490635746,2.9079395784931723,3739.2624066779736
18.150000000000002,4.0,186.73695384775965,4.637546494343487,0.6273969256953715,0.37260307430462847,37.260307430462845,2.9095824133204515,3741.001209501522
18.16,4.0,186.50321308944362,4.637457974181501,0.627763129694471,0.372236870305529,37.223687030552895,2.9112251316987607,3742.737704329179
18.17,4.0,186.26952640869735,4.637368403588887,0.6281294626443614,0.3718705373556386,37.18705373556386,2.912867723430228,3744.471891789609
18.18,4.0,186.03589396274566,4.63727777019532,0.6284959242746677,0.3715040757253323,37.150407572533226,2.9145101782972778,3746.203772510961
18.19,4.0,185.80231589627323,4.637186061487058,0.6288625143340602,0.37113748566593985,37.11374856659398,2.916152486061609,3747.93334712087
18.2,4.0,185.5687923414251,4.637093264805346,0.6292292325903104,0.3707707674096896,37.07707674096896,2.9177946364631646,3749.6606162464564
18.21,4.0,185.33532341780622,4.636999367344785,0.6295960788303492,0.3704039211696508,37.04039211696508,2.919436619219087,3751.385580514325
18.22,4.0,185.10190923248197,4.636904356151693,0.6299630528603224,0.3700369471396776,37.00369471396776,2.921078424022648,3753.108240550566
18.23,4.0,184.86854987997756,4.636808218122441,0.6303301545056493,0.36966984549435067,36.96698454943507,2.922720040542183,3754.828596980756
18.240000000000002,4.0,184.63524544227855,4.636710940001786,0.6306973836110785,0.3693026163889215,36.93026163889215,2.9243614584199906,3756.546650429956
18.25,4.0,184.40199598883066,4.636612508381166,0.6310647400407455,0.36893525995925447,36.893525995925444,2.9260026672712294,3758.2624015227116
18.26,4.0,184.16880157653952,4.636512909697004,0.6314322236782307,0.3685677763217693,36.85677763217693,2.9276436566828026,3759.975850883055
18.27,4.0,183.93566224977124,4.636412130228968,0.6317998344266151,0.36820016557338486,36.820016557338484,2.929284416212212,3761.686999134503
18.28,4.0,183.7025780403517,4.63631015609823,0.6321675722085397,0.3678324277914603,36.78324277914603,2.9309249353864137,3763.3958469000577
18.29,4.0,183.4695489675673,4.636206973265704,0.6325354369662606,0.3674645630337394,36.74645630337394,2.9325652037006464,3765.1023948022057
18.3,4.0,183.2365750381642,4.6361025675302585,0.6329034286617088,0.3670965713382912,36.70965713382912,2.934205210617252,3766.8066434629213
18.31,4.0,183.0036562463491,4.635996924526924,0.6332715472765457,0.36672845272345433,36.672845272345434,2.9358449455644724,3768.508593503661
18.32,4.0,182.7707925737884,4.6358900297250685,0.6336397928122222,0.36636020718777784,36.636020718777786,2.937484397935239,3770.2082455453688
18.330000000000002,4.0,182.53798398960905,4.635781868426566,0.6340081652900356,0.36599183470996444,36.599183470996444,2.93912355708594,3771.905600208473
18.34,4.0,182.30523053368935,4.6356724257639375,0.6343766646192804,0.36562333538071956,36.562333538071954,2.9407624117236955,3773.6006581173806
18.35,4.0,182.0725325628799,4.63556168669848,0.6347452902067631,0.36525470979323693,36.52547097932369,2.942400948094779,3775.2934199251163
18.36,4.0,181.8398903856866,4.6354496360183735,0.6351140415345583,0.3648859584654417,36.48859584654417,2.9440391526615266,3776.9838862930337
18.37,4.0,181.60730428843098,4.635336258336767,0.6354829181187297,0.3645170818812703,36.45170818812703,2.9456770119094027,3778.6720578804343
18.38,4.0,181.3747745439259,4.63522153808985,0.6358519194956592,0.3641480805043408,36.414808050434075,2.9473145122820528,3780.357935344695
18.39,4.0,181.1423014114749,4.6351054595349,0.6362210452221093,0.3637789547778907,36.37789547778907,2.9489516401799993,3782.0415193412723
18.400000000000002,4.0,180.9098851368728,4.634988006748321,0.6365902948752836,0.3634097051247164,36.340970512471635,2.950588381959317,3783.722810523699
18.41,4.0,180.6775259524054,4.634869163623639,0.6369596680528887,0.36304033194711127,36.304033194711124,2.9522247239302835,3785.4018095435877
18.42,4.0,180.44522407684929,4.63474891386951,0.6373291643731962,0.3626708356268038,36.267083562680384,2.9538606523560333,3787.078517050628
18.43,4.0,180.2129797154724,4.634627241007681,0.6376987834751032,0.3623012165248968,36.23012165248968,2.9554961534511723,3788.752933692586
18.44,4.0,179.98079306003328,4.634504128370942,0.638068525018195,0.361931474981805,36.1931474981805,2.9571312133803827,3790.4250601153094
18.45,4.0,179.7486642887819,4.634379559101063,0.6384383886828061,0.3615616113171939,36.15616113171939,2.9587658182570165,3792.09489696272
18.46,4.0,179.51659356645888,4.634253516146699,0.6388083741700824,0.3611916258299176,36.11916258299176,2.9603999541416606,3793.762444876821
18.47,4.0,179.28458104429617,4.634125982261283,0.6391784812020427,0.3608215187979573,36.08215187979573,2.962033607040691,3795.4277044976902
18.48,4.0,179.0526268600164,4.6339969400008965,0.6395487095216411,0.3604512904783589,36.045129047835886,2.9636667629048072,3797.0906764634856
18.490000000000002,4.0,178.82073113783346,4.633866371722117,0.6399190588928283,0.3600809411071717,36.00809411071717,2.9652994076275423,3798.7513614104428
18.5,4.0,178.58889398845227,4.633734259579848,0.6402895291006141,0.3597104708993859,35.971047089938594,2.9669315270437635,3800.4097599728743
18.51,4.0,178.35711550906848,4.633600585525125,0.6406601199511298,0.3593398800488702,35.93398800488702,2.9685631069281517,3802.065872783172
18.52,4.0,178.1253957833691,4.633465331302905,0.6410308312716891,0.35896916872831086,35.896916872831085,2.970194132993654,3803.719700471804
18.53,4.0,177.89373488153183,4.633328478449828,0.6414016629108523,0.3585983370891477,35.85983370891477,2.971824590889929,3805.371243667319
18.54,4.0,177.66213286022565,4.633190008291962,0.6417726147384862,0.35822738526151376,35.822738526151376,2.973454466201761,3807.020502996341
18.55,4.0,177.43058976261034,4.633049901942524,0.6421436866458287,0.35785631335417134,35.785631335417136,2.9750837444474674,3808.667479083573
18.56,4.0,177.1991056183369,4.632908140299586,0.6425148785455495,0.35748512145445055,35.748512145445055,2.976712411077276,3810.3121725517963
18.57,4.0,176.967680443547,4.632764704043744,0.6428861903718137,0.3571138096281863,35.71138096281863,2.9783404514716856,3811.95458402187
18.580000000000002,4.0,176.73631424087375,4.632619573635789,0.6432576220803435,0.35674237791965646,35.674237791965645,2.979967850939812,3813.5947141127303
18.59,4.0,176.50500699944104,4.632472729314326,0.6436291736484815,0.3563708263515185,35.63708263515185,2.9815945947177056,3815.232563441392
18.6,4.0,176.27375869486366,4.632324151093398,0.6440008450752526,0.35599915492474743,35.59991549247474,2.98322066796665,3816.868132622949
18.61,4.0,176.0425692892477,4.632173818760075,0.6443726363814273,0.3556273636185727,35.562736361857276,2.984846055771453,3818.5014222705704
18.62,4.0,175.81143873118995,4.6320217118720155,0.6447445476095844,0.35525545239041556,35.525545239041556,2.9864707431386956,3820.132432995506
18.63,4.0,175.5803669557785,4.63186780975502,0.6451165788241734,0.3548834211758266,35.48834211758266,2.988094714994976,3821.761165407082
18.64,4.0,175.34935388459215,4.63171209150055,0.6454887301115778,0.3545112698884222,35.45112698884222,2.98971795618513,3823.387620112703
18.650000000000002,4.0,175.11839942570097,4.631554535963231,0.645861001580178,0.354138998419822,35.4138998419822,2.9913404514704287,3825.011797717852
18.66,4.0,174.88750347366602,4.631395121758322,0.646233393360414,0.35376660663958603,35.3766606639586,2.992962185526748,3826.6336988260887
18.67,4.0,174.65666590953907,4.631233827259185,0.646605905604849,0.353394094395151,35.3394094395151,2.994583142942736,3828.2533240390517
18.68,4.0,174.42588661531306,4.631070630594697,0.6469785384648935,0.3530214615351065,35.30214615351065,2.9962033081098496,3829.8706739566087
18.69,4.0,174.1951657452043,4.6309055096466745,0.6473512916523907,0.3526487083476093,35.26487083476093,2.997822663189947,3831.485749191493
18.7,4.0,173.96450353768253,4.6307384420472495,0.6477241647422963,0.3522758352577037,35.22758352577037,2.9994411895150974,3833.098550379912
18.71,4.0,173.7339001836721,4.630569405176235,0.6480971573855281,0.3519028426144719,35.19028426144719,3.0010588685711137,3834.7090781569045
18.72,4.0,173.50335585915727,4.6303983761584595,0.6484702692564024,0.3515297307435976,35.152973074359764,3.0026756817518847,3836.3173331535972
18.73,4.0,173.27287072518166,4.630225331861082,0.6488435000527042,0.3511564999472958,35.11564999472958,3.004291610357438,3837.9233159972077
18.740000000000002,4.0,173.0424449278487,4.630050248890884,0.6492168494957555,0.35078315050424447,35.07831505042445,3.005906635591978,3839.5270273110414
18.75,4.0,172.81207859832145,4.629873103591537,0.649590317330485,0.350409682669515,35.0409682669515,3.007520738561904,3841.128467714493
18.76,4.0,172.58177185282233,4.629693872040843,0.6499639033254971,0.35003609667450286,35.003609667450284,3.0091339002738007,3842.7276378230495
18.77,4.0,172.35152479263377,4.6295125300479505,0.6503376072731409,0.34966239272685906,34.966239272685904,3.0107461016324093,3844.3245382482833
18.78,4.0,172.1213375040974,4.6293290531505615,0.6507114289895806,0.34928857101041944,34.92885710104194,3.0123573234385836,3845.9191695978598
18.79,4.0,171.89121005861483,4.629143416612084,0.6510853683148631,0.3489146316851369,34.891463168513695,3.0139675463872027,3847.5115324755316
18.8,4.0,171.66114251264702,4.628955595418795,0.6514594251129895,0.3485405748870105,34.85405748870105,3.0155767510650837,3849.1016274811423
18.81,4.0,171.43113490771478,4.628765564276954,0.6518335992719828,0.3481664007280172,34.81664007280172,3.0171849179488572,3850.6894552106232
18.82,4.0,171.20118727039826,4.6285732976099,0.6522078907039596,0.34779210929604043,34.77921092960404,3.018792027402823,3852.275016255997
18.830000000000002,4.0,170.97129961233748,4.62837876955513,0.6525822993451975,0.3474177006548025,34.741770065480246,3.020398059676783,3853.8583112053743
18.84,4.0,170.74147193023202,4.628181953961348,0.6529568251562062,0.34704317484379377,34.704317484379374,3.0220029949038487,3855.4393406429554
18.85,4.0,170.51170420584094,4.62798282438548,0.6533314681217977,0.34666853187820235,34.66685318782024,3.023606813098229,3857.0181051490313
18.86,4.0,170.28199640598314,4.627781354089688,0.6537062282511547,0.34629377174884535,34.62937717488453,3.0252094941529912,3858.5946052999807
18.87,4.0,170.05234848253687,4.627577516038333,0.6540811055779019,0.3459188944220981,34.59188944220981,3.0268110178377934,3860.168841668273
18.88,4.0,169.82276037244029,4.627371282894931,0.6544561001601752,0.3455438998398248,34.55438998398248,3.0284113637966033,3861.7408148224667
18.89,4.0,169.59323199769088,4.62716262701908,0.6548312120806924,0.3451687879193076,34.51687879193076,3.030010511545385,3863.3105253272097
18.900000000000002,4.0,169.36376326534597,4.626951520463357,0.6552064414468229,0.34479355855317706,34.479355855317706,3.0316084404697627,3864.877973743239
18.91,4.0,169.13435406752248,4.6267379349701985,0.6555817883906577,0.3444182116093423,34.441821160934225,3.033205129822661,3866.4431606273815
18.92,4.0,168.90500428139677,4.626521841968748,0.6559572530690806,0.3440427469309194,34.40427469309194,3.034800558721923,3868.006086532554
18.93,4.0,168.6757137692051,4.6263032125716865,0.6563328356638374,0.3436671643361626,34.36671643361626,3.0363947061478958,3869.566752007761
18.94,4.0,168.446482378243,4.6260820175720285,0.6567085363816071,0.3432914636183929,34.32914636183929,3.037987550940999,3871.125157598099
18.95,4.0,168.217309940866,4.625858227439908,0.657084355454072,0.34291564454592804,34.2915644545928,3.0395790717992677,3872.6813038447513
18.96,4.0,167.98819627448884,4.625631812319324,0.6574602931379887,0.3425397068620113,34.25397068620113,3.0411692472758687,3874.2351912849936
18.97,4.0,167.7591411815863,4.625402742024868,0.6578363497152578,0.34216365028474216,34.216365028474215,3.0427580557765834,3875.7868204521874
18.98,4.0,167.53014444969241,4.6251709860384285,0.6582125254929958,0.3417874745070042,34.17874745070042,3.0443454755572836,3877.3361918757873
18.990000000000002,4.0,167.30120585140105,4.624936513505871,0.6585888208036046,0.3414111791963954,34.14111791963954,3.0459314847213657,3878.8833060813354
19.0,4.0,167.07232514436575,4.624699293233686,0.6589652360048429,0.3410347639951571,34.103476399515706,3.047516061217166,3880.428163590462
19.01,4.0,166.84350207129933,4.6244592936856215,0.6593417714798978,0.3406582285201022,34.06582285201022,3.049099182835355,3881.970764920891
19.02,4.0,166.61473636551938,4.624216482979285,0.6597184276283223,0.34028157237167767,34.02815723716777,3.0506808271640646,3883.5111105862156
19.03,4.0,166.38602798955898,4.623970828882722,0.6600952044728783,0.3399047955271217,33.99047955271217,3.052260969767965,3885.049201101143
19.04,4.0,166.15737704380675,4.623722298810977,0.6604721018090949,0.3395278981909051,33.95278981909051,3.0538395848772657,3886.58503700774
19.05,4.0,165.92878357655874,4.623470859822608,0.66084911951799,0.33915088048201003,33.915088048201,3.0554166468308543,3888.1186188490396
19.06,4.0,165.7002476192126,4.623216478616212,0.6612262575082193,0.3387737424917807,33.877374249178075,3.056992129805726,3889.6499471614943
19.07,4.0,165.47176918626678,4.6229591215268915,0.6616035157161577,0.3383964842838423,33.83964842838423,3.0585660078142713,3891.1790224749852
19.080000000000002,4.0,165.2433482753212,4.6226987545227205,0.6619808941059772,0.33801910589402284,33.80191058940228,3.0601382547015374,3892.7058453128147
19.09,4.0,165.01498486707698,4.622435343201172,0.662358392669727,0.33764160733027304,33.7641607330273,3.061708844142466,3894.23041619171
19.1,4.0,164.7866789253361,4.622168852785527,0.6627360114274139,0.3372639885725861,33.72639885725861,3.0632777496391057,3895.7527356218243
19.11,4.0,164.5584303970022,4.621899248121267,0.6631137504270804,0.33688624957291957,33.68862495729196,3.0648449445177963,3897.2728041067326
19.12,4.0,164.33023921207965,4.621626493672425,0.6634916097448864,0.3365083902551136,33.65083902551136,3.066410401926332,3898.790622143436
19.13,4.0,164.10210528367443,4.621350553517933,0.6638695894851872,0.33613041051481285,33.61304105148128,3.0679740948310927,3900.3061902223585
19.14,4.0,163.87402850799336,4.621071391347929,0.664247689780615,0.335752310219385,33.5752310219385,3.069535996014154,3901.819508827349
19.150000000000002,4.0,163.64600876434463,4.62078897046005,0.6646259107921579,0.33537408920784206,33.53740892078421,3.0710960780703687,3903.330578435681
19.16,4.0,163.4180459151377,4.620503253755705,0.6650042527092405,0.33499574729075954,33.49957472907595,3.0726543134044264,3904.839399518051
19.17,4.0,163.19013980588298,4.62021420373631,0.6653827157498038,0.3346172842501962,33.46172842501962,3.074210674227883,3906.345972538581
19.18,4.0,162.96229026519234,4.619921782499523,0.6657613001603856,0.3342386998396144,33.42386998396144,3.0757651325561683,3907.8502979548166
19.19,4.0,162.73449710477857,4.619625951735429,0.6661400062162012,0.3338599937837988,33.385999378379886,3.077317660205563,3909.352376217728
19.2,4.0,162.50676011945592,4.619326672722732,0.6665188342212227,0.3334811657787773,33.34811657787773,3.0788682287901548,3910.8522077717084
19.21,4.0,162.27907908713954,4.6190239063249,0.6668977845082611,0.3331022154917389,33.31022154917389,3.0804168097187694,3912.3497930545773
19.22,4.0,162.05145376884607,4.618717612986301,0.667276857439045,0.33272314256095503,33.272314256095505,3.081963374191866,3913.8451324975767
19.23,4.0,161.8238839086931,4.61840775272832,0.6676560534043031,0.3323439465956969,33.23439465956969,3.0835078931984268,3915.3382265253745
19.240000000000002,4.0,161.59636923389954,4.6180942851454425,0.6680353728238434,0.3319646271761566,33.19646271761566,3.0850503375127962,3916.8290755560606
19.25,4.0,161.36890945478558,4.61777716940133,0.6684148161466348,0.3315851838533652,33.15851838533652,3.0865906776915173,3918.3176800011506
19.26,4.0,161.14150426477227,4.617456364224863,0.6687943838508882,0.3312056161491118,33.12056161491118,3.0881288840701298,3919.8040402655847
19.27,4.0,160.91415334038226,4.617131827906178,0.6691740764441363,0.3308259235558637,33.08259235558637,3.0896649267599434,3921.2881567477257
19.28,4.0,160.68685634123904,4.6168035182926666,0.6695538944633165,0.3304461055366835,33.04461055366835,3.0911987756447963,3922.7700298393625
19.29,4.0,160.45961291006756,4.616471392784971,0.6699338384748499,0.3300661615251501,33.00661615251501,3.0927304003777722,3924.249659925707
19.3,4.0,160.23242267269373,4.616135408332955,0.6703139090747244,0.32968609092527557,32.96860909252756,3.094259770377912,3925.727047385396
19.31,4.0,160.0052852380449,4.615795521431645,0.6706941068885748,0.3293058931114252,32.93058931114252,3.0957868548268803,3927.202192590489
19.32,4.0,159.77820019814934,4.615451688117171,0.6710744325717645,0.32892556742823553,32.89255674282355,3.0973116226656234,3928.6750959064734
19.330000000000002,4.0,159.55116712813668,4.615103863962682,0.6714548868094674,0.3285451131905326,32.85451131905326,3.0988340425909984,3930.145757692256
19.34,4.0,159.32418558623786,4.614752004074234,0.6718354703167486,0.3281645296832514,32.81645296832514,3.100354083052371,3931.6141783001713
19.35,4.0,159.09725511378463,4.614396063086671,0.6722161838386472,0.32778381616135277,32.77838161613528,3.1018717122481996,3933.080358075977
19.36,4.0,158.87037527732426,4.6140359951594965,0.6725970280795436,0.3274029719204564,32.740297192045645,3.103386897796317,3934.544297356674
19.37,4.0,158.64354593694054,4.613671753972707,0.6729780032522502,0.3270219967477498,32.70219967477498,3.104899604649859,3936.0059964826087
19.38,4.0,158.4167669711962,4.61330329272263,0.6733591095389866,0.3266408904610134,32.66408904610134,3.106409797220985,3937.4654558197813
19.39,4.0,158.19003822548328,4.612930564117736,0.6737403471781642,0.3262596528218358,32.62596528218358,3.1079174397774483,3938.9226757270594
19.400000000000002,4.0,157.96335952580918,4.612553520374439,0.6741217164413439,0.3258782835586561,32.58782835586561,3.10942249633238,3940.37765655334
19.41,4.0,157.7367306787965,4.612172113212884,0.6745032176333289,0.3254967823666711,32.54967823666711,3.1109249306408002,3941.830398637551
19.42,4.0,157.51015147168286,4.611786293852715,0.6748848510922583,0.32511514890774174,32.51151489077417,3.1124247061961072,3943.280902308653
19.43,4.0,157.2836216723213,4.611396013008843,0.6752666171896989,0.32473338281030106,32.47333828103011,3.1139217862265465,3944.729167885635
19.44,4.0,157.05714102917972,4.611001220887182,0.67564851633074,0.32435148366926003,32.435148366926,3.1154161336916553,3946.17519567752
19.45,4.0,156.83070927134156,4.610601867180396,0.6760305489540845,0.32396945104591546,32.396945104591545,3.11690771127869,3947.6189859833594
19.46,4.0,156.60432610850515,4.610197901063615,0.6764127155321443,0.3235872844678557,32.35872844678557,3.118396481399032,3949.0605390922383
19.47,4.0,156.37799123098424,4.609789271190152,0.6767950165711317,0.3232049834288683,32.32049834288683,3.1198824061845642,3950.4998552832694
19.48,4.0,156.1517043097075,4.60937592568721,0.6771774526111545,0.3228225473888455,32.28225473888455,3.121365447484047,3951.9369348256005
19.490000000000002,4.0,155.92546499621903,4.608957812151576,0.6775600242263085,0.32243997577369155,32.24399757736916,3.1228455668594557,3953.371777978407
19.5,4.0,155.6992729226781,4.608534877645305,0.6779427320247715,0.3220572679752285,32.20572679752285,3.124322725582304,3954.804384990897
19.51,4.0,155.47312770185889,4.6081070686914085,0.678325576648898,0.32167442335110197,32.167442335110195,3.125796884629963,3956.2347561023093
19.52,4.0,155.24702892715112,4.607674331269521,0.6787085587753113,0.32129144122468867,32.129144122468865,3.1272680046819334,3957.6628915419133
19.53,4.0,155.02097617255936,4.607236610811578,0.6790916791149992,0.32090832088500076,32.09083208850008,3.1287360461161327,3959.088791529011
19.54,4.0,154.7949689927037,4.606793852197464,0.6794749384134069,0.3205250615865931,32.05250615865931,3.1302009690051333,3960.5124562729334
19.55,4.0,154.56900692281909,4.606345999750694,0.679858337450532,0.32014166254946796,32.014166254946794,3.1316627331124156,3961.933885973044
19.56,4.0,154.34308947875593,4.605892997234051,0.6802418770410185,0.31975812295898154,31.975812295898155,3.133121297888573,3963.353080818736
19.57,4.0,154.11721615697954,4.605434787845253,0.6806255580342514,0.3193744419657486,31.93744419657486,3.1345766224675295,3964.770040989436
19.580000000000002,4.0,153.89138643457068,4.604971314212603,0.6810093813144508,0.31899061868554923,31.899061868554924,3.1360286656627183,3966.1847666545987
19.59,4.0,153.66559976922522,4.604502518390648,0.6813933478007668,0.31860665219923323,31.860665219923323,3.137477385963265,3967.5972579737113
19.6,4.0,153.43985559925406,4.604028341855828,0.6817774584473751,0.31822254155262486,31.822254155262485,3.138922741530149,3969.007515096293
19.61,4.0,153.21415334358352,4.603548725502139,0.6821617142435705,0.3178382857564295,31.783828575642946,3.1403646901923437,3970.4155381618916
19.62,4.0,152.9884924017548,4.603063609636795,0.682546116213863,0.31745388378613704,31.745388378613704,3.1418031894429594,3971.821327300089
19.63,4.0,152.7628721539247,4.602572933975891,0.6829306654180718,0.3170693345819282,31.70693345819282,3.143238196435362,3973.2248826304944
19.64,4.0,152.53729196086474,4.602076637640074,0.6833153629514223,0.31668463704857774,31.668463704857775,3.1446696679792883,3974.6262042627523
19.650000000000002,4.0,152.31175116396193,4.60157465915023,0.6837002099446395,0.31629979005536046,31.629979005536047,3.146097560536945,3976.025292296535
19.66,4.0,152.0862490852185,4.601066936423157,0.6840852075640451,0.3159147924359549,31.591479243595487,3.147521830219101,3977.4221468215464
19.67,4.0,151.86078502725158,4.6005534067672755,0.6844703570116523,0.31552964298834774,31.552964298834773,3.1489424327811704,3978.8167679175226
19.68,4.0,151.63535827329378,4.600034006878326,0.6848556595252613,0.3151443404747387,31.51443404747387,3.1503593236192864,3980.20915565423
19.69,4.0,151.40996813200127,4.599508672835093,0.6852411163019044,0.31475888369809557,31.475888369809557,3.1517724574138097,3981.599310088038
19.7,4.0,151.18461420821217,4.598977340095133,0.6856267280342899,0.3143732719657101,31.437327196571008,3.153181785993268,3982.9872312723005
19.71,4.0,150.9592961266466,4.598439943490532,0.6860124953825659,0.3139875046174341,31.398750461743408,3.154587260500805,3984.3729192865526
19.72,4.0,150.7340134776618,4.59789641722366,0.6863984190671769,0.3136015809328231,31.36015809328231,3.155988831816957,3985.7563741995036
19.73,4.0,150.5087658293751,4.597346694862956,0.6867844998482456,0.31321550015175437,31.321550015175436,3.1573864504604408,3987.137596065846
19.740000000000002,4.0,150.2835527276647,4.596790709338734,0.687170738525681,0.312829261474319,31.2829261474319,3.1587800665842867,3988.51658492625
19.75,4.0,150.0583736961692,4.596228392939,0.6875571359392875,0.31244286406071253,31.244286406071254,3.160169629971973,3989.8933408073663
19.76,4.0,149.83322823628762,4.595659677305304,0.687943692968874,0.31205630703112597,31.205630703112597,3.1615550900335547,3991.2678637218255
19.77,4.0,149.60811582717966,4.595084493428602,0.6883304105343636,0.3116695894656364,31.16695894656364,3.1629363958017978,3992.640153668239
19.78,4.0,149.38303592576534,4.594502771645159,0.6887172895959021,0.31128271040409794,31.128271040409793,3.1643134959283135,3994.010210631196
19.79,4.0,149.1579879667255,4.5939144416324735,0.6891043311539677,0.31089566884603226,31.089566884603226,3.165686338679699,3995.378034581267
19.8,4.0,148.9329713625011,4.593319432405225,0.6894915362494819,0.3105084637505181,31.05084637505181,3.1670548719336766,3996.7436254750032
19.81,4.0,148.70798550329405,4.592717672311264,0.689878905963917,0.310121094036083,31.0121094036083,3.168419043175242,3998.1069832549333
19.82,4.0,148.48302975706642,4.59210908902763,0.6902664414194083,0.3097335585805917,30.973355858059172,3.169778799492823,3999.4681078495682
19.830000000000002,4.0,148.258103469541,4.591493609556607,0.6906541437788628,0.3093458562211372,30.93458562211372,3.1711340875744383,4000.826999173397
19.84,4.0,148.03320596420113,4.590871160221812,0.6910420142460703,0.30895798575392974,30.895798575392973,3.172484853703874,4002.1836571268886
19.85,4.0,147.80833654229045,4.590241666664327,0.6914300540658133,0.30856994593418674,30.856994593418673,3.1738310437568646,4003.5380815964936
19.86,4.0,147.58349448281342,4.5896050538388735,0.6918182645239777,0.30818173547602234,30.818173547602235,3.1751726031972867,4004.8902724546406
19.87,4.0,147.35867904253467,4.588961246010026,0.692206646947664,0.307793353052336,30.7793353052336,3.1765094770733744,4006.240229559739
19.88,4.0,147.13388945597973,4.588310166748472,0.6925952027052974,0.3074047972947026,30.74047972947026,3.177841610013935,4007.5879527561774
19.89,4.0,146.9091249354343,4.587651738927329,0.6929839332067399,0.3070160667932601,30.70160667932601,3.1791689462246007,4008.9334418743256
19.900000000000002,4.0,146.68438467094484,4.586985884718495,0.6933728399034007,0.3066271600965993,30.66271600965993,3.180491429484076,4010.2766967305315
19.91,4.0,146.4596678303183,4.58631252558907,0.693761924288348,0.30623807571165196,30.623807571165194,3.181809003140427,4011.617717127124
19.92,4.0,146.23497355912195,4.585631582297816,0.6941511878964208,0.30584881210357917,30.584881210357917,3.183121610107373,4012.9565028524116
19.93,4.0,146.01030098068392,4.584942974891689,0.6945406323043403,0.30545936769565973,30.545936769565973,3.1844291928606165,4014.293053680682
19.94,4.0,145.7856491960925,4.584246622702417,0.6949302591308222,0.3050697408691778,30.506974086917783,3.185731693434187,4015.6273693722046
19.95,4.0,145.56101728419682,4.583542444343154,0.6953200700366887,0.3046799299633113,30.467992996331127,3.187029053416817,4016.959449673226
19.96,4.0,145.3364043016062,4.582830357705188,0.6957100667249814,0.30428993327501863,30.428993327501864,3.1883212139483463,4018.2892943159754
19.97,4.0,145.11180928269084,4.5821102799547235,0.6961002509410724,0.3038997490589276,30.389974905892757,3.1896081157161507,4019.6169030186597
19.98,4.0,144.88723123958113,4.581382127529731,0.6964906244727792,0.3035093755272208,30.35093755272208,3.1908896989516125,4020.942275485467
19.990000000000002,4.0,144.6626691621682,4.580645816136874,0.6968811891504758,0.3031188108495242,30.311881084952418,3.1921659034266168,4022.265411406565
20.0,4.0,144.4381220181037,4.579901260748505,0.6972719468472066,0.3027280531527934,30.27280531527934,3.193436668450086,4023.5863104581
20.01,4.0,144.21358878346217,4.579148375599745,0.6976628994253963,0.3023371005746037,30.23371005746037,3.1947019326200117,4024.9049722995937
20.02,4.0,143.9890687277094,4.578387074185647,0.6980540482402149,0.3019459517597851,30.194595175978513,3.195961631545964,4026.221396579185
20.03,4.0,143.76456117480802,4.577617269258439,0.6984453945546915,0.30155460544530854,30.155460544530854,3.1972156997475794,4027.5355829693954
20.04,4.0,143.54006540683284,4.576838872824858,0.6988369397076033,0.3011630602923967,30.11630602923967,3.1984640714197203,4028.847531129426
20.05,4.0,143.31558068082387,4.576051796143578,0.6992286850842664,0.3007713149157336,30.07713149157336,3.1997066802949696,4030.1572407000467
20.06,4.0,143.091106228787,4.575255949722724,0.6996206321166599,0.3003793678833401,30.037936788334008,3.2009434596405213,4031.464711303594
20.07,4.0,142.86664125769332,4.5744512433174895,0.7000127822835536,0.29998721771644643,29.998721771644643,3.2021743422551365,4032.769942543973
20.080000000000002,4.0,142.64218494947968,4.573637585927857,0.7004051371106338,0.2995948628893662,29.95948628893662,3.2033992604661488,4034.0729340066555
20.09,4.0,142.4177364610484,4.572814885796417,0.7007976981706302,0.2992023018293698,29.92023018293698,3.204618146126522,4035.373685258682
20.1,4.0,142.1932949242672,4.5719830504062955,0.701190467083443,0.298809532916557,29.8809532916557,3.2058309306119748,4036.6721958486614
20.11,4.0,141.96885944596957,4.571141986479198,0.7015834455162696,0.2984165544837304,29.84165544837304,3.2070375448181605,4037.9684653067684
20.12,4.0,141.74442910795423,4.570291599973562,0.7019766351837329,0.2980233648162671,29.80233648162671,3.2082379191579196,4039.2624931447476
20.13,4.0,141.52000296698574,4.569431796082827,0.7023700378480077,0.29762996215199233,29.762996215199234,3.2094319835585847,4040.5542788559096
20.14,4.0,141.29558005479385,4.568562479233838,0.7027636553189498,0.2972363446810502,29.72363446810502,3.210619667459376,4041.843821915134
20.150000000000002,4.0,141.07115937807413,4.56768355308536,0.7031574894542234,0.2968425105457766,29.684251054577658,3.211800899808849,4043.1311217788684
20.16,4.0,140.84673991848763,4.566794920526731,0.7035515421594294,0.2964484578405706,29.64484578405706,3.2129756090624304,4044.416177885126
20.17,4.0,140.62232063266072,4.565896483676643,0.703945815388235,0.296054184611765,29.6054184611765,3.2141437231800296,4045.698989653491
20.18,4.0,140.39790045218555,4.5649881438820685,0.7043403111425011,0.29565968885749894,29.565968885749893,3.2153051696237247,4046.9795564851124
20.19,4.0,140.17347828361957,4.56406980171732,0.7047350314724128,0.2952649685275872,29.526496852758722,3.2164598753555445,4048.257877762709
20.2,4.0,139.94905300848606,4.563141356983264,0.7051299784766081,0.2948700215233919,29.487002152339194,3.217607766835329,4049.5339528505665
20.21,4.0,139.72462348327343,4.5622027087066686,0.7055251543023078,0.2944748456976922,29.447484569769223,3.2187487700186788,4050.8077810945388
20.22,4.0,139.500188539436,4.561253755139729,0.7059205611454453,0.2940794388545547,29.407943885455467,3.2198828103550072,4052.079361822047
20.23,4.0,139.2757469833933,4.560294393759732,0.7063162012507973,0.2936837987492027,29.36837987492027,3.221009812785682,4053.3486943420803
20.240000000000002,4.0,139.05129759653065,4.559324521268887,0.7067120769121136,0.2932879230878864,29.328792308788643,3.2221297017422628,4054.6157779451964
20.25,4.0,138.82683913519878,4.5583440335943335,0.7071081904722484,0.2928918095277516,29.289180952775162,3.223242401144859,4055.880611903519
20.26,4.0,138.60237033071385,4.557352825888307,0.7075045443232919,0.2924954556767081,29.249545567670808,3.2243478344005734,4057.143195470742
20.27,4.0,138.3778898893578,4.556350792528494,0.7079011409067005,0.29209885909329947,29.209885909329948,3.2254459244020697,4058.403527882124
20.28,4.0,138.15339649237777,4.555337827118553,0.7082979827134297,0.2917020172865703,29.17020172865703,3.2265365935262493,4059.6616083544945
20.29,4.0,137.92888879598675,4.554313822488839,0.7086950722840654,0.29130492771593464,29.130492771593463,3.227619763633046,4060.9174360862485
20.3,4.0,137.704365431363,4.553278670697303,0.7090924122089567,0.2909075877910433,29.09075877910433,3.228695356064342,4062.1710102573506
20.31,4.0,137.4798250046505,4.552232263030594,0.7094900051283483,0.29050999487165174,29.050999487165175,3.2297632916430086,4063.4223300293315
20.32,4.0,137.2552661230644,4.551174490005359,0.7098878536862493,0.2901121463137507,29.011214631375072,3.230823490461514,4064.6713945440524
20.330000000000002,4.0,137.03068769664517,4.55010524136975,0.7102859599953733,0.28971404000462675,28.971404000462677,3.231875869446293,4065.918202932181
20.34,4.0,136.80608870573195,4.5490244061051435,0.7106843260481833,0.2893156739518167,28.931567395181666,3.232920344229571,4067.1627543395643
20.35,4.0,136.58146808206823,4.547931872428061,0.7110829539276078,0.2889170460723922,28.89170460723922,3.2339568301076618,4068.405047894186
20.36,4.0,136.356824730421,4.546827527792336,0.7114818457688894,0.2885181542311106,28.85181542311106,3.2349852418664873,4069.64508270146
20.37,4.0,136.1321575285801,4.545711258891476,0.7118810037597282,0.2881189962402718,28.81189962402718,3.2360054937815614,4070.8828578442367
20.38,4.0,135.90746532735895,4.544582951661287,0.7122804301404219,0.28771956985957814,28.771956985957814,3.2370174996181293,4072.118372382797
20.39,4.0,135.68274695059375,4.543442491282701,0.7126801272040094,0.2873198727959906,28.731987279599057,3.238021172631457,4073.351625354857
20.400000000000002,4.0,135.45800119514422,4.542289762184883,0.7130800972964129,0.28691990270358714,28.691990270358716,3.239016425567296,4074.5826157755646
20.41,4.0,135.23322683089322,4.541124648048545,0.71348034281658,0.28651965718342,28.651965718341998,3.2400031706624977,4075.811342637501
20.42,4.0,135.00842260074663,4.539947031809549,0.7138808662166288,0.28611913378337117,28.611913378337118,3.240981319645814,4077.037804910683
20.43,4.0,134.78358722063376,4.5387567956627475,0.7142816700019893,0.2857183299980107,28.57183299980107,3.241950783738865,4078.2620015425573
20.44,4.0,134.5587193795069,4.537553821066087,0.7146827567315495,0.28531724326845054,28.531724326845055,3.242911473657287,4079.4839314580067
20.45,4.0,134.33381773934173,4.536337988745003,0.7150841290177978,0.28491587098220217,28.491587098220215,3.243863299612069,4080.7035935593453
20.46,4.0,134.1088809351369,4.535109178697061,0.7154857895269697,0.28451421047303027,28.45142104730303,3.244806171311074,4081.920986726322
20.47,4.0,133.8839075749146,4.533867270196906,0.7158877409791911,0.28411225902080894,28.411225902080893,3.2457399979607544,4083.1361098161174
20.48,4.0,133.65889623971975,4.532612141801478,0.716289986148625,0.28371001385137495,28.371001385137497,3.2466646882680705,4084.3489616633474
20.490000000000002,4.0,133.43384548362087,4.531343671355543,0.7166925278636173,0.28330747213638274,28.330747213638276,3.2475801504426083,4085.559541080059
20.5,4.0,133.20875383370958,4.530061735997499,0.717095369006842,0.282904630993158,28.2904630993158,3.248486292198902,4086.767846855733
20.51,4.0,132.9836197901005,4.528766212165513,0.71749851251545,0.28250148748454995,28.250148748454997,3.2493830207589847,4087.9738777572848
20.52,4.0,132.75844182593173,4.527456975603945,0.7179019613812141,0.2820980386187859,28.20980386187859,3.2502702428551316,4089.1776325290616
20.53,4.0,132.53321838736426,4.526133901370112,0.718305718650678,0.28169428134932195,28.169428134932197,3.251147864732855,4090.3791098928455
20.54,4.0,132.3079478935826,4.524796863841363,0.7187097874253038,0.2812902125746962,28.12902125746962,3.2520157921541073,4091.5783085478492
20.55,4.0,132.08262873679416,4.52344573672249,0.7191141708616205,0.28088582913837945,28.088582913837946,3.2528739304007255,4092.775227170722
20.56,4.0,131.8572592822298,4.52208039305347,0.7195188721713729,0.2804811278286271,28.04811278286271,3.253722184278111,4093.9698644155433
20.57,4.0,131.63183786814332,4.520700705217559,0.7199238946216711,0.28007610537832894,28.007610537832896,3.2545604581191596,4095.162218913828
20.580000000000002,4.0,131.40636280581194,4.519306544949727,0.72032924153514,0.27967075846486,27.967075846486,3.255388655788431,4096.352289274523
20.59,4.0,131.18083237953607,4.517897783345459,0.7207349162900698,0.2792650837099302,27.92650837099302,3.2562066806865815,4097.54007408401
20.6,4.0,130.95524484663903,4.516474290869902,0.7211409223205675,0.2788590776794325,27.88590776794325,3.2570144357550523,4098.725571906101
20.61,4.0,130.72959843746773,4.5150359373674025,0.7215472631167064,0.27845273688329364,27.845273688329364,3.2578118234810223,4099.908781282044
20.62,4.0,130.5038913976333,4.513582592071397,0.7219539421485481,0.27804605785145187,27.804605785145185,3.258598745559007,4101.08970073202
20.63,4.0,130.27812231903422,4.512114123614705,0.7223609622691375,0.2776390377308625,27.763903773086252,3.259375100202484,4102.268328778514
20.64,4.0,130.05228982191042,4.510630400040193,0.7227683262864405,0.2772316737135595,27.72316737135595,3.260140784733788,4103.444663939749
20.650000000000002,4.0,129.82639247823664,4.509131288811847,0.7231760371015142,0.27682396289848576,27.682396289848576,3.260895696213395,4104.618704709115
20.66,4.0,129.60042883311127,4.50761665682624,0.7235840976701295,0.27641590232987046,27.641590232987046,3.261639731272461,4105.790449554644
20.67,4.0,129.37439740475585,4.506086370424403,0.7239925110029213,0.2760074889970787,27.600748899707874,3.2623727861196032,4106.959896919005
20.68,4.0,129.14829668451594,4.504540295404121,0.724401280165537,0.27559871983446305,27.559871983446303,3.2630947565479915,4108.127045219507
20.69,4.0,128.92212513686025,4.502978297032644,0.7248104082787897,0.27518959172121027,27.518959172121026,3.26380553794276,4109.2918928480985
20.7,4.0,128.69588119938135,4.501400240059832,0.7252198985188075,0.2747801014811925,27.478010148119246,3.264505025288727,4110.454438171365
20.71,4.0,128.469563282795,4.499805988731719,0.7256297541171867,0.27437024588281334,27.437024588281332,3.2651931131784413,4111.614679530532
20.72,4.0,128.24316977094094,4.4981954068045376,0.7260399783611428,0.27396002163885724,27.396002163885726,3.265869695820558,4112.772615241465
20.73,4.0,128.01669902078203,4.496568357559181,0.7264505745936648,0.2735494254063352,27.35494254063352,3.2665346670485587,4113.928243594668
20.740000000000002,4.0,127.79014936240497,4.4949247038161175,0.726861546213667,0.27313845378633295,27.313845378633296,3.2671879203297927,4115.081562855281
20.75,4.0,127.56351909901997,4.493264307950769,0.7272728966761439,0.2727271033238561,27.272710332385607,3.267829348774885,4116.232571263087
20.76,4.0,127.33680650696056,4.491587031909355,0.7276846294923245,0.2723153705076755,27.23153705076755,3.2684588451474887,4117.381267032506
20.77,4.0,127.11000983568414,4.489892737225217,0.7280967482298262,0.2719032517701738,27.19032517701738,3.269076301874394,4118.527648352597
20.78,4.0,126.88312730777133,4.488181285035607,0.7285092565128122,0.2714907434871878,27.149074348718784,3.269681611056008,4119.671713387057
20.79,4.0,126.65615711892661,4.486452536098978,0.7289221580221457,0.27107784197785434,27.107784197785435,3.2702746644771956,4120.813460274225
20.8,4.0,126.4290974379777,4.48470635081276,0.7293354564955475,0.27066454350445246,27.066454350445245,3.2708553536185057,4121.952887127076
20.81,4.0,126.20194640687617,4.482942589231635,0.7297491557277531,0.2702508442722469,27.025084427224687,3.271423569667773,4123.089992033225
20.82,4.0,125.97470214069683,4.481161111086314,0.7301632595706705,0.2698367404293295,26.983674042932947,3.2719792035321102,4124.224773054925
20.830000000000002,4.0,125.74736272763825,4.479361775802833,0.7305777719335383,0.26942222806646166,26.942222806646164,3.2725221458502913,4125.357228229071
20.84,4.0,125.51992622902254,4.477544442522362,0.7309926967830852,0.2690073032169148,26.90073032169148,3.273052287005537,4126.487355567192
20.85,4.0,125.29239067929518,4.47570897012153,0.7314080381436894,0.2685919618563106,26.859196185631063,3.2735695171387005,4127.615153055461
20.86,4.0,125.06475408602545,4.473855217233291,0.7318238000975387,0.26817619990246133,26.817619990246133,3.2740737261618666,4128.740618654685
20.87,4.0,124.83701442990586,4.471983042268314,0.7322399867847921,0.2677600132152079,26.77600132152079,3.2745648037723645,4129.863750300315
20.88,4.0,124.60916966475281,4.470092303436924,0.7326566024037403,0.2673433975962597,26.734339759625968,3.275042639467206,4130.984545902436
20.89,4.0,124.38121771750593,4.4681828587715735,0.7330736512109692,0.26692634878903077,26.69263487890308,3.275507122557944,4132.103003345777
20.900000000000002,4.0,124.15315648822859,4.4662545661498845,0.7334911375215217,0.26650886247847827,26.650886247847826,3.2759581421859694,4133.219120489702
20.91,4.0,123.92498394853557,4.464307283318229,0.7339090655287269,0.2660909344712731,26.609093447127307,3.276395586533171,4134.332895181199
20.92,4.0,123.69669845919128,4.462340867915881,0.7343274387216301,0.2656725612783699,26.56725612783699,3.2768193402395247,4135.444325290003
20.93,4.0,123.46829832085936,4.4603551774997365,0.7347462607070159,0.2652537392929841,26.52537392929841,3.2772292880931095,4136.553408648656
20.94,4.0,123.23978179911568,4.458350069569595,0.7351655351638365,0.26483446483616346,26.483446483616348,3.277625314842859,4137.6601430625915
20.95,4.0,123.01114713629215,4.456325401594031,0.7355852658216658,0.26441473417833417,26.441473417833418,3.2780073051193868,4138.764526311902
20.96,4.0,122.78239255147612,4.454281031036834,0.7360054564608435,0.2639945435391565,26.39945435391565,3.278375143453142,4139.866556151344
20.97,4.0,122.55351624051093,4.452216815384044,0.7364261109126166,0.26357388908738344,26.357388908738344,3.278728714293026,4140.96623031034
20.98,4.0,122.32451637599534,4.450132612171563,0.7368472330592851,0.2631527669407149,26.31527669407149,3.279067902025505,4142.063546492971
20.990000000000002,4.0,122.09539110728406,4.44802827901338,0.7372688268343448,0.2627311731656552,26.273117316565518,3.279392590994185,4143.158502377985
21.0,4.0,121.86613856048751,4.445903673630375,0.7376908962226326,0.2623091037773674,26.230910377736738,3.279702665519886,4144.251095618794
21.01,4.0,121.6367568384716,4.443758653879728,0.7381134452604728,0.26188655473952716,26.188655473952714,3.279998009921207,4145.341323843472
21.02,4.0,121.40724402085824,4.441593077784942,0.7385364780358226,0.26146352196417744,26.146352196417745,3.2802785085355803,4146.429184654757
21.03,4.0,121.1775981640248,4.43940680356646,0.738959998688419,0.261040001311581,26.104000131158102,3.2805440457408293,4147.514675630049
21.04,4.0,120.94781730110464,4.4371996896729025,0.7393840114099266,0.2606159885900734,26.06159885900734,3.280794505977232,4148.597794321413
21.05,4.0,120.71789944198652,4.434971594812913,0.7398085204440857,0.26019147955591426,26.019147955591425,3.281029773770088,4149.678538255578
21.06,4.0,120.48784257331523,4.43272237798762,0.7402335300868611,0.2597664699131389,25.97664699131389,3.2812497337528015,4150.7569049339345
21.07,4.0,120.257644658491,4.430451898523716,0.7406590446865915,0.2593409553134085,25.93409553134085,3.2814542706904706,4151.832891832539
21.080000000000002,4.0,120.02730363766997,4.428160016107157,0.7410850686441395,0.2589149313558605,25.891493135586053,3.281643269504006,4152.906496402108
21.09,4.0,119.796817427764,4.425846590817483,0.741511606413043,0.25848839358695697,25.848839358695695,3.281816615294762,4153.977716068024
21.1,4.0,119.56618392244046,4.423511483162759,0.7419386624996668,0.2580613375003332,25.80613375003332,3.281974193369695,4155.046548230334
21.11,4.0,119.3354009921227,4.421154554115144,0.742366241463354,0.25763375853664605,25.763375853664606,3.2821158892670494,4156.112990263745
21.12,4.0,119.10446648398954,4.418775665147072,0.7427943479165803,0.2572056520834197,25.720565208341974,3.2822415887825724,4157.17703951763
21.13,4.0,118.87337822197577,4.416374678268079,0.7432229865251065,0.25677701347489346,25.677701347489347,3.2823511779962584,4158.238693316025
21.14,4.0,118.64213400677161,4.413951456062226,0.7436521620081347,0.25634783799186533,25.634783799186533,3.2824445432996283,4159.297948957629
21.150000000000002,4.0,118.41073161582324,4.411505861726173,0.7440818791384612,0.25591812086153876,25.591812086153876,3.2825215714235476,4160.354803715805
21.16,4.0,118.17916880333252,4.409037759107857,0.7445121427426349,0.2554878572573651,25.54878572573651,3.282582149466576,4161.40925483858
21.17,4.0,117.94744330025682,4.406547012745798,0.7449429577011127,0.25505704229888726,25.505704229888725,3.2826261649238577,4162.46129954864
21.18,4.0,117.71555281430955,4.4040334879090315,0.7453743289484175,0.2546256710515825,25.46256710515825,3.282653505716553,4163.510935043343
21.19,4.0,117.48349523015352,4.40149705063765,0.7458062611005648,0.2541937388994352,25.419373889943518,3.282664058581229,4164.558158539198
21.2,4.0,117.2512687953848,4.398937567783966,0.7462387581076664,0.2537612418923336,25.376124189233362,3.282657707576265,4165.602967279432
21.21,4.0,117.01887163498394,4.396354907054286,0.7466718241570695,0.25332817584293055,25.332817584293053,3.2826343380921075,4166.645358438908
21.22,4.0,116.78630185729203,4.393748937051302,0.7471054634763918,0.25289453652360816,25.289453652360816,3.282593836014617,4167.685329171156
21.23,4.0,116.55355755605363,4.391119527317074,0.7475396803298276,0.25246031967017235,25.246031967017235,3.2825360877406697,4168.722876608933
21.240000000000002,4.0,116.32063681041721,4.388466548376637,0.7479744790182552,0.2520255209817448,25.20255209817448,3.2824609802110554,4169.75799786423
21.25,4.0,116.08753768493503,4.385789871782188,0.748409863879346,0.25159013612065395,25.159013612065394,3.2823684009439216,4170.790690028269
21.26,4.0,115.85425822956279,4.383089370157869,0.748845839287675,0.251154160712325,25.1154160712325,3.282258238068756,4171.820950171502
21.27,4.0,115.6207964796603,4.380364917245156,0.7492824096548286,0.2507175903451714,25.07175903451714,3.282130380360925,4172.848775343613
21.28,4.0,115.38715045599072,4.377616387948797,0.7497195794295177,0.2502804205704823,25.02804205704823,3.2819847172767367,4173.874162573518
21.29,4.0,115.15331816472134,4.37484365838336,0.7501573530976866,0.2498426469023134,24.98426469023134,3.281821138989061,4174.897108869362
21.3,4.0,114.9192975974228,4.372046605920321,0.7505957351826263,0.24940426481737366,24.940426481737365,3.28163953642347,4175.917611218522
21.31,4.0,114.68508673106982,4.3692251092357335,0.7510347302450859,0.24896526975491406,24.896526975491405,3.281439801294915,4176.9356665876085
21.32,4.0,114.45068352804053,4.3663790483584375,0.7514743428833863,0.24852565711661367,24.852565711661367,3.2812218261449426,4177.951271922459
21.330000000000002,4.0,114.21608593611704,4.36350830471882,0.7519145777335331,0.2480854222664669,24.80854222664669,3.2809855043794167,4178.964424148146
21.34,4.0,113.98129188848519,4.360612761198109,0.7523554394693308,0.2476445605306692,24.76445605306692,3.280730730306775,4179.975120168969
21.35,4.0,113.74629930373432,4.357692302178182,0.7527969328024983,0.24720306719750174,24.720306719750173,3.280457399176793,4180.9833568684635
21.36,4.0,113.5111060858578,4.354746813591918,0.7532390624827834,0.24676093751721662,24.676093751721663,3.2801654072198643,4181.989131109393
21.37,4.0,113.27571012425244,4.351776182974012,0.7536818332980797,0.2463181667019203,24.63181667019203,3.279854651686773,4182.992439733754
21.38,4.0,113.04010929371913,4.3487802995123275,0.7541252500745425,0.24587474992545755,24.587474992545754,3.2795250308889776,4183.99327956277
21.39,4.0,112.80430145446208,4.345759054099686,0.754569317676707,0.24543068232329301,24.5430682323293,3.2791764442393716,4184.991647396903
21.400000000000002,4.0,112.56828445208957,4.342712339386159,0.7550140410076055,0.2449859589923945,24.49859589923945,3.278808792293536,4185.987540015839
21.41,4.0,112.33205611761358,4.339640049831799,0.7554594250088867,0.24454057499111326,24.454057499111325,3.2784219767914675,4186.980954178499
21.42,4.0,112.09561426744956,4.336542081759804,0.7559054746609349,0.24409452533906506,24.409452533906506,3.2780159006997636,4187.971886623035
21.43,4.0,111.85895670341705,4.333418333410123,0.7563521949829899,0.2436478050170101,24.364780501701013,3.2775904682542762,4188.960334066828
21.44,4.0,111.622081212739,4.330268704993462,0.7567995910332679,0.24320040896673212,24.320040896673213,3.2771455850032107,4189.9462932064935
21.45,4.0,111.3849855680424,4.327093098745695,0.7572476679090827,0.2427523320909173,24.27523320909173,3.2766811578506636,4190.929760717874
21.46,4.0,111.14766777439773,4.323891418982631,0.7576964302796833,0.24230356972031675,24.230356972031675,3.276197093080094,4191.910733333241
21.47,4.0,110.91012619926765,4.320663572155176,0.7581458821390419,0.24185411786095812,24.185411786095813,3.27569329533761,4192.889207822264
21.48,4.0,110.67235906221615,4.317409466904801,0.7585960277702356,0.2414039722297644,24.14039722297644,3.275169671851592,4193.865180859805
21.490000000000002,4.0,110.43436458164146,4.314129014119361,0.759046871468264,0.240953128531736,24.0953128531736,3.2746261312777674,4194.838649110194
21.5,4.0,110.19614097593033,4.310822126989215,0.7594984175379016,0.2405015824620984,24.05015824620984,3.2740625837356796,4195.809609227678
21.51,4.0,109.95768646345779,4.307488721063612,0.7599506702937323,0.2400493297062677,24.00493297062677,3.2734789408549836,4196.778057856423
21.52,4.0,109.71899926258766,4.304128714307371,0.7604036340601835,0.23959636593981648,23.95963659398165,3.27287511582211,4197.743991630516
21.53,4.0,109.48007759167201,4.300742027157778,0.7608573131715615,0.23914268682843853,23.914268682843854,3.2722510234272817,4198.707407173957
21.54,4.0,109.2409196690517,4.297328582581727,0.7613117119720856,0.23868828802791442,23.86882880279144,3.2716065801118708,4199.66830110067
21.55,4.0,109.0015237130558,4.293888306133036,0.761766834815925,0.238233165184075,23.823316518407502,3.2709417040160766,4200.626670014493
21.56,4.0,108.76188794200223,4.29042112600996,0.7622226860672329,0.23777731393276713,23.777731393276714,3.2702563150269137,4201.582510509187
21.57,4.0,108.52201057419705,4.286926973112839,0.7626792701001831,0.2373207298998169,23.73207298998169,3.2695503348264876,4202.535819168427
21.580000000000002,4.0,108.28188982793516,4.283405781101889,0.763136591299006,0.23686340870099398,23.6863408700994,3.268823686940552,4203.4865925658105
21.59,4.0,108.04152392149989,4.279857486455072,0.7635946540580246,0.23640534594197538,23.640534594197536,3.2680762967873074,4204.4348272648485
21.6,4.0,107.80091107316287,4.276282028526058,0.7640534627816915,0.2359465372183085,23.59465372183085,3.2673080917264508,4205.380519818977
21.61,4.0,107.56004950118458,4.272679349602235,0.7645130218846251,0.2354869781153749,23.54869781153749,3.2665190011084393,4206.323666771543
21.62,4.0,107.3189374238137,4.269049394962726,0.7649733357916477,0.23502666420835228,23.502666420835226,3.265708956323952,4207.264264655818
21.63,4.0,107.0775730592877,4.265392112936415,0.7654344089378213,0.23456559106217867,23.456559106217867,3.26487789085353,4208.20230999499
21.64,4.0,106.83595462583227,4.26170745495992,0.765896245768487,0.23410375423151297,23.410375423151297,3.264025740317376,4209.137799302164
21.650000000000002,4.0,106.59408034166188,4.257995375635515,0.766358850739301,0.233641149260699,23.364114926069902,3.2631524425252914,4210.070729080367
21.66,4.0,106.35194842497945,4.2542558327889495,0.7668222283162738,0.23317777168372622,23.317777168372622,3.2622579375267273,4211.001095822539
21.67,4.0,106.10955709397624,4.250488787527134,0.7672863829758085,0.23271361702419147,23.271361702419146,3.2613421676609247,4211.928896011544
21.68,4.0,105.86690456683229,4.246694204295681,0.7677513192047388,0.23224868079526118,23.224868079526118,3.2604050776071274,4212.85412612016
21.69,4.0,105.62398906171587,4.242872050936242,0.7682170415003684,0.2317829584996316,23.17829584996316,3.2594466144348404,4213.776782611088
21.7,4.0,105.38080879678407,4.239022298743639,0.7686835543705096,0.23131644562949039,23.131644562949038,3.258466727654109,4214.696861936943
21.71,4.0,105.13736199018214,4.235144922522712,0.7691508623335233,0.23084913766647674,23.084913766647674,3.2574653692657862,4215.614360540261
21.72,4.0,104.89364694744263,4.2312399006449075,0.7696189697504391,0.23038103024956091,23.03810302495609,3.256442493101284,4216.529274890973
21.73,4.0,104.64966250108488,4.227307215104517,0.7700878799793661,0.22991212002063388,22.99121200206339,3.2553980513013157,4217.441601617788
21.740000000000002,4.0,104.40540738085576,4.223346851574572,0.7705575965838737,0.22944240341612632,22.94424034161263,3.2543319994893722,4218.351337219531
21.75,4.0,104.1608802934782,4.219358799462336,0.7710281231801221,0.22897187681987785,22.897187681987784,3.253244296172978,4219.258478179117
21.76,4.0,103.91607996577704,4.215343051964364,0.7714994633539674,0.22850053664603265,22.850053664603266,3.252134902443382,4220.163020986996
21.77,4.0,103.67100514467965,4.2112996061211,0.7719716206608724,0.22802837933912756,22.802837933912755,3.2510037820257995,4221.064962141148
21.78,4.0,103.42565459721523,4.207228462870961,0.7724445986258206,0.2275554013741794,22.75554013741794,3.2498509013294874,4221.964298147082
21.79,4.0,103.18002711051552,4.203129627103891,0.772918400743225,0.22708159925677496,22.708159925677496,3.2486762294976073,4222.861025517846
21.8,4.0,102.9341214918141,4.199003107714315,0.7733930304768418,0.22660696952315817,22.660696952315817,3.247479738456851,4223.755140774015
21.81,4.0,102.68793656844706,4.194848917653499,0.7738684912596778,0.22613150874032217,22.61315087403222,3.246261402966806,4224.646640443693
21.82,4.0,102.44147118785234,4.190667073981223,0.7743447864939031,0.22565521350609685,22.565521350609686,3.24502120066902,4225.535521062524
21.830000000000002,4.0,102.19472421757035,4.186457597916785,0.774821919550759,0.22517808044924104,22.517808044924102,3.243759112135743,4226.421779173677
21.84,4.0,101.94769454524365,4.182220514889248,0.7752998937704666,0.2247001062295334,22.47001062295334,3.2424751209183,4227.305411327855
21.85,4.0,101.70038107861672,4.177955854586916,0.7757787124621374,0.22422128753786263,22.422128753786264,3.2411692135950863,4228.186414083294
21.86,4.0,101.45278274553658,4.173663651006002,0.7762583789036784,0.22374162109632156,22.374162109632156,3.2398413798191275,4229.064784005761
21.87,4.0,101.2048984939521,4.169343942498422,0.7767388963417026,0.22326110365829743,22.32611036582974,3.2384916123651872,4229.940517668553
21.88,4.0,100.95672729191469,4.164996771818709,0.7772202679914328,0.22277973200856716,22.277973200856714,3.2371199071763894,4230.813611652503
21.89,4.0,100.70826812757754,4.16062218616997,0.7777024970366113,0.22229750296338868,22.229750296338867,3.2357262634103106,4231.684062545972
21.900000000000002,4.0,100.45952000919634,4.15622023724888,0.7781855866294034,0.2218144133705966,22.18144133705966,3.234310683484518,4232.551866944855
21.91,4.0,100.21048196512895,4.151790981289648,0.7786695398903035,0.22133046010969648,22.133046010969647,3.2328731731215217,4233.4170214525775
21.92,4.0,99.96115304383514,4.147334479106908,0.779154359908041,0.22084564009195895,22.084564009195894,3.2314137413930917,4234.279522680098
21.93,4.0,99.71153231387723,4.1428507961375365,0.7796400497394831,0.2203599502605169,22.03599502605169,3.229932400763926,4235.139367245907
21.94,4.0,99.46161886391934,4.138340002481285,0.78012661240954,0.21987338759046005,21.987338759046004,3.228429167134612,4235.996551776026
21.95,4.0,99.21141180272816,4.133802172940268,0.7806140509110668,0.21938594908893316,21.938594908893315,3.2269040598838727,4236.851072904008
21.96,4.0,98.96091025917222,4.129237387057185,0.7811023682047681,0.21889763179523192,21.889763179523193,3.2253571019100358,4237.70292727094
21.97,4.0,98.71011338222254,4.124645729152307,0.7815915672190977,0.21840843278090227,21.840843278090226,3.2237883196717094,4238.552111525437
21.98,4.0,98.4590203937237,4.120027288359115,0.7820816507471308,0.21791834925286924,21.791834925286924,3.222197742803121,4239.398622351472
21.990000000000002,4.0,98.20763106516159,4.115382158658631,0.7825726205147088,0.21742737948529123,21.742737948529122,3.220585400320964,4240.2424566648415
22.0,4.0,97.95594510589284,4.110710438912323,0.7830644783730177,0.21693552162698226,21.693552162698225,3.2189513255893965,4241.083611252022
22.01,4.0,97.70396219068273,4.10601223289358,0.7835572262451138,0.2164427737548862,21.64427737548862,3.2172955561345997,4241.922082880361
22.02,4.0,97.45168203753644,4.101287649317742,0.7840508659738076,0.21594913402619242,21.59491340261924,3.215618133055257,4242.757868348564
22.03,4.0,97.19910440769817,4.096536801870584,0.7845453993214117,0.21545460067858835,21.545460067858833,3.2139191010584156,4243.5909644867
22.04,4.0,96.94622910565201,4.091759809235267,0.7850408279694829,0.21495917203051707,21.495917203051707,3.2121985084943074,4244.421368156192
22.05,4.0,96.69305597912108,4.086956795117686,0.7855371535185679,0.2144628464814321,21.44628464814321,3.210456407390116,4245.249076249829
22.06,4.0,96.4395849190684,4.082127888270209,0.7860343774879424,0.21396562251205764,21.396562251205765,3.2086928534826424,4246.0740856917555
22.07,4.0,96.185815859696,4.0772732225137105,0.7865325013153536,0.21346749868464643,21.34674986846464,3.2069079062498207,4246.89639343748
22.080000000000002,4.0,95.93174877844574,4.072392936757945,0.7870315263567571,0.2129684736432429,21.29684736432429,3.205101628941082,4247.715996473867
22.09,4.0,95.67738369599886,4.0674871750201405,0.7875314538860557,0.21246854611394428,21.24685461139443,3.2032740886064968,4248.532891819142
22.1,4.0,95.42272067627582,4.062556086441827,0.7880322850948347,0.2119677149051653,21.196771490516532,3.2014253561246817,4249.347076522893
22.11,4.0,95.1677598264369,4.057599825303862,0.788534021092096,0.21146597890790397,21.146597890790396,3.1995555062294407,4250.158547666065
22.12,4.0,94.9125012968815,4.052618551039579,0.7890366629039923,0.21096333709600767,21.096333709600767,3.1976646175350822,4250.967302360965
22.13,4.0,94.65694528124882,4.047612428246088,0.7895402114735569,0.2104597885264431,21.04597885264431,3.1957527725604136,4251.773337751258
22.14,4.0,94.40109201641715,4.04258162669362,0.7900446676604357,0.20995533233956432,20.995533233956433,3.1938200577513443,4252.57665101197
22.150000000000002,4.0,94.14494178250453,4.03752632133296,0.7905500322406144,0.20944996775938562,20.944996775938563,3.1918665635021006,4253.377239349488
22.16,4.0,93.88849490286846,4.032446692300874,0.7910563059061458,0.20894369409385416,20.894369409385416,3.189892384174986,4254.175100001557
22.17,4.0,93.6317517441056,4.027342924923531,0.7915634892648771,0.20843651073512293,20.84365107351229,3.187897618118686,4254.970230237284
22.18,4.0,93.37471271605249,4.022215209717897,0.7920715828401712,0.2079284171598288,20.79284171598288,3.1858823676850663,4255.762627357134
22.19,4.0,93.11737827178472,4.017063742391045,0.7925805870706326,0.20741941292936739,20.741941292936737,3.183846739244447,4256.552288692932
22.2,4.0,92.8597489076177,4.011888723837377,0.793090502309826,0.20690949769017397,20.690949769017397,3.181790843199312,4257.339211607865
22.21,4.0,92.60182516310599,4.006690360133717,0.7936013288259981,0.2063986711740019,20.63986711740019,3.179714793996435,4258.1233934964785
22.22,4.0,92.34360762104392,4.001468862532286,0.7941130668017942,0.20588693319820583,20.588693319820585,3.1776187101374003,4258.904831784677
22.23,4.0,92.08509690746493,3.9962244474514512,0.7946257163339766,0.2053742836660234,20.537428366602338,3.175502714187459,4259.683523929729
22.240000000000002,4.0,91.82629369164222,3.9909573364643496,0.7951392774331385,0.2048607225668615,20.48607225668615,3.173366932782746,4260.459467420257
22.25,4.0,91.56719902425675,3.98566775628525,0.7956537493517167,0.20434625064828327,20.434625064828328,3.1712114939586034,4261.232659966765
22.26,4.0,91.30781421945292,3.980355938753696,0.7961691308159524,0.20383086918404758,20.383086918404757,3.1690365280956443,4262.00309935005
22.27,4.0,91.04814042213661,3.9750221208164165,0.7966854208847629,0.2033145791152371,20.33145791152371,3.1668421713488697,4262.77078323141
22.28,4.0,90.78817884162756,3.9696665445069375,0.7972026184858044,0.20279738151419557,20.279738151419558,3.1646285637964255,4263.535709330678
22.29,4.0,90.52793075166004,3.9642894569229448,0.7977207224150338,0.20227927758496622,20.227927758496623,3.1623958494388735,4264.297875426223
22.3,4.0,90.26739749038225,3.9588911102013205,0.7982397313362705,0.20176026866372954,20.176026866372954,3.1601441761966513,4265.05727935495
22.31,4.0,90.00658046035694,3.953471761490902,0.7987596437807546,0.2012403562192454,20.12403562192454,3.157873695905745,4265.8139190123
22.32,4.0,89.74548112856073,3.9480316729228906,0.7992804581467041,0.20071954185329588,20.071954185329588,3.1555845643115066,4266.567792352252
22.330000000000002,4.0,89.48410102638474,3.9425711115789666,0.799802172698869,0.200197827301131,20.0197827301131,3.1532769410606525,4267.318897387318
22.34,4.0,89.2224417496343,3.9370903494570504,0.8003247855680832,0.19967521443191683,19.967521443191682,3.1509509896913834,4268.067232188549
22.35,4.0,88.9605049585287,3.931589663434721,0.8008482947508159,0.19915170524918413,19.915170524918413,3.1486068776216305,4268.812794885529
22.36,4.0,88.69829237770186,3.9260693352303155,0.801372698108718,0.19862730189128197,19.862730189128197,3.146244776135419,4269.555583666382
22.37,4.0,88.43580579620149,3.9205296513616554,0.80189799336817,0.19810200663182997,19.810200663182997,3.1438648603673225,4270.295596777763
22.38,4.0,88.17304706748993,3.914970903102459,0.8024241781198236,0.19757582188017642,19.757582188017643,3.141467309285014,4271.03283252487
22.39,4.0,87.91001810944337,3.9093933864363777,0.8029512498181456,0.19704875018185442,19.70487501818544,3.1390523056698822,4271.767289271431
22.400000000000002,4.0,87.6467209043525,3.9037974020087294,0.8034792057809558,0.19652079421904423,19.65207942190442,3.1366200360957324,4272.498965439711
22.41,4.0,87.38315749892226,3.898183255075875,0.8040080431889652,0.19599195681103476,19.599195681103478,3.1341706909055453,4273.227859510515
22.42,4.0,87.11933000427149,3.8925512554522657,0.8045377590853127,0.19546224091468734,19.546224091468734,3.1317044641862863,4273.953970023181
22.43,4.0,86.85524059593365,3.886901717455205,0.8050683503750964,0.1949316496249036,19.49316496249036,3.129221553741791,4274.677295575581
22.44,4.0,86.59089151385606,3.881234959847264,0.8055998138249071,0.19440018617509291,19.440018617509292,3.1267221610636766,4275.39783482413
22.45,4.0,86.32628506240064,3.8755513057764435,0.8061321460623563,0.19386785393764372,19.38678539376437,3.1242064913003316,4276.11558648377
22.46,4.0,86.06142361034314,3.869851082714026,0.8066653435756054,0.19333465642439462,19.333465642439464,3.1216747532239384,4276.830549327988
22.47,4.0,85.79630959087393,3.864134622390199,0.807199402712889,0.19280059728711096,19.280059728711095,3.1191271591955636,4277.5427221888
22.48,4.0,85.5309455015972,3.8584022607274044,0.8077343196820412,0.19226568031795876,19.22656803179588,3.1165639251283,4278.252103956764
22.490000000000002,4.0,85.2653339045317,3.8526543377715035,0.8082700905500151,0.19172990944998491,19.172990944998492,3.1139852704484814,4278.958693580969
22.5,4.0,84.99947742611035,3.8468911976207156,0.8088067112424032,0.19119328875759678,19.119328875759678,3.1113914180549607,4279.662490069043
22.51,4.0,84.73337875718002,3.8411131883523915,0.8093441775429568,0.19065582245704316,19.065582245704316,3.108782594276471,4280.363492487149
22.52,4.0,84.46704067057716,3.8353206619476596,0.8098824850575665,0.19011751494243345,19.011751494243345,3.1061590286908016,4281.061699969324
22.53,4.0,84.20046651511032,3.8295139742139224,0.8104216282142522,0.18957837178574777,18.957837178574778,3.1035209502516787,4281.757111971758
22.54,4.0,83.93365952862072,3.823693484705299,0.8109616016499428,0.1890383983500572,18.90383983500572,3.1008685925750603,4282.449727901779
22.55,4.0,83.66662281351556,3.817859556640985,0.8115024002607255,0.1884975997392745,18.849759973927448,3.098202194072509,4283.139547132398
22.56,4.0,83.39935954926061,3.8120125568216183,0.8120440187719321,0.1879559812280679,18.79559812280679,3.095521996250495,4283.82656911945
22.57,4.0,83.13187299237948,3.8061528555436333,0.8125864517375582,0.18741354826244183,18.741354826244184,3.092828243656976,4284.510793401592
22.580000000000002,4.0,82.86416647645432,3.8002808265116963,0.813129693539679,0.186870306460321,18.6870306460321,3.0901211838261737,4285.192219600303
22.59,4.0,82.5962434121254,3.7943968467492186,0.8136737383878646,0.1863262616121354,18.63262616121354,3.087401067221562,4285.870847419884
22.6,4.0,82.32810728709103,3.7885012965070004,0.8142185803185932,0.18578141968140682,18.57814196814068,3.0846681471770796,4286.5466766474565
22.61,4.0,82.05976166610805,3.782594559170076,0.8147642131946603,0.1852357868053397,18.52357868053397,3.0819226798366097,4287.2197071529645
22.62,4.0,81.79121019099112,3.7766770211627523,0.8153106307045896,0.18468936929541035,18.468936929541037,3.0791649240917343,4287.889938889177
22.63,4.0,81.52245658061355,3.7707490718519496,0.8158578263620384,0.1841421736379616,18.41421736379616,3.0763951415178052,4288.55737189168
22.64,4.0,81.25350463090643,3.7648111034488307,0.8164057935052045,0.18359420649479552,18.359420649479553,3.073613596308347,4289.222006278886
22.650000000000002,4.0,80.9843582148594,3.758863510908827,0.8169545252962286,0.18304547470377142,18.30454747037714,3.070820555207836,4289.883842252027
22.66,4.0,80.71502128252024,3.7529066918300655,0.8175040147205966,0.18249598527940336,18.249598527940336,3.0680162874428714,4290.542880095158
22.67,4.0,80.44549786099475,3.7469410463502726,0.8180542545865412,0.18194574541345876,18.194574541345876,3.065201064651787,4291.199120175154
22.68,4.0,80.17579205444726,3.7409669770422234,0.8186052375244385,0.18139476247556152,18.139476247556154,3.0623751608127296,4291.852562941716
22.69,4.0,79.90590804409996,3.7349848888077464,0.8191569559862071,0.18084304401379292,18.084304401379292,3.0595388521702356,4292.503208927364
22.7,4.0,79.63585008823361,3.728995188770403,0.8197094022447029,0.1802905977552971,18.02905977552971,3.05669241716036,4293.1510587474395
22.71,4.0,79.36562252218683,3.7229982861668374,0.820262568393114,0.17973743160688604,17.973743160688606,3.0538361363343713,4293.7961131001075
22.72,4.0,79.09522975835682,3.7169945922369148,0.8208164463443529,0.1791835536556471,17.918355365564707,3.0509702922810815,4294.438372766356
22.73,4.0,78.82467628619862,3.7109845201126577,0.8213710278304497,0.17862897216955032,17.86289721695503,3.0480951695478216,4295.077838609993
22.740000000000002,4.0,78.55396667222578,3.7049684847060913,0.8219263044019407,0.1780736955980593,17.80736955980593,3.0452110545601356,4295.714511577648
22.75,4.0,78.28310556001004,3.6989469025960227,0.8224822674272592,0.17751773257274084,17.751773257274085,3.042318235540214,4296.348392698776
22.76,4.0,78.01209767018108,3.692920191913828,0.8230389080921229,0.17696109190787712,17.696109190787713,3.0394170024241096,4296.979483085649
22.77,4.0,77.74094780042718,3.686888772228346,0.8235962173989209,0.17640378260107914,17.640378260107916,3.0365076467778174,4297.607783933366
22.78,4.0,77.46966082549443,3.680853064429881,0.8241541861661008,0.1758458138338992,17.584581383389917,3.033590461712207,4298.233296519844
22.79,4.0,77.19824169718754,3.6748134906134586,0.8247128050275524,0.1752871949724476,17.52871949724476,3.0306657417969167,4298.856022205824
22.8,4.0,76.92669544436906,3.6687704739613265,0.8252720644319931,0.17472793556800692,17.472793556800692,3.027733782973206,4299.47596243487
22.81,4.0,76.6550271729601,3.6627244386248408,0.8258319546423508,0.17416804535764918,17.416804535764918,3.0247948824658595,4300.093118733365
22.82,4.0,76.38324208791263,3.6566758096057397,0.8263924656898165,0.1736075343101835,17.36075343101835,3.0218493385283933,4300.707492751808
22.830000000000002,4.0,76.11134544422664,3.6506250126369406,0.8269535874741943,0.17304641252580566,17.304641252580566,3.018897450723144,4301.319086316896
22.84,4.0,75.8393424375851,3.64457247406288,0.8275153099894028,0.17248469001059719,17.248469001059718,3.015939520652989,4301.927901247275
22.85,4.0,75.56723832753529,3.638518620719485,0.8280776230691671,0.1719223769308329,17.19223769308329,3.0129758509382953,4302.533939447679
22.86,4.0,75.29503844368853,3.6324638798138698,0.8286405163736701,0.1713594836263299,17.13594836263299,3.01000674507767,4303.137202916222
22.87,4.0,75.0227481857193,3.6264086788037817,0.8292039793889855,0.1707960206110145,17.07960206110145,3.007032507354849,4303.737693744404
22.88,4.0,74.75037302336614,3.620353445276928,0.8297680014265074,0.17023199857349258,17.02319985734926,3.004053442745007,4304.335414117106
22.89,4.0,74.47791849643079,3.614298606830194,0.8303325716223837,0.16966742837761628,16.96674283776163,3.001069856820514,4304.93036631259
22.900000000000002,4.0,74.20539021477892,3.60824459094888,0.8308976789369452,0.16910232106305478,16.91023210630548,2.9980820556562118,4305.522552702507
22.91,4.0,73.93279385833978,3.602191824885996,0.8314633121541377,0.1685366878458623,16.85366878458623,2.9950903457342677,4306.1119757518845
22.92,4.0,73.66013517710596,3.5961407355416815,0.8320294598809541,0.16797054011904589,16.79705401190459,2.992095033848642,4306.698638019137
22.93,4.0,73.38741999113407,3.590091749342872,0.8325961105468642,0.16740388945313578,16.740388945313576,2.989096427009263,4307.28254215606
22.94,4.0,73.1146541905439,3.584045292123206,0.8331632524032481,0.16683674759675193,16.683674759675192,2.9860948323459198,4307.863690907832
22.95,4.0,72.8418437355193,3.5780017890033307,0.8337308735228262,0.16626912647717385,16.626912647717383,2.9830905570119817,4308.442087113016
22.96,4.0,72.56899465630731,3.5719616642715923,0.834298961799094,0.16570103820090598,16.570103820090598,2.9800839080879533,4309.017733703556
22.97,4.0,72.29611305321899,3.565925341265264,0.8348675049457523,0.16513249505424765,16.513249505424767,2.9770751924849614,4309.590633704779
22.98,4.0,72.02320509662859,3.559893242252307,0.8354364904961434,0.16456350950385656,16.456350950385655,2.9740647168482046,4310.160790235397
22.990000000000002,4.0,71.75027702697432,3.553865788313798,0.8360059058026824,0.16399409419731759,16.399409419731757,2.9710527874604407,4310.728206507503
23.0,4.0,71.47733515475798,3.5478433992270477,0.8365757380362937,0.1634242619637063,16.34242619637063,2.9680397101455607,4311.292885826573
23.01,4.0,71.20438586054468,3.541826493349494,0.8371459741858467,0.1628540258141533,16.285402581415333,2.9650257901723034,4311.854831591468
23.02,4.0,70.93143559496355,3.5358154875034553,0.8377166010575908,0.16228339894240917,16.228339894240918,2.962011332158183,4312.414047294428
23.03,4.0,70.65849087870691,3.529810796861769,0.838287605274595,0.161712394725405,16.1712394725405,2.958996639973662,4312.97053652108
23.04,4.0,70.38555830253118,3.5238128348344357,0.8388589732761842,0.1611410267238158,16.11410267238158,2.955982016646655,4313.524302950432
23.05,4.0,70.11264452725348,3.5178220129562723,0.8394306913173859,0.1605693086826141,16.05693086826141,2.9529677642674015,4314.075350354873
23.06,4.0,69.83975621664972,3.511838740775703,0.8400027456090852,0.15999725439091483,15.999725439091483,2.9499541843879427,4314.623682588927
23.07,4.0,69.56689987241305,3.505863425744688,0.8405751226642753,0.15942487733572475,15.942487733572474,2.9469415791395375,4315.16930358502
23.080000000000002,4.0,69.29408200151838,3.499896473109906,0.8411478089477182,0.15885219105228177,15.885219105228177,2.943930249900244,4315.712217369204
23.09,4.0,69.02130916110026,3.4939382858052137,0.8417207907815545,0.15827920921844552,15.827920921844552,2.9409204968699134,4316.252428057522
23.1,4.0,68.74858795845256,3.487989264345448,0.8422940543448948,0.1577059456551052,15.770594565510521,2.9379126189769944,4316.78993985601
23.11,4.0,68.47592505102922,3.4820498067216596,0.8428675856734126,0.15713241432658742,15.713241432658743,2.934906913786058,4317.3247570607
23.12,4.0,68.20332714644339,3.476120308297775,0.8434413706589411,0.1565586293410589,15.65586293410589,2.9319036774060563,4317.856884057613
23.13,4.0,67.93080100246827,3.4702011617088138,0.8440153950490684,0.15598460495093158,15.598460495093159,2.9289032043994006,4318.386325322765
23.14,4.0,67.6583534270363,3.464292756760638,0.8445896444467391,0.15541035555326088,15.541035555326088,2.925905787691881,4318.913085422164
23.150000000000002,4.0,67.38599127823987,3.458395480331364,0.845164104309853,0.154835895690147,15.4835895690147,2.922911718483501,4319.437169011811
23.16,4.0,67.11372146433096,3.452509716274418,0.8457387599508692,0.15426124004913078,15.426124004913078,2.9199212861602537,4319.958580837701
23.17,4.0,66.84155094372097,3.446635845323322,0.8463135965364124,0.15368640346358764,15.368640346358763,2.9169347782068984,4320.477325735821
23.18,4.0,66.56948672498126,3.4407742449982623,0.846888599086878,0.15311140091312203,15.311140091312204,2.9139524801207886,4320.993408632149
23.19,4.0,66.29753586684248,3.4349252895144486,0.8474637524760444,0.15253624752395556,15.253624752395556,2.910974675326778,4321.50683454266
23.2,4.0,66.02570547819528,3.429089349692358,0.8480390414306834,0.15196095856931657,15.196095856931658,2.908001645093273,4322.0176085733165
23.21,4.0,65.75400271808958,3.4232667928698506,0.8486144505301758,0.1513855494698242,15.138554946982419,2.9050336684494455,4322.525735920079
23.22,4.0,65.48243479573532,3.417457982816255,0.8491899642061274,0.15081003579387264,15.081003579387264,2.9020710221036796,4323.031221868897
23.23,4.0,65.21100897050168,3.411663279648401,0.84976556674199,0.15023443325801,15.023443325801,2.89911398036326,4323.534071795716
23.240000000000002,4.0,64.9397325519178,3.4058830397486983,0.8503412422726828,0.14965875772731718,14.965875772731717,2.8961628150553693,4324.034291166473
23.25,4.0,64.66861289967242,3.4001176156852417,0.8509169747842178,0.1490830252157822,14.908302521578221,2.8932177954494134,4324.531885537095
23.26,4.0,64.39765742361365,3.3943673561339995,0.8514927481133286,0.14850725188667135,14.850725188667136,2.890279188180713,4325.026860553508
23.27,4.0,64.12687358374964,3.3886326058031364,0.8520685459470997,0.1479314540529003,14.793145405290032,2.88734725717561,4325.519221951626
23.28,4.0,63.85626889024775,3.382913705359445,0.8526443518226026,0.14735564817739744,14.735564817739743,2.884422263578003,4326.008975557356
23.29,4.0,63.58585087679691,3.3772109913569803,0.8532201491832705,0.1467798508167295,14.67798508167295,2.8815044658689835,4326.496127277928
23.3,4.0,63.315626664837886,3.3715247961678543,0.8537959223075492,0.1462040776924508,14.62040776924508,2.8785941229269048,4326.9806829904355
23.31,4.0,63.045603341601606,3.365855447915279,0.8543716555055522,0.14562834449444784,14.562834449444784,2.8756914912277587,4327.46264869677
23.32,4.0,62.77578808491869,3.3602032704088187,0.854947332852931,0.145052667147069,14.505266714706899,2.8727968238797157,4327.942030504957
23.330000000000002,4.0,62.50618809338818,3.3545685830819236,0.8555229383393754,0.14447706166062457,14.447706166062456,2.8699103710592024,4328.418834598704
23.34,4.0,62.23681058637728,3.348951700931724,0.8560984558684781,0.1439015441315219,14.390154413152189,2.867032379945762,4328.893067237397
23.35,4.0,61.96766280402105,3.343352934461107,0.856673869257601,0.14332613074239897,14.332613074239898,2.8641630946585512,4329.364734756103
23.36,4.0,61.698752007223085,3.3377725896231256,0.8572491622377441,0.14275083776225594,14.275083776225594,2.86130275619453,4329.833843565568
23.37,4.0,61.430085477654735,3.3322109677676837,0.8578243184534192,0.14217568154658078,14.217568154658078,2.8584516023683215,4330.300400152218
23.38,4.0,61.161670517755894,3.3266683655905815,0.858399321462525,0.14160067853747504,14.160067853747504,2.855609867753802,4330.7644110781575
23.39,4.0,60.89351445073421,3.3211450750848615,0.8589741547362271,0.14102584526377293,14.102584526377292,2.852777783627402,4331.225882981176
23.400000000000002,4.0,60.62562462056579,3.315641383494521,0.8595488016588393,0.1404511983411607,14.045119834116072,2.8499555779131716,4331.684822574737
23.41,4.0,60.35800839199485,3.310157573270544,0.8601232455277101,0.13987675447228987,13.987675447228987,2.8471434751295894,4332.141236647987
23.42,4.0,60.090673150533505,3.3046939220292852,0.8606974695531124,0.13930253044688756,13.930253044688756,2.8443416963381565,4332.595132065753
23.43,4.0,59.823626302462394,3.2992507025132047,0.8612714568581344,0.13872854314186556,13.872854314186556,2.8415504590937712,4333.0465157685385
23.44,4.0,59.556875274829906,3.2938281825539306,0.8618451904785775,0.13815480952142245,13.815480952142245,2.838769977396899,4333.495394772532
23.45,4.0,59.290427515452976,3.288426625037681,0.8624186533628542,0.13758134663714583,13.758134663714582,2.836000461647552,4333.941776169596
23.46,4.0,59.02429049291629,3.283046287872993,0.8629918283718921,0.13700817162810786,13.700817162810786,2.833242118601068,4334.385667127278
23.47,4.0,58.758471696573096,3.2776874239608147,0.8635646982790404,0.13643530172095963,13.643530172095964,2.830495151325726,4334.827074888803
23.48,4.0,58.49297863654437,3.2723502811668777,0.86413724576998,0.13586275423002003,13.586275423002004,2.827759759162165,4335.266006773076
23.490000000000002,4.0,58.227818843719554,3.267035102296413,0.8647094534426373,0.13529054655736272,13.529054655736273,2.825036137684642,4335.702470174682
23.5,4.0,57.96299986975621,3.261742125071146,0.8652813038071021,0.1347186961928979,13.471869619289789,2.822324478664109,4336.136472563888
23.51,4.0,57.698529254501345,3.256471582108568,0.8658527793559694,0.13414722064403062,13.414722064403062,2.8196249702624345,4336.56802147387
23.52,4.0,57.43441407464581,3.2512237009035085,0.8664238635407423,0.1335761364592577,13.35761364592577,2.8169378001720484,4336.9971243645205
23.53,4.0,57.1706613467199,3.2459987038119187,0.8669945399029679,0.13300546009703207,13.300546009703208,2.8142631527370447,4337.423788816762
23.54,4.0,56.90727814225896,3.240796808036931,0.8675647918253134,0.13243520817468657,13.243520817468657,2.8116012081127004,4337.848022500869
23.55,4.0,56.64427152499529,3.235618225617098,0.8681346026673725,0.13186539733262748,13.186539733262748,2.8089521426794084,4338.269833142849
23.56,4.0,56.38164855085898,3.230463163416861,0.8687039557658012,0.13129604423419883,13.129604423419883,2.8063161290159306,4338.689228524448
23.57,4.0,56.11941626797716,3.2253318231191552,0.8692728344344589,0.1307271655655411,13.07271655655411,2.803693335874449,4339.106216483144
23.580000000000002,4.0,55.85758171667459,3.2202244012202033,0.869841221964551,0.13015877803544895,13.015877803544896,2.8010839281574462,4339.520804912151
23.59,4.0,55.596151929473436,3.2151410890264045,0.8704091016247752,0.12959089837522475,12.959089837522475,2.798488066896374,4339.933001760421
23.6,4.0,55.33513393109298,3.2100820726533317,0.8709764566614714,0.1290235433385286,12.90235433385286,2.795905909232111,4340.342815032637
23.61,4.0,55.07453473845027,3.205047533026814,0.8715432702987728,0.12845672970122723,12.845672970122724,2.7933376083972035,4340.750252789221
23.62,4.0,54.81436136065936,3.200037645886041,0.8721095257387627,0.12789047426123734,12.789047426123734,2.790783313699862,4341.155323146328
23.63,4.0,54.55462079903208,3.1950525817887065,0.8726752061616315,0.12732479383836848,12.732479383836848,2.7882431705097126,4341.5580342758485
23.64,4.0,54.29532004707727,3.190092506118112,0.8732402947258397,0.12675970527416025,12.675970527416025,2.7857173202452725,4341.958394405409
23.650000000000002,4.0,54.03646609050143,3.1851575790922495,0.8738047745682811,0.1261952254317189,12.61952254317189,2.783205900363155,4342.356411818372
23.66,4.0,53.77806590720847,3.180247955774788,0.8743686288044507,0.12563137119554935,12.563137119554934,2.7807090443489586,4342.752094853833
23.67,4.0,53.52012646729941,3.1753637860879484,0.8749318405286163,0.12506815947138372,12.506815947138373,2.7782268817098443,4343.145451906625
23.68,4.0,53.26265473307301,3.1705052148272532,0.8754943928139906,0.12450560718600945,12.450560718600945,2.775759537968777,4343.536491427314
23.69,4.0,53.00565765902508,3.1656723816780636,0.8760562687129096,0.12394373128709035,12.394373128709034,2.7733071346603944,4343.925221922203
23.7,4.0,52.749142191849174,3.1608654212339364,0.8766174512570107,0.12338254874298926,12.338254874298926,2.770869789328511,4344.3116519533305
23.71,4.0,52.49311527043586,3.156084463016696,0.8771779234574173,0.1228220765425827,12.28220765425827,2.7684476155252034,4344.6957901384685
23.72,4.0,52.23758374461556,3.1513296314982484,0.877737668482976,0.12226233151702404,12.226233151702404,2.7660407233725883,4345.077645116183
23.73,4.0,51.98255399010298,3.146601046124039,0.8782966705052883,0.12170332949471174,12.170332949471174,2.7636492222192004,4345.457225440313
23.740000000000002,4.0,51.728032372954196,3.141898821338174,0.8788549136831313,0.12114508631686871,12.11450863168687,2.7612732174282932,4345.834539788896
23.75,4.0,51.474025249821494,3.1372230666101233,0.8794123821620953,0.12058761783790473,12.058761783790473,2.7589128103814824,4346.209596887094
23.76,4.0,51.220538946936806,3.1325738864629753,0.8799690601209507,0.12003093987904934,12.003093987904933,2.756568098630258,4346.582405494423
23.77,4.0,50.96757976011236,3.127951380503237,0.880524931771993,0.11947506822800702,11.947506822800701,2.7542391759037237,4346.952974404749
23.78,4.0,50.71515395473994,3.123355643452079,0.881079981361393,0.11892001863860702,11.892001863860703,2.751926132117759,4347.321312446289
23.79,4.0,50.46326776579164,3.1187867651780516,0.8816341931695449,0.11836580683045506,11.836580683045506,2.7496290533856067,4347.687428481613
23.8,4.0,50.21192739781911,3.1142448307311703,0.8821875515114204,0.11781244848857964,11.781244848857963,2.7473480220298288,4348.051331407645
23.81,4.0,49.96113902495428,3.1097299203783866,0.8827400407369204,0.11725995926307964,11.725995926307963,2.745083116595637,4348.413030155657
23.82,4.0,49.71090879090867,3.105242109640346,0.8832916452312325,0.11670835476876751,11.67083547687675,2.7428344118655246,4348.772533691275
23.830000000000002,4.0,49.46124280897397,3.1007814693294513,0.8838423494151868,0.1161576505848132,11.615765058481319,2.740601978875217,4349.129851014477
23.84,4.0,49.212147162021836,3.096348065589138,0.8843921377456155,0.11560786225438446,11.560786225438447,2.7383858849308793,4349.484991159592
23.85,4.0,48.963627902503546,3.0919419599343474,0.8849409947157137,0.11505900528428625,11.505900528428626,2.736186193627555,4349.8379631953
23.86,4.0,48.71569105245069,3.087563209293165,0.8854889048554012,0.11451109514459878,11.451109514459878,2.7340029648688327,4350.188776224636
23.87,4.0,48.46834260347441,3.083211866049544,0.8860358527316866,0.11396414726831339,11.396414726831338,2.7318362548876625,4350.5374393849825
23.88,4.0,48.22158851676616,3.0788879780871263,0.8865818229490323,0.11341817705096768,11.34181770509677,2.729686116268345,4350.883961848078
23.89,4.0,47.97543472309694,3.0745915888340627,0.8871268001497224,0.11287319985027755,11.287319985027755,2.727552597969613,4351.2283528200105
23.900000000000002,4.0,47.729887122817956,3.0703227373088424,0.8876707690142297,0.1123292309857703,11.23292309857703,2.7254357453488147,4351.57062154122
23.91,4.0,47.48495158586035,3.066081458167056,0.8882137142615865,0.11178628573841354,11.178628573841355,2.723335600187142,4351.910777286499
23.92,4.0,47.24063390396636,3.0618677817490574,0.8887556207557405,0.11124437924425945,11.124437924425944,2.721252201040386,4352.248829341909
23.93,4.0,46.99693943478555,3.0576817341285105,0.8892964742963816,0.11070352570361841,11.070352570361841,2.7191855856809304,4352.584786892385
23.94,4.0,46.75387343884652,3.0535233371617285,0.8898362608734791,0.11016373912652089,11.016373912652089,2.7171357888299004,4352.918659206977
23.95,4.0,46.511441153117275,3.049392608537829,0.8903749665045874,0.10962503349541264,10.962503349541263,2.715102841686206,4353.250455585605
23.96,4.0,46.269647769313295,3.0452895618296005,0.8909125772834063,0.10908742271659366,10.908742271659367,2.7130867721038645,4353.580185342459
23.97,4.0,46.02849843389823,3.0412142065450984,0.8914490793802431,0.10855092061975691,10.855092061975691,2.7110876046227443,4353.907857806001
23.98,4.0,45.78799824808318,3.0371665481798846,0.891984459042476,0.10801554095752397,10.801554095752397,2.7091053605001387,4354.233482318963
23.990000000000002,4.0,45.548152267827305,3.0331465882699082,0.8925187025950164,0.10748129740498358,10.748129740498358,2.707140057743159,4354.5570682383495
24.0,4.0,45.3089655038376,3.029154324444964,0.8930517964407725,0.10694820355922752,10.69482035592275,2.7051917111419095,4354.878624935433
24.01,4.0,45.0704429215686,3.025189750482695,0.8935837270611124,0.10641627293888756,10.641627293888757,2.7032603323034032,4355.198161795759
24.02,4.0,44.83258944122298,3.021252856363122,0.8941144810163273,0.10588551898367271,10.588551898367271,2.7013459296862092,4355.515688219142
24.03,4.0,44.59540993775091,3.0173436283236272,0.8946440449460948,0.10535595505390516,10.535595505390516,2.699448508635776,4355.83121361967
24.04,4.0,44.35890924085069,3.013462048914393,0.8951724055699415,0.10482759443005851,10.48275944300585,2.697568071420422,4356.144747425699
24.05,4.0,44.123092134968104,3.0096080970542256,0.8956995496877067,0.10430045031229329,10.43004503122933,2.6957046172679457,4356.456299079859
24.060000000000002,4.0,43.88796335929699,3.005781748086756,0.8962254641800047,0.1037745358199953,10.377453581999529,2.693858142402839,4356.765878039046
24.07,4.0,43.653527607779,3.001982973836966,0.8967501360086872,0.10324986399131275,10.324986399131275,2.6920286400840627,4357.07349377443
24.080000000000002,4.0,43.41978952910334,2.9982117426680057,0.8972735522173066,0.10272644778269335,10.272644778269335,2.690216100643363,4357.379155771453
24.09,4.0,43.18675372670738,2.9944680195382847,0.8977956999315766,0.1022043000684234,10.22043000684234,2.6884205115240962,4357.682873529825
24.1,4.0,42.95442475877594,2.9907517660587732,0.8983165663598351,0.10168343364016486,10.168343364016486,2.68664185732053,4357.984656563528
24.11,4.0,42.722807138242004,2.9870629405505222,0.898836138793504,0.10116386120649601,10.1163861206496,2.6848801198176013,4358.284514400816
24.12,4.0,42.49190522849986,2.983401498102319,0.8993544048416924,0.10064559515830762,10.064559515830762,2.6831352787296248,4358.582456535129
24.13,4.0,42.26172299512972,2.9797673906285045,0.8998713529900715,0.10012864700992852,10.012864700992852,2.6814073134005674,4358.878492379683
24.14,4.0,42.03226435574115,2.9761605669268603,0.9003869718172388,0.09961302818276119,9.961302818276119,2.6796962004971525,4359.172631410924
24.150000000000002,4.0,41.80353317907036,2.972580972736595,0.9009012499972089,0.09909875000279111,9.909875000279111,2.6780019140563174,4359.464883104896
24.16,4.0,41.57553328169302,2.969028550796354,0.9014141763072764,0.09858582369272362,9.858582369272362,2.676324425548882,4359.755256934814
24.17,4.0,41.34826842802405,2.96550324090224,0.9019257396285025,0.09807426037149747,9.807426037149746,2.6746637039214742,4360.043762371067
24.18,4.0,41.121742330318135,2.9620049799658323,0.9024359289461982,0.09756407105380183,9.756407105380182,2.673019715638731,4360.330408881215
24.19,4.0,40.895958648669136,2.958533702072145,0.9029447333504077,0.0970552666495923,9.70552666495923,2.6713924247257275,4360.615205929989
24.2,4.0,40.67092099101068,2.9550893385375296,0.9034521420363893,0.09654785796361065,9.654785796361065,2.669781792810628,4360.898162979294
24.21,4.0,40.44663291311557,2.9516718179674646,0.9039581443050966,0.09604185569490342,9.604185569490342,2.66818777916752,4361.179289488207
24.22,4.0,40.22309791859638,2.948281066314239,0.9044627295636547,0.0955372704363453,9.553727043634531,2.6666103407594193,4361.458594912976
24.23,4.0,40.00031945890485,2.9449170069344754,0.9049658873258392,0.09503411267416084,9.503411267416084,2.665049432281412,4361.736088707022
24.240000000000002,4.0,39.7783009333324,2.9415795606464883,0.9054676072125492,0.09453239278745085,9.453239278745084,2.663505006203917,4362.011780320936
24.25,4.0,39.55704568900997,2.938268645787447,0.9059678789522818,0.09403212104771819,9.403212104771818,2.6619770128160467,4362.285679202484
24.26,4.0,39.33655702090769,2.9349841782703137,0.9064666923816037,0.09353330761839629,9.35333076183963,2.6604654002690302,4362.557794796602
24.27,4.0,39.11683817183549,2.931726071640556,0.9069640374456199,0.09303596255438007,9.303596255438007,2.6589701146197053,4362.8281365453995
24.28,4.0,38.89789233244247,2.9284942371325773,0.9074599041984432,0.09254009580155675,9.254009580155675,2.6574910998740218,4363.096713888158
24.29,4.0,38.67972264121749,2.925288583725889,0.9079542828036584,0.09204571719634158,9.204571719634158,2.656028298030569,4363.363536261329
24.3,4.0,38.46233218448858,2.9221090182009584,0.9084471635347877,0.09155283646521228,9.155283646521228,2.654581649124084,4363.628613098538
24.310000000000002,4.0,38.24572399139082,2.9189554451947504,0.9089385367871718,0.09106146321282815,9.106146321282814,2.6531510913022642,4363.891953827466
24.32,4.0,38.0299008189221,2.915827767255924,0.9094283935664533,0.09057160643354667,9.057160643354667,2.651736562292013,4364.153567782704
24.330000000000002,4.0,37.81486517878717,2.912725884899664,0.9099167254293979,0.09008327457060206,9.008327457060206,2.650337999261348,4364.413464287622
24.34,4.0,37.60061954304021,2.9096496966621532,0.9104035240181396,0.08959647598186038,8.959647598186038,2.6489553374995354,4364.671652675311
24.35,4.0,37.387166331538,2.906599099154631,0.9108887810890728,0.08911121891092721,8.911121891092721,2.647588510543559,4364.928142262698
24.36,4.0,37.17450791194058,2.9035739871170683,0.9113724885132872,0.08862751148671277,8.862751148671277,2.6462374502213297,4365.182942350554
24.37,4.0,36.962646599710624,2.9005742534713934,0.9118546382770024,0.08814536172299758,8.814536172299759,2.644902086694744,4365.436062223484
24.38,4.0,36.751584658114034,2.8975997893743024,0.9123352224819973,0.08766477751800272,8.766477751800272,2.6435823485025924,4365.687511149937
24.39,4.0,36.54132429821934,2.8946504842696,0.9128142333460401,0.08718576665395994,8.718576665395993,2.6422781626032985,4365.937298382197
24.400000000000002,4.0,36.33186767889825,2.891726225940086,0.913291663203313,0.08670833679668699,8.6708336796687,2.6409894544174604,4366.185433156386
24.41,4.0,36.123216906825384,2.8888269005589597,0.9137675045048361,0.08623249549516387,8.623249549516387,2.639716147870201,4366.43192469247
24.42,4.0,35.91537403647809,2.885952392740726,0.9142417498188884,0.0857582501811116,8.57582501811116,2.638458165433289,4366.676782194249
24.43,4.0,35.708341070136946,2.8831025855916144,0.9147143918314247,0.08528560816857533,8.528560816857533,2.6372154281670417,4366.920014849365
24.44,4.0,35.502119957885164,2.88027736075947,0.9151854233464926,0.08481457665350745,8.481457665350744,2.635987855761974,4367.161631829296
24.45,4.0,35.29671259760918,2.877476598483132,0.9156548372866439,0.08434516271335613,8.434516271335612,2.6347753665801976,4367.401642289361
24.46,4.0,35.092120834998084,2.874700177641268,0.9161226266933454,0.08387737330665457,8.387737330665457,2.6335778776965455,4367.640055368718
24.47,4.0,34.88834646354418,2.871947975800678,0.9165887847273853,0.08341121527261475,8.341121527261475,2.6323953049394175,4367.8768801903625
24.48,4.0,34.685391224542435,2.869219869264032,0.9170533046692784,0.08294669533072163,8.294669533072163,2.6312275629313353,4368.11212586113
24.490000000000002,4.0,34.48325680709094,2.8665157331170628,0.9175161799196668,0.08248382008033317,8.248382008033317,2.6300745651291906,4368.345801471693
24.5,4.0,34.281944848090745,2.8638354412751825,0.9179774039997192,0.08202259600028083,8.202259600028084,2.6289362238641822,4368.577916096568
24.51,4.0,34.08145689469112,2.861178866529524,0.918436970637632,0.08156302936236803,8.156302936236804,2.6278124506277893,4368.808478774676
24.52,4.0,33.881794187587396,2.8585458805924104,0.9188948742663428,0.08110512573365725,8.110512573365725,2.626703157531535,4369.037498450751
24.53,4.0,33.682957849501975,2.8559363541422242,0.9193511095927842,0.08064889040721579,8.064889040721578,2.6256082561070246,4369.264984074519
24.54,4.0,33.484948959773035,2.8533501568677004,0.9198056714273594,0.08019432857264064,8.019432857264064,2.624527656855056,4369.490944574558
24.55,4.0,33.28776855068762,2.8507871575116046,0.9202585546926841,0.07974144530731586,7.974144530731586,2.6234612693080948,4369.71538885384
24.560000000000002,4.0,33.0914176074821,2.8482472239138232,0.9207097544239241,0.07929024557607589,7.929024557607589,2.62240900206832,4369.93832578972
24.57,4.0,32.89589706834199,2.8457302230538413,0.9211592657691282,0.07884073423087179,7.8840734230871785,2.621370762845294,4370.159764233949
24.580000000000002,4.0,32.7012078244017,2.8432360210926064,0.9216070839895616,0.07839291601043841,7.839291601043841,2.6203464584932408,4370.379713012663
24.59,4.0,32.507350719745084,2.8407644834137917,0.9220532044600317,0.0779467955399683,7.794679553996831,2.6193359950479334,4370.59818092639
24.6,4.0,32.314326551404825,2.8383154746644275,0.9224976226692163,0.07750237733078369,7.750237733078369,2.6183392777631824,4370.815176750046
24.61,4.0,32.12213606936302,2.835888858794931,0.9229403342199838,0.07705966578001622,7.705966578001622,2.6173562111469217,4371.030709232937
24.62,4.0,31.930779976550642,2.833484499098497,0.9233813348297145,0.07661866517028548,7.661866517028548,2.6163866989968754,4371.244787098758
24.63,4.0,31.740258928848036,2.8311022582498904,0.9238206203306165,0.07617937966938348,7.6179379669383485,2.615430644435823,4371.457419045594
24.64,4.0,31.55057353508442,2.8287419983435886,0.9242581866700399,0.0757418133299601,7.574181332996011,2.6144879499464304,4371.668613745921
24.650000000000002,4.0,31.36172435703836,2.8264035809313253,0.9246940299107866,0.07530597008921336,7.530597008921336,2.6135585174056652,4371.8783798466
24.66,4.0,31.173711909437525,2.8240868670589947,0.9251281462314188,0.07487185376858119,7.487185376858118,2.612642248118783,4372.086725968887
24.67,4.0,30.986536659958542,2.8217917173029337,0.9255605319265637,0.07443946807343627,7.443946807343627,2.611739042852875,4372.293660708423
24.68,4.0,30.800199029227418,2.8195179918055877,0.9259911834072144,0.07400881659278558,7.400881659278557,2.610848801869989,4372.49919263524
24.69,4.0,30.614699390819034,2.817265550310541,0.9264200972010289,0.07357990279897109,7.357990279897109,2.609971424959802,4372.703330293762
24.7,4.0,30.430038071257663,2.8150342521969383,0.9268472699526255,0.07315273004737455,7.315273004737454,2.6091068114718627,4372.906082202797
24.71,4.0,30.24621528730872,2.8128239565132716,0.9272726985690354,0.07272730143096462,7.272730143096462,2.608254860755692,4373.107456827276
24.72,4.0,30.063230993537594,2.8106345220105604,0.9276963805733677,0.07230361942663233,7.230361942663233,2.607415473183754,4373.307462556427
24.73,4.0,29.881085073781207,2.8084658071749,0.9281183136625889,0.0718816863374111,7.18816863374111,2.6065885489342095,4373.506107768401
24.740000000000002,4.0,29.699777373635072,2.806317670259409,0.9285384956326118,0.07146150436738818,7.146150436738818,2.6057739878098873,4373.703400810194
24.75,4.0,29.519307700100416,2.804189969315552,0.9289569243793351,0.07104307562066492,7.1043075620664915,2.6049716892707573,4373.899349997312
24.76,4.0,29.339675821584002,2.8020825622238537,0.9293735978988625,0.07062640210113746,7.062640210113747,2.604181552463646,4374.093963613769
24.77,4.0,29.16088146789856,2.799995306724013,0.9297885142877199,0.07021148571228009,7.021148571228009,2.6034034762515086,4374.287249912089
24.78,4.0,28.982924330262293,2.7979280604443995,0.9302016717430702,0.06979832825692978,6.979832825692977,2.6026373592422263,4374.479217113304
24.79,4.0,28.805804061299376,2.795880680930961,0.9306130685629246,0.06938693143707542,6.938693143707542,2.6018830998169604,4374.669873406954
24.8,4.0,28.629520275039447,2.7938530256755225,0.9310227031463525,0.06897729685364751,6.897729685364751,2.6011405961580407,4374.859226951092
24.810000000000002,4.0,28.45407254691806,2.791844952143502,0.931430573993687,0.068569426006313,6.8569426006312995,2.6004097462763998,4375.047285872275
24.82,4.0,28.279460413776484,2.789856317801026,0.9318366797067293,0.06816332029327066,6.816332029327066,2.5996904480385497,4375.234058265572
24.830000000000002,4.0,28.105683373861517,2.7878869801414625,0.9322410189889504,0.0677589810110496,6.775898101104961,2.598982599193105,4375.4195521945585
24.84,4.0,27.932740886825936,2.785936796711381,0.9326435906456876,0.06735640935431242,6.735640935431242,2.5982860973968473,4375.603775691323
24.85,4.0,27.760632373727983,2.784005625135917,0.9330443935843427,0.06695560641565734,6.695560641565734,2.5976008402403403,4375.7867367564595
24.86,4.0,27.589357217031864,2.782093323143586,0.9334434268145728,0.06655657318542718,6.655657318542718,2.5969267252730917,4375.968443359071
24.87,4.0,27.418914760607272,2.7801997485905106,0.9338406894484822,0.0661593105515178,6.61593105515178,2.596263650028259,4376.148903436771
24.88,4.0,27.24930430972985,2.7783247594841005,0.934236180700809,0.06576381929919095,6.576381929919095,2.59561151204692,4376.328124895682
24.89,4.0,27.080525131080726,2.7764682140061634,0.9346298998891109,0.06537010011088906,6.537010011088906,2.5949702089018793,4376.506115610434
24.900000000000002,4.0,26.91257645274693,2.774629970535473,0.9350218464339465,0.06497815356605352,6.4978153566053525,2.594339638221044,4376.682883424167
24.91,4.0,26.745457425488045,2.7728098876697835,0.9354120199495045,0.06458798005049549,6.458798005049548,2.5937196979611508,4376.858436132531
24.92,4.0,26.57916698177974,2.771007824247307,0.9358004205732653,0.06419957942673471,6.419957942673471,2.5931102873424385,4377.0327814564025
24.93,4.0,26.41370397974369,2.7692236393676555,0.9361870486306583,0.06381295136934173,6.381295136934173,2.592511305937856,4377.205927090608
24.94,4.0,26.24906724937606,2.7674571924122504,0.9365719045273088,0.06342809547269124,6.342809547269123,2.5919226533953403,4377.377880696127
24.95,4.0,26.085255592106943,2.7657083430642126,0.9369549887501762,0.06304501124982376,6.304501124982376,2.591344229461998,4377.548649899584
24.96,4.0,25.922267780799892,2.7639769513277272,0.9373363018676624,0.06266369813233763,6.266369813233763,2.590775934004988,4377.718242293249
24.97,4.0,25.760102559752376,2.7622628775469074,0.9377158445297157,0.06228415547028432,6.2284155470284315,2.5902176670319808,4377.8866654350395
24.98,4.0,25.598758644695337,2.76056598242414,0.9380936174679356,0.061906382532064375,6.190638253206437,2.589669328711187,4378.053926848519
24.990000000000002,4.0,25.438234722793574,2.7588861270379437,0.9384696214956733,0.061530378504326744,6.153037850432675,2.589130819390963,4378.220034022895
25.0,4.0,25.278529452645582,2.7572231728603227,0.9388438575081308,0.06115614249186918,6.115614249186918,2.5886020396189933,4378.3849944130225
25.01,4.0,25.119641464283376,2.7555769817736406,0.939216326482459,0.06078367351754099,6.0783673517541,2.588082890161061,4378.548815439403
25.02,4.0,24.961569359172895,2.753947416087012,0.9395870294778518,0.060412970522148224,6.041297052214823,2.587573272019401,4378.711504488184
25.03,4.0,24.80431171021354,2.7523343385522163,0.93995596763564,0.060044032364359956,6.004403236435996,2.5870730864506477,4378.873068911157
25.04,4.0,24.64786706173863,2.7507376123791496,0.9403231421793823,0.05967685782061771,5.967685782061771,2.5865822349833736,4379.033516025763
25.05,4.0,24.492233929514956,2.749157101250808,0.9406885544149544,0.05931144558504564,5.931144558504564,2.586100619435229,4379.192853115084
25.060000000000002,4.0,24.33741080074316,2.7475926693378216,0.9410522057306357,0.05894779426936425,5.8947794269364255,2.5856281419296825,4379.351087427854
25.07,4.0,24.18339613405759,2.7460441813125382,0.9414140975971953,0.0585859024028047,5.858590240280471,2.5851647049123723,4379.508226178448
25.080000000000002,4.0,24.030188359526107,2.7445115023626614,0.9417742315679745,0.05822576843202554,5.822576843202554,2.5847102111670623,4379.66427654689
25.09,4.0,23.877785878650492,2.7429944982044616,0.9421326092789677,0.05786739072103231,5.786739072103231,2.5842645638312223,4379.819245678848
25.1,4.0,23.726187064366005,2.7414930350955475,0.9424892324489023,0.05751076755109774,5.751076755109774,2.583827666411214,4379.973140685638
25.11,4.0,23.575390258615418,2.740006979847226,0.9428441028850258,0.05715589711497415,5.715589711497415,2.583399422812767,4380.12596864323
25.12,4.0,23.42539367839313,2.738536199836437,0.9431972227044235,0.05680277729557648,5.680277729557648,2.582979737961254,4380.277736566874
25.13,4.0,23.276195401456338,2.737080563017286,0.9435485943681703,0.05645140563182971,5.645140563182971,2.5825685179074003,4380.428451419012
25.14,4.0,23.127793481386345,2.7356399379321696,0.943898220410754,0.056101779589246004,5.6101779589246,2.5821656690987607,4380.578120128667
25.150000000000002,4.0,22.980185953374914,2.7342141937225093,0.9442461034264757,0.05575389657352425,5.575389657352425,2.5817710983558424,4380.726749590025
25.16,4.0,22.83337083422412,2.7328032001390925,0.9445922460694655,0.05540775393053454,5.540775393053455,2.5813847128852085,4380.874346662433
25.17,4.0,22.687346122346167,2.731406827552029,0.9449366510536948,0.05506334894630516,5.506334894630516,2.581006420292211,4381.020918170394
25.18,4.0,22.542109797763786,2.730024946960338,0.9452793211529887,0.05472067884701126,5.472067884701126,2.5806361285933925,4381.166470903579
25.19,4.0,22.397659822109794,2.728657430001157,0.9456202592010367,0.05437974079896335,5.437974079896335,2.580273746228529,4381.311011616812
25.2,4.0,22.253994138627515,2.727304148958596,0.9459594680914012,0.05404053190859881,5.404053190859881,2.579919182072345,4381.454547030083
25.21,4.0,22.111110672170373,2.7259649767722234,0.9462969507775274,0.0537030492224726,5.37030492224726,2.579572345445888,4381.597083828541
25.22,4.0,21.969007329202302,2.724639787045216,0.9466327102727486,0.053367289727251355,5.336728972725135,2.5792331461275775,4381.738628662495
25.23,4.0,21.827681997797324,2.7233284540521487,0.946966749650293,0.05303325034970696,5.303325034970696,2.5789014943639206,4381.879188147415
25.240000000000002,4.0,21.687132547639926,2.722030852746462,0.9472990720432879,0.05270092795671211,5.270092795671211,2.5785773008799233,4382.0187688639335
25.25,4.0,21.547356830024892,2.720746858767585,0.9476296806447625,0.052370319355237505,5.237031935523751,2.5782604768891675,4382.157377357839
25.26,4.0,21.408352677857152,2.719476348447742,0.9479585787076512,0.05204142129234879,5.204142129234879,2.577950934103595,4382.295020140086
25.27,4.0,21.270117905652153,2.7182191988184354,0.9482857695447936,0.0517142304552064,5.1714230455206405,2.577648584742972,4382.431703686786
25.28,4.0,21.13265030953543,2.7169752876166178,0.9486112565289345,0.05138874347106548,5.1388743471065474,2.5773533415440633,4382.567434439213
25.29,4.0,20.995947667243016,2.7157444932905577,0.9489350430927227,0.051064956907277304,5.10649569072773,2.5770651177694996,4382.7022188038
25.3,4.0,20.86000773812107,2.714526695005401,0.9492571327287082,0.05074286727129185,5.074286727129184,2.5767838272163632,4382.836063152142
25.310000000000002,4.0,20.72482826312618,2.7133217726484458,0.9495775289893382,0.050422471010661774,5.042247101066177,2.576509384224482,4382.9689738209945
25.32,4.0,20.59040696402487,2.7121296068341185,0.9498962354888508,0.050103764511149174,5.010376451114917,2.576241703689586,4383.100957112173
25.330000000000002,4.0,20.456741478276925,2.7109500789086756,0.9502132560577373,0.04978674394226268,4.9786743942262675,2.5759807014897924,4383.232019280465
25.34,4.0,20.32382932366274,2.7097830709546242,0.950528594826932,0.04947140517306803,4.947140517306803,2.5757262947203077,4383.36216652286
25.35,4.0,20.19166800007174,2.708628465794874,0.9508422559865806,0.049157744013419435,4.9157744013419435,2.5754784010458684,4383.491405000062
25.36,4.0,20.060254998296777,2.7074861469966223,0.9511542437651402,0.04884575623485976,4.884575623485976,2.5752369386511655,4383.619740839196
25.37,4.0,19.92958780003376,2.706355998874979,0.9514645624293264,0.04853543757067358,4.853543757067358,2.5750018262475645,4383.747180133812
25.38,4.0,19.799663877882022,2.7052379064963437,0.9517732162840584,0.04822678371594158,4.822678371594158,2.574772983079578,4383.873728943883
25.39,4.0,19.670480695343954,2.704131755681524,0.9520802096724053,0.04791979032759475,4.791979032759475,2.5745503289310747,4383.999393295803
25.400000000000002,4.0,19.542035706825327,2.70303743300862,0.9523855469755307,0.047614453024469316,4.761445302446932,2.574333784131249,4384.124179182391
25.41,4.0,19.41432635763515,2.7019548258156716,0.9526892326126375,0.04731076738736251,4.731076738736251,2.574123269560345,4384.248092562889
25.42,4.0,19.287350083985547,2.7008838222030636,0.9529912710409121,0.04700872895908792,4.700872895908792,2.5739187066551343,4384.371139362961
25.43,4.0,19.161104312992048,2.6998243110357185,0.9532916667554678,0.04670833324453216,4.670833324453216,2.5737200174141726,4384.493325474694
25.44,4.0,19.03558646267326,2.6987761819450564,0.9535904242892883,0.04640957571071169,4.640957571071169,2.573527124402812,4384.614656756599
25.45,4.0,18.910793941951198,2.6977393253307467,0.95388754821317,0.04611245178682999,4.611245178682999,2.5733399507579975,4384.73513903361
25.46,4.0,18.786724150650947,2.6967136323622434,0.954183043135665,0.04581695686433496,4.581695686433496,2.5731584201928386,4384.854778097083
25.47,4.0,18.663374479501012,2.695698994980118,0.9544769137030223,0.045523086296977655,4.552308629697766,2.572982457000962,4384.973579704799
25.48,4.0,18.540742310132956,2.6946953058971896,0.95476916459913,0.04523083540087003,4.523083540087002,2.572811986060657,4385.0915495809595
25.490000000000002,4.0,18.418825015081723,2.6937024585994607,0.9550598005454555,0.04494019945454453,4.494019945454452,2.5726469328388037,4385.208693416191
25.5,4.0,18.297619957785493,2.6927203473468593,0.9553488263009865,0.0446511736990135,4.46511736990135,2.5724872233946066,4385.325016867542
25.51,4.0,18.177124492585556,2.691748867173797,0.9556362466621718,0.04436375333782816,4.4363753337828165,2.57233278438312,4385.440525558485
25.52,4.0,18.05733596472662,2.690787913889546,0.9559220664628603,0.044077933537139735,4.4077933537139735,2.5721835430585838,4385.555225078916
25.53,4.0,17.938251710356457,2.689837384078436,0.9562062905742404,0.04379370942575955,4.379370942575955,2.5720394272775597,4385.669120985151
25.54,4.0,17.819869053574177,2.688897175099882,0.9564889239118288,0.043511076088171174,4.3511076088171174,2.5719003655208423,4385.782218800454
25.55,4.0,17.70218523829115,2.6879671850882425,0.956769971598169,0.04323002840183099,4.323002840183099,2.571766287333688,4385.894524007778
25.560000000000002,4.0,17.58519743521875,2.6870473129525156,0.957049438946323,0.042950561053677005,4.295056105367701,2.57163712328343,4386.0060420337795
25.57,4.0,17.468902811375816,2.686137458375875,0.9573273312939122,0.04267266870608777,4.267266870608777,2.5715128045155886,4386.116778270834
25.580000000000002,4.0,17.353298532448864,2.68523752181505,0.9576036539973891,0.042396346002610885,4.2396346002610885,2.571393262740986,4386.226738080188
25.59,4.0,17.238381762792358,2.6843474044995608,0.9578784124319416,0.042121587568058394,4.21215875680584,2.571278430237842,4386.3359267919595
25.6,4.0,17.12414966542838,2.683467008430798,0.9581516119913996,0.04184838800860036,4.184838800860035,2.571168239853708,4386.444349705138
25.61,4.0,17.01059940204698,2.6825962363809723,0.9584232580881398,0.04157674191186023,4.157674191186023,2.571062625007233,4386.552012087587
25.62,4.0,16.89772813300583,2.6817349918919122,0.9586933561529921,0.041306643847007884,4.130664384700788,2.5709615196897744,4386.6589191760395
25.63,4.0,16.78553301733055,2.680883179273741,0.9589619116351452,0.041038088364854786,4.103808836485479,2.570864858466852,4386.7650761761015
25.64,4.0,16.674011212714394,2.680040703603412,0.9592289300020532,0.040771069997946774,4.077106999794678,2.5707725764794507,4386.870488262251
25.650000000000002,4.0,16.563159875518522,2.6792074707231266,0.9594944167393414,0.04050558326065856,4.050558326065856,2.5706846094451725,4386.975160577836
25.66,4.0,16.45297616077189,2.678383387238624,0.9597583773507128,0.04024162264928721,4.024162264928721,2.5706008936592477,4387.079098235079
25.67,4.0,16.343457222171118,2.6775683605173533,0.960020817357855,0.03997918264214495,3.997918264214495,2.5705213659954014,4387.182306315074
25.68,4.0,16.234600212080778,2.6767622986865325,0.9602817423003468,0.0397182576996532,3.9718257699653203,2.5704459639065846,4387.284789867785
25.69,4.0,16.126402281533075,2.675965110631093,0.960541157735565,0.03945884226443497,3.945884226443497,2.5703746254255693,4387.386553912048
25.7,4.0,16.018860580228157,2.6751767059915172,0.9607990692385918,0.03920093076140818,3.920093076140818,2.5703072891654117,4387.487603435573
25.71,4.0,15.911972256533817,2.674396995161573,0.9610554824021218,0.0389445175978782,3.8944517597878203,2.5702438943197903,4387.587943394939
25.72,4.0,15.805734457485777,2.6736258892859426,0.9613104028363694,0.03868959716363063,3.868959716363063,2.570184380663216,4387.687578715601
25.73,4.0,15.700144328787406,2.6728633002577578,0.961563836168977,0.038436163831022996,3.8436163831022996,2.570128688551122,4387.786514291882
25.740000000000002,4.0,15.595199014809975,2.672109140716039,0.9618157880449223,0.03818421195507771,3.8184211955077707,2.5700767589198374,4387.884754986976
25.75,4.0,15.490895658592546,2.671363324043042,0.9620662641264262,0.03793373587357385,3.793373587357385,2.570028533286441,4387.982305632954
25.76,4.0,15.387231401841857,2.670625764361515,0.9623152700928616,0.03768472990713845,3.768472990713845,2.5699839537485065,4388.079171030754
25.77,4.0,15.284203373567987,2.669896376531876,0.9625628116679699,0.037437188332030136,3.7437188332030136,2.569942963056647,4388.175355953255
25.78,4.0,15.181808625685138,2.6691750761493007,0.9628088947745937,0.03719110522540625,3.719110522540625,2.5699055050272004,4388.270865134887
25.79,4.0,15.080044187467854,2.6684617795407353,0.9630535254038929,0.036946474596107115,3.6946474596107115,2.5698715241922505,4388.365703257947
25.8,4.0,14.978907093191149,2.667756403761832,0.9632967095488459,0.03670329045115406,3.670329045115406,2.5698409656216357,4388.459874975663
25.810000000000002,4.0,14.878394381672315,2.6670588665938113,0.9635384532052387,0.036461546794761324,3.6461546794761324,2.5698137749251178,4388.553384913288
25.82,4.0,14.77850309627082,2.666369086540251,0.9637787623715522,0.036221237628447756,3.6221237628447756,2.5697898982515293,4388.646237668097
25.830000000000002,4.0,14.679230284888192,2.6656869828238112,0.9640176430488527,0.035982356951147265,3.5982356951147265,2.569769282287818,4388.738437809386
25.84,4.0,14.580572999968279,2.6650124753828894,0.964255101240679,0.035744898759320964,3.5744898759320964,2.569751874258001,4388.829989878477
25.85,4.0,14.482528298496955,2.6643454848682158,0.964491142952934,0.03550885704706597,3.5508857047065967,2.5697376219220347,4388.920898388716
25.86,4.0,14.385093242002414,2.6636859326393885,0.9647257741937739,0.03527422580622608,3.527422580622608,2.569726473574599,4389.011167825468
25.87,4.0,14.288264896554876,2.663033740761347,0.9649590009735001,0.03504099902649993,3.504099902649993,2.569718378043792,4389.100802646126
25.88,4.0,14.192040332766878,2.6623888320007953,0.9651908293044498,0.03480917069555023,3.480917069555023,2.5697132846897532,4389.189807280102
25.89,4.0,14.096416625792987,2.6617511298225693,0.965421265200889,0.034578734799111,3.4578734799111,2.5697111434032007,4389.278186128837
25.900000000000002,4.0,14.00139085533005,2.661120558385954,0.9656503146789045,0.0343496853210955,3.43496853210955,2.5697119046038983,4389.365943565788
25.91,4.0,13.906960105617083,2.6604970425409507,0.965877983756297,0.034122016243703035,3.4122016243703035,2.5697155192390446,4389.4530839364415
25.92,4.0,13.813121465435174,2.659880507824503,0.9661042784524755,0.033895721547524515,3.3895721547524515,2.5697219387815955,4389.5396115583035
25.93,4.0,13.71987202810772,2.659270880456674,0.9663292047883508,0.033670795211649174,3.3670795211649174,2.569731115228515,4389.625530720905
25.94,4.0,13.627208891500153,2.6586680873367814,0.9665527687862312,0.0334472312137688,3.34472312137688,2.5697430010989595,4389.710845685799
25.95,4.0,13.535129158020215,2.658072056039499,0.966774976469717,0.033225023530283004,3.3225023530283004,2.5697575494323988,4389.795560686563
25.96,4.0,13.443629934617688,2.6574827148109126,0.9669958338635973,0.03300416613640267,3.300416613640267,2.569774713786675,4389.879679928796
25.97,4.0,13.352708332784651,2.6568999925645462,0.9672153469937459,0.032784653006254105,3.2784653006254105,2.5697944482359985,4389.963207590124
25.98,4.0,13.262361468555238,2.6563238188773517,0.9674335218870187,0.0325664781129813,3.25664781129813,2.5698167073688913,4390.0461478201905
25.990000000000002,4.0,13.17258646250584,2.6557541239856675,0.9676503645711515,0.0323496354288485,3.23496354288485,2.56984144628607,4390.128504740668
26.0,4.0,13.083380439755029,2.6551908387811465,0.9678658810746577,0.03213411892534235,3.2134118925342348,2.5698686205982737,4390.210282445249
